Num_Acc,senc,catv,occutc,obs,obsm,choc,manv,num_veh
200500001150,0,07,000,00,2,6,01,B02
200500001151,0,07,000,00,2,2,13,A01
200500001151,0,07,000,00,2,1,01,B02
200500001152,0,07,000,00,0,0,01,A01
200500001153,0,07,000,00,2,8,19,A01
200500001153,0,10,000,00,2,1,01,B02
200500001154,0,07,000,02,0,8,01,A01
200500001155,0,02,000,00,2,1,19,A01
200500001155,0,07,000,00,2,2,01,B02
200500001156,0,07,000,00,2,1,05,A01
200500001156,0,07,000,00,2,1,01,B02
200500001157,0,07,000,00,2,5,02,A01
200500001157,0,02,000,00,0,4,02,B02
200500001158,0,07,000,13,0,1,01,A01
200500001159,0,07,000,00,2,1,01,A01
200500001159,0,01,000,00,0,8,19,B02
200500001160,0,07,000,05,2,1,01,A01
200500001160,0,07,000,00,2,1,01,B02
200500001161,0,07,000,00,2,1,19,A01
200500001161,0,07,000,00,2,8,01,B02
200500001162,0,07,000,00,2,3,09,A01
200500001162,0,05,000,00,2,1,01,B02
200500001163,0,07,000,00,2,3,01,A01
200500001163,0,07,000,00,2,2,13,B02
200500001164,0,07,000,02,0,3,14,A01
200500001165,0,07,000,00,1,3,01,A01
200500001166,0,07,000,00,2,2,15,A01
200500001166,0,02,000,00,2,1,01,B02
200500001167,0,07,000,00,2,8,15,A01
200500001167,0,02,000,00,2,1,21,B02
200500001168,2,07,000,00,2,1,17,A01
200500001168,0,07,000,00,2,6,15,B02
200500001169,0,07,000,00,2,3,13,A01
200500001169,0,07,000,00,2,3,01,B02
200500001170,0,07,000,00,2,5,13,A01
200500001170,0,18,014,00,2,1,01,B02
200500001171,0,07,000,00,2,2,17,A01
200500001171,0,07,000,00,2,5,01,B02
200500001172,0,17,000,03,0,3,13,A01
200500001173,0,07,000,00,2,3,17,A01
200500001173,0,07,000,00,2,1,01,B02
200500001173,0,07,000,00,2,2,01,C03
200500001174,0,18,020,00,2,2,01,A01
200500001174,0,01,000,00,2,8,01,B02
200500001175,0,07,000,10,0,7,01,A01
200500001176,0,07,000,00,2,1,01,A01
200500001176,0,04,000,00,2,7,01,B02
200500001177,0,07,000,02,0,1,01,A01
200500001178,0,07,000,02,0,1,00,A01
200500001179,0,02,000,01,0,1,01,A01
200500001179,0,07,000,00,2,6,24,B02
200500001180,0,07,000,00,2,1,13,A01
200500001180,0,21,000,00,2,1,01,B02
200500001181,0,07,000,13,0,1,01,A01
200500001182,0,07,000,00,2,2,15,A01
200500001182,0,05,000,00,2,1,01,B02
200500001183,0,07,000,00,2,9,13,A01
200500001183,0,02,000,00,2,8,01,B02
200500001184,0,07,000,00,2,1,13,A01
200500001184,0,07,000,00,2,1,01,B02
200500001185,0,02,000,00,2,2,13,A01
200500001185,0,07,000,00,9,2,15,B02
200500001186,0,07,000,00,2,3,13,A01
200500001186,0,07,000,00,2,1,01,B02
200500001187,0,07,000,03,2,5,13,A01
200500001187,0,07,000,00,2,2,01,B02
200500001188,0,10,000,00,0,2,01,B02
200500001188,0,01,000,00,0,0,00,A01
200500001189,0,07,000,08,0,8,01,A01
200500001190,0,07,000,00,2,1,15,A01
200500001190,0,07,000,00,2,3,01,B02
200500001191,0,07,000,00,0,5,00,A01
200500001191,0,07,000,00,0,2,00,B02
200500001192,0,17,000,06,0,1,01,A01
200500001193,0,07,000,00,2,1,17,A01
200500001193,0,07,000,00,2,1,01,B02
200500001193,0,07,000,00,2,1,01,C03
200500001194,0,07,000,03,2,1,01,A01
200500001194,0,07,000,00,2,3,01,B02
200500001194,0,07,000,00,2,1,01,C03
200500001194,0,07,000,00,2,1,01,D04
200500001195,0,07,000,00,0,1,01,A01
200500001195,0,07,000,00,0,1,17,B02
200500001196,0,07,000,02,0,1,01,A01
200500001197,0,07,000,00,2,3,13,A01
200500001197,0,07,000,00,2,1,21,B02
200500001198,0,07,000,08,0,1,01,A01
200500001199,0,15,000,00,2,3,01,A01
200500001199,0,07,000,00,2,5,00,B02
200500001199,0,07,000,00,2,3,01,C03
200500001200,0,07,000,13,0,1,01,A01
200500001201,0,07,000,00,6,4,01,A01
200500001201,0,07,000,00,0,1,02,B02
200500001202,0,07,000,00,2,3,01,A01
200500001202,0,07,000,00,2,3,13,B02
200500001203,0,02,000,00,0,1,00,A01
200500001204,0,14,000,00,2,2,00,A01
200500001204,0,07,000,00,2,2,00,B02
200500001205,0,07,000,00,1,1,01,A01
200500001206,0,21,000,00,2,2,15,A01
200500001206,0,07,000,00,2,1,01,B02
200500001207,0,10,000,00,2,1,15,A01
200500001207,0,10,000,00,2,1,01,B02
200500001208,0,07,000,00,2,3,15,A01
200500001208,0,02,000,00,2,8,17,B02
200500001209,0,07,000,00,2,3,13,A01
200500001209,0,05,000,00,2,1,01,B02
200500001210,0,07,000,02,0,7,01,A01
200500001211,0,07,000,06,0,3,01,A01
200500001212,0,07,000,00,2,8,00,A01
200500001212,0,07,000,00,2,3,01,B02
200500001213,0,01,000,03,0,8,02,A01
200500001213,0,07,000,03,2,2,02,B02
200500001214,0,07,000,00,2,3,15,A01
200500001214,0,02,000,00,2,2,01,B02
200500001215,0,07,000,00,0,1,02,A01
200500001215,0,01,000,00,0,8,09,B02
200500001216,0,07,000,00,0,8,01,A01
200500001216,0,07,000,00,0,0,19,B02
200500001217,0,18,002,00,0,9,01,A01
200500001218,0,07,000,00,2,3,01,B02
200500001218,0,07,000,00,2,7,19,A01
200500001219,0,07,000,00,2,1,00,B02
200500001219,0,18,001,00,2,7,01,A01
200500001220,0,07,000,02,0,7,01,A01
200500001221,0,07,000,00,0,8,19,A01
200500001221,0,07,000,00,2,1,01,B02
200500001222,0,07,000,00,2,1,13,A01
200500001222,0,10,000,00,2,3,01,B02
200500001223,0,07,000,00,2,8,13,A01
200500001223,0,07,000,00,2,2,01,B02
200500001224,0,07,000,00,2,1,01,A01
200500001224,0,07,000,00,2,1,01,B02
200500001225,0,05,000,16,0,0,01,A01
200500001226,0,07,000,00,2,3,01,A01
200500001226,0,02,000,00,2,1,01,B02
200500001227,0,07,000,00,0,1,19,A01
200500001228,0,01,000,00,2,1,15,A01
200500001228,0,07,000,00,9,2,01,B02
200500001229,0,07,000,02,0,2,00,A01
200500001230,0,07,000,13,0,3,01,A01
200500001231,0,07,000,00,2,1,01,A01
200500001231,0,07,000,00,2,2,19,B02
200500001231,0,07,000,00,2,1,23,C03
200500001232,0,07,000,00,9,2,15,A01
200500001232,0,01,000,00,2,1,01,B02
200500001233,0,07,000,04,0,1,17,A01
200500001234,0,07,000,00,2,1,05,A01
200500001234,0,14,000,00,2,1,01,B02
200500001235,0,07,000,00,2,1,02,A01
200500001235,0,07,000,00,2,1,01,B02
200500001235,0,02,000,00,0,4,01,C03
200500001236,0,07,000,00,1,3,04,A01
200500001237,0,07,000,13,0,1,01,A01
200500001238,0,05,000,13,0,1,01,A01
200500001239,0,07,000,10,0,3,01,A01
200500001240,0,07,000,13,0,2,01,A01
200500001241,0,07,000,00,2,1,01,A01
200500001241,0,07,000,00,0,3,15,B02
200500001242,0,07,000,00,2,1,01,A01
200500001242,0,13,000,00,2,1,01,B02
200500001243,0,07,000,00,9,2,01,A01
200500001244,0,07,000,00,2,3,01,A01
200500001244,0,07,000,00,2,8,01,B02
200500001245,0,07,000,06,0,2,13,A01
200500001246,0,07,000,00,2,1,17,A01
200500001246,0,07,000,00,0,4,15,B02
200500001247,0,07,000,06,0,1,13,A01
200500001248,0,07,000,00,2,3,13,A01
200500001248,0,17,000,00,2,3,01,B02
200500001249,0,07,000,08,0,3,14,A01
200500001250,0,07,000,08,0,1,01,A01
200500001251,0,07,000,02,0,8,14,A01
200500001252,0,07,000,13,0,2,01,A01
200500001253,0,07,000,00,2,3,01,A01
200500001253,0,02,000,00,2,7,01,B02
200500001254,0,05,000,00,2,1,17,A01
200500001254,0,10,000,00,2,8,15,B02
200500001255,0,07,000,02,0,3,01,A01
200500001256,0,07,000,00,2,1,01,A01
200500001256,0,21,000,00,2,1,01,B02
200500001257,0,07,000,00,2,8,10,A01
200500001257,0,07,000,00,2,1,01,B02
200500001258,0,07,000,00,2,3,19,A01
200500001258,0,07,000,00,2,1,01,B02
200500001259,0,07,000,00,2,8,11,A01
200500001259,0,17,000,00,2,1,01,B02
200500001259,0,17,000,00,2,8,05,C03
200500001260,0,17,000,03,0,2,01,A01
200500001261,0,02,000,00,0,1,01,A01
200500001261,0,07,000,00,0,3,15,B02
200500001262,0,07,000,00,2,1,13,A01
200500001262,0,07,000,00,2,1,17,B02
200500001262,0,07,000,00,2,2,17,C03
200500001263,0,07,000,00,2,3,13,A01
200500001263,0,07,000,00,2,3,01,B02
200500001264,0,07,000,00,1,1,01,A01
200500001265,0,07,000,06,0,1,14,A01
200500001266,0,18,000,00,0,9,01,A01
200500001267,0,07,000,00,2,7,15,A01
200500001267,0,01,000,00,2,1,01,B02
200500001268,0,07,000,00,0,3,21,A01
200500001268,0,07,000,00,0,2,00,B02
200500001269,0,15,000,00,2,7,04,A01
200500001269,0,07,000,14,0,1,01,B02
200500001269,0,07,000,08,0,8,01,C03
200500001270,0,07,000,00,0,8,19,A01
200500001270,0,05,000,00,2,1,01,B02
200500001271,0,07,000,00,0,4,01,A01
200500001272,0,07,000,00,2,7,15,A01
200500001272,0,07,000,00,2,1,01,B02
200500001273,0,07,000,00,1,2,01,A01
200500001274,0,07,000,13,0,1,14,A01
200500001275,0,07,000,00,2,1,01,A01
200500001275,0,07,000,00,2,3,15,B02
200500001276,0,07,000,00,2,1,13,A01
200500001277,0,07,000,00,2,4,23,A01
200500001277,0,07,000,00,2,4,23,B02
200500001277,0,07,000,00,2,1,02,C03
200500001278,0,07,000,00,2,1,01,A01
200500001278,0,07,000,00,2,2,19,B02
200500001279,0,07,000,00,2,2,17,A01
200500001279,0,07,000,00,0,5,01,B02
200500001279,0,17,000,00,2,2,01,C03
200500001279,0,07,000,03,0,8,01,E05
200500001279,0,07,000,13,0,0,01,F06
200500001280,0,02,000,00,0,1,01,A01
200500001281,0,07,000,00,0,1,01,A01
200500001281,0,07,000,00,0,8,15,B02
200500001282,0,02,000,00,2,1,19,A01
200500001282,0,07,000,00,0,2,01,B02
200500001283,0,07,000,00,1,2,01,A01
200500001284,0,07,000,01,0,2,01,A01
200500001285,0,07,000,00,0,8,19,A01
200500001285,0,14,000,00,0,3,01,B02
200500001286,0,07,000,14,0,0,01,A01
200500001287,0,07,000,00,2,8,01,A01
200500001287,0,17,000,00,2,3,01,B02
200500001287,0,07,000,00,2,6,01,C03
200500001287,0,17,000,00,2,8,01,D04
200500001287,0,07,000,00,2,2,01,E05
200500001288,0,07,000,00,2,1,15,A01
200500001288,0,02,000,00,0,8,01,B02
200500001289,0,07,000,00,0,5,23,A01
200500001289,0,07,000,01,0,2,01,B02
200500001289,0,07,000,00,0,2,01,C03
200500001290,0,07,000,00,0,8,01,A01
200500001290,0,07,000,00,2,1,19,B02
200500001291,0,07,000,00,1,2,01,A01
200500001292,0,07,000,13,0,9,01,A01
200500001293,0,07,000,00,2,1,15,A01
200500001293,0,02,000,00,2,1,01,B02
200500001294,0,07,000,00,2,2,17,A01
200500001294,0,07,000,00,2,3,15,B02
200500001295,0,07,000,00,0,1,01,A01
200500001296,0,07,000,00,2,3,15,A01
200500001296,0,07,000,00,2,2,01,B02
200500001297,0,10,000,00,2,1,01,A01
200500001297,0,10,000,00,2,8,15,B02
200500001298,0,07,000,00,2,2,00,A01
200500001298,0,07,000,00,2,2,01,B02
200500001298,0,07,000,00,2,1,21,C03
200500001299,0,07,000,00,2,3,02,A01
200500001299,0,14,000,00,2,5,02,B02
200500001300,0,07,000,13,0,9,01,A01
200500001301,0,02,000,00,0,0,01,A01
200500001302,0,07,000,13,0,3,01,A01
200500001303,0,07,000,00,0,0,01,A01
200500001304,0,07,000,13,0,1,13,A01
200500001305,0,07,000,13,0,2,14,A01
200500001306,0,17,000,00,2,8,01,A01
200500001306,0,07,000,00,2,2,19,B02
200500001307,0,01,000,00,0,8,02,B02
200500001308,0,07,000,00,1,2,11,A01
200500001309,0,07,000,00,5,1,00,A01
200500001310,0,05,000,00,2,1,17,A01
200500001310,0,07,000,00,2,4,01,B02
200500001310,0,07,000,00,2,8,01,C03
200500001311,0,07,000,00,2,2,13,A01
200500001311,0,17,000,00,2,2,01,B02
200500001312,0,07,000,06,0,3,02,A01
200500001313,0,07,000,00,9,1,16,A01
200500001313,0,01,000,00,2,7,01,B02
200500001314,0,14,000,02,0,3,01,A01
200500001315,0,02,000,00,1,1,01,A01
200500001316,0,07,000,06,0,1,01,A01
200500001317,0,07,000,00,1,2,01,A01
200500001318,0,07,000,02,0,8,01,A01
200500001319,0,07,000,00,1,1,01,A01
200500001320,0,17,000,00,2,3,01,A01
200500001320,0,07,000,00,2,3,01,B02
200500001321,0,17,000,00,2,2,01,A01
200500001321,0,14,000,00,2,3,00,B02
200500001322,0,07,000,15,0,1,02,A01
200500001323,0,07,000,00,2,3,01,A01
200500001323,0,07,000,00,2,3,01,B02
200500001324,0,07,000,00,2,1,13,A01
200500001324,0,17,000,00,2,3,01,B02
200500001324,0,07,000,00,2,1,01,C03
200500001325,0,07,000,00,9,3,13,A01
200500001325,0,04,000,00,2,1,01,B02
200500001326,0,17,000,00,0,0,01,A01
200500001327,0,07,000,00,2,1,17,A01
200500001327,0,07,000,00,2,1,21,B02
200500001328,0,07,000,02,0,1,01,A01
200500001329,0,07,000,00,1,3,01,A01
200500001330,0,07,000,13,0,3,21,A01
200500001331,0,07,000,00,1,2,01,A01
200500001332,0,07,000,00,2,7,13,A01
200500001332,0,07,000,00,2,1,01,B02
200500001333,0,07,000,00,2,7,01,A01
200500001333,0,07,000,00,2,1,01,B02
200500001334,0,07,000,00,2,3,01,A01
200500001334,0,17,000,00,2,3,01,B02
200500001335,0,07,000,00,2,8,01,A01
200500001335,0,07,000,00,2,8,01,B02
200500001335,0,07,000,00,2,8,00,C03
200500001335,0,07,000,00,2,1,00,D04
200500001336,0,07,000,00,2,7,13,A01
200500001336,0,09,000,00,2,1,01,B02
200500001337,0,07,000,00,2,3,17,A01
200500001337,0,07,000,00,2,3,01,B02
200500001338,0,10,000,00,9,2,17,A01
200500001338,0,01,000,00,2,8,15,B02
200500001339,0,05,000,00,2,1,02,A01
200500001339,0,07,000,00,5,4,01,B02
200500001340,0,07,000,00,0,1,01,A01
200500001341,0,07,000,00,2,2,01,A01
200500001341,0,17,000,00,0,6,01,B02
200500001342,0,07,000,00,2,6,01,A01
200500001342,0,07,000,00,2,8,17,B02
200500001343,0,05,000,06,0,2,05,A01
200500001344,0,07,000,00,2,7,13,A01
200500001344,0,07,000,00,2,1,01,B02
200500001345,0,07,000,00,2,1,01,A01
200500001345,0,07,000,00,2,3,16,B02
200500001346,0,07,000,00,2,3,15,A01
200500001346,0,07,000,00,2,3,01,B02
200500001347,1,07,000,00,1,2,15,A01
200500001348,0,07,000,00,1,1,01,A01
200500001349,0,07,000,00,1,1,01,A01
200500001350,0,07,000,00,2,1,13,A01
200500001350,0,18,011,00,2,1,01,B02
200500001351,0,17,000,03,0,7,01,A01
200500001352,0,07,000,00,0,4,01,A01
200500001352,0,17,000,00,2,1,02,B02
200500001353,0,07,000,00,2,1,01,A01
200500001353,0,07,000,00,0,4,01,B02
200500001353,0,07,000,00,2,4,01,C03
200500001353,0,07,000,00,0,5,01,D04
200500001354,0,07,000,00,2,3,13,A01
200500001354,0,18,006,00,2,3,00,B02
200500001355,0,07,000,00,2,3,13,A01
200500001355,0,07,000,00,2,8,01,B02
200500001355,0,07,000,13,2,8,01,C03
200500001355,0,07,000,13,2,8,01,D04
200500001355,0,07,000,00,2,1,01,E05
200500001356,0,07,000,05,0,1,21,A01
200500001357,0,02,000,08,0,1,01,A01
200500001358,0,07,000,00,9,6,10,A01
200500001358,0,02,000,00,2,1,01,B02
200500001359,0,07,000,00,0,0,00,A01
200500001359,0,07,000,00,2,3,01,B02
200500001360,0,05,000,13,0,1,01,A01
200500001361,0,07,000,00,2,1,17,A01
200500001361,0,07,000,00,2,1,21,B02
200500001362,0,07,000,13,0,7,01,A01
200500001363,0,07,000,00,5,1,01,A01
200500001363,0,07,000,00,5,1,01,B02
200500001364,0,07,000,00,2,6,10,A01
200500001364,0,07,000,00,2,2,01,B02
200500001365,0,07,000,00,2,1,01,A01
200500001365,0,07,000,00,2,1,01,B02
200500001366,0,07,000,00,2,0,21,A01
200500001367,0,07,000,13,0,1,01,A01
200500001368,0,20,000,00,2,1,01,A01
200500001368,0,07,000,00,2,8,16,B02
200500001369,0,07,000,00,2,1,01,A01
200500001369,0,05,000,00,0,4,15,B02
200500001370,0,07,000,16,0,3,13,A01
200500001371,0,07,000,00,2,1,13,A01
200500001371,0,07,000,00,2,1,01,B02
200500001372,0,02,000,00,2,1,15,A01
200500001372,0,07,000,00,2,2,00,B02
200500001373,0,07,000,00,2,1,01,A01
200500001373,0,07,000,00,2,7,01,B02
200500001374,0,07,000,02,2,1,01,A01
200500001374,0,07,000,00,2,1,01,B02
200500001375,0,07,000,01,0,2,01,A01
200500001375,0,07,000,00,0,8,24,B02
200500001375,0,07,000,00,0,6,00,C03
200500001376,0,05,000,00,2,1,17,A01
200500001376,0,03,000,00,0,8,15,B02
200500001376,0,07,000,00,0,8,24,C03
200500001377,0,10,000,13,2,9,13,A01
200500001377,0,07,000,00,2,1,01,B02
200500001378,0,07,000,02,0,3,13,A01
200500001379,0,07,000,00,2,1,01,A01
200500001379,0,07,000,00,2,1,01,B02
200500001380,0,07,000,00,2,1,13,A01
200500001380,0,07,000,00,2,1,01,B02
200500001381,0,07,000,06,2,7,00,A01
200500001381,0,07,000,00,2,1,01,B02
200500001382,0,07,000,02,0,8,01,A01
200500001383,0,07,000,02,0,7,13,A01
200500001384,0,07,000,13,0,2,01,A01
200500001385,0,07,000,00,2,1,13,A01
200500001385,0,07,000,00,2,1,01,B02
200500001386,0,07,000,00,0,7,19,A01
200500001386,0,07,000,00,0,3,01,B02
200500001387,0,07,000,00,1,8,01,A01
200500001388,0,07,000,00,2,2,17,A01
200500001388,0,07,000,00,0,8,15,B02
200500001389,0,07,000,00,1,2,01,A01
200500001390,0,07,000,00,1,3,01,A01
200500001391,0,07,000,00,2,4,02,A01
200500001391,0,07,000,00,2,2,02,B02
200500001392,0,07,000,08,0,2,01,A01
200500001393,0,07,000,00,1,1,01,A01
200500001393,0,07,000,00,0,3,24,B02
200500001394,0,07,000,02,0,7,01,A01
200500001395,0,07,000,16,0,9,01,A01
200500001396,0,07,000,00,2,3,01,A01
200500001396,0,07,000,00,2,3,01,B02
200500001397,0,07,000,16,0,0,01,A01
200500001398,0,02,000,00,2,4,15,A01
200500001398,0,04,000,00,2,1,01,B02
200500001399,0,07,000,00,2,8,19,A01
200500001399,0,07,000,00,2,1,01,B02
200500001400,0,07,000,00,1,3,01,A01
200500001401,0,07,000,01,0,0,01,A01
200500001402,0,07,000,02,0,9,16,A01
200500001403,0,17,000,06,0,0,01,B02
200500001404,0,07,000,00,2,2,03,A01
200500001404,0,07,000,04,0,6,02,B02
200500001405,0,02,000,06,0,1,14,A01
200500001406,0,07,000,00,2,1,21,A01
200500001406,0,07,000,00,2,1,01,B02
200500001407,0,07,000,00,1,4,20,A01
200500001408,0,07,000,00,2,3,15,A01
200500001408,0,05,000,00,2,1,17,B02
200500001408,0,07,000,00,2,3,24,C03
200500001409,0,02,000,00,2,1,17,A01
200500001409,0,07,000,00,2,5,15,B02
200500001410,0,07,000,00,1,1,01,A01
200500001411,0,07,000,03,0,1,00,A01
200500001412,0,02,000,00,2,1,17,A01
200500001412,0,07,000,00,2,3,15,B02
200500001413,0,02,000,00,2,1,01,A01
200500001413,0,07,000,00,2,8,09,B02
200500001414,0,04,000,00,2,1,01,A01
200500001414,0,07,000,00,2,3,05,B02
200500001415,0,07,000,08,0,3,00,A01
200500001415,0,07,000,04,0,1,00,B02
200500001415,0,05,000,04,0,7,00,C03
200500001416,0,07,000,00,2,2,01,A01
200500001416,0,07,000,00,2,1,01,B02
200500001417,0,07,000,00,2,1,13,A01
200500001417,0,07,000,00,2,8,01,B02
200500001417,0,07,000,00,2,1,01,C03
200500001418,0,07,000,02,0,1,01,A01
200500001419,0,07,000,00,1,1,01,A01
200500001420,0,07,000,13,0,9,01,A01
200500001421,0,07,000,06,0,1,01,A01
200500001422,0,07,000,00,2,1,13,A01
200500001422,0,17,000,00,2,3,01,B02
200500001422,0,17,000,00,0,0,00,C03
200500001423,0,05,000,00,2,1,17,A01
200500001423,0,07,000,00,2,6,01,B02
200500001423,0,07,000,00,2,1,01,C03
200500001423,0,07,000,00,2,3,01,D04
200500001424,0,07,000,00,6,1,01,A01
200500001424,0,07,000,00,2,3,01,B02
200500001425,0,07,000,00,2,1,13,A01
200500001425,0,14,000,00,2,1,00,B02
200500001426,0,07,000,16,0,9,01,A01
200500001427,0,07,000,06,0,3,13,A01
200500001428,0,07,000,00,2,1,01,A01
200500001428,0,07,000,00,2,1,01,B02
200500001429,0,07,000,00,2,0,13,A01
200500001429,0,05,000,00,2,1,01,B02
200500001430,0,07,000,00,2,3,13,A01
200500001430,0,07,000,00,2,3,01,B02
200500001431,0,07,000,13,0,2,01,A01
200500001432,0,07,000,00,2,1,11,A01
200500001432,0,07,000,00,2,1,01,B02
200500001433,0,07,000,00,2,3,00,A01
200500001433,0,07,000,00,2,3,00,B02
200500001434,0,07,000,00,1,2,01,A01
200500001435,0,07,000,13,0,3,13,A01
200500001436,0,07,000,00,9,8,13,A01
200500001436,0,05,000,00,2,5,13,B02
200500001437,0,07,000,06,0,6,21,A01
200500001438,0,07,000,00,9,7,15,A01
200500001438,0,01,000,00,2,1,01,B02
200500001439,0,07,000,00,1,4,20,A01
200500001440,0,07,000,00,1,3,01,A01
200500001441,0,07,000,00,1,1,01,A01
200500001442,0,07,000,00,2,3,17,A01
200500001442,0,07,000,00,2,6,01,B02
200500001443,0,07,000,00,0,2,01,A01
200500001444,0,07,000,00,2,7,15,A01
200500001444,0,07,000,00,2,1,01,B02
200500001445,0,07,000,00,2,2,19,A01
200500001445,0,05,000,00,2,1,01,B02
200500001446,0,07,000,00,1,1,01,A01
200500001447,0,05,000,00,0,3,01,A01
200500001448,0,07,000,00,2,3,13,A01
200500001448,0,07,000,00,2,8,01,B02
200500001448,0,07,000,00,2,1,01,C03
200500001449,0,05,000,02,0,1,11,A01
200500001450,0,07,000,00,2,1,16,A01
200500001450,0,07,000,00,2,3,01,B02
200500001451,0,05,000,00,2,1,05,A01
200500001451,0,07,000,00,2,3,05,B02
200500001452,0,07,000,00,1,2,17,A01
200500001453,0,07,000,00,1,1,01,A01
200500001454,0,05,000,00,2,3,00,A01
200500001454,0,07,000,00,2,5,15,B02
200500001455,0,07,000,00,2,2,01,A01
200500001455,0,07,000,00,2,5,19,B02
200500001456,0,07,000,00,1,5,17,A01
200500001457,0,10,000,00,2,2,06,A01
200500001457,0,14,000,00,0,6,06,B02
200500001458,0,07,000,02,0,3,14,A01
200500001459,0,07,000,00,2,3,00,A01
200500001459,0,05,000,00,2,1,01,B02
200500001460,0,07,000,02,0,1,01,A01
200500001461,0,07,000,00,2,3,10,A01
200500001461,0,02,000,00,2,1,01,B02
200500001462,0,07,000,03,0,1,10,A01
200500001463,0,07,000,00,2,1,01,A01
200500001463,0,07,000,00,2,8,15,B02
200500001464,0,10,000,00,2,1,01,A01
200500001464,0,03,000,00,2,1,05,B02
200500001465,0,07,000,02,0,3,01,A01
200500001466,0,07,000,02,0,8,01,A01
200500001467,0,07,000,00,2,3,13,A01
200500001467,0,07,000,00,2,8,01,B02
200500001468,0,07,000,00,2,7,17,A01
200500001468,0,01,000,00,2,8,13,B02
200500001469,0,07,000,00,2,6,19,A01
200500001469,0,07,000,00,2,1,01,B02
200500001470,0,07,000,00,2,1,01,A01
200500001470,0,07,000,00,2,7,19,B02
200500001471,0,07,000,13,0,9,13,A01
200500001472,0,07,000,00,2,1,00,A01
200500001472,0,02,000,00,2,1,00,B02
200500001473,0,07,000,00,2,3,05,A01
200500001473,0,07,000,00,2,3,05,B02
200500001474,0,07,000,00,2,3,15,A01
200500001474,0,05,000,00,2,1,02,B02
200500001475,0,07,000,00,2,1,15,A01
200500001475,0,02,000,00,2,1,01,B02
200500001476,0,07,000,00,1,3,01,A01
200500001477,0,07,000,00,2,6,01,A01
200500001477,0,02,000,00,2,1,01,B02
200500001478,0,07,000,02,0,1,00,A01
200500001479,0,07,000,00,0,3,15,A01
200500001479,0,07,000,00,0,8,01,B02
200500001480,0,07,000,00,1,2,01,A01
200500001481,0,05,000,00,2,1,01,A01
200500001481,0,07,000,00,0,6,10,B02
200500001482,0,07,000,00,2,1,05,A01
200500001482,0,01,000,00,0,8,01,B02
200500001483,0,07,000,00,1,1,01,A01
200500001484,0,07,000,02,0,8,01,A01
200500001485,0,05,000,00,2,1,02,A01
200500001485,0,07,000,00,2,5,15,B02
200500001486,0,07,000,00,9,8,01,A01
200500001487,0,07,000,00,0,3,00,A01
200500001488,0,07,000,00,2,1,01,A01
200500001488,0,07,000,00,2,4,23,B02
200500001489,0,07,000,00,0,5,19,A01
200500001489,0,07,000,00,0,2,01,B02
200500001489,0,07,000,00,0,3,00,C03
200500001490,0,02,000,00,2,1,19,A01
200500001490,0,07,000,00,2,8,01,B02
200500001491,0,07,000,00,0,1,13,A01
200500001492,0,07,000,13,0,7,01,A01
200500001493,0,07,000,00,2,7,15,A01
200500001493,0,05,000,00,2,1,01,B02
200500001494,0,07,000,02,0,7,13,A01
200500001495,0,07,000,02,0,1,13,A01
200500001496,0,07,000,00,1,3,01,A01
200500001497,0,07,000,02,0,1,01,A01
200500001498,2,07,000,02,0,1,13,A01
200500001499,0,07,000,00,2,3,13,A01
200500001499,0,07,000,00,2,8,01,B02
200500001499,0,07,000,00,2,1,01,C03
200500001500,0,07,000,02,0,1,01,A01
200500001501,0,17,000,10,0,1,01,A01
200500001502,0,07,000,00,2,1,15,A01
200500001502,0,07,000,00,2,2,01,B02
200500001503,0,07,000,00,0,8,01,A01
200500001504,0,07,000,00,2,7,17,A01
200500001504,0,02,000,00,2,8,15,B02
200500001505,0,07,000,02,0,2,01,A01
200500001506,0,07,000,00,9,1,15,A01
200500001506,0,02,000,00,2,8,01,B02
200500001507,0,07,000,00,2,1,05,A01
200500001507,0,07,000,00,2,1,01,B02
200500001508,0,07,000,00,0,9,13,A01
200500001509,0,05,000,00,2,1,17,A01
200500001509,0,07,000,00,2,6,01,B02
200500001509,0,07,000,00,2,1,00,C03
200500001510,0,07,000,00,2,3,19,A01
200500001510,0,07,000,00,2,3,14,B02
200500001511,0,07,000,00,2,1,13,A01
200500001511,0,07,000,00,2,2,01,B02
200500001512,0,07,000,16,9,3,14,A01
200500001513,0,02,000,00,0,1,01,A01
200500001513,0,05,000,00,0,6,01,B02
200500001514,0,07,000,00,1,2,01,A01
200500001515,0,07,000,00,2,1,01,B02
200500001515,0,07,000,00,2,3,15,A01
200500001516,0,07,000,16,0,9,01,A01
200500001517,0,07,000,06,1,7,00,A01
200500001518,0,07,000,00,2,1,17,A01
200500001518,0,07,000,00,2,1,01,B02
200500001519,0,07,000,00,9,2,02,A01
200500001519,0,01,000,00,2,4,02,B02
200500001520,0,07,000,13,0,2,01,A01
200500001521,0,07,000,14,0,1,13,A01
200500001522,0,07,000,10,0,7,01,A01
200500001523,0,07,000,00,2,2,01,A01
200500001523,0,07,000,00,2,5,15,B02
200500001524,0,05,000,00,0,8,01,A01
200500001525,0,07,000,13,0,1,01,A01
200500001526,0,02,000,00,2,4,02,A01
200500001526,0,07,000,00,2,1,02,B02
200500001527,0,07,000,00,1,2,01,A01
200500001528,0,05,000,16,0,1,01,A01
200500001529,0,10,000,00,2,3,13,A01