Num_Acc,senc,catv,occutc,obs,obsm,choc,manv,num_veh
200500004841,0,13,000,00,2,6,01,D01
200500004842,0,10,000,00,2,2,15,A01
200500004842,0,05,000,00,2,1,01,B01
200500004843,0,07,000,03,2,3,11,A01
200500004843,0,07,000,00,2,5,01,B01
200500004844,1,07,000,00,2,4,00,A01
200500004844,0,05,000,00,2,1,01,B01
200500004845,0,07,000,00,2,1,01,A01
200500004845,0,14,000,00,2,5,01,B01
200500004845,0,10,000,00,2,6,01,C01
200500004845,0,07,000,00,2,4,01,D01
200500004846,0,07,000,00,2,2,15,A01
200500004846,0,05,000,00,2,8,01,B01
200500004847,0,05,000,00,1,1,01,A01
200500004848,1,07,000,00,1,1,00,A01
200500004849,0,07,000,00,2,1,01,A01
200500004849,0,10,000,00,2,4,23,B01
200500004850,0,05,000,00,2,1,01,A01
200500004851,0,01,000,00,2,3,01,A01
200500004851,0,07,000,00,2,1,01,B01
200500004852,0,07,000,00,2,3,01,A01
200500004852,0,02,000,00,2,1,01,B01
200500004853,0,07,000,00,1,1,01,A01
200500004854,0,04,000,12,0,2,21,A01
200500004855,0,05,000,00,2,3,01,A01
200500004855,0,07,000,00,2,1,01,B01
200500004856,0,07,000,00,2,3,15,A01
200500004856,0,02,000,00,2,2,17,B01
200500004857,0,07,000,00,1,1,01,A01
200500004858,0,01,000,00,2,1,16,A01
200500004858,0,07,000,00,2,1,01,B01
200500004859,1,07,000,00,1,1,00,A01
200500004860,0,10,000,00,2,1,01,A01
200500004860,0,07,000,00,2,4,23,B01
200500004861,1,07,000,00,2,0,00,A01
200500004861,0,07,000,00,2,4,23,B01
200500004862,0,10,000,00,1,4,04,A01
200500004863,0,07,000,00,1,1,01,A01
200500004864,0,18,000,00,2,2,15,B01
200500004864,0,04,000,00,2,1,07,A01
200500004865,0,02,000,00,0,2,01,A01
200500004866,0,07,000,00,2,3,10,A01
200500004866,0,05,000,00,2,2,01,B01
200500004867,0,04,000,00,0,2,01,A01
200500004868,0,07,000,00,2,6,11,A01
200500004868,0,10,000,01,2,1,01,B01
200500004869,0,07,000,11,0,3,15,A01
200500004870,0,05,000,00,1,1,01,A01
200500004871,0,07,000,01,2,3,01,A01
200500004871,0,07,000,00,2,1,07,B01
200500004872,0,05,000,00,2,1,05,A01
200500004872,0,07,000,00,2,1,15,B01
200500004873,0,18,000,00,1,1,07,A01
200500004874,0,10,000,00,1,4,04,A01
200500004875,0,07,000,00,1,4,04,A01
200500004876,0,05,000,00,1,1,17,A01
200500004877,0,07,000,00,2,2,01,A01
200500004877,0,05,000,00,2,1,16,B01
200500004878,0,05,000,00,1,1,01,A01
200500004879,1,04,000,00,1,1,00,A01
200500004880,0,02,000,00,1,1,01,A01
200500004881,0,07,000,00,2,2,01,A01
200500004881,0,02,000,00,2,1,01,B01
200500004882,1,07,000,00,1,1,00,A01
200500004883,0,07,000,00,2,3,11,A01
200500004883,0,04,000,00,2,2,01,B01
200500004884,0,07,000,00,1,1,07,A01
200500004885,0,02,000,00,1,1,01,A01
200500004886,0,10,000,00,2,2,01,A01
200500004886,0,02,000,00,2,1,01,B01
200500004887,0,07,000,00,2,3,15,A01
200500004887,0,02,000,00,2,1,01,B01
200500004888,0,07,000,00,2,8,22,A01
200500004888,0,01,000,00,2,2,01,B01
200500004889,0,07,000,00,2,1,01,A01
200500004889,0,07,000,00,2,4,23,B01
200500004890,0,07,000,00,1,1,16,A01
200500004891,0,07,000,00,2,3,10,A01
200500004891,0,05,000,00,2,2,05,B01
200500004892,0,04,000,00,0,2,21,A01
200500004893,0,07,000,00,2,2,01,A01
200500004893,0,02,000,00,2,1,01,B01
200500004894,0,07,000,00,2,2,15,A01
200500004894,0,02,000,00,2,1,01,B01
200500004895,1,04,000,00,1,1,00,A01
200500004896,0,05,000,00,0,1,21,A01
200500004897,0,07,000,00,2,3,20,A01
200500004897,0,04,000,00,2,2,01,B01
200500004898,1,18,000,00,1,1,00,A01
200500004899,0,07,000,00,1,1,01,A01
200500004900,1,07,000,00,2,1,00,A01
200500004900,0,05,000,00,2,4,23,B01
200500004901,0,07,000,00,2,2,15,A01
200500004901,0,05,000,00,2,1,01,B01
200500004902,0,04,000,00,1,1,01,A01
200500004903,0,07,000,00,2,1,02,A01
200500004903,0,07,000,00,2,4,02,B01
200500004903,0,07,000,00,2,4,02,C01
200500004904,0,05,000,00,0,2,01,A01
200500004905,0,02,000,00,0,2,01,A01
200500004906,0,07,000,00,2,8,15,A01
200500004906,0,02,000,00,2,1,01,B01
200500004907,0,07,000,00,2,1,01,A01
200500004907,0,04,000,00,2,4,01,B01
200500004908,0,07,000,00,1,4,20,A01
200500004909,0,05,000,00,0,2,01,A01
200500004910,0,05,000,00,2,2,17,A01
200500004910,0,17,000,00,2,8,15,B01
200500004911,0,05,000,00,1,1,01,A01
200500004912,0,02,000,00,2,2,01,A01
200500004912,0,07,000,00,2,1,16,B01
200500004913,0,07,000,00,2,2,15,A01
200500004913,0,05,000,00,2,1,01,B01
200500004914,0,07,000,02,0,1,01,A01
200500004915,0,07,000,00,2,1,01,A01
200500004915,0,07,000,00,2,2,01,B01
200500004916,0,07,000,15,0,1,07,A01
200500004917,0,07,000,00,2,2,12,A01
200500004917,0,05,000,00,2,6,07,B01
200500004917,0,01,000,00,2,4,07,C01
200500004918,0,07,000,00,2,2,16,A01
200500004918,0,04,000,00,2,3,01,B01
200500004919,1,07,000,00,1,1,00,A01
200500004920,0,04,000,11,0,1,21,A01
200500004921,0,07,000,11,0,1,01,A01
200500004922,0,07,000,00,2,1,05,A01
200500004922,0,05,000,00,2,1,01,B01
200500004923,0,05,000,00,2,1,01,A01
200500004923,0,07,000,00,2,4,23,B01
200500004924,1,07,000,00,1,1,00,A01
200500004925,0,04,000,14,0,1,01,A01
200500004926,0,05,000,00,2,1,01,B01
200500004926,0,07,000,00,2,2,01,A01
200500004927,0,07,000,00,2,3,15,A01
200500004927,0,02,000,00,2,2,17,B01
200500004928,0,04,000,00,2,1,01,A01
200500004928,0,07,000,00,2,4,01,B01
200500004929,0,07,000,00,1,1,01,A01
200500004930,0,05,000,00,0,1,21,A01
200500004931,0,05,000,00,0,1,01,A01
200500004932,0,07,000,00,2,7,22,A01
200500004932,0,01,000,00,2,1,01,B01
200500004933,0,07,000,00,1,1,15,A01
200500004934,0,05,000,00,2,1,01,A01
200500004934,0,07,000,00,2,4,01,B01
200500004935,0,07,000,00,2,1,02,A01
200500004935,0,07,000,00,2,4,02,B01
200500004935,0,07,000,00,2,4,02,C01
200500004936,0,10,000,06,2,2,01,A01
200500004936,0,07,000,00,2,5,01,B01
200500004937,0,07,000,11,0,1,15,A01
200500004938,0,04,000,00,0,2,21,A01
200500004939,0,04,000,00,0,2,01,A01
200500004940,0,02,000,00,2,2,17,A01
200500004940,0,07,000,00,2,3,01,B01
200500004941,0,07,000,00,2,3,15,A01
200500004941,0,01,000,00,2,1,01,B01
200500004942,0,05,000,00,0,1,21,A01
200500004943,0,07,000,06,0,8,01,A01
200500004944,0,07,000,00,2,2,16,A01
200500004944,0,01,000,00,2,3,01,B01
200500004945,0,07,000,00,1,1,07,A01
200500004946,0,05,000,00,1,1,01,A01
200500004947,0,07,000,00,2,2,16,A01
200500004947,0,01,000,00,2,1,01,B01
200500004948,0,05,000,00,2,1,05,A01
200500004948,0,07,000,00,2,1,15,B01
200500004949,0,07,000,00,2,7,12,A01
200500004949,0,05,000,00,2,1,01,B01
200500004950,0,05,000,00,2,1,21,A01
200500004950,0,07,000,00,2,4,01,B01
200500004951,0,05,000,12,0,3,01,A01
200500004952,0,07,000,00,2,3,11,A01
200500004952,0,05,000,00,2,1,01,B01
200500004953,0,07,000,06,1,2,20,A01
200500004954,0,07,000,00,2,1,02,A01
200500004954,0,05,000,00,2,4,02,B01
200500004954,0,07,000,00,2,4,02,C01
200500004955,0,07,000,00,2,6,11,A01
200500004955,0,05,000,00,2,1,01,B01
200500004956,0,07,000,00,2,4,11,A01
200500004956,0,05,000,00,2,1,01,B01
200500004957,0,05,000,00,2,1,01,A01
200500004957,0,04,000,00,2,4,01,B01
200500004958,0,07,000,00,2,1,01,A01
200500004958,0,07,000,04,2,4,01,B01
200500004959,0,10,000,00,1,4,04,A01
200500004960,1,07,000,00,2,2,00,A01
200500004960,0,05,000,00,2,3,01,B01
200500004961,0,07,000,00,2,1,02,A01
200500004961,0,07,000,00,2,4,23,B01
200500004961,0,07,000,00,2,4,23,C01
200500004962,0,07,000,00,2,1,18,A01
200500004962,0,07,000,00,2,4,01,B01
200500004962,0,07,000,00,2,6,01,C01
200500004962,0,07,000,00,2,4,23,D01
200500004963,0,07,000,00,2,3,10,A01
200500004963,0,05,000,00,2,1,17,B01
200500004964,0,07,000,00,2,1,01,B01
200500004964,0,07,000,00,2,2,01,A01
200500004965,0,07,000,00,2,6,11,A01
200500004965,0,05,000,00,2,2,01,B01
200500004966,0,05,000,00,0,1,01,A01
200500004967,0,05,000,00,0,2,01,A01
200500004968,0,05,000,00,0,1,21,A01
200500004969,0,07,000,04,0,3,01,A01
200500004970,0,10,000,00,2,2,12,A01
200500004970,0,05,000,00,2,3,01,B01
200500004971,0,04,000,00,1,1,01,A01
200500004972,0,04,000,00,1,1,21,A01
200500004973,0,05,000,00,2,1,07,A01
200500004973,0,07,000,00,2,2,15,B01
200500004974,0,07,000,00,2,2,15,A01
200500004974,0,05,000,00,2,1,01,B01
200500004975,0,07,000,00,1,1,15,A01
200500004976,0,07,000,00,2,2,01,A01
200500004976,0,07,000,00,2,3,22,B01
200500004977,1,07,000,00,2,0,00,A01
200500004977,0,07,000,00,2,2,01,B01
200500004978,0,07,000,00,2,2,15,A01
200500004978,0,02,000,00,2,1,01,B01
200500004979,0,07,000,00,1,1,07,A01
200500004980,0,07,000,00,2,1,01,A01
200500004980,0,07,000,00,2,2,01,B01
200500004981,0,07,000,00,2,2,15,A01
200500004981,0,07,000,00,2,1,01,B01
200500004982,0,05,000,00,2,2,05,A01
200500004982,0,07,000,00,2,1,01,B01
200500004983,0,07,000,00,2,3,15,A01
200500004983,0,05,000,00,2,2,17,B01
200500004984,0,07,000,11,0,1,01,A01
200500004985,0,05,000,00,0,1,01,A01
200500004986,0,05,000,00,0,1,21,A01
200500004987,0,02,000,00,2,2,01,A01
200500004987,0,04,000,00,2,1,01,B01
200500004988,0,07,000,00,2,2,15,A01
200500004988,0,01,000,00,2,1,01,B01
200500004989,0,07,000,00,2,5,01,A01
200500004989,0,05,000,00,2,1,01,B01
200500004990,0,07,000,00,2,1,14,A01
200500004990,0,01,000,00,2,4,07,B01
200500004991,0,04,000,00,2,2,15,A01
200500004991,0,07,000,00,2,1,01,B01
200500004992,1,07,000,00,1,1,00,A01
200500004993,0,04,000,00,0,1,01,A01
200500004994,0,02,000,00,2,2,01,A01
200500004994,0,07,000,00,2,1,01,B01
200500004995,0,07,000,00,1,1,07,A01
200500004996,0,07,000,00,2,3,15,A01
200500004996,0,04,000,00,2,2,01,B01
200500004997,0,07,000,00,1,1,01,A01
200500004998,0,05,000,00,2,2,01,A01
200500004998,0,07,000,00,2,1,01,B01
200500004999,2,07,000,11,0,1,00,A01
200500005000,0,07,000,00,2,1,01,A01
200500005000,0,07,000,00,2,4,23,B01
200500005001,0,07,000,00,2,2,15,A01
200500005001,0,07,000,01,2,1,01,B01
200500005002,0,10,000,00,2,2,12,A01
200500005002,0,04,000,00,2,3,01,B01
200500005003,0,07,000,00,2,8,22,A01
200500005003,0,02,000,00,2,2,17,B01
200500005003,0,07,000,00,2,1,01,C01
200500005004,0,14,000,00,2,2,16,A01
200500005004,0,04,000,00,2,3,16,B01
200500005005,0,04,000,00,2,3,07,A01
200500005005,0,07,000,00,2,2,16,B01
200500005006,0,02,000,00,2,2,07,A01
200500005006,0,07,000,00,2,3,15,B01
200500005007,0,07,000,00,1,1,01,A01
200500005008,0,07,000,00,2,5,12,A01
200500005008,0,18,000,00,2,3,07,B01
200500005009,0,07,000,00,1,1,01,A01
200500005010,0,04,000,00,0,1,01,A01
200500005011,0,07,000,02,0,1,13,A01
200500005012,0,05,000,00,2,2,17,A01
200500005012,0,07,000,00,2,3,15,B01
200500005013,0,07,000,00,2,1,01,A01
200500005013,0,07,000,00,2,4,23,B01
200500005013,0,07,000,00,2,4,23,C01
200500005014,0,07,000,00,2,3,09,A01
200500005014,0,05,000,00,2,1,01,B01
200500005015,0,07,000,00,1,4,04,A01
200500005016,0,18,000,00,1,1,07,A01
200500005017,0,04,000,00,2,1,18,A01
200500005017,0,07,000,00,2,7,01,B01
200500005018,0,05,000,01,2,3,07,A01
200500005018,0,04,000,00,2,2,16,B01
200500005019,0,02,000,00,0,2,01,A01
200500005020,0,04,000,00,2,1,17,A01
200500005020,0,07,000,00,2,8,01,B01
200500005021,0,07,000,00,2,4,04,A01
200500005021,0,02,000,00,2,1,09,B01
200500005022,0,07,000,00,2,1,01,A01
200500005022,0,10,000,00,2,4,01,B01
200500005023,0,02,000,00,1,1,01,A01
200500005024,0,07,000,00,2,1,01,A01
200500005024,0,07,000,00,2,4,23,B01
200500005024,0,07,000,00,2,4,23,C01
200500005025,0,07,000,00,2,3,10,A01
200500005025,0,02,000,00,2,2,01,B01
200500005026,0,04,000,00,1,1,01,A01
200500005027,0,07,000,00,1,1,16,A01
200500005028,0,07,000,11,0,1,15,A01
200500005029,0,07,000,01,0,1,01,A01
200500005030,0,07,000,00,2,2,12,A01
200500005030,0,04,000,00,2,3,01,B01
200500005031,0,07,000,00,2,1,01,A01
200500005031,0,07,000,00,2,4,23,B01
200500005032,0,04,000,01,0,1,21,A01
200500005033,0,07,000,00,1,1,01,A01
200500005034,0,05,000,00,1,1,01,A01
200500005035,0,07,000,00,2,6,10,A01
200500005035,0,02,000,00,2,2,01,B01
200500005036,0,02,000,00,1,1,01,A01
200500005037,0,07,000,00,2,3,10,A01
200500005037,0,04,000,00,2,1,01,B01
200500005038,0,07,000,00,1,1,15,A01
200500005039,0,10,000,14,0,1,01,A01
200500005040,1,07,000,00,2,3,00,A01
200500005040,0,02,000,00,2,5,01,B01
200500005041,0,10,000,00,2,2,15,A01
200500005041,0,02,000,00,2,1,01,B01
200500005042,0,02,000,00,2,1,01,A01
200500005042,0,07,000,00,2,8,15,B01
200500005043,0,18,000,00,0,1,21,A01
200500005044,0,07,000,00,1,1,01,A01
200500005045,0,05,000,00,2,2,01,A01
200500005045,0,07,000,00,2,1,15,B01
200500005046,0,07,000,00,2,1,01,A01
200500005046,0,07,000,00,2,4,23,B01
200500005047,0,07,000,00,2,2,15,A01
200500005047,0,07,000,15,2,1,07,B01
200500005048,0,07,000,00,1,1,16,A01
200500005049,0,02,000,00,0,1,16,A01
200500005050,0,02,000,00,0,1,01,A01
200500005051,0,07,000,00,2,1,01,A01
200500005051,0,05,000,00,2,4,23,B01
200500005052,0,02,000,00,2,1,05,A01
200500005052,0,07,000,00,2,3,01,B01
200500005053,0,07,000,00,1,1,16,A01
200500005054,0,05,000,12,0,1,01,A01
200500005055,0,07,000,00,1,1,01,A01
200500005056,0,04,000,00,2,1,01,A01
200500005056,0,07,000,00,2,4,16,B01
200500005057,0,07,000,00,2,2,12,A01
200500005057,0,05,000,00,2,3,01,B01
200500005058,0,07,000,00,2,1,01,A01
200500005058,0,07,000,00,2,4,01,B01
200500005059,0,05,000,00,0,2,21,A01
200500005060,0,07,000,00,2,8,11,A01
200500005060,0,05,000,00,2,2,01,B01
200500005061,0,07,000,00,2,3,11,A01
200500005061,0,04,000,00,2,2,01,B01
200500005062,1,01,000,00,1,1,00,A01
200500005063,0,05,000,00,0,2,01,A01
200500005064,0,07,000,00,2,1,01,A01
200500005064,0,07,000,00,2,4,23,B01
200500005065,0,07,000,00,2,1,05,A01
200500005065,0,07,000,01,2,1,01,B01
200500005066,0,07,000,00,2,2,15,A01
200500005066,0,02,000,00,2,1,01,B01
200500005067,0,02,000,00,0,2,07,A01
200500005068,0,04,000,00,0,3,01,A01
200500005069,0,04,000,00,1,1,01,A01
200500005070,0,04,000,00,1,2,01,A01
200500005071,0,10,000,00,2,3,11,A01
200500005071,0,04,000,00,2,2,01,B01
200500005072,0,07,000,00,2,7,17,A01
200500005072,0,04,000,00,2,3,01,B01
200500005073,0,07,000,00,2,6,22,A01
200500005073,0,01,000,00,2,2,01,B01
200500005074,0,02,000,00,0,1,21,A01
200500005075,0,05,000,00,2,2,07,A01
200500005075,0,07,000,00,2,1,01,B01
200500005076,0,05,000,00,1,1,01,A01
200500005077,0,07,000,00,1,1,01,A01
200500005078,0,07,000,00,2,1,01,A01
200500005078,0,07,000,00,2,2,01,B01
200500005079,0,07,000,00,2,3,11,A01
200500005079,0,02,000,00,2,2,01,B01
200500005080,0,07,000,00,2,8,22,A01
200500005080,0,02,000,00,2,1,01,B01
200500005081,0,02,000,00,2,1,18,A01
200500005081,0,18,000,00,2,2,12,B01
200500005082,0,05,000,00,0,2,21,A01
200500005083,0,07,000,00,2,2,01,A01
200500005083,0,07,000,00,2,1,01,B01
200500005084,0,07,000,00,1,1,01,A01
200500005085,0,07,000,00,2,2,15,A01
200500005085,0,05,000,00,2,1,01,B01
200500005086,0,07,000,00,2,8,15,A01
200500005086,0,05,000,00,2,2,01,B01
200500005087,0,18,000,00,1,1,07,A01
200500005088,0,05,000,01,2,2,17,A01
200500005088,0,07,000,00,2,3,15,B01
200500005089,0,07,000,00,2,3,01,A01
200500005089,0,02,000,00,2,1,01,B01
200500005090,0,04,000,14,0,1,21,A01
200500005091,0,04,000,00,2,5,01,A01
200500005091,0,04,000,00,2,1,01,B01
200500005092,0,10,000,00,2,7,16,A01
200500005092,0,04,000,00,2,3,01,B01
200500005093,0,07,000,00,2,1,01,A01
200500005093,0,07,000,00,2,4,23,B01
200500005094,0,02,000,00,2,6,07,A01
200500005094,0,14,000,00,2,2,16,B01
200500005095,0,07,000,00,1,1,01,A01
200500005096,0,07,000,00,2,3,10,A01
200500005096,0,02,000,00,2,1,01,B01
200500005097,0,02,000,01,2,2,17,A01
200500005097,0,18,000,00,2,8,01,B01
200500005098,0,07,000,00,2,3,12,A01
200500005098,0,07,000,00,2,1,01,B01
200500005098,0,07,000,00,2,4,01,C01
200500005099,0,07,000,00,2,1,01,A01
200500005099,0,07,000,00,2,4,01,B01
200500005099,0,07,000,00,2,4,01,C01
200500005099,0,07,000,00,2,4,01,D01
200500005100,1,07,000,00,2,2,00,A01
200500005100,0,05,000,00,2,3,03,B01
200500005101,0,07,000,00,2,6,11,A01
200500005101,0,05,000,00,2,2,01,B01
200500005102,0,14,000,00,2,1,01,A01
200500005102,0,05,000,00,2,4,23,B01
200500005103,0,07,000,01,0,1,01,A01
200500005104,0,05,000,00,0,1,01,A01
200500005105,0,07,000,00,2,8,15,A01
200500005105,0,04,000,00,2,2,01,B01
200500005106,0,07,000,00,2,3,11,A01
200500005106,0,04,000,00,2,2,01,B01
200500005107,0,02,000,00,2,2,17,A01
200500005107,0,07,000,00,2,3,15,B01
200500005108,0,04,000,00,2,1,01,A01
200500005108,0,07,000,00,2,4,01,B01
200500005109,0,02,000,00,2,2,17,A01
200500005109,0,07,000,00,2,3,15,B01
200500005110,0,04,000,00,0,2,21,A01
200500005111,0,07,000,03,2,1,12,A01
200500005111,0,07,000,00,2,6,01,B01
200500005112,0,07,000,00,1,1,01,A01
200500005113,0,04,000,00,2,3,01,A01
200500005113,0,07,000,00,2,1,01,B01
200500005114,0,10,000,00,1,6,01,A01
200500005115,0,07,000,00,2,3,16,A01
200500005115,0,05,000,00,2,2,01,B01
200500005116,1,10,000,00,2,1,00,A01
200500005116,0,02,000,00,2,1,01,B01
200500005117,0,07,000,11,0,1,14,A01
200500005118,0,07,000,00,2,8,15,A01
200500005118,0,05,000,00,2,2,01,B01
200500005119,0,01,000,00,2,5,01,A01
200500005119,0,05,000,00,2,1,01,B01
200500005120,0,04,000,00,1,2,01,A01
200500005121,0,07,000,00,2,1,02,A01
200500005121,0,07,000,00,2,4,02,B01
200500005121,0,07,000,00,2,4,02,C01
200500005121,0,07,000,00,2,4,02,D01
200500005121,0,07,000,00,2,4,02,E01
200500005121,0,07,000,00,2,4,02,F01
200500005121,0,07,000,00,2,4,02,G01
200500005122,0,17,000,00,2,1,12,A01
200500005122,0,07,000,04,2,4,01,B01
200500005123,0,10,000,00,2,6,11,A01
200500005123,0,05,000,00,2,1,01,B01
200500005124,0,17,000,00,2,2,12,A01
200500005124,0,07,000,06,2,3,01,B01
200500005125,0,07,000,00,2,3,11,A01
200500005125,0,05,000,00,2,2,03,B01
200500005125,0,07,000,00,2,4,01,C01
200500005126,0,10,000,00,2,7,22,A01
200500005126,0,05,000,00,2,1,01,B01
200500005127,0,07,000,00,2,3,11,A01
200500005127,0,05,000,00,2,1,03,B01
200500005128,0,07,000,00,2,1,01,A01
200500005128,0,07,000,00,2,4,23,B01
200500005129,0,02,000,00,2,1,01,A01
200500005129,0,07,000,00,2,4,01,B01
200500005130,0,07,000,00,1,1,01,A01
200500005131,0,07,000,00,1,1,01,A01
200500005132,0,07,000,00,2,1,01,A01
200500005132,0,07,000,00,2,4,23,B01
200500005132,0,07,000,00,2,4,23,C01
200500005133,0,05,000,01,0,1,16,A01
200500005134,0,05,000,00,2,1,01,A01
200500005134,0,07,000,00,2,4,23,B01
200500005135,0,07,000,00,2,1,01,A01
200500005135,0,07,000,00,2,4,01,B01
200500005136,0,10,000,00,2,3,11,A01
200500005136,0,04,000,00,2,2,17,B01
200500005137,0,14,000,00,2,7,12,A01
200500005137,0,07,000,00,2,3,01,B01
200500005137,0,07,000,00,2,1,01,C01
200500005138,0,07,000,00,2,1,00,A01
200500005138,0,05,000,00,2,1,00,B01
200500005139,0,07,000,00,2,1,21,A01
200500005139,0,07,000,00,2,4,23,B01
200500005140,0,07,000,06,0,1,13,A01
200500005141,0,07,000,08,0,1,13,A01
200500005142,0,07,000,00,2,1,15,A01
200500005142,0,07,000,00,2,1,00,B01
200500005143,0,02,000,00,2,2,21,A01
200500005143,0,07,000,00,2,2,15,B01
200500005144,0,07,000,00,2,3,15,A01
200500005144,0,02,000,00,2,1,01,B01
200500005145,0,02,000,00,2,7,18,A01
200500005145,0,14,000,00,2,7,16,B01
200500005146,0,07,000,00,2,1,15,A01
200500005146,0,07,000,00,2,1,01,B01
200500005147,0,07,000,00,2,1,17,A01
200500005147,0,07,000,00,2,1,01,B01
200500005148,0,07,000,00,1,1,15,A01
200500005149,0,07,000,00,1,1,01,A01
200500005150,0,07,000,00,1,2,21,A01
200500005151,0,07,000,00,2,7,00,A01
200500005151,0,07,000,00,2,4,00,B01
200500005152,0,07,000,00,2,1,01,B01
200500005152,0,07,000,00,2,3,15,A01
200500005153,0,02,000,00,2,1,17,A01
200500005153,0,10,000,00,2,8,10,B01
200500005154,0,07,000,01,0,3,15,A01
200500005154,0,02,000,00,2,1,02,B01
200500005155,0,05,000,00,2,1,02,A01
200500005155,0,07,000,00,2,4,02,B01
200500005156,0,07,000,00,2,5,05,A01
200500005156,0,02,000,00,2,1,02,B01
200500005157,0,07,000,00,1,1,02,A01
200500005158,0,07,000,00,1,1,02,A01
200500005159,0,19,000,00,1,1,02,A01
200500005160,0,07,000,00,1,3,02,A01
200500005161,0,01,000,00,2,3,02,A01
200500005161,0,07,000,00,2,2,02,B01
200500005162,0,02,000,00,1,1,02,A01
200500005163,0,07,000,00,1,3,02,A01
200500005164,0,07,000,00,1,1,02,A01
200500005165,0,10,000,00,2,2,13,A01
200500005165,0,15,000,00,2,3,02,B01
200500005166,0,07,000,00,1,0,02,A01
200500005167,0,02,000,16,0,3,02,A01
200500005168,0,02,000,00,0,5,02,A01
200500005169,0,07,000,00,2,1,02,A01
200500005169,0,07,000,00,1,1,02,B01
200500005170,0,07,000,00,1,1,02,A01
200500005171,0,07,000,00,2,3,02,A01
200500005171,0,02,000,00,2,1,02,B01
200500005172,0,07,000,00,1,1,02,A01
200500005173,0,07,000,00,2,1,02,A01
200500005173,0,07,000,00,2,4,02,B01
200500005174,0,05,000,00,2,1,02,A01
200500005174,0,07,000,00,2,4,02,B01
200500005175,0,10,000,00,9,7,15,A01
200500005175,0,04,000,00,2,1,21,B01
200500005176,2,07,000,00,9,1,15,A01
200500005176,0,02,000,00,2,8,21,B01
200500005177,0,07,000,00,2,1,21,A01
200500005177,0,10,000,00,2,4,23,B01
200500005177,0,07,000,00,2,4,23,C01
200500005178,0,07,000,00,9,3,15,A01
200500005178,0,02,000,00,2,1,21,B01
200500005179,0,07,000,00,9,8,09,A01
200500005179,0,02,000,00,2,1,21,B01
200500005180,0,07,000,00,1,2,21,A01
200500005181,0,07,000,00,1,1,15,A01
200500005182,0,07,000,13,0,1,02,A01
200500005183,0,05,000,00,2,1,02,A01
200500005183,0,05,000,00,0,6,02,B01
200500005184,0,07,000,00,9,1,02,A01
200500005184,0,01,000,00,2,1,09,B01
200500005185,0,07,000,00,0,2,02,B01
200500005185,0,99,000,00,2,1,15,A01
200500005186,0,07,000,00,2,3,13,A01
200500005186,0,07,000,00,2,6,01,B01
200500005186,0,07,000,00,2,3,01,C01
200500005187,0,07,000,00,2,1,01,A01
200500005187,0,07,000,00,2,4,23,B01
200500005187,0,07,000,00,0,4,23,C01
200500005188,0,04,000,00,2,1,02,A01
200500005188,0,07,000,00,0,4,15,B01
200500005189,0,07,000,00,2,8,13,A01
200500005189,0,07,000,00,2,3,00,B01
200500005190,0,07,000,00,1,2,21,A01
200500005191,0,07,000,00,2,1,02,A01
200500005191,0,07,000,00,0,4,23,B01
200500005191,0,07,000,00,0,4,23,C01
200500005191,0,07,000,00,0,4,23,D01
200500005192,0,07,000,00,2,1,02,A01
200500005192,0,02,000,00,2,4,02,B01
200500005193,0,07,000,00,2,2,17,A01
200500005193,0,07,000,13,2,8,02,B01
200500005193,0,07,000,00,2,3,05,C01
200500005194,0,07,000,00,1,2,01,A01
200500005195,0,07,000,02,0,1,01,A01
200500005196,0,07,000,00,2,1,00,B01
200500005196,0,07,000,00,2,3,19,A01
200500005197,0,07,000,00,2,1,02,B01
200500005197,0,07,000,00,2,7,19,A01
200500005198,0,07,000,00,2,3,17,A01
200500005198,0,05,000,00,2,1,01,B01
200500005199,0,07,000,02,0,9,02,A01
200500005200,0,03,000,11,0,9,01,A01
200500005201,0,07,000,00,2,1,02,A01
200500005201,0,07,000,00,2,4,23,B01
200500005202,0,02,000,00,2,1,17,A01
200500005202,0,07,000,00,2,8,20,B01
200500005203,0,07,000,00,2,1,17,A01
200500005203,0,07,000,00,2,3,01,B01
200500005203,0,17,000,00,2,2,01,C01
200500005204,0,02,000,00,2,1,01,A01
200500005204,0,07,000,00,2,4,01,B01
200500005205,0,05,000,00,1,1,01,A01
200500005206,0,07,000,00,2,1,01,A01
200500005206,0,07,000,00,2,1,01,B01
200500005207,0,07,000,00,2,2,15,A01
200500005207,0,07,000,00,2,1,01,B01
200500005208,0,01,000,00,2,1,09,A01
200500005208,0,07,000,00,0,7,01,B01
200500005209,0,07,000,00,2,8,11,A01
200500005209,0,07,000,00,2,2,17,B01
200500005210,0,07,000,00,2,1,01,A01
200500005210,0,07,000,00,0,4,23,B01
200500005211,0,07,000,03,2,1,01,A01
200500005211,0,07,000,00,0,4,01,B01
200500005212,0,99,000,00,2,1,05,A01
200500005212,0,07,000,00,2,8,15,B01
200500005213,0,07,000,00,9,2,01,A01
200500005213,0,01,000,00,2,1,15,B01
200500005214,0,02,000,00,2,1,01,A01
200500005214,0,07,000,00,2,2,01,B01
200500005215,0,07,000,00,2,2,01,A01
200500005215,0,07,000,00,2,1,01,B01
200500005216,0,07,000,00,1,1,01,A01
200500005217,0,07,000,00,1,1,01,A01
200500005218,0,07,000,00,1,7,01,A01
200500005219,0,07,000,00,1,7,01,A01