Num_Acc,senc,catv,occutc,obs,obsm,choc,manv,num_veh
200500006681,0,07,000,00,2,1,02,B01
200500006682,0,07,000,12,0,8,13,A01
200500006683,0,07,000,00,2,6,23,A01
200500006683,0,07,000,14,0,2,14,B01
200500006684,0,07,000,00,2,8,01,A01
200500006684,0,15,000,00,2,2,12,B01
200500006685,0,05,000,16,0,8,13,A01
200500006686,0,10,000,00,2,4,23,A01
200500006686,0,07,000,00,2,4,23,B01
200500006686,0,99,000,00,2,4,23,C01
200500006686,0,07,000,00,2,4,23,D01
200500006686,0,99,000,00,2,1,02,E01
200500006687,0,02,000,16,0,7,14,A01
200500006688,0,07,000,04,0,1,21,A01
200500006689,0,07,000,00,0,4,02,A01
200500006689,0,17,000,00,2,1,02,B01
200500006690,0,07,000,00,0,0,21,A01
200500006690,0,07,000,00,0,1,02,B01
200500006691,0,07,000,03,0,2,01,A01
200500006692,0,15,000,00,2,7,02,A01
200500006692,0,07,000,00,2,8,09,B01
200500006693,0,07,000,00,0,4,23,A01
200500006693,0,07,000,00,0,4,21,B01
200500006693,0,07,000,00,2,1,02,C01
200500006694,0,07,000,03,0,7,23,A01
200500006694,0,10,000,00,2,5,23,B01
200500006694,0,07,000,00,2,1,02,C01
200500006695,0,07,000,00,0,4,02,A01
200500006695,0,07,000,00,2,4,02,B01
200500006695,0,07,000,00,2,4,02,C01
200500006695,0,07,000,00,2,1,02,D01
200500006696,0,07,000,00,2,4,01,A01
200500006696,0,07,000,00,2,1,11,B01
200500006697,0,16,000,06,0,1,01,A01
200500006698,0,07,000,00,2,8,02,A01
200500006698,0,07,000,00,2,1,14,B01
200500006699,0,07,000,00,2,8,19,A01
200500006699,0,13,000,00,2,2,01,B01
200500006700,0,07,000,04,0,1,13,A01
200500006701,0,07,000,04,0,1,01,A01
200500006702,0,07,000,00,0,7,14,A01
200500006703,0,07,000,13,0,0,21,A01
200500006703,0,07,000,13,0,9,13,B01
200500006704,0,17,000,00,2,1,02,A01
200500006704,0,07,000,00,2,1,01,B01
200500006705,0,07,000,00,2,4,09,A01
200500006705,0,07,000,00,2,1,01,B01
200500006706,0,14,000,00,2,8,01,A01
200500006706,0,07,000,04,2,7,17,B01
200500006707,0,07,000,00,0,4,23,A01
200500006707,0,07,000,00,2,5,23,B01
200500006707,0,07,000,00,2,3,21,C01
200500006708,0,07,000,00,0,4,02,A01
200500006708,0,07,000,00,2,1,02,B01
200500006709,0,07,000,00,1,2,01,A01
200500006710,0,07,000,00,2,2,01,A01
200500006710,0,07,000,00,2,3,01,B01
200500006711,1,04,000,00,1,0,01,A01
200500006712,1,07,000,00,1,2,01,A01
200500006713,1,07,000,00,2,1,01,A01
200500006713,0,04,000,00,2,4,00,B01
200500006714,0,07,000,00,2,1,13,A01
200500006714,0,07,000,00,2,1,21,B01
200500006715,0,07,000,06,0,2,14,A01
200500006716,0,07,000,00,1,1,01,A01
200500006717,0,07,000,14,2,1,06,A01
200500006717,0,10,000,00,2,3,00,B01
200500006718,0,01,000,00,2,3,15,A01
200500006718,0,02,000,00,2,1,01,B01
200500006719,0,05,000,00,1,1,01,A01
200500006720,0,07,000,00,2,1,01,A01
200500006720,0,07,000,00,2,3,01,B01
200500006721,0,04,000,00,1,1,01,A01
200500006722,0,02,000,00,1,3,01,A01
200500006723,0,07,000,00,2,2,15,A01
200500006723,0,02,000,00,2,1,01,B01
200500006724,0,07,000,00,1,1,01,A01
200500006725,0,07,000,00,1,1,09,A01
200500006726,0,07,000,00,2,1,00,A01
200500006726,0,07,000,00,2,2,01,B01
200500006727,0,04,000,00,2,1,01,B01
200500006728,0,07,000,00,2,2,20,A01
200500006728,0,05,000,00,2,1,01,B01
200500006729,0,07,000,00,2,1,01,A01
200500006729,0,07,000,00,2,4,01,B01
200500006730,0,07,000,00,2,1,01,A01
200500006730,0,07,000,00,2,4,01,B01
200500006731,0,02,000,00,2,8,01,A01
200500006731,0,07,000,00,2,2,15,B01
200500006732,0,07,000,04,0,1,13,A01
200500006732,0,07,000,00,2,1,02,B01
200500006732,0,07,000,00,2,4,21,C01
200500006732,0,07,000,00,0,5,23,D01
200500006733,0,07,000,11,0,7,21,A01
200500006734,0,07,000,04,2,2,09,A01
200500006734,0,07,000,00,2,1,02,B01
200500006735,0,04,000,00,2,3,11,A01
200500006735,0,07,000,00,0,5,01,B01
200500006736,0,07,000,04,0,1,02,A01
200500006736,0,07,000,00,0,4,02,B01
200500006737,0,07,000,00,2,6,11,A01
200500006737,0,17,000,00,0,2,01,B01
200500006737,0,17,000,00,0,5,01,C01
200500006738,0,05,000,00,2,1,03,A01
200500006738,0,07,000,00,2,8,12,B01
200500006738,0,07,000,00,2,4,01,C01
200500006739,0,07,000,00,2,3,18,A01
200500006739,0,07,000,00,0,5,01,B01
200500006739,0,10,000,00,0,5,01,C01
200500006740,0,07,000,03,2,1,17,A01
200500006740,0,07,000,00,0,1,01,B01
200500006741,0,07,000,00,2,1,02,A01
200500006741,0,07,000,00,2,4,02,B01
200500006741,0,07,000,00,0,4,01,C01
200500006742,0,07,000,00,1,1,16,A01
200500006743,0,07,000,00,2,1,02,A01
200500006743,0,07,000,00,2,4,01,B01
200500006744,0,07,000,00,1,1,01,A01
200500006745,0,07,000,00,2,2,15,A01
200500006745,0,01,000,00,2,1,01,B01
200500006746,0,18,035,00,1,4,07,A01
200500006747,0,01,000,01,1,1,05,A01
200500006747,0,07,000,00,2,1,15,B01
200500006748,0,02,000,00,1,1,01,A01
200500006749,0,07,000,00,1,1,01,A01
200500006750,0,07,000,00,2,4,04,A01
200500006750,0,07,000,00,2,1,01,B01
200500006751,0,07,000,00,2,1,02,A01
200500006751,0,07,000,00,0,4,01,B01
200500006752,0,15,000,00,2,2,12,A01
200500006752,0,07,000,00,2,8,01,B01
200500006753,0,07,000,00,1,1,01,A01
200500006754,0,07,000,00,1,1,01,A01
200500006755,0,06,000,00,1,1,15,A01
200500006756,0,07,000,00,2,3,15,A01
200500006756,0,07,000,00,2,3,01,B01
200500006757,0,07,000,00,1,1,15,A01
200500006758,0,07,000,00,2,2,09,A01
200500006758,0,07,000,00,2,8,01,B01
200500006759,0,18,000,00,1,1,01,A01
200500006760,1,07,000,00,2,8,09,A01
200500006760,0,05,000,00,2,7,01,B01
200500006761,0,07,000,00,1,1,01,A01
200500006762,0,07,000,00,2,1,01,A01
200500006762,0,07,000,00,2,4,23,B01
200500006762,0,07,000,00,2,4,23,C01
200500006763,0,07,000,00,2,1,01,A01
200500006763,0,02,000,00,2,9,01,B01
200500006764,0,07,000,00,2,3,01,A01
200500006764,0,07,000,00,2,2,01,B01
200500006765,0,10,000,00,1,3,01,A01
200500006766,0,07,000,00,2,1,01,B01
200500006766,0,07,000,00,2,7,01,A01
200500006766,0,07,000,00,2,1,23,C01
200500006767,0,07,000,00,2,1,02,A01
200500006767,0,07,000,00,2,5,02,B01
200500006767,0,07,000,00,2,5,02,C01
200500006768,0,16,000,00,1,2,16,A01
200500006769,0,07,000,02,0,2,16,A01
200500006770,0,15,000,00,1,5,02,A01
200500006771,0,07,000,00,1,1,01,A01
200500006772,0,07,000,00,1,3,15,A01
200500006773,0,07,000,00,2,6,01,A01
200500006773,0,07,000,00,2,2,17,B01
200500006773,0,07,000,00,2,1,01,C01
200500006774,0,07,000,00,2,2,01,B01
200500006774,0,07,000,00,2,1,01,A01
200500006775,0,10,000,00,1,7,01,A01
200500006776,0,07,000,00,1,4,04,A01
200500006777,0,07,000,00,1,3,01,A01
200500006778,0,18,020,00,1,2,15,A01
200500006779,0,07,000,00,2,0,16,A01
200500006779,0,02,000,00,2,1,14,B01
200500006780,0,10,000,00,2,2,15,A01
200500006780,0,07,000,00,2,1,02,B01
200500006781,0,07,000,11,0,1,01,A01
200500006782,0,05,000,00,2,1,17,A01
200500006782,0,09,000,00,9,8,15,B01
200500006783,0,07,000,00,1,2,02,A01
200500006784,0,07,000,00,1,2,15,A01
200500006785,0,07,000,12,0,1,15,A01
200500006786,0,04,000,00,2,1,02,A01
200500006786,0,07,000,00,0,5,15,B01
200500006787,0,07,000,00,0,0,01,A01
200500006787,0,18,041,00,0,0,01,B01
200500006788,0,02,000,00,2,1,08,A01
200500006788,0,07,000,00,2,2,15,B01
200500006789,0,07,000,00,1,1,01,A01
200500006790,0,10,000,00,2,1,02,A01
200500006790,0,07,000,00,0,4,23,B01
200500006791,0,07,000,00,1,3,15,A01
200500006792,0,07,000,00,2,7,09,A01
200500006792,0,10,000,00,2,1,01,B01
200500006793,0,07,000,00,1,1,01,A01
200500006794,0,13,000,00,2,4,04,A01
200500006794,0,02,000,00,2,1,02,B01
200500006795,0,10,000,00,1,4,04,A01
200500006796,0,07,000,00,1,1,01,A01
200500006797,1,07,000,00,2,0,00,A01
200500006797,0,01,000,00,2,0,00,B01
200500006798,0,07,000,00,2,3,15,A01
200500006798,0,02,000,00,2,1,01,B01
200500006799,0,07,000,08,0,1,14,A01
200500006800,0,07,000,00,1,1,01,A01
200500006801,0,07,000,02,0,9,15,A01
200500006802,0,07,000,02,0,1,14,A01
200500006803,0,02,000,00,0,0,13,A01
200500006803,0,07,000,13,0,7,21,B01
200500006804,0,07,000,00,2,3,15,A01
200500006804,0,05,000,00,2,3,00,B01
200500006805,0,02,000,00,1,0,21,A01
200500006806,0,05,000,00,2,1,02,A01
200500006806,0,07,000,00,2,6,02,B01
200500006807,0,07,000,00,2,8,15,A01
200500006807,0,05,000,00,2,1,21,B01
200500006808,0,07,000,12,9,3,13,A01
200500006809,0,07,000,00,2,2,01,B01
200500006809,0,07,000,00,2,1,19,A01
200500006810,0,07,000,00,1,2,02,A01
200500006811,0,07,000,00,2,8,15,A01
200500006811,0,07,000,00,2,1,01,B01
200500006812,0,07,000,00,2,3,21,A01
200500006812,0,07,000,00,2,9,24,B01
200500006812,0,07,000,00,2,4,24,C01
200500006813,0,02,000,00,2,1,19,A01
200500006813,0,07,000,00,2,1,19,B01
200500006814,0,07,000,00,2,8,15,B01
200500006814,0,07,000,00,2,1,01,A01
200500006815,1,01,000,00,1,1,01,A01
200500006816,0,10,000,00,2,7,15,A01
200500006816,0,05,000,00,2,9,17,B01
200500006817,0,07,000,00,2,2,15,A01
200500006817,0,02,000,00,2,1,01,B01
200500006818,0,07,000,00,2,1,01,B01
200500006818,0,07,000,00,2,3,15,A01
200500006819,0,07,000,00,2,1,17,A01
200500006819,0,07,000,00,2,1,09,B01
200500006819,0,07,000,00,2,1,23,C01
200500006820,0,04,000,00,2,1,14,A01
200500006820,0,01,000,00,2,8,01,B01
200500006821,0,02,000,00,2,3,18,A01
200500006821,0,02,000,00,2,5,16,B01
200500006822,0,07,000,00,2,3,13,A01
200500006822,0,07,000,00,2,2,01,B01
200500006823,0,08,000,00,1,6,04,A01
200500006824,0,07,000,00,1,7,01,A01
200500006825,0,07,000,00,2,1,02,A01
200500006825,0,07,000,00,2,4,01,B01
200500006826,0,07,000,00,1,7,01,A01
200500006827,0,07,000,00,2,1,17,A01
200500006827,0,01,000,00,2,4,13,B01
200500006828,0,10,000,00,1,4,04,A01
200500006829,0,07,000,00,2,3,01,B01
200500006829,0,07,000,00,2,2,19,A01
200500006830,0,02,000,00,2,1,01,A01
200500006830,0,07,000,00,2,3,15,B01
200500006831,0,07,000,00,2,3,10,A01
200500006831,0,02,000,00,2,1,01,B01
200500006832,0,02,000,00,2,1,01,A01
200500006832,0,07,000,00,2,4,02,B01
200500006833,0,07,000,00,2,3,15,A01
200500006833,0,05,000,00,2,1,17,B01
200500006834,0,05,000,00,2,1,17,A01
200500006834,0,10,000,00,2,3,15,B01
200500006835,0,07,000,00,2,1,01,A01
200500006835,0,07,000,00,2,4,01,B01
200500006835,0,07,000,00,2,4,02,C01
200500006836,0,02,000,12,0,1,01,A01
200500006837,0,07,000,00,2,3,01,A01
200500006837,0,07,000,00,2,2,16,B01
200500006838,0,07,000,00,2,3,09,A01
200500006838,0,07,000,06,2,7,01,B01
200500006839,0,07,000,00,2,1,16,A01
200500006839,0,07,000,00,2,3,01,B01
200500006840,0,07,000,00,2,8,11,A01
200500006840,0,05,000,00,2,7,17,B01
200500006841,0,07,000,00,1,2,01,A01
200500006842,0,07,000,00,2,1,01,A01
200500006842,0,05,000,00,2,4,01,B01
200500006843,0,02,000,00,2,1,17,B01
200500006843,0,07,000,00,2,3,19,A01
200500006844,0,02,000,00,2,1,18,A01
200500006844,0,07,000,00,2,7,16,B01
200500006845,0,04,000,00,2,1,01,A01
200500006845,0,07,000,00,2,3,15,B01
200500006846,0,07,000,00,2,8,02,A01
200500006846,0,05,000,00,2,7,01,B01
200500006847,0,07,000,00,2,2,15,A01
200500006847,0,02,000,00,2,1,01,B01
200500006848,0,07,000,00,9,2,16,A01
200500006849,0,07,000,00,2,1,02,A01
200500006849,0,07,000,00,2,4,02,B01
200500006849,0,07,000,00,2,4,02,C01
200500006850,0,05,000,00,1,1,01,A01
200500006851,0,02,000,00,1,1,01,A01
200500006852,0,10,000,00,1,1,15,A01
200500006853,0,07,000,00,2,1,02,A01
200500006853,0,07,000,00,2,4,01,B01
200500006854,0,07,000,00,2,4,02,A01
200500006854,0,07,000,00,2,4,02,B01
200500006854,0,07,000,00,2,1,01,C01
200500006855,0,02,000,00,2,1,01,A01
200500006855,0,07,000,00,2,2,15,B01
200500006856,0,07,000,00,2,1,02,A01
200500006856,0,07,000,00,2,4,01,B01
200500006857,0,07,000,00,2,7,15,A01
200500006857,0,07,000,00,2,1,01,B01
200500006858,0,02,000,00,1,1,02,A01
200500006859,0,05,000,00,2,1,01,B01
200500006859,0,07,000,00,2,1,19,A01
200500006860,0,02,000,00,1,1,01,A01
200500006861,0,07,000,00,2,3,15,A01
200500006861,0,05,000,00,2,1,01,B01
200500006862,0,07,000,00,2,1,02,A01
200500006862,0,07,000,00,2,4,02,B01
200500006863,0,07,000,00,2,3,13,A01
200500006863,0,05,000,00,2,7,17,B01
200500006864,0,07,000,00,2,7,16,A01
200500006864,0,02,000,00,2,3,01,B01
200500006865,0,07,000,00,2,8,09,A01
200500006865,0,05,000,00,2,1,01,B01
200500006866,0,07,000,00,1,7,01,A01
200500006867,0,04,000,00,2,7,17,A01
200500006867,0,07,000,00,2,3,15,B01
200500006868,0,05,000,00,2,1,17,A01
200500006868,0,10,000,00,0,4,01,B01
200500006869,0,07,000,00,2,7,15,A01
200500006869,0,05,000,00,2,1,01,B01
200500006870,0,07,000,00,2,1,01,A01
200500006870,0,07,000,00,0,4,01,B01
200500006871,0,05,000,00,2,7,17,A01
200500006871,0,10,000,00,2,3,15,B01
200500006872,0,02,000,00,2,1,17,A01
200500006872,0,07,000,00,0,6,15,B01
200500006873,0,02,000,00,2,8,13,A01
200500006873,0,07,000,00,2,3,01,B01
200500006874,0,05,000,00,2,1,01,A01
200500006874,0,07,000,00,0,8,15,B01
200500006875,0,07,000,00,1,1,01,A01
200500006876,0,05,000,00,2,1,17,A01
200500006876,0,04,000,00,0,1,01,B01
200500006876,0,17,000,00,0,8,01,C01
200500006877,0,02,000,00,2,1,01,B01
200500006877,0,07,000,00,0,8,15,A01
200500006878,1,07,000,00,1,1,04,A01
200500006879,0,02,000,01,0,1,01,A01
200500006880,0,05,000,00,2,1,17,A01
200500006880,0,07,000,00,0,8,15,B01
200500006881,0,02,000,00,2,3,01,A01
200500006881,0,02,000,00,2,0,16,B01
200500006882,0,05,000,00,1,1,17,A01
200500006883,0,07,000,00,0,7,15,A01
200500006883,0,02,000,00,2,1,01,B01
200500006884,0,07,000,00,2,1,15,A01
200500006884,0,05,000,00,2,1,01,B01
200500006885,0,07,000,00,0,7,01,A01
200500006886,1,07,000,00,2,1,04,A01
200500006886,0,01,000,00,2,2,01,B01
200500006887,0,02,000,16,0,0,01,A01
200500006888,0,07,000,00,1,1,21,A01
200500006889,0,07,000,00,2,2,15,A01
200500006889,0,07,000,00,2,1,02,B01
200500006890,0,05,000,00,2,0,21,A01
200500006890,1,07,000,00,2,0,15,B01
200500006891,0,07,000,00,2,2,01,B01
200500006891,0,05,000,00,2,1,16,A01
200500006892,0,07,000,00,1,1,02,A01
200500006893,0,07,000,00,2,3,23,A01
200500006893,0,02,000,14,0,1,18,B01
200500006894,0,07,000,00,2,2,15,A01
200500006894,0,05,000,00,4,1,02,B01
200500006895,0,07,000,00,2,8,15,A01
200500006895,0,05,000,00,2,2,01,B01
200500006896,0,07,000,00,0,0,23,A01
200500006896,0,05,000,00,0,9,01,B01
200500006897,0,07,000,00,2,2,15,A01
200500006897,0,10,000,00,2,1,01,B01
200500006898,0,07,000,00,2,1,13,A01
200500006898,0,07,000,00,2,1,21,B01
200500006899,0,05,000,00,2,1,07,A01
200500006899,0,07,000,00,2,2,14,B01
200500006900,0,07,000,00,2,1,01,A01
200500006900,0,07,000,00,2,2,01,B01
200500006901,0,07,000,00,1,4,04,A01
200500006902,0,02,000,00,2,1,07,A01
200500006902,0,07,000,00,2,3,15,B01
200500006903,0,07,000,00,2,6,20,A01
200500006903,0,05,000,00,2,2,21,B01
200500006904,0,05,000,00,1,7,02,A01
200500006905,0,14,000,00,1,1,01,A01
200500006906,0,07,000,00,2,1,02,A01
200500006906,0,02,000,00,2,4,23,B01
200500006906,0,02,000,00,2,4,23,C01
200500006907,0,07,000,00,2,6,19,A01
200500006907,0,05,000,00,2,1,21,B01
200500006908,0,10,000,00,2,1,01,A01
200500006908,0,07,000,00,2,2,01,B01
200500006909,0,07,000,00,2,8,11,A01
200500006909,0,14,000,00,2,2,03,B01
200500006910,0,10,000,00,2,2,10,A01
200500006910,0,07,000,00,2,1,19,B01
200500006911,0,07,000,01,2,1,15,A01
200500006911,0,02,000,00,2,7,17,B01
200500006912,0,02,000,00,2,1,17,A01
200500006912,0,07,000,00,2,6,19,B01
200500006913,0,05,000,14,0,8,01,A01
200500006914,0,07,000,00,1,1,01,A01
200500006915,0,10,000,00,2,3,11,A01
200500006915,0,05,000,00,2,1,17,B01
200500006916,0,07,000,00,1,1,21,A01
200500006917,0,10,000,00,2,6,11,A01
200500006917,0,05,000,00,2,2,11,B01
200500006918,0,07,000,00,2,6,10,A01
200500006918,0,02,000,00,2,1,17,B01
200500006919,0,10,000,00,2,8,01,A01
200500006919,0,07,000,00,2,1,01,B01
200500006920,0,01,000,00,2,1,15,A01
200500006920,0,07,000,00,2,6,16,B01
200500006921,0,05,000,14,2,1,17,A01
200500006921,0,07,000,00,0,6,23,B01
200500006922,0,03,000,00,2,7,01,A01
200500006922,0,05,000,00,2,7,01,B01
200500006923,0,07,000,00,2,5,12,A01
200500006923,0,05,000,00,2,1,21,B01
200500006924,0,07,000,00,2,2,01,A01
200500006924,0,07,000,00,2,1,01,B01
200500006925,0,07,000,00,2,1,08,A01
200500006925,0,05,000,00,2,7,15,B01
200500006926,0,07,000,00,2,2,15,A01
200500006926,0,05,000,00,2,1,21,B01
200500006927,0,05,000,00,2,8,11,A01
200500006927,0,07,000,00,2,2,01,B01
200500006928,0,07,000,00,2,2,15,A01
200500006928,0,02,000,00,2,1,21,B01
200500006929,0,05,000,00,2,1,13,A01
200500006929,0,07,000,00,2,5,01,B01
200500006929,0,07,000,00,2,6,01,C01
200500006930,0,07,000,00,1,1,17,A01
200500006931,0,07,000,00,2,3,01,A01
200500006931,0,18,025,00,2,1,01,B01
200500006932,0,99,000,00,2,1,19,A01
200500006932,0,07,000,00,1,8,19,B01
200500006933,0,07,000,00,2,1,01,A01
200500006934,0,07,000,00,2,5,16,A01
200500006934,0,02,000,00,2,1,21,B01
200500006935,0,07,000,00,2,4,20,A01
200500006935,0,02,000,00,2,1,01,B01
200500006936,0,07,000,15,2,1,19,A01
200500006936,0,07,000,01,2,1,19,B01
200500006937,0,07,000,00,2,1,19,A01
200500006937,0,07,000,00,2,6,19,B01
200500006938,0,05,000,00,2,4,01,A01
200500006938,0,18,041,00,2,1,01,B01
200500006939,0,07,000,00,2,8,10,A01
200500006939,0,02,000,00,2,1,21,B01
200500006940,0,02,000,08,0,1,00,A01
200500006941,0,07,000,00,2,1,01,A01
200500006941,0,07,000,00,2,4,01,B01
200500006942,0,07,000,12,2,1,21,A01
200500006942,0,07,000,12,0,4,09,B01
200500006943,0,10,000,00,2,8,09,A01
200500006943,0,02,000,00,2,1,01,B01
200500006944,0,07,000,00,2,2,15,A01
200500006944,0,05,000,00,2,8,01,B01
200500006945,0,07,000,00,2,8,10,A01
200500006945,0,02,000,00,2,1,21,B01
200500006946,0,07,000,15,1,5,01,A01
200500006946,0,07,000,00,2,1,01,B01
200500006947,0,07,000,02,2,1,01,A01
200500006947,0,07,000,00,2,1,01,B01
200500006948,0,07,000,00,2,1,15,A01
200500006948,0,07,000,00,2,1,01,B01
200500006949,1,07,000,00,2,1,19,A01
200500006949,0,07,000,00,2,8,19,B01
200500006950,0,07,000,00,2,1,01,B01
200500006950,0,07,000,00,2,3,00,A01
200500006951,0,05,000,05,0,1,01,A01
200500006952,1,07,000,00,2,7,12,A01
200500006952,0,05,000,09,0,1,14,B01
200500006953,0,07,000,02,2,8,11,A01
200500006953,0,07,000,00,2,2,01,B01
200500006953,1,10,000,00,0,0,13,C01
200500006954,0,14,000,00,2,4,04,A01
200500006954,0,07,000,00,2,1,23,B01
200500006954,1,07,000,00,0,0,09,C01
200500006955,0,10,000,00,2,1,09,A01
200500006955,0,07,000,04,0,4,09,B01
200500006956,0,07,000,00,2,7,15,A01
200500006956,0,05,000,00,2,1,01,B01
200500006957,0,07,000,00,2,1,02,A01
200500006957,0,10,000,00,2,4,01,B01
200500006958,0,07,000,00,2,2,19,A01
200500006958,0,07,000,00,2,1,19,B01
200500006959,0,02,000,00,2,1,01,A01
200500006959,0,07,000,00,2,6,01,B01
200500006960,0,07,000,00,2,3,16,A01
200500006960,0,07,000,00,2,2,01,B01
200500006961,0,02,000,00,1,1,16,A01
200500006962,0,07,000,00,2,2,01,A01
200500006962,0,07,000,00,2,3,01,B01
200500006963,0,07,000,00,2,1,21,A01
200500006963,0,07,000,00,0,4,23,B01
200500006964,0,05,000,00,2,7,01,A01
200500006964,0,07,000,00,2,3,15,B01
200500006965,0,04,000,00,2,2,01,A01
200500006965,0,01,000,00,2,4,01,B01
200500006966,0,07,000,00,2,1,01,A01
200500006966,0,07,000,00,2,1,01,B01
200500006967,1,07,000,00,1,1,17,A01
200500006968,1,07,000,00,2,1,00,A01
200500006968,0,07,000,01,2,6,15,B01
200500006969,0,07,000,12,0,6,15,A01
200500006969,0,07,000,00,2,1,21,B01
200500006970,0,07,000,01,0,1,13,A01
200500006971,0,07,000,00,2,7,15,A01
200500006971,0,05,000,00,2,1,01,B01
200500006972,0,07,000,00,2,1,02,A01
200500006972,0,07,000,00,2,4,02,B01
200500006973,0,07,000,00,2,1,15,A01
200500006973,0,07,000,00,2,3,19,B01
200500006974,0,07,000,00,2,8,11,A01
200500006974,0,04,000,00,2,1,01,B01
200500006975,0,07,000,00,1,1,21,A01
200500006975,0,07,000,00,2,1,21,B01
200500006976,0,02,000,00,0,0,01,A01
200500006977,0,07,000,06,0,1,01,A01
200500006978,0,07,000,00,2,5,15,A01
200500006978,0,02,000,00,2,1,01,B01
200500006979,0,02,000,00,1,2,01,A01
200500006980,0,07,000,06,0,1,01,A01
200500006981,0,02,000,00,1,1,21,A01
200500006982,0,10,000,00,2,8,05,A01
200500006982,0,02,000,00,0,1,01,B01
200500006983,0,07,000,00,1,1,14,A01
200500006984,0,07,000,00,2,1,01,A01
200500006984,0,07,000,00,0,5,01,B01
200500006985,0,02,000,00,2,1,01,A01
200500006985,0,07,000,00,0,1,01,B01
200500006986,0,10,000,00,2,5,10,A01
200500006986,0,07,000,00,2,1,01,B01
200500006987,0,07,000,00,2,3,15,A01
200500006987,0,01,000,00,0,1,01,B01
200500006988,0,02,000,00,2,1,01,A01
200500006988,0,02,000,00,0,4,01,B01
200500006989,0,05,000,00,2,1,17,A01
200500006989,0,07,000,00,2,1,01,B01
200500006989,0,07,000,00,2,3,02,C01
200500006989,0,07,000,00,2,2,02,D01
200500006990,0,02,000,00,2,1,17,A01
200500006990,0,07,000,00,2,2,15,B01
200500006991,0,17,000,03,2,1,19,A01
200500006991,0,07,000,03,2,3,01,B01
200500006992,0,05,000,00,2,1,02,A01
200500006992,0,07,000,00,2,4,02,B01
200500006992,0,07,000,00,2,8,02,C01
200500006993,0,05,000,00,2,1,01,A01
200500006993,0,07,000,00,2,7,15,B01
200500006994,0,07,000,00,2,2,00,A01
200500006994,0,02,000,00,2,8,01,B01
200500006995,0,02,000,00,2,1,09,A01
200500006995,0,02,000,00,2,7,21,B01
200500006996,0,07,000,00,2,2,14,A01
200500006996,0,05,000,00,0,4,23,B01
200500006996,0,05,000,00,0,4,23,C01
200500006997,0,02,000,00,2,2,14,A01
200500006997,0,07,000,00,2,3,14,B01
200500006998,1,07,000,00,9,8,17,A01
200500006998,0,01,000,00,0,0,00,B01
200500006999,0,07,000,00,2,2,15,A01
200500006999,0,05,000,01,2,1,01,B01
200500007000,0,07,000,00,2,1,02,A01
200500007000,0,03,000,00,2,4,23,B01
200500007001,0,07,000,00,2,1,19,A01
200500007001,0,07,000,00,2,7,02,B01
200500007002,0,07,000,00,1,6,04,A01
200500007003,0,07,000,00,2,3,19,A01
200500007003,0,05,000,00,2,7,21,B01
200500007004,0,07,000,00,2,1,15,A01
200500007004,0,02,000,00,2,3,01,B01
200500007005,0,07,000,02,0,2,14,A01
200500007006,0,07,000,00,2,1,01,A01
200500007006,0,07,000,00,2,4,01,B01
200500007007,0,10,000,00,2,8,15,A01
200500007007,0,05,000,00,2,1,01,B01
200500007008,0,07,000,00,2,2,19,A01
200500007008,0,02,000,00,2,1,07,B01
200500007009,0,07,000,05,2,3,07,A01
200500007009,0,07,000,00,2,2,16,B01
200500007010,0,07,000,00,2,8,09,A01
200500007010,0,07,000,00,2,1,01,B01
200500007011,0,02,000,00,2,1,15,A01
200500007011,0,07,000,00,2,3,01,B01
200500007012,0,07,000,00,2,3,15,A01
200500007012,0,05,000,00,2,3,01,B01
200500007013,0,07,000,00,2,2,15,A01
200500007013,0,07,000,00,2,2,01,B01
200500007014,0,07,000,02,0,8,01,A01
200500007015,0,07,000,00,2,8,15,A01
200500007015,0,05,000,00,2,1,01,B01
200500007016,0,02,000,00,2,1,02,A01
200500007017,0,05,000,00,1,1,01,A01
200500007018,0,02,000,00,2,1,01,B01
200500007018,0,07,000,00,2,2,15,A01
200500007019,0,07,000,00,2,6,09,A01
200500007019,0,05,000,00,2,2,02,B01
200500007020,0,07,000,00,2,1,15,A01
200500007020,0,05,000,00,2,1,01,B01
200500007021,0,02,000,00,2,3,13,A01
200500007021,0,18,001,00,2,6,01,B01
200500007022,0,05,000,07,0,1,01,B01
200500007022,0,07,000,00,0,0,15,A01
200500007023,0,02,000,00,2,1,02,A01
200500007023,0,07,000,00,2,6,13,B01
200500007024,0,07,000,00,2,8,10,A01
200500007024,0,05,000,00,2,1,01,B01
200500007025,0,07,000,02,0,8,14,A01
200500007026,1,07,000,01,2,1,05,A01
200500007027,0,18,004,00,1,5,13,A01
200500007028,0,07,000,01,0,1,24,A01
200500007029,0,07,000,00,2,2,21,A01
200500007029,0,07,000,00,2,6,15,B01
200500007030,0,07,000,00,2,1,02,A01
200500007030,0,07,000,00,2,9,23,B01
200500007030,0,07,000,00,2,4,02,C01
200500007031,0,05,000,00,0,9,00,A01
200500007031,1,99,000,00,0,0,00,B01
200500007032,0,07,000,00,1,1,16,A01
200500007033,0,07,000,00,2,1,02,A01
200500007033,0,07,000,00,2,9,02,B01
200500007033,0,07,000,00,0,4,02,C01
200500007034,0,07,000,00,0,0,00,A01
200500007034,0,07,000,00,0,0,00,B01
200500007035,0,07,000,15,0,2,14,A01
200500007036,0,10,000,00,1,3,01,A01