Num_Acc,senc,catv,occutc,obs,obsm,choc,manv,num_veh
200500008139,0,07,000,00,1,7,01,A01
200500008140,1,07,000,00,1,5,15,A01
200500008141,0,02,000,00,2,1,01,A01
200500008141,0,07,000,00,2,4,01,B01
200500008142,2,07,000,00,2,8,10,A01
200500008142,0,02,000,00,2,1,01,B01
200500008143,0,07,000,00,1,1,01,A01
200500008144,0,07,000,00,1,1,01,A01
200500008145,0,05,000,00,2,1,01,B01
200500008145,0,07,000,00,2,3,15,A01
200500008146,0,05,000,00,1,1,17,A01
200500008147,0,07,000,00,2,1,01,A01
200500008147,0,07,000,00,0,4,01,B01
200500008148,0,02,000,00,1,3,13,A01
200500008149,0,05,000,14,0,3,01,A01
200500008150,0,20,000,00,2,8,19,A01
200500008150,0,07,000,00,2,1,15,B01
200500008151,0,07,000,00,2,1,01,A01
200500008151,0,07,000,00,2,4,01,B01
200500008151,0,07,000,00,2,4,01,C01
200500008152,0,07,000,00,2,1,01,A01
200500008152,0,07,000,00,2,1,01,B01
200500008153,0,07,000,00,1,3,01,A01
200500008154,0,07,000,00,2,1,01,A01
200500008154,0,07,000,00,2,7,01,B01
200500008155,0,07,000,00,1,1,01,A01
200500008156,0,07,000,00,1,1,15,A01
200500008157,0,07,000,00,2,1,01,A01
200500008157,0,07,000,00,2,4,01,B01
200500008158,0,07,000,00,2,1,01,A01
200500008158,0,07,000,00,2,1,01,B01
200500008159,0,07,000,00,2,3,09,A01
200500008159,0,07,000,00,2,2,01,B01
200500008160,1,04,000,00,0,0,19,A01
200500008160,0,07,000,00,0,1,01,B01
200500008161,0,07,000,14,0,1,01,A01
200500008161,0,07,000,14,2,4,23,B01
200500008161,0,07,000,00,2,4,23,C01
200500008162,0,07,000,00,1,3,01,A01
200500008163,0,07,000,03,0,1,01,A01
200500008164,0,05,000,00,2,1,01,B01
200500008164,0,07,000,00,0,3,19,A01
200500008165,0,07,000,08,0,1,01,A01
200500008166,0,07,000,00,2,2,01,B01
200500008166,0,07,000,00,2,3,01,C01
200500008166,0,07,000,00,2,2,01,A01
200500008167,0,07,000,00,1,0,01,A01
200500008168,0,07,000,00,1,3,01,A01
200500008169,0,07,000,00,2,8,01,B01
200500008169,0,07,000,00,2,1,01,A01
200500008170,0,07,000,00,1,1,15,A01
200500008171,0,07,000,00,1,6,04,A01
200500008172,0,07,000,00,2,7,15,A01
200500008172,0,10,000,00,2,0,01,B01
200500008173,0,07,000,00,2,2,01,A01
200500008173,0,07,000,00,2,3,01,B01
200500008174,0,04,000,00,2,1,01,A01
200500008174,0,07,000,00,2,2,09,B01
200500008175,0,07,000,00,1,1,01,A01
200500008176,0,07,000,00,2,3,10,A01
200500008176,0,05,000,00,2,7,21,B01
200500008177,0,07,000,02,0,1,14,A01
200500008178,0,07,000,00,2,1,09,A01
200500008178,0,07,000,00,2,4,09,B01
200500008179,0,07,000,00,2,1,08,B01
200500008179,0,07,000,00,2,8,09,A01
200500008180,0,07,000,15,0,2,14,A01
200500008181,0,02,000,00,2,1,09,A01
200500008181,0,07,000,00,2,1,09,B01
200500008182,0,02,000,00,2,1,21,B01
200500008182,0,07,000,00,2,3,09,A01
200500008183,1,07,000,00,2,1,01,A01
200500008183,0,02,000,01,0,4,01,B01
200500008184,0,07,000,13,0,1,01,A01
200500008185,0,07,000,00,2,2,15,A01
200500008185,0,05,000,00,2,1,01,B01
200500008186,0,02,000,00,2,1,01,A01
200500008186,0,07,000,00,0,8,15,B01
200500008187,0,02,000,00,0,1,01,A01
200500008188,0,07,000,00,2,2,15,A01
200500008188,0,07,000,00,2,1,01,B01
200500008189,0,02,000,00,0,2,01,A01
200500008190,0,07,000,00,1,1,01,A01
200500008191,0,07,000,00,0,2,15,A01
200500008191,0,02,000,00,2,1,01,B01
200500008192,0,07,000,00,2,1,01,A01
200500008192,0,07,000,00,0,2,15,B01
200500008193,0,07,000,15,0,1,02,A01
200500008194,0,07,000,00,2,1,02,A01
200500008194,0,07,000,00,2,1,01,B01
200500008195,0,07,000,00,1,1,01,A01
200500008196,0,07,000,00,2,3,15,A01
200500008196,0,05,000,00,2,1,01,B01
200500008197,0,07,000,00,2,2,15,A01
200500008197,0,01,000,00,2,1,01,B01
200500008198,0,07,000,00,0,3,10,A01
200500008198,0,05,000,00,2,1,01,B01
200500008199,0,07,000,02,0,1,01,A01
200500008200,0,07,000,00,1,1,01,A01
200500008201,0,07,000,00,2,2,01,A01
200500008202,0,07,000,00,2,2,13,A01
200500008202,0,07,000,00,2,1,01,B01
200500008203,0,05,000,00,2,3,09,B01
200500008203,0,07,000,00,2,1,21,A01
200500008204,0,07,000,00,2,5,17,A01
200500008204,0,07,000,00,2,3,15,B01
200500008205,0,02,000,00,2,4,00,A01
200500008206,0,07,000,00,2,5,15,A01
200500008206,0,07,000,00,2,2,01,B01
200500008207,0,07,000,14,0,1,02,A01
200500008207,0,07,000,14,0,4,23,B01
200500008207,0,07,000,00,0,4,23,C01
200500008208,0,02,000,14,2,1,01,A01
200500008208,0,07,000,00,2,6,23,B01
200500008209,0,07,000,00,1,4,04,A01
200500008210,0,02,000,00,0,7,01,A01
200500008211,0,07,000,00,1,4,04,A01
200500008212,0,07,000,00,1,2,01,A01
200500008213,0,07,000,00,2,1,01,B01
200500008213,0,07,000,00,2,3,01,A01
200500008214,0,07,000,00,1,1,01,A01
200500008215,0,07,000,00,2,1,01,A01
200500008215,0,07,000,00,2,4,24,B01
200500008216,0,07,000,00,1,2,01,A01
200500008217,0,07,000,02,0,1,01,A01
200500008218,0,07,000,00,2,1,01,A01
200500008218,0,07,000,00,2,1,01,B01
200500008219,0,07,000,00,2,7,15,A01
200500008219,0,07,000,00,2,1,01,B01
200500008220,0,07,000,00,1,1,15,A01
200500008221,0,07,000,00,9,2,15,A01
200500008221,0,02,000,00,2,1,01,B01
200500008222,0,07,000,00,9,6,16,A01
200500008222,0,02,000,00,2,1,01,B01
200500008223,0,07,000,00,2,8,01,B01
200500008223,0,07,000,00,2,1,01,A01
200500008224,0,07,000,00,2,2,01,B01
200500008224,0,07,000,00,2,1,01,A01
200500008225,0,07,000,00,1,1,01,A01
200500008226,0,07,000,00,2,3,15,A01
200500008226,0,99,000,00,2,3,01,B01
200500008227,0,07,000,00,2,2,15,A01
200500008227,0,07,000,00,2,1,01,B01
200500008228,0,07,000,00,1,1,01,A01
200500008229,0,14,000,00,2,2,01,A01
200500008229,0,07,000,00,2,1,01,B01
200500008229,0,07,000,00,2,6,01,C01
200500008230,0,07,000,00,1,3,01,A01
200500008231,0,07,000,00,2,8,10,A01
200500008231,0,02,000,00,2,1,01,B01
200500008232,0,07,000,00,2,7,15,A01
200500008232,0,07,000,00,2,1,01,B01
200500008233,0,07,000,14,0,1,02,A01
200500008233,0,07,000,14,0,1,02,B01
200500008233,0,07,000,00,2,4,02,C01
200500008234,0,07,000,14,0,1,01,A01
200500008234,0,07,000,00,2,4,01,B01
200500008235,0,07,000,00,2,1,13,A01
200500008235,0,07,000,00,2,1,01,B01
200500008236,0,07,000,00,2,1,15,A01
200500008236,0,02,000,00,2,1,01,B01
200500008237,0,02,000,00,2,1,09,B01
200500008237,0,10,000,00,2,7,09,A01
200500008238,0,07,000,06,0,7,01,A01
200500008239,0,07,000,08,0,7,01,A01
200500008240,0,07,000,00,2,4,01,A01
200500008240,0,10,000,00,2,4,01,B01
200500008241,0,07,000,14,2,1,01,A01
200500008241,0,07,000,00,2,5,01,B01
200500008241,0,07,000,00,2,8,01,C01
200500008242,0,10,000,14,2,4,01,A01
200500008242,0,07,000,14,2,4,23,B01
200500008242,0,07,000,00,0,4,23,C01
200500008243,0,07,000,00,2,3,15,A01
200500008243,0,07,000,00,2,1,01,B01
200500008244,0,07,000,02,0,1,01,A01
200500008245,0,07,000,00,1,1,01,A01
200500008246,0,01,000,00,0,0,02,A01
200500008247,0,02,000,00,0,8,15,A01
200500008248,0,07,000,00,2,1,15,A01
200500008248,0,02,000,08,2,1,21,B01
200500008249,0,01,000,00,2,1,05,A01
200500008249,0,07,000,00,2,1,01,B01
200500008250,0,07,000,00,1,0,01,A01
200500008251,0,07,000,00,2,3,05,A01
200500008251,0,05,000,00,2,2,01,B01
200500008252,0,07,000,00,2,2,02,A01
200500008252,0,07,000,00,0,6,02,B01
200500008253,0,02,000,00,1,1,05,A01
200500008254,0,07,000,00,2,2,01,A01
200500008254,0,01,000,00,2,1,01,B01
200500008255,0,07,000,00,1,1,09,A01
200500008256,0,07,000,08,0,1,13,A01
200500008257,0,07,000,00,1,1,09,A01
200500008258,0,07,000,00,2,2,02,A01
200500008258,0,07,000,00,2,1,15,B01
200500008259,0,07,000,00,2,1,17,A01
200500008259,0,07,000,00,2,1,01,B01
200500008260,0,07,000,00,2,1,13,A01
200500008260,0,07,000,00,0,1,01,B01
200500008261,0,07,000,00,2,1,13,A01
200500008261,0,07,000,00,2,1,21,B01
200500008262,0,07,000,02,0,9,01,A01
200500008263,0,02,000,06,2,7,01,B01
200500008263,0,07,000,00,2,1,01,A01
200500008264,0,07,000,00,2,1,02,A01
200500008264,0,07,000,00,2,4,02,B01
200500008265,0,07,000,00,2,1,15,A01
200500008265,0,05,000,00,2,1,01,B01
200500008266,0,07,000,00,1,1,01,A01
200500008267,0,01,000,00,2,1,19,A01
200500008267,0,07,000,00,2,2,16,B01
200500008268,0,07,000,03,2,1,02,A01
200500008268,0,07,000,03,2,4,01,B01
200500008269,0,07,000,00,1,1,01,A01
200500008270,0,07,000,00,2,4,16,A01
200500008270,0,07,000,00,2,1,01,B01
200500008271,0,07,000,00,1,4,04,A01
200500008272,0,07,000,00,1,3,15,A01
200500008273,0,07,000,00,2,1,15,A01
200500008273,0,02,000,00,2,1,01,B01
200500008274,0,05,000,02,2,1,01,A01
200500008274,0,07,000,00,2,3,16,B01
200500008275,1,07,000,00,2,1,01,A01
200500008275,0,07,000,15,2,4,01,B01
200500008276,0,07,000,00,2,1,01,A01
200500008276,0,07,000,00,2,1,23,B01
200500008276,0,07,000,00,2,8,23,C01
200500008276,0,07,000,00,2,3,23,D01
200500008277,0,07,000,00,2,1,15,A01
200500008277,0,07,000,00,2,1,01,B01
200500008278,0,07,000,00,2,1,01,A01
200500008278,0,07,000,00,2,6,23,B01
200500008279,0,07,000,00,2,1,01,A01
200500008279,0,07,000,00,2,1,01,C01
200500008279,0,07,000,00,2,1,01,B01
200500008280,0,07,000,00,1,6,01,A01
200500008281,0,07,000,00,2,1,01,B01
200500008281,0,07,000,00,2,1,16,A01
200500008282,0,07,000,00,2,1,15,A01
200500008282,0,02,000,00,0,1,19,B01
200500008283,0,07,000,00,1,1,02,A01
200500008284,0,07,000,00,1,3,01,A01
200500008285,0,07,000,01,2,1,17,A01
200500008285,0,07,000,00,2,8,15,B01
200500008286,0,04,000,00,2,1,01,A01
200500008286,0,10,000,00,2,3,10,B01
200500008287,0,10,000,00,1,1,01,B01
200500008288,0,02,000,00,2,1,02,A01
200500008288,0,07,000,00,2,1,15,B01
200500008289,0,07,000,00,1,3,02,A01
200500008290,0,07,000,10,0,9,02,A01
200500008291,0,18,000,00,1,1,01,A01
200500008292,0,05,000,00,0,8,01,B01
200500008292,1,07,000,00,0,0,17,A01
200500008293,0,02,000,00,2,1,18,A01
200500008293,0,07,000,00,2,8,16,B01
200500008294,0,07,000,00,1,1,23,A01
200500008295,0,05,000,00,2,8,01,B01
200500008295,0,07,000,00,2,1,10,A01
200500008296,0,07,000,00,2,1,01,B01
200500008296,0,07,000,00,2,1,15,A01
200500008297,0,07,000,00,1,1,15,B01
200500008298,0,07,000,00,2,1,15,A01
200500008298,0,07,000,00,2,2,01,B01
200500008299,0,07,000,00,1,1,01,B01
200500008300,0,02,000,00,2,1,02,A01
200500008300,0,07,000,00,2,2,01,B01
200500008301,0,02,000,00,2,1,09,A01
200500008301,0,07,000,00,2,0,16,B01
200500008302,0,07,000,00,2,1,01,A01
200500008302,0,07,000,00,2,3,01,B01
200500008303,0,07,000,00,2,1,01,B01
200500008303,0,07,000,00,2,1,15,A01
200500008304,0,05,000,00,2,2,11,A01
200500008304,0,07,000,00,2,3,15,B01
200500008305,0,07,000,01,2,3,15,A01
200500008305,0,07,000,00,2,1,01,B01
200500008305,0,07,000,00,2,1,01,C01
200500008306,0,07,000,00,1,1,15,A01
200500008307,1,07,000,00,2,1,17,A01
200500008307,0,01,000,00,2,8,02,B01
200500008308,0,02,000,00,2,2,01,A01
200500008308,0,07,000,00,2,1,16,B01
200500008309,1,07,000,00,1,1,00,A01
200500008310,0,05,000,00,2,1,01,A01
200500008310,0,07,000,00,2,3,01,B01
200500008311,2,07,000,00,9,1,01,A01
200500008311,0,01,000,00,2,1,01,B01
200500008312,0,07,000,00,2,3,15,A01
200500008312,0,02,000,00,2,1,17,B01
200500008313,0,07,000,00,1,1,01,B01
200500008314,0,07,000,00,2,3,01,A01
200500008314,0,07,000,00,2,1,01,B01
200500008315,0,07,000,00,2,2,15,A01
200500008315,0,02,000,00,2,1,01,B01
200500008316,0,01,000,00,2,1,19,A01
200500008316,0,07,000,00,9,3,01,B01
200500008317,0,07,000,15,0,1,01,A01
200500008318,0,07,000,08,0,1,02,A01
200500008319,0,05,000,00,2,1,01,A01
200500008319,0,07,000,00,2,2,16,B01
200500008320,0,07,000,00,2,1,01,A01
200500008320,0,01,000,00,2,4,01,B01
200500008321,0,07,000,00,2,1,01,B01
200500008321,0,07,000,00,2,1,15,A01
200500008322,0,17,000,00,2,2,15,A01
200500008322,0,02,000,00,2,1,01,B01
200500008323,0,07,000,00,1,1,01,A01
200500008324,1,99,000,00,1,0,00,A01
200500008325,0,02,000,00,2,1,01,A01
200500008325,0,07,000,00,9,6,15,B01
200500008326,0,02,000,00,2,1,01,A01
200500008326,0,07,000,00,2,3,15,B01
200500008327,0,07,000,00,9,8,15,A01
200500008327,0,02,000,00,2,1,01,B01
200500008328,0,07,000,00,1,1,02,A01
200500008329,0,07,000,00,2,1,02,A01
200500008329,0,07,000,00,2,1,15,B01
200500008330,0,02,000,00,2,0,15,B01
200500008331,0,07,000,00,9,0,15,A01
200500008331,0,02,000,00,2,0,02,B01
200500008332,0,07,000,00,1,0,02,A01
200500008333,0,07,000,00,1,0,15,A01
200500008334,1,07,000,00,9,0,15,A01
200500008334,0,01,000,00,2,0,02,B01
200500008335,0,07,000,00,2,3,02,A01
200500008335,0,07,000,00,2,1,02,B01
200500008336,1,99,000,00,0,0,00,A01
200500008336,0,07,000,00,2,0,02,B01
200500008337,0,07,000,15,0,1,15,A01
200500008338,0,07,000,00,2,1,02,A01
200500008338,0,07,000,00,2,8,15,B01
200500008339,0,07,000,00,2,1,02,A01
200500008339,0,07,000,00,2,4,02,B01
200500008339,0,07,000,00,2,0,02,C01
200500008340,0,07,000,00,9,3,02,A01
200500008340,0,02,000,00,2,1,02,B01
200500008341,0,07,000,00,2,1,02,B01
200500008341,0,07,000,00,2,1,02,A01
200500008342,0,07,000,00,1,0,16,A01
200500008343,0,07,000,00,1,0,02,A01
200500008344,0,07,000,00,1,1,15,A01
200500008345,2,07,000,00,2,0,02,A01
200500008345,0,07,000,00,2,0,16,B01
200500008346,0,07,000,00,1,3,02,A01
200500008347,0,07,000,00,2,3,17,A01
200500008347,0,02,000,00,2,1,15,B01
200500008348,0,07,000,00,1,1,01,A01
200500008349,0,07,000,00,2,5,01,A01
200500008349,0,04,000,00,2,1,16,B01
200500008350,0,07,000,00,2,3,15,A01
200500008350,0,02,000,00,2,0,21,B01
200500008351,0,02,000,08,0,1,21,A01
200500008352,0,07,000,00,2,6,13,A01
200500008352,0,02,000,00,2,1,21,B01
200500008353,0,07,000,00,2,1,21,A01
200500008353,0,02,000,00,2,1,01,B01
200500008354,0,15,000,00,2,1,19,B01
200500008354,0,07,000,12,0,8,19,A01
200500008355,0,07,000,00,2,1,15,A01
200500008355,0,07,000,15,2,1,21,B01
200500008356,0,18,000,01,0,5,23,A01
200500008356,0,01,000,00,2,1,21,B01
200500008357,0,07,000,06,0,2,14,O01
200500008358,0,07,000,00,0,2,01,A01
200500008359,0,07,000,00,2,1,09,A01
200500008359,0,07,000,00,2,1,01,B01
200500008359,0,07,000,00,2,1,01,C01
200500008360,0,07,000,00,1,2,01,A01
200500008361,0,07,000,00,1,2,01,A01
200500008362,0,04,000,00,2,7,01,B01
200500008362,1,99,000,00,2,1,15,A01
200500008363,0,07,000,08,0,1,21,A01
200500008363,1,07,000,00,0,0,00,B01
200500008364,0,07,000,00,2,1,01,A01
200500008364,0,07,000,00,2,4,23,B01
200500008365,0,07,000,00,2,1,01,B01
200500008365,0,07,000,00,2,3,09,A01
200500008366,0,07,000,00,1,2,01,A01
200500008367,0,01,000,00,2,7,01,B01
200500008367,0,17,000,00,2,1,16,A01
200500008368,0,07,000,00,2,3,00,A01
200500008368,0,02,000,00,2,7,00,B01
200500008369,0,07,000,00,2,3,02,B01
200500008369,0,07,000,06,2,1,09,A01
200500008370,0,02,000,00,2,1,01,A01
200500008370,0,07,000,00,2,5,01,B01
200500008371,0,07,000,00,2,2,19,A01
200500008371,0,07,000,00,2,1,05,B01
200500008372,0,07,000,00,1,3,21,A01
200500008373,0,07,000,00,1,2,02,A01
200500008374,0,07,000,07,0,1,02,A01
200500008375,0,07,000,00,2,2,06,A01
200500008375,0,07,000,11,2,8,09,B01
200500008376,0,07,000,00,2,8,20,A01
200500008376,0,07,000,00,2,2,02,B01
200500008377,0,02,000,00,2,1,01,B01
200500008377,0,07,000,00,2,1,15,A01
200500008378,0,07,000,00,1,1,16,A01
200500008379,1,07,000,00,2,2,15,A01
200500008379,0,07,000,00,2,1,01,B01
200500008380,0,99,000,00,9,2,01,A01
200500008380,0,02,000,00,0,4,07,B01
200500008381,0,07,000,00,1,1,14,A01
200500008382,0,07,000,00,2,1,15,A01
200500008382,0,02,000,00,2,1,01,B01
200500008383,0,02,000,00,2,7,02,A01
200500008383,0,07,000,00,2,3,20,B01
200500008384,0,07,000,06,0,1,14,A01
200500008385,0,07,000,00,9,1,16,A01
200500008385,0,01,000,00,0,0,02,B01
200500008386,0,07,000,13,0,1,17,A01
200500008387,0,07,000,02,0,1,13,A01
200500008388,0,18,040,00,2,2,17,A01
200500008388,0,01,000,00,2,1,13,B01
200500008389,0,07,000,00,2,3,09,B01
200500008389,0,02,000,00,2,1,09,A01
200500008390,0,07,000,00,2,8,15,A01
200500008390,0,07,000,00,2,2,02,B01
200500008391,0,07,000,00,0,2,02,A01
200500008391,0,01,000,00,2,4,02,B01
200500008392,0,07,000,00,2,3,10,A01
200500008392,0,05,000,00,2,1,21,B01
200500008393,0,07,000,00,1,1,21,A01
200500008394,0,02,000,00,1,1,00,A01
200500008395,0,07,000,00,2,3,15,A01
200500008395,0,02,000,00,2,1,01,B01
200500008396,0,07,000,00,2,1,13,A01
200500008396,0,07,000,00,2,1,01,B01
200500008397,0,07,000,00,2,3,20,A01
200500008397,0,04,000,00,2,3,01,B01
200500008397,0,04,000,00,2,6,01,C01
200500008398,0,07,000,00,2,5,15,A01
200500008398,0,02,000,00,2,1,01,B01
200500008399,0,07,000,00,2,1,01,A01
200500008399,0,07,000,00,2,7,15,B01
200500008400,0,07,000,00,2,7,01,A01
200500008400,0,07,000,00,2,1,01,B01
200500008401,0,07,000,08,0,1,01,A01
200500008402,0,07,000,00,1,2,16,A01
200500008403,0,07,000,00,2,2,15,A01
200500008403,0,04,000,00,2,1,01,B01
200500008404,0,07,000,00,2,7,15,A01
200500008404,0,02,000,00,2,1,01,B01
200500008405,0,18,000,09,0,5,09,A01
200500008406,0,07,000,00,2,3,13,A01
200500008406,0,07,000,00,2,3,01,B01
200500008407,0,07,000,00,2,9,05,A01
200500008407,0,07,000,00,2,3,01,B01
200500008408,0,07,000,00,2,2,15,A01
200500008408,0,05,000,06,2,1,01,B01
200500008409,0,07,000,00,2,1,02,A01
200500008409,0,07,000,00,1,4,23,B01
200500008410,0,07,000,00,2,1,15,A01
200500008410,0,07,000,00,2,8,15,B01
200500008411,0,07,000,00,2,3,20,A01
200500008411,0,02,000,00,2,1,01,B01
200500008412,0,07,000,00,2,4,20,A01
200500008412,0,02,000,00,2,1,21,B01
200500008413,0,07,000,00,2,1,13,A01
200500008413,0,07,000,00,2,6,01,B01
200500008413,0,07,000,00,2,1,01,C01
200500008414,0,17,000,15,0,2,10,A01
200500008415,0,07,000,00,1,3,01,A01
200500008416,0,07,000,00,1,3,01,A01
200500008417,0,07,000,00,2,2,15,A01
200500008417,0,02,000,00,0,8,01,B01
200500008418,0,07,000,09,0,0,14,A01
200500008419,0,07,000,00,2,8,01,A01
200500008419,0,02,000,00,2,2,01,B01
200500008420,0,07,000,00,2,1,15,A01
200500008420,0,07,000,00,2,3,01,B01
200500008421,0,07,000,02,0,1,13,A01
200500008422,0,07,000,08,0,8,14,A01
200500008423,0,07,000,08,0,3,01,A01
200500008424,0,05,000,00,2,1,01,A01
200500008424,0,05,000,00,0,8,01,B01
200500008425,0,07,000,00,2,1,19,A01
200500008425,0,07,000,00,2,3,19,B01
200500008426,0,14,000,00,2,2,15,A01
200500008426,0,07,000,00,2,3,01,B01
200500008427,0,07,000,00,2,1,15,A01
200500008427,0,07,000,00,2,8,01,B01
200500008428,0,07,000,00,2,7,15,A01
200500008428,0,07,000,00,2,1,01,B01
200500008429,0,07,000,00,2,1,01,A01
200500008429,0,07,000,00,2,4,01,B01
200500008430,0,07,000,00,1,0,01,A01
200500008431,0,07,000,00,2,3,01,A01
200500008431,0,07,000,00,2,6,01,B01
200500008432,0,07,000,00,1,1,16,A01
200500008433,0,07,000,00,2,8,24,A01
200500008433,0,01,000,00,2,2,01,B01
200500008433,0,07,000,00,2,7,23,C01
200500008434,0,07,000,00,2,7,01,A01
200500008434,0,07,000,00,2,1,01,B01
200500008435,0,07,000,13,0,2,01,A01
200500008436,0,07,000,00,2,1,01,A01
200500008436,0,07,000,00,2,5,01,B01
200500008437,0,07,000,00,2,7,01,A01
200500008437,0,07,000,00,2,1,01,B01
200500008438,0,02,000,00,0,1,14,A01
200500008439,0,07,000,01,2,2,01,A01
200500008439,0,07,000,08,2,1,01,B01
200500008440,0,07,000,00,4,5,15,A01
200500008440,0,07,000,00,2,1,07,B01
200500008441,0,01,000,00,2,1,01,A01
200500008441,0,07,000,00,2,3,01,B01
200500008442,0,07,000,00,2,1,01,A01
200500008442,0,07,000,00,2,1,01,B01
200500008442,0,07,000,00,2,4,23,C01
200500008443,0,07,000,00,2,1,01,A01
200500008443,0,07,000,00,2,1,01,B01
200500008444,0,07,000,01,0,2,01,A01
200500008444,0,07,000,00,1,1,01,D01
200500008445,0,07,000,00,2,1,01,A01
200500008445,0,07,000,00,2,1,01,B01
200500008446,0,07,000,00,2,3,15,A01
200500008446,0,07,000,00,2,7,17,B01
200500008447,0,10,000,00,2,1,13,A01
200500008447,0,07,000,00,2,1,01,B01
200500008448,0,07,000,00,1,1,01,A01
200500008449,0,07,000,08,0,1,01,A01
200500008450,1,07,000,00,2,3,15,A01
200500008450,0,02,000,00,2,3,01,B01
200500008451,0,07,000,08,0,1,14,A01
200500008451,0,07,000,00,0,0,01,B01
200500008452,0,02,000,00,0,0,01,A01
200500008453,0,07,000,00,2,7,15,A01
200500008453,0,07,000,00,2,1,01,B01
200500008454,0,07,000,00,1,1,15,A01
200500008455,0,07,000,02,0,1,01,A01
200500008456,0,07,000,00,2,2,15,A01
200500008456,0,07,000,00,2,1,01,B01
200500008457,0,07,000,06,0,1,01,A01
200500008458,0,07,000,00,2,1,15,A01
200500008458,0,01,000,00,2,8,01,B01
200500008459,0,07,000,08,2,2,01,A01
200500008459,0,07,000,00,2,1,07,B01
200500008460,0,07,000,00,0,9,01,A01
200500008461,0,02,000,00,0,0,01,A01
200500008462,0,07,000,00,2,1,13,A01
200500008462,0,07,000,00,2,8,01,B01
200500008463,0,07,000,00,2,1,13,A01
200500008463,0,07,000,00,2,1,01,B01
200500008464,0,02,000,00,2,1,01,B01
200500008464,0,07,000,00,2,8,19,A01
200500008465,0,02,000,00,2,7,01,B01
200500008465,0,05,000,00,2,7,01,A01
200500008466,0,02,000,00,2,1,17,B01
200500008466,0,07,000,00,2,8,15,A01
200500008467,0,02,000,00,2,1,01,A01
200500008467,0,07,000,00,2,8,15,B01
200500008468,0,05,000,01,2,1,21,A01
200500008468,0,07,000,00,2,0,20,B01
200500008468,0,07,000,00,2,6,15,C01
200500008469,0,02,000,00,1,1,01,A01
200500008470,0,02,000,00,2,1,13,A01
200500008470,0,02,000,00,2,1,01,B01
200500008471,0,07,000,00,2,1,02,A01
200500008471,0,07,000,00,2,4,23,B01
200500008471,0,07,000,00,2,4,23,C01
200500008471,0,07,000,00,2,4,23,D01
200500008472,0,07,000,00,2,8,02,A01
200500008472,0,02,000,00,2,7,01,B01
200500008473,0,02,000,00,2,1,01,A01
200500008473,0,07,000,00,2,7,16,B01
200500008473,0,07,000,00,2,8,23,C01
200500008474,0,07,000,00,2,3,09,A01
200500008474,0,02,000,00,2,1,01,B01
200500008475,0,02,000,00,2,1,15,A01
200500008475,0,07,000,00,2,1,16,B01
200500008476,0,07,000,00,2,1,01,B01
200500008476,0,05,000,00,2,1,19,A01
200500008477,0,07,000,00,2,2,01,A01
200500008477,0,02,000,00,2,1,01,B01
200500008478,0,07,000,00,2,2,01,A01
200500008478,0,07,000,00,2,2,15,B01
200500008479,0,02,000,00,2,1,01,A01
200500008479,0,07,000,00,2,4,23,B01
200500008480,0,07,000,00,9,7,16,A01
200500008480,0,01,000,00,2,0,01,B01
200500008481,0,07,000,00,2,1,02,A01
200500008481,0,07,000,00,2,4,23,B01
200500008482,0,02,000,00,2,1,01,A01
200500008482,0,07,000,00,2,4,23,B01
200500008483,0,07,000,00,2,1,02,A01
200500008483,0,07,000,00,2,4,23,B01
200500008483,0,07,000,00,2,4,23,C01
200500008484,0,05,000,00,2,1,21,B01
200500008484,0,07,000,00,2,3,15,A01
200500008485,0,07,000,00,1,1,21,A01
200500008486,0,02,000,00,2,5,17,A01
200500008486,0,07,000,00,2,3,15,B01
200500008487,0,07,000,00,2,1,15,A01
200500008487,0,07,000,00,2,3,21,B01
200500008488,0,02,000,00,2,7,16,B01
200500008488,0,07,000,00,2,1,09,A01
200500008489,0,07,000,00,1,1,15,A01
200500008490,0,07,000,00,2,7,13,A01
200500008490,0,07,000,00,2,8,21,B01
200500008491,0,07,000,00,2,3,21,B01
200500008491,0,07,000,00,2,7,19,A01
200500008492,0,02,000,00,2,1,17,A01
200500008492,0,07,000,00,2,8,15,B01
200500008493,0,07,000,00,1,1,15,A01
200500008494,0,02,000,00,0,7,15,A01
200500008495,0,07,000,00,2,8,22,A01
200500008495,0,01,000,00,2,7,01,B01
200500008496,0,07,000,00,2,1,01,A01
200500008496,0,07,000,00,2,1,01,B01
200500008497,0,07,000,00,1,2,01,A01
200500008498,0,02,000,00,2,1,01,B01
200500008498,0,07,000,00,2,1,01,A01
200500008499,0,02,000,00,2,2,01,A01
200500008499,0,07,000,00,2,8,15,B01
200500008500,0,07,000,00,2,1,01,A01
200500008500,0,07,000,00,2,4,01,B01
200500008500,0,07,000,00,2,4,01,C01
200500008500,0,07,000,00,2,4,01,D01
200500008500,0,07,000,00,2,4,01,E01
200500008501,0,07,000,00,2,3,15,A01
200500008501,0,05,000,00,2,7,00,B01
200500008502,0,05,000,07,2,8,01,A01
200500008502,0,07,000,00,2,3,01,B01
200500008502,0,07,000,07,0,8,01,C01
200500008503,0,07,000,00,2,1,13,A01
200500008503,0,07,000,00,2,4,01,B01
200500008503,0,07,000,00,2,2,01,C01
200500008503,0,07,000,00,2,3,01,D01
200500008504,0,07,000,00,2,1,15,A01
200500008504,0,02,000,00,2,3,01,B01
200500008505,0,02,000,00,2,1,01,A01
200500008505,1,07,000,00,2,3,01,B01