Num_Acc,senc,catv,occutc,obs,obsm,choc,manv,num_veh
200500009626,0,04,000,00,2,1,16,A01
200500009626,0,07,000,00,2,3,15,B01
200500009627,0,05,000,00,1,1,01,A01
200500009628,0,07,000,00,1,2,01,A01
200500009629,0,07,000,00,1,2,02,A01
200500009630,0,05,000,00,2,1,02,B01
200500009630,0,07,000,00,2,2,15,A01
200500009631,0,07,000,01,0,9,02,A01
200500009632,0,07,000,00,2,8,15,A01
200500009632,0,04,000,00,2,1,17,B01
200500009633,0,07,000,00,1,1,02,A01
200500009634,0,07,000,00,9,3,09,A01
200500009634,0,01,000,00,2,1,17,B01
200500009635,0,02,000,00,2,1,02,A01
200500009635,0,07,000,00,2,8,09,B01
200500009636,0,02,000,00,0,7,11,A01
200500009636,0,13,000,00,0,3,02,B01
200500009637,0,05,000,00,2,1,02,A01
200500009637,0,07,000,00,2,4,02,B01
200500009638,0,07,000,00,2,5,01,A01
200500009638,0,05,000,00,2,0,01,B01
200500009639,0,07,000,00,2,4,00,A01
200500009639,0,07,000,00,2,4,00,B01
200500009639,0,07,000,00,2,4,01,C01
200500009640,0,07,000,00,1,1,01,A01
200500009641,0,07,000,00,1,1,01,A01
200500009642,0,07,000,08,2,6,09,A01
200500009642,0,07,000,00,2,3,01,B01
200500009643,0,07,000,00,2,3,15,A01
200500009643,0,02,000,00,2,1,01,B01
200500009644,0,10,000,00,0,0,15,A01
200500009644,0,05,000,00,0,0,00,B01
200500009644,0,07,000,00,2,3,01,C01
200500009644,0,10,000,00,9,1,01,D01
200500009645,0,07,000,14,2,3,06,A01
200500009645,0,07,000,00,2,8,01,B01
200500009645,0,07,000,00,2,2,01,C01
200500009646,1,07,000,00,2,2,01,A01
200500009646,0,01,000,00,2,4,01,B01
200500009647,0,07,000,00,1,2,17,A01
200500009648,0,05,000,00,2,1,01,A01
200500009648,0,10,000,00,2,8,01,B01
200500009649,0,07,000,00,0,0,09,A01
200500009649,0,10,000,00,2,1,21,B01
200500009649,0,02,000,00,2,3,01,C01
200500009650,0,07,000,00,1,2,16,A01
200500009651,0,02,000,00,2,1,02,A01
200500009651,0,07,000,00,2,6,01,B01
200500009652,0,10,000,00,2,2,02,A01
200500009652,0,07,000,00,2,3,15,B01
200500009653,1,07,000,00,2,1,16,A01
200500009653,0,02,000,00,2,1,05,B01
200500009654,0,18,030,00,2,1,02,A01
200500009654,0,07,000,00,2,7,15,B01
200500009655,0,14,000,00,0,0,01,A01
200500009655,0,07,000,00,2,0,15,B01
200500009656,0,05,000,00,2,0,02,A01
200500009656,0,07,000,00,2,0,02,B01
200500009656,0,07,000,00,2,0,02,C01
200500009657,0,05,000,00,2,1,02,A01
200500009657,0,10,000,00,0,6,15,B01
200500009658,0,07,000,00,1,0,01,A01
200500009659,0,10,000,00,2,4,04,A01
200500009659,0,10,000,00,2,1,02,B01
200500009660,0,10,000,00,1,4,04,A01
200500009661,0,10,000,00,9,8,00,B01
200500009661,0,05,000,00,2,1,00,A01
200500009662,1,07,000,00,2,1,01,A01
200500009662,0,02,000,00,2,4,01,B01
200500009663,0,07,000,00,2,2,15,A01
200500009663,0,04,000,00,2,1,01,B01
200500009664,0,04,000,00,2,1,01,A01
200500009664,0,07,000,00,2,3,01,B01
200500009665,0,07,000,00,1,2,16,A01
200500009666,0,14,000,00,2,1,01,A01
200500009666,0,07,000,15,2,9,01,B01
200500009666,0,07,000,00,2,4,01,C01
200500009667,0,07,000,00,2,7,10,A01
200500009667,0,05,000,00,2,1,01,B01
200500009668,0,07,000,00,2,1,01,A01
200500009668,0,07,000,00,2,4,01,B01
200500009669,0,02,000,00,2,2,01,A01
200500009669,0,07,000,00,2,2,16,B01
200500009670,0,01,000,00,2,1,01,A01
200500009670,0,07,000,00,2,4,01,B01
200500009671,0,04,000,01,2,3,03,A01
200500009671,0,07,000,00,2,3,15,B01
200500009672,0,07,000,00,1,3,00,A01
200500009673,0,02,000,00,2,7,01,A01
200500009673,0,10,000,00,2,3,15,B01
200500009674,0,17,000,00,2,1,01,A01
200500009674,0,07,000,00,2,1,01,B01
200500009675,0,04,000,00,2,1,01,A01
200500009675,0,07,000,00,0,5,23,B01
200500009676,0,07,000,02,0,1,01,A01
200500009677,0,07,000,00,2,1,01,A01
200500009677,0,07,000,00,2,1,01,B01
200500009677,0,07,000,06,0,3,01,C01
200500009678,0,07,000,00,1,3,01,A01
200500009679,0,07,000,00,2,2,01,B01
200500009679,0,10,000,00,2,3,09,A01
200500009680,0,07,000,00,2,1,01,A01
200500009680,0,07,000,00,2,4,23,B01
200500009680,0,07,000,00,2,4,23,C01
200500009680,0,07,000,00,0,4,23,D01
200500009681,0,07,000,00,2,7,18,A01
200500009681,0,07,000,00,2,1,01,B01
200500009682,0,10,000,00,2,1,01,A01
200500009682,0,10,000,00,2,5,01,B01
200500009682,0,07,000,00,2,3,23,C01
200500009683,0,05,000,00,2,8,01,B01
200500009683,0,10,000,00,2,3,01,A01
200500009684,0,07,000,00,2,3,15,A01
200500009684,0,05,000,00,2,1,17,B01
200500009685,0,07,000,00,2,3,15,A01
200500009685,0,05,000,00,2,1,17,B01
200500009686,0,07,000,00,2,3,09,A01
200500009686,0,05,000,00,2,3,17,B01
200500009687,0,07,000,04,0,3,01,A01
200500009688,0,05,000,00,1,7,01,A01
200500009689,0,04,000,00,1,1,01,A01
200500009690,0,05,000,00,2,1,01,B01
200500009690,0,07,000,00,2,5,01,A01
200500009691,0,07,000,09,2,8,02,B01
200500009691,0,07,000,00,2,1,02,A01
200500009692,0,07,000,00,0,1,02,B01
200500009692,0,04,000,00,0,8,02,A01
200500009693,0,18,001,00,2,7,16,A01
200500009693,0,07,000,00,2,3,16,B01
200500009694,0,07,000,00,2,8,10,A01
200500009694,0,05,000,00,2,1,02,B01
200500009695,0,07,000,01,2,3,01,B01
200500009695,1,07,000,00,2,1,01,A01
200500009696,0,07,000,00,2,6,02,B01
200500009696,0,04,000,00,2,1,02,A01
200500009697,0,07,000,00,2,1,01,A01
200500009697,0,07,000,00,2,4,01,B01
200500009697,0,07,000,00,2,4,01,C01
200500009698,0,07,000,00,2,8,10,A01
200500009698,0,05,000,00,2,1,01,B01
200500009699,0,07,000,00,1,1,01,A01
200500009700,0,07,000,00,2,1,15,A01
200500009700,0,02,000,00,2,1,02,B01
200500009701,0,05,000,00,0,0,09,A01
200500009702,0,02,000,00,1,1,02,A01
200500009703,0,07,000,00,0,0,02,A01
200500009704,0,10,000,00,2,2,13,A01
200500009704,0,02,000,00,0,1,02,B01
200500009704,0,07,000,00,2,1,02,C01
200500009705,0,07,000,00,1,1,02,A01
200500009706,0,07,000,00,2,1,02,A01
200500009706,0,07,000,00,2,4,23,B01
200500009707,0,07,000,00,1,1,15,A01
200500009708,0,07,000,08,0,2,02,A01
200500009709,0,05,000,01,0,1,02,A01
200500009710,0,07,000,00,2,3,13,A01
200500009710,0,05,000,00,2,1,02,B01
200500009711,0,07,000,00,2,3,09,A01
200500009711,0,18,020,00,2,2,02,B01
200500009712,0,07,000,00,2,1,10,A01
200500009712,0,07,000,00,2,3,02,B01
200500009713,0,04,000,00,2,1,02,B01
200500009713,0,10,000,00,2,2,02,A01
200500009714,0,07,000,00,2,1,02,A01
200500009714,0,07,000,00,2,3,15,B01
200500009715,0,07,000,00,1,3,15,A01
200500009716,0,02,000,00,2,1,02,A01
200500009716,0,07,000,00,2,5,02,B01
200500009717,0,07,000,00,1,1,02,A01
200500009718,2,01,000,00,1,0,02,A01
200500009719,0,07,000,00,1,2,01,A01
200500009720,0,05,000,00,2,1,02,A01
200500009720,0,07,000,00,0,4,02,B01
200500009721,0,07,000,00,0,2,01,A01
200500009721,0,01,000,00,2,1,01,B01
200500009722,0,07,000,01,1,6,20,A01
200500009723,0,07,000,08,2,8,02,A01
200500009723,0,02,000,08,2,1,02,B01
200500009724,0,02,000,00,0,8,01,A01
200500009725,0,07,000,00,1,3,15,A01
200500009726,0,07,000,00,2,8,01,B01
200500009726,0,07,000,00,2,1,19,A01
200500009727,0,05,000,00,0,7,01,A01
200500009728,0,07,000,00,1,1,20,A01
200500009729,0,07,000,00,2,2,10,A01
200500009729,0,05,000,00,2,1,01,B01
200500009730,0,07,000,00,2,3,16,A01
200500009730,0,02,000,00,2,1,01,B01
200500009731,0,07,000,00,1,3,01,A01
200500009732,0,15,000,00,1,5,16,A01
200500009733,0,07,000,00,1,1,01,A01
200500009734,0,07,000,00,2,4,13,A01
200500009734,0,02,000,00,2,4,01,B01
200500009735,0,07,000,00,2,2,16,A01
200500009735,0,07,000,00,2,2,13,B01
200500009736,0,02,000,00,2,1,01,A01
200500009736,0,07,000,00,2,7,01,B01
200500009737,0,07,000,00,1,1,01,A01
200500009738,0,04,000,00,2,1,01,A01
200500009738,0,07,000,00,2,6,01,B01
200500009739,0,14,000,00,2,4,01,A01
200500009739,0,14,000,00,0,4,02,B01
200500009740,0,02,000,11,0,1,01,A01
200500009741,0,07,000,00,2,4,01,A01
200500009741,0,07,000,00,2,1,01,B01
200500009741,0,07,000,00,2,1,01,C01
200500009742,0,07,000,06,0,1,16,A01
200500009743,0,10,000,00,2,1,01,A01
200500009743,0,07,000,00,2,4,01,B01
200500009744,0,07,000,11,0,1,13,A01
200500009745,0,07,000,00,2,2,01,A01
200500009745,0,14,000,00,2,6,23,B01
200500009745,0,10,000,00,2,2,01,C01
200500009746,0,07,000,08,0,1,01,A01
200500009747,0,07,000,00,1,4,04,A01
200500009748,0,07,000,00,1,5,20,A01
200500009749,0,07,000,00,1,2,01,A01
200500009750,0,07,000,13,0,0,01,A01
200500009751,0,07,000,00,1,1,15,A01
200500009752,0,04,000,00,2,1,01,A01
200500009752,0,07,000,00,2,4,01,B01
200500009752,0,07,000,00,2,1,01,C01
200500009753,0,07,000,00,2,1,02,A01
200500009753,0,07,000,00,0,4,23,B01
200500009754,0,02,000,00,2,1,00,A01
200500009754,0,07,000,00,2,2,01,B01
200500009755,0,07,000,00,1,1,01,A01
200500009756,1,07,000,00,2,1,15,A01
200500009756,0,05,000,00,2,8,01,B01
200500009757,0,07,000,00,1,1,16,A01
200500009758,0,07,000,00,1,4,04,A01
200500009759,0,07,000,00,0,2,15,A01
200500009759,0,07,000,00,0,1,01,B01
200500009760,0,07,000,00,0,1,01,A01
200500009760,0,05,000,00,0,4,23,B01
200500009761,0,10,000,00,2,7,01,B01
200500009761,0,07,000,00,2,3,01,A01
200500009762,0,17,000,04,0,1,01,A01
200500009763,0,07,000,00,0,1,15,A01
200500009763,0,04,000,00,2,1,02,B01
200500009764,2,07,000,00,0,0,00,A01
200500009764,0,07,000,00,0,0,00,B01
200500009765,0,05,000,00,2,1,21,A01
200500009765,0,07,000,00,2,8,15,B01
200500009766,0,07,000,00,2,2,10,A01
200500009766,0,05,000,00,2,1,02,B01
200500009767,0,07,000,00,2,1,02,B01
200500009767,0,18,000,00,2,7,02,A01
200500009768,0,07,000,00,1,1,02,A01
200500009769,0,07,000,00,2,7,00,B01
200500009769,2,07,000,00,2,1,00,A01
200500009770,0,07,000,00,2,0,10,A01
200500009770,0,05,000,00,2,8,02,B01
200500009771,1,04,000,00,1,1,00,A01
200500009772,0,17,000,06,0,1,13,A01
200500009773,0,07,000,00,0,0,00,A01
200500009773,0,04,000,00,0,0,00,B01
200500009774,0,07,000,00,2,6,02,A01
200500009774,0,07,000,00,2,3,02,B01
200500009775,0,07,000,00,2,2,12,A01
200500009775,0,02,000,00,2,6,12,B01
200500009776,0,02,000,00,2,3,00,A01
200500009776,0,07,000,00,2,2,00,B01
200500009777,2,07,000,00,2,3,13,A01
200500009777,0,07,000,00,2,3,21,B01
200500009778,0,07,000,00,0,2,11,A01
200500009778,0,18,029,00,0,3,02,B01
200500009779,0,07,000,00,2,7,15,B01
200500009779,0,07,000,00,2,1,02,A01
200500009780,0,15,000,00,2,2,14,A01
200500009780,0,07,000,00,0,6,02,B01
200500009781,0,01,000,00,0,7,05,A01
200500009781,0,07,000,00,0,7,05,B01
200500009782,0,18,002,00,0,7,01,A01
200500009782,0,07,000,00,2,3,02,B01
200500009783,0,07,000,00,1,2,02,A01
200500009784,0,07,000,00,2,3,02,B01
200500009784,0,07,000,00,2,5,15,A01
200500009785,0,07,000,00,1,3,02,A01
200500009786,0,07,000,00,2,8,02,A01
200500009786,0,05,000,00,2,1,02,B01
200500009787,0,07,000,00,2,4,24,A01
200500009787,0,07,000,01,0,1,02,B01
200500009788,0,07,000,00,0,4,01,A01
200500009788,0,07,000,00,0,1,01,B01
200500009789,0,07,000,00,4,2,19,A01
200500009789,0,19,000,00,2,3,07,B01
200500009790,0,07,000,00,1,1,02,A01
200500009791,0,07,000,00,1,1,01,A01
200500009792,0,13,000,12,2,1,23,A01
200500009792,0,07,000,12,0,4,21,B01
200500009792,0,07,000,12,0,4,23,C01
200500009792,0,07,000,12,2,3,23,D01
200500009793,0,07,000,00,1,2,02,A01
200500009794,0,07,000,00,0,0,02,A01
200500009795,0,07,000,00,2,6,19,B01
200500009795,0,07,000,00,2,1,01,A01
200500009796,0,07,000,00,1,1,01,A01
200500009797,0,07,000,00,2,1,21,B01
200500009797,0,07,000,00,2,1,01,C01
200500009798,0,02,000,00,1,0,21,A01
200500009799,0,07,000,00,2,3,17,A01
200500009799,0,02,000,01,2,1,01,B01
200500009800,1,07,000,00,2,1,01,A01
200500009800,0,04,000,00,2,4,20,B01
200500009801,0,07,000,00,1,3,02,A01
200500009802,0,07,000,00,2,2,01,A01
200500009802,0,07,000,00,2,4,00,B01
200500009802,0,07,000,00,2,4,00,C01
200500009803,0,07,000,00,2,7,16,A01
200500009803,0,07,000,00,2,1,13,B01
200500009804,0,07,000,00,0,1,02,A01
200500009805,0,18,001,01,0,2,02,A01
200500009806,0,07,000,00,0,1,02,A01
200500009806,0,07,000,00,0,4,23,B01
200500009807,0,07,000,00,2,7,15,A01
200500009807,1,99,000,00,0,0,02,B01
200500009808,0,07,000,00,1,1,02,A01
200500009809,0,04,000,00,2,1,02,A01
200500009809,0,07,000,00,2,4,23,B01
200500009810,0,05,000,00,2,2,17,A01
200500009810,0,07,000,00,2,3,15,B01
200500009811,0,07,000,00,2,7,10,A01
200500009811,0,07,000,00,2,1,02,B01
200500009812,0,07,000,00,1,2,07,A01
200500009813,0,07,000,00,2,1,07,A01
200500009813,0,07,000,00,2,4,23,B01
200500009813,0,07,000,00,0,4,19,C01
200500009814,0,02,000,00,2,1,01,A01
200500009814,0,07,000,00,9,1,15,B01
200500009815,0,07,000,01,0,0,01,A01
200500009816,0,02,000,00,2,1,00,B01
200500009816,0,07,000,00,2,1,00,A01
200500009817,0,04,000,00,2,1,17,A01
200500009817,0,05,000,00,2,1,02,B01
200500009818,0,07,000,00,1,3,15,A01
200500009819,0,04,000,00,2,2,17,A01
200500009819,0,07,000,00,2,3,15,B01
200500009819,0,07,000,00,2,8,02,C01
200500009820,0,05,000,00,2,1,17,A01
200500009820,0,07,000,00,2,2,15,B01
200500009821,0,07,000,00,1,2,02,A01
200500009822,0,05,000,00,2,7,18,A01
200500009822,0,07,000,00,2,3,09,B01
200500009823,0,02,000,00,2,1,01,B01
200500009823,0,07,000,00,2,3,15,A01
200500009824,0,02,000,00,2,1,17,A01
200500009824,0,07,000,00,2,8,23,B01
200500009824,0,07,000,00,2,8,15,C01
200500009825,0,07,000,00,2,0,00,A01
200500009825,0,07,000,00,2,2,01,B01
200500009826,0,07,000,00,2,3,15,A01
200500009826,0,02,000,00,2,1,01,B01
200500009827,0,07,000,01,0,2,01,A01
200500009828,0,10,000,00,2,1,13,A01
200500009828,0,07,000,00,2,1,15,B01
200500009829,0,07,000,00,2,3,02,A01
200500009830,0,07,000,00,0,5,11,A01
200500009830,0,04,000,00,2,1,02,B01
200500009831,0,02,000,12,0,1,00,A01
200500009832,0,02,000,00,0,1,00,A01
200500009832,0,99,000,00,2,6,02,B01
200500009833,0,13,000,01,0,1,02,A01
200500009833,0,07,000,01,0,1,02,B01
200500009833,0,07,000,00,0,4,02,C01
200500009834,0,07,000,00,1,3,19,A01
200500009835,0,07,000,00,2,8,09,A01
200500009835,0,02,000,00,2,1,01,B01
200500009836,0,07,000,00,1,1,01,A01
200500009837,0,07,000,00,2,2,17,A01
200500009837,0,01,000,00,2,3,02,B01
200500009838,0,01,000,00,2,1,21,A01
200500009838,0,07,000,00,0,2,16,B01
200500009839,0,02,000,00,1,1,21,A01
200500009840,0,07,000,00,2,5,16,A01
200500009840,0,18,020,00,2,3,07,B01
200500009841,0,07,000,00,2,3,15,A01
200500009841,0,04,000,00,2,3,01,B01
200500009842,0,07,000,00,1,1,21,A01
200500009843,0,07,000,00,1,1,02,A01
200500009844,0,05,000,00,0,3,02,B01
200500009844,0,07,000,00,0,0,15,A01
200500009845,0,07,000,00,2,3,01,A01
200500009845,0,07,000,00,2,5,01,B01
200500009846,0,07,000,00,2,1,01,B01
200500009846,0,07,000,00,2,1,15,A01
200500009847,0,07,000,00,1,2,00,A01
200500009848,0,07,000,00,2,5,09,A01
200500009848,0,02,000,00,0,1,09,B01
200500009849,0,07,000,00,1,4,04,A01
200500009850,0,05,000,00,2,7,01,A01
200500009850,0,07,000,00,2,8,09,B01
200500009851,0,07,000,00,2,1,01,A01
200500009851,0,07,000,00,2,2,11,B01
200500009852,0,07,000,00,2,2,01,A01
200500009852,0,07,000,00,2,2,15,B01
200500009853,0,07,000,00,2,3,01,A01
200500009853,0,07,000,00,2,2,01,B01
200500009854,0,02,000,00,2,7,17,A01
200500009854,0,20,000,00,2,8,15,B01
200500009855,0,07,000,00,1,6,20,A01
200500009856,0,07,000,00,1,1,00,A01
200500009857,0,07,000,00,2,1,02,A01
200500009857,0,07,000,00,2,9,02,B01
200500009857,0,07,000,00,2,9,02,C01
200500009857,0,07,000,00,0,4,23,D01
200500009858,0,02,000,00,2,1,13,A01
200500009858,0,02,000,00,0,8,15,B01
200500009859,0,07,000,00,9,4,23,A01
200500009859,0,01,000,00,2,1,02,B01
200500009860,0,07,000,00,2,1,01,B01
200500009860,0,07,000,08,2,3,00,A01
200500009861,0,05,000,01,2,5,02,A01
200500009861,0,07,000,00,2,2,15,B01
200500009862,0,02,000,00,2,2,09,A01
200500009862,0,07,000,00,2,2,02,B01
200500009863,0,05,000,00,2,0,13,A01
200500009863,0,07,000,00,2,0,02,B01
200500009864,0,07,000,00,1,1,16,A01
200500009865,0,07,000,01,1,0,02,A01
200500009866,0,07,000,00,1,0,02,A01
200500009867,0,10,000,00,1,1,02,A01
200500009868,0,07,000,00,2,4,12,A01
200500009868,0,07,000,00,2,1,02,B01
200500009869,0,07,000,00,2,3,10,A01
200500009869,0,05,000,00,2,1,02,B01
200500009870,0,07,000,00,0,8,10,A01
200500009870,0,05,000,00,2,9,17,B01
200500009871,0,07,000,00,1,1,21,A01
200500009872,0,07,000,00,2,1,21,B01
200500009872,0,07,000,00,2,7,19,A01
200500009873,0,07,000,00,0,1,15,A01
200500009873,0,07,000,00,0,1,19,B01
200500009874,1,07,000,00,0,0,00,A01
200500009875,0,07,000,00,2,0,02,A01
200500009875,0,07,000,00,2,4,02,B01
200500009875,0,07,000,00,2,1,02,C01
200500009876,1,07,000,00,2,3,15,A01
200500009876,0,07,000,08,2,2,13,B01
200500009877,0,07,000,00,1,2,21,A01
200500009878,0,14,000,00,2,4,02,B01
200500009878,0,07,000,00,2,1,02,A01
200500009879,0,07,000,08,2,1,14,A01
200500009879,0,07,000,00,2,3,21,B01
200500009879,0,07,000,00,2,3,21,C01
200500009880,0,07,000,00,1,2,02,A01
200500009881,0,07,000,00,2,2,17,A01
200500009881,0,07,000,00,2,3,09,B01
200500009881,0,07,000,00,2,3,09,C01
200500009882,0,07,000,00,2,1,02,B01
200500009882,1,07,000,00,2,7,02,A01
200500009882,0,07,000,00,2,3,24,C01
200500009883,1,99,000,00,1,0,19,A01
200500009884,0,07,000,00,2,1,16,A01
200500009884,0,07,000,00,2,3,21,B01
200500009885,0,07,000,00,0,2,13,A01
200500009885,0,07,000,00,2,1,01,B01
200500009886,0,07,000,00,1,2,01,A01
200500009887,0,05,000,00,1,0,01,A01
200500009888,0,05,000,00,2,7,15,B01
200500009888,0,07,000,00,2,1,19,A01
200500009889,0,07,000,00,1,1,02,A01
200500009890,0,07,000,00,2,1,02,A01
200500009890,0,07,000,00,0,2,02,B01
200500009891,0,07,000,00,2,2,02,A01
200500009891,0,07,000,00,0,0,00,B01
200500009892,0,07,000,00,0,2,02,B01
200500009892,0,07,000,00,2,3,19,A01
200500009893,0,07,000,00,2,2,02,B01
200500009893,0,07,000,00,2,3,15,A01
200500009894,0,07,000,00,0,0,00,A01
200500009894,0,07,000,00,0,0,00,B01
200500009895,0,07,000,00,1,1,00,A01
200500009896,0,07,000,00,2,1,13,A01
200500009896,0,07,000,00,2,1,02,B01
200500009897,0,10,000,00,1,2,17,A01
200500009898,0,07,000,15,0,1,15,A01
200500009899,0,07,000,00,2,1,15,A01
200500009899,0,01,000,00,2,1,16,B01
200500009900,0,07,000,00,1,1,11,A01
200500009901,0,07,000,00,1,1,07,A01
200500009902,0,02,000,00,2,1,01,A01
200500009902,0,07,000,00,2,3,15,B01
200500009903,0,01,000,00,0,1,19,A01
200500009903,0,07,000,00,0,2,01,B01
200500009904,0,07,000,00,1,2,01,A01
200500009905,0,18,000,00,2,8,15,A01
200500009905,0,07,000,00,2,3,23,B01
200500009906,0,07,000,00,1,5,04,A01
200500009907,0,07,000,00,1,1,21,A01
200500009908,0,07,000,00,2,1,02,A01
200500009908,0,07,000,00,0,4,14,B01
200500009908,0,07,000,00,2,4,02,C01
200500009908,0,07,000,00,2,0,02,D01
200500009908,0,07,000,00,2,0,02,E01
200500009909,0,07,000,00,2,1,02,A01
200500009909,0,07,000,00,2,4,02,B01
200500009909,0,07,000,00,2,4,02,C01
200500009910,0,07,000,01,1,1,02,A01
200500009911,0,01,000,00,2,7,15,A01
200500009911,0,07,000,00,2,1,07,B01
200500009912,0,02,000,00,1,1,21,A01
200500009913,0,16,000,00,2,1,02,A01
200500009913,0,07,000,00,0,4,23,B01
200500009914,0,07,000,00,2,3,15,A01
200500009914,0,05,000,00,2,1,17,B01
200500009915,0,10,000,00,0,8,09,A01
200500009915,0,05,000,00,2,1,01,B01
200500009916,0,07,000,00,0,7,15,A01
200500009916,0,07,000,00,2,1,01,B01
200500009917,0,07,000,00,1,2,01,A01
200500009918,0,07,000,00,1,2,01,A01
200500009919,0,07,000,00,2,1,02,A01
200500009919,0,07,000,00,2,4,23,B01
200500009919,0,07,000,00,2,4,02,C01
200500009920,0,07,000,00,2,2,02,A01
200500009920,0,02,000,00,2,3,19,B01
200500009921,0,07,000,00,2,2,02,B01
200500009921,0,07,000,00,2,1,02,A01
200500009922,0,07,000,00,2,1,15,A01
200500009922,0,07,000,00,2,6,02,B01
200500009923,0,07,000,00,1,1,02,A01
200500009924,0,07,000,00,2,3,15,A01
200500009924,0,18,001,00,2,2,21,B01
200500009925,0,10,000,00,2,3,02,A01
200500009925,0,04,000,00,2,1,17,B01
200500009926,0,10,000,00,1,0,00,A01
200500009927,0,14,000,00,2,1,01,B01
200500009927,0,15,000,00,2,8,15,A01
200500009928,0,07,000,00,1,4,04,A01
200500009929,0,05,000,00,2,7,17,A01
200500009929,0,07,000,00,2,7,17,B01
200500009930,0,07,000,00,1,1,02,A01
200500009931,0,07,000,00,0,5,12,A01
200500009931,0,18,000,00,2,3,01,B01
200500009932,0,07,000,00,2,3,15,A01
200500009932,0,01,000,00,0,8,01,B01
200500009933,0,07,000,00,2,1,02,A01
200500009933,0,07,000,00,2,1,02,B01
200500009933,0,07,000,00,2,4,02,C01
200500009934,0,07,000,00,2,6,02,B01
200500009934,2,07,000,00,2,1,02,A01
200500009935,0,07,000,00,2,4,02,B01
200500009935,0,07,000,00,2,1,02,A01
200500009936,0,07,000,00,1,1,02,A01
200500009937,0,10,000,00,2,7,01,A01
200500009937,0,13,000,00,2,1,01,B01
200500009938,0,15,000,00,0,7,00,A01
200500009938,0,19,000,00,2,1,01,B01
200500009939,0,07,000,12,0,2,01,A01
200500009940,0,07,000,00,1,2,02,A01
200500009941,0,07,000,00,2,2,02,A01
200500009941,0,13,000,00,2,3,15,B01
200500009942,0,07,000,00,2,3,02,A01
200500009942,0,07,000,00,2,1,02,B01
200500009943,0,07,000,00,1,1,02,A01
200500009944,0,07,000,00,1,1,02,A01
200500009945,0,07,000,00,1,1,02,A01
200500009946,0,07,000,00,2,4,23,A01
200500009946,0,07,000,00,2,4,23,B01
200500009946,0,07,000,01,2,9,23,C01
200500009946,0,07,000,00,2,9,23,D01
200500009946,0,07,000,00,2,9,23,E01
200500009947,0,07,000,00,2,4,04,A01
200500009948,0,05,000,09,1,1,02,A01
200500009949,0,07,000,09,0,1,02,A01
200500009950,0,07,000,00,2,1,02,A01
200500009950,0,07,000,00,2,4,02,B01
200500009951,0,07,000,00,2,1,19,B01
200500009951,0,07,000,00,2,1,19,A01
200500009952,0,07,000,00,1,0,19,A01
200500009953,1,07,000,00,1,0,02,A01
200500009954,0,02,000,00,0,8,02,A01
200500009955,1,02,000,00,1,1,02,A01
200500009956,0,07,000,00,1,2,02,A01
200500009957,1,07,000,00,1,0,02,A01
200500009958,0,13,000,00,2,1,00,A01
200500009958,0,13,000,00,0,0,00,B01
200500009959,0,07,000,01,0,1,02,A01
200500009959,0,02,000,00,0,4,23,B01
200500009960,0,07,000,00,2,1,01,A01
200500009960,0,07,000,00,2,4,01,B01
200500009961,0,07,000,00,1,1,01,A01
200500009962,0,07,000,00,9,3,01,A01
200500009962,0,01,000,00,2,1,01,B01
200500009963,0,07,000,06,0,1,00,A01
200500009964,0,07,000,00,2,1,01,A01
200500009964,0,07,000,00,2,3,15,B01
200500009965,0,15,000,00,2,2,15,B01
200500009965,0,05,000,00,2,1,15,A01
200500009966,0,01,000,00,1,1,13,A01
200500009967,0,07,000,00,2,1,12,A01
200500009967,0,02,000,00,2,1,01,B01
200500009968,0,05,000,00,1,0,01,A01
200500009969,0,07,000,00,2,3,01,A01
200500009969,0,07,000,00,2,2,15,B01
200500009970,0,04,000,00,2,1,01,A01
200500009970,0,07,000,00,2,6,23,B01
200500009971,0,07,000,00,1,1,01,A01
200500009972,0,05,000,00,0,0,21,A01
200500009973,0,07,000,00,2,4,23,A01
200500009973,0,07,000,00,2,6,15,B01
200500009974,0,07,000,06,2,2,19,A01
200500009974,0,07,000,08,2,1,19,B01
200500009975,0,15,000,00,2,7,12,A01
200500009975,0,02,000,00,2,8,21,B01
200500009976,0,02,000,00,2,1,02,B01
200500009976,0,07,000,00,2,3,15,A01
200500009977,0,07,000,00,2,5,15,A01
200500009977,0,05,000,00,2,1,02,B01
200500009978,0,05,000,00,1,1,02,A01
200500009979,0,07,000,00,2,1,15,A01
200500009979,0,07,000,00,2,1,01,B01
200500009980,0,07,000,00,1,1,04,A01
200500009981,0,02,000,00,2,7,01,A01
200500009981,0,07,000,00,2,6,15,B01
200500009982,0,02,000,00,2,1,01,A01
200500009982,0,14,000,00,2,5,01,B01
200500009983,0,07,000,00,2,1,20,A01
200500009983,0,02,000,00,2,1,00,B01
200500009984,0,07,000,00,2,3,01,B01
200500009984,0,07,000,00,2,3,15,A01
200500009985,0,07,000,00,1,3,13,A01
200500009986,0,02,000,00,2,1,17,A01
200500009986,0,07,000,00,0,3,15,B01
200500009987,0,07,000,00,2,7,01,A01
200500009987,0,04,000,00,0,2,01,B01
200500009988,0,07,000,00,2,1,15,A01
200500009988,0,02,000,00,2,1,01,B01
200500009989,0,07,000,00,2,2,01,A01
200500009989,0,05,000,00,2,1,01,B01
200500009990,0,04,000,00,2,1,01,A01
200500009990,0,07,000,00,0,4,23,B01
200500009991,0,07,000,00,2,3,15,A01
200500009991,0,05,000,00,2,8,16,B01