Num_Acc,senc,catv,occutc,obs,obsm,choc,manv,num_veh
200500011479,0,07,000,16,0,9,13,A01
200500011480,0,17,000,13,0,9,19,A01
200500011481,0,17,000,03,2,7,01,A01
200500011481,0,07,000,00,2,1,01,C03
200500011481,0,17,000,00,0,0,01,D04
200500011482,0,07,000,00,2,8,13,A01
200500011482,0,18,040,00,2,8,01,B02
200500011483,0,07,000,00,1,3,01,A01
200500011484,0,02,000,00,2,2,01,A01
200500011484,0,07,000,00,2,4,00,B02
200500011485,0,07,000,00,2,2,04,A01
200500011485,0,02,000,00,2,1,01,B02
200500011486,0,02,000,00,2,8,21,A01
200500011486,0,07,000,00,9,7,09,B02
200500011487,0,07,000,08,0,5,01,A01
200500011488,0,07,000,00,2,1,01,A01
200500011488,0,07,000,00,2,2,15,B02
200500011489,0,17,000,00,0,6,13,A01
200500011489,0,07,000,00,2,1,01,B02
200500011490,0,07,000,03,0,2,14,A01
200500011490,0,07,000,00,2,7,13,B02
200500011490,0,07,000,00,2,1,01,C03
200500011491,0,07,000,00,2,1,17,A01
200500011491,0,21,000,00,2,4,15,B02
200500011492,0,07,000,06,0,3,13,A01
200500011493,0,05,000,11,0,1,01,A01
200500011494,0,15,000,00,2,3,01,A01
200500011494,0,15,000,00,2,8,01,B02
200500011495,0,07,000,00,2,3,01,A01
200500011495,0,07,000,00,2,3,01,B02
200500011496,0,07,000,00,2,7,00,A01
200500011496,0,07,000,00,2,1,01,B02
200500011497,0,07,000,00,2,1,13,A01
200500011497,0,07,000,00,2,1,01,B02
200500011498,0,14,000,00,2,2,01,A01
200500011498,0,17,000,00,0,0,01,B02
200500011499,0,07,000,01,0,1,00,A01
200500011499,0,17,000,00,0,0,24,B02
200500011500,0,17,000,03,2,9,01,A01
200500011500,0,14,000,03,2,8,17,B02
200500011500,0,07,000,00,2,7,17,C03
200500011501,0,07,000,02,0,2,13,A01
200500011502,0,10,000,00,2,3,13,A01
200500011502,0,07,000,00,2,3,01,B02
200500011503,0,07,000,00,2,3,01,A01
200500011503,0,07,000,00,2,1,13,B02
200500011504,0,07,000,00,2,2,01,A01
200500011504,0,02,000,00,2,3,19,B02
200500011505,0,07,000,00,2,1,13,A01
200500011505,0,07,000,00,2,1,21,B02
200500011506,0,07,000,02,0,3,02,A01
200500011507,0,07,000,13,0,3,13,A01
200500011508,0,07,000,13,0,3,13,A01
200500011509,0,07,000,13,0,0,00,A01
200500011510,0,07,000,00,2,1,13,A01
200500011510,0,07,000,00,2,1,01,B02
200500011511,0,99,000,00,1,3,01,A01
200500011512,0,07,000,06,0,1,03,A01
200500011512,0,07,000,00,2,1,02,B02
200500011513,0,07,000,06,0,1,01,A01
200500011514,0,07,000,13,0,3,14,A01
200500011515,0,07,000,00,2,3,01,A01
200500011515,0,07,000,00,2,4,15,B02
200500011515,0,07,000,00,2,1,01,C03
200500011516,0,07,000,00,2,3,13,A01
200500011516,0,07,000,00,2,8,21,B02
200500011517,0,07,000,00,6,2,01,A01
200500011518,0,07,000,00,0,0,01,A01
200500011519,0,07,000,00,2,4,23,A01
200500011519,0,07,000,00,2,1,02,B02
200500011520,0,07,000,00,1,1,01,A01
200500011521,0,07,000,00,2,1,01,A01
200500011521,0,07,000,00,0,2,15,B02
200500011522,0,07,000,00,2,3,19,A01
200500011522,0,07,000,00,0,1,01,B02
200500011523,0,07,000,00,2,7,01,A01
200500011523,0,07,000,00,2,3,01,B02
200500011524,0,05,000,00,0,8,15,A01
200500011525,0,07,000,00,0,1,01,A01
200500011525,0,07,000,00,0,8,01,B02
200500011526,0,10,000,00,2,1,16,A01
200500011526,0,07,000,00,0,8,23,B02
200500011527,0,07,000,00,1,2,17,A01
200500011528,0,05,000,00,2,1,13,A01
200500011528,0,07,000,00,2,2,00,B02
200500011529,0,07,000,13,0,0,01,A01
200500011530,0,02,000,00,0,1,10,A01
200500011531,0,07,000,00,2,1,13,A01
200500011531,0,07,000,00,2,1,01,B02
200500011532,0,07,000,00,2,1,01,A01
200500011532,0,07,000,00,2,8,19,B02
200500011533,0,07,000,00,2,3,17,A01
200500011533,0,07,000,00,2,3,17,B02
200500011534,0,07,000,00,2,3,01,A01
200500011534,0,07,000,00,2,1,01,B02
200500011535,0,07,000,08,0,1,01,A01
200500011536,0,12,000,00,0,1,19,A01
200500011536,0,07,000,00,2,3,01,B02
200500011537,0,07,000,00,6,1,01,A01
200500011538,0,07,000,00,2,3,01,A01
200500011538,0,07,000,00,2,3,01,B02
200500011539,0,07,000,00,2,2,01,A01
200500011539,0,05,000,00,2,3,16,B02
200500011540,0,07,000,00,0,6,23,C03
200500011540,0,07,000,00,2,3,15,A01
200500011540,0,07,000,00,2,1,01,B02
200500011541,0,07,000,00,2,3,13,A01
200500011541,0,18,008,00,2,3,01,B02
200500011542,0,07,000,13,0,2,01,A01
200500011543,0,07,000,00,2,1,19,A01
200500011543,0,07,000,00,2,1,01,B02
200500011544,0,07,000,00,0,1,13,A01
200500011544,0,07,000,00,0,1,01,B02
200500011544,0,07,000,00,0,8,01,C03
200500011545,0,07,000,00,2,1,01,A01
200500011545,0,07,000,00,2,1,01,B02
200500011546,0,07,000,00,9,1,01,A01
200500011546,0,99,000,00,2,4,01,B02
200500011547,0,07,000,00,2,1,15,A01
200500011547,0,05,000,00,2,7,01,B02
200500011548,0,07,000,08,0,1,01,A01
200500011549,0,02,000,00,2,3,13,A01
200500011549,0,02,000,00,2,3,01,B02
200500011550,0,02,000,00,2,1,13,A01
200500011550,0,07,000,00,2,8,01,B02
200500011551,0,07,000,00,9,2,02,A01
200500011551,0,01,000,00,2,4,02,B02
200500011552,0,07,000,00,0,1,00,A01
200500011552,0,07,000,00,0,3,00,B02
200500011552,0,07,000,14,2,1,01,C03
200500011553,0,02,000,01,0,1,14,A01
200500011554,0,07,000,00,2,1,01,A01
200500011554,0,07,000,00,2,7,19,B02
200500011555,0,15,000,00,2,1,21,A01
200500011555,0,07,000,00,2,8,01,B02
200500011556,0,07,000,00,2,3,01,A01
200500011556,0,07,000,00,2,2,01,B02
200500011556,0,07,000,00,2,3,01,C03
200500011557,0,07,000,06,0,1,01,A01
200500011558,0,07,000,00,1,2,01,A01
200500011559,0,07,000,00,1,2,00,A01
200500011560,0,07,000,00,2,7,13,A01
200500011560,0,07,000,00,2,1,01,B02
200500011561,0,07,000,13,0,1,13,A01
200500011562,0,05,000,08,0,7,01,A01
200500011563,0,07,000,00,2,1,06,A01
200500011563,0,07,000,00,2,7,01,B02
200500011564,0,02,000,00,2,1,19,A01
200500011564,0,07,000,00,9,8,01,B02
200500011565,0,05,000,00,0,8,17,A01
200500011566,0,07,000,00,0,3,15,A01
200500011566,0,01,000,00,0,0,01,B02
200500011567,0,07,000,00,0,1,00,A01
200500011568,0,07,000,13,0,3,00,A01
200500011569,0,07,000,00,2,1,13,A01
200500011569,0,07,000,00,2,1,01,B02
200500011570,0,07,000,00,1,2,01,A01
200500011571,0,05,000,00,2,2,17,A01
200500011571,0,07,000,00,2,6,11,B02
200500011572,0,02,000,00,2,1,01,A01
200500011572,0,07,000,00,2,3,15,B02
200500011573,0,07,000,00,2,2,02,A01
200500011573,0,02,000,00,2,8,02,B02
200500011574,0,07,000,00,0,8,19,A01
200500011574,0,07,000,00,2,1,01,B02
200500011575,0,07,000,00,9,2,01,A01
200500011575,0,05,000,00,2,1,13,B02
200500011576,0,07,000,00,2,1,13,A01
200500011576,0,07,000,00,2,1,01,B02
200500011577,0,07,000,06,0,5,01,A01
200500011578,0,07,000,13,0,1,02,A01
200500011579,0,07,000,00,2,1,13,A01
200500011579,0,07,000,00,2,1,01,B02
200500011580,0,07,000,13,0,1,01,A01
200500011581,0,07,000,00,2,1,01,A01
200500011581,0,07,000,00,2,1,01,B02
200500011582,0,07,000,00,1,3,01,A01
200500011583,0,07,000,00,0,1,13,A01
200500011583,0,07,000,00,2,1,01,B02
200500011584,0,07,000,03,0,8,13,A01
200500011585,0,14,000,06,0,2,14,A01
200500011586,0,07,000,00,2,3,01,A01
200500011586,0,07,000,00,2,3,01,B02
200500011587,0,07,000,00,2,1,01,A01
200500011587,0,07,000,00,2,8,19,B02
200500011588,0,07,000,06,2,3,03,A01
200500011588,0,17,000,00,2,3,01,B02
200500011588,0,07,000,00,2,2,21,C03
200500011589,0,07,000,02,0,1,01,A01
200500011590,0,07,000,00,0,9,19,A01
200500011591,0,07,000,00,2,3,01,A01
200500011591,0,07,000,00,2,3,01,B02
200500011592,0,02,000,00,0,2,14,A01
200500011593,0,07,000,00,2,3,01,A01
200500011593,0,07,000,00,2,3,01,B02
200500011594,0,02,000,00,0,1,01,A01
200500011595,0,07,000,16,0,8,01,A01
200500011596,0,07,000,00,0,9,00,A01
200500011597,0,07,000,00,0,5,01,A01
200500011597,0,07,000,00,0,1,01,B02
200500011598,0,07,000,00,2,6,13,A01
200500011598,0,07,000,00,2,3,01,B02
200500011599,0,07,000,13,0,1,14,A01
200500011600,0,07,000,00,2,3,19,A01
200500011600,0,07,000,00,2,1,01,B02
200500011601,0,07,000,13,0,1,15,A01
200500011602,0,02,000,00,2,1,17,A01
200500011602,0,07,000,00,0,6,15,B02
200500011603,0,07,000,00,2,1,13,A01
200500011603,0,17,000,00,2,3,01,B02
200500011604,0,07,000,00,2,1,01,A01
200500011604,0,07,000,00,2,3,19,B02
200500011605,0,07,000,00,1,6,01,A01
200500011606,0,04,000,00,2,8,19,A01
200500011606,0,07,000,00,2,1,01,B02
200500011607,0,07,000,10,0,8,01,A01
200500011608,0,07,000,00,2,1,16,A01
200500011608,0,07,000,00,2,3,01,B02
200500011609,0,02,000,00,2,3,01,A01
200500011609,0,07,000,00,2,8,01,B02
200500011610,0,07,000,03,0,3,13,A01
200500011610,0,15,000,03,0,6,01,B02
200500011611,0,07,000,00,0,0,00,A01
200500011612,0,07,000,00,2,3,13,A01
200500011612,0,07,000,00,0,0,00,B02
200500011613,0,07,000,00,2,7,19,A01
200500011613,0,05,000,00,2,1,01,B02
200500011614,0,07,000,02,0,8,14,A01
200500011615,0,07,000,00,2,1,17,A01
200500011615,0,07,000,00,2,1,01,B02
200500011616,0,07,000,00,2,1,13,A01
200500011616,0,17,000,00,2,2,01,B02
200500011616,0,07,000,00,2,2,00,C03
200500011616,0,07,000,00,2,7,00,D04
200500011617,0,07,000,00,2,8,15,A01
200500011617,0,07,000,00,2,1,01,B02
200500011618,0,07,000,00,1,2,01,A01
200500011619,0,07,000,00,2,3,17,A01
200500011619,0,07,000,00,2,3,01,B02
200500011620,0,07,000,00,2,3,01,A01
200500011620,0,07,000,00,2,3,01,B02
200500011621,0,07,000,06,0,8,01,A01
200500011622,0,07,000,00,0,0,01,A01
200500011623,0,20,000,00,1,2,01,A01
200500011624,0,07,000,06,0,1,01,A01
200500011625,0,07,000,00,2,3,01,A01
200500011625,0,07,000,00,2,3,05,B02
200500011626,0,07,000,06,0,3,01,A01
200500011627,0,07,000,00,2,2,06,A01
200500011627,0,07,000,00,2,1,01,B02
200500011628,0,07,000,00,2,1,01,A01
200500011628,0,07,000,00,2,1,01,B02
200500011629,0,07,000,00,2,8,19,A01
200500011629,0,07,000,00,2,3,01,B02
200500011630,0,07,000,00,2,2,05,A01
200500011630,0,07,000,00,2,2,01,B02
200500011631,0,07,000,00,2,3,13,A01
200500011631,0,13,000,00,2,5,01,B02
200500011631,0,07,000,00,2,7,01,C03
200500011632,0,07,000,13,0,9,01,A01
200500011633,0,07,000,00,2,3,00,A01
200500011633,0,07,000,00,2,3,00,B02
200500011634,0,07,000,08,0,7,01,A01
200500011635,0,02,000,01,0,1,00,A01
200500011635,0,07,000,00,0,6,24,B02
200500011636,0,07,000,00,0,5,23,A01
200500011636,0,04,000,01,0,1,01,B02
200500011637,0,07,000,13,0,9,00,A01
200500011638,0,07,000,03,1,2,14,A01
200500011639,0,07,000,02,0,1,01,A01
200500011640,0,07,000,00,1,7,01,A01
200500011641,0,07,000,00,2,1,01,A01
200500011641,0,07,000,00,2,8,15,B02
200500011642,0,07,000,00,1,2,01,A01
200500011643,0,07,000,00,2,3,01,A01
200500011643,0,07,000,00,2,3,01,B02
200500011644,0,07,000,15,0,3,13,A01
200500011645,0,07,000,00,0,0,00,A01
200500011645,0,07,000,00,2,2,01,B02
200500011646,0,07,000,00,5,1,01,A01
200500011647,0,07,000,13,0,2,01,A01
200500011648,0,07,000,00,2,3,01,A01
200500011648,0,07,000,00,2,2,24,B02
200500011649,0,02,000,00,2,3,13,A01
200500011649,0,07,000,00,0,2,20,B02
200500011650,0,07,000,13,0,7,01,A01
200500011651,0,07,000,02,0,1,01,A01
200500011652,0,07,000,02,0,2,14,A01
200500011653,0,07,000,10,0,7,17,A01
200500011654,0,07,000,06,0,2,14,A01
200500011655,0,07,000,00,2,1,01,A01
200500011655,0,07,000,00,2,4,02,B02
200500011655,0,07,000,00,2,6,00,C03
200500011656,0,07,000,06,0,1,01,A01
200500011657,0,07,000,14,2,1,02,A01
200500011657,0,07,000,00,0,4,02,B02
200500011658,0,07,000,00,2,1,01,A01
200500011658,0,07,000,00,0,4,01,B02
200500011659,0,07,000,00,2,1,01,A01
200500011659,0,07,000,00,2,4,01,B02
200500011659,0,07,000,00,2,4,01,C03
200500011659,0,07,000,00,2,4,01,D04
200500011660,0,07,000,00,2,3,01,A01
200500011660,0,07,000,00,2,3,01,B02
200500011661,0,07,000,00,0,6,01,A01
200500011661,0,07,000,00,0,2,17,B02
200500011662,0,07,000,13,0,9,01,A01
200500011663,0,07,000,00,1,2,01,A01
200500011664,0,07,000,16,0,1,00,A01
200500011665,0,07,000,13,0,0,00,A01
200500011666,0,02,000,00,0,8,01,A01
200500011667,0,07,000,00,2,3,19,A01
200500011667,0,17,000,00,2,8,01,B02
200500011668,0,07,000,00,2,2,01,A01
200500011668,0,07,000,00,2,1,21,B02
200500011669,0,07,000,06,0,2,13,A01
200500011670,0,07,000,00,2,1,17,A01
200500011670,0,07,000,00,2,3,01,B02
200500011671,0,07,000,13,0,3,17,A01
200500011672,0,07,000,02,0,3,13,A01
200500011673,0,07,000,13,0,1,14,A01
200500011674,0,17,000,00,2,0,17,A01
200500011674,0,02,000,00,2,0,02,B02
200500011675,0,07,000,00,2,7,19,A01
200500011675,0,07,000,00,2,1,01,B02
200500011676,0,07,000,00,2,1,01,B02
200500011677,0,07,000,02,0,2,14,A01
200500011678,0,07,000,00,1,1,01,A01
200500011679,0,07,000,00,2,2,21,A01
200500011679,0,07,000,00,2,3,01,B02
200500011680,0,07,000,01,2,2,15,A01
200500011680,0,07,000,00,2,3,01,B02
200500011681,0,07,000,00,2,1,01,A01
200500011681,0,07,000,00,2,3,01,B02
200500011682,0,07,000,00,2,1,13,A01
200500011682,0,17,000,00,2,3,02,B02
200500011683,0,07,000,00,2,1,02,A01
200500011683,0,07,000,00,0,4,01,B02
200500011684,0,07,000,00,2,1,01,A01
200500011684,0,07,000,00,2,4,04,B02
200500011685,0,05,000,04,0,3,02,A01
200500011686,0,07,000,00,2,1,02,A01
200500011686,0,07,000,00,2,4,23,B02
200500011687,0,07,000,02,0,7,13,A01
200500011688,0,07,000,00,2,3,01,A01
200500011688,0,07,000,00,0,2,01,B02
200500011689,0,07,000,00,1,7,01,A01
200500011690,0,07,000,06,0,0,01,A01
200500011691,0,02,000,00,0,7,14,A01
200500011692,0,05,000,00,0,8,01,A01
200500011693,0,07,000,00,0,1,13,A01
200500011693,0,07,000,00,0,1,01,B02
200500011694,0,07,000,00,2,1,13,A01
200500011694,0,07,000,00,2,3,01,B02
200500011695,0,07,000,04,0,3,13,A01
200500011696,0,10,000,00,2,1,15,A01
200500011696,0,05,000,00,2,1,01,B02
200500011697,0,07,000,00,2,1,01,B02
200500011697,0,07,000,00,0,8,19,A01
200500011698,0,07,000,13,0,2,01,A01
200500011699,0,15,000,00,2,3,17,A01
200500011699,0,07,000,02,2,1,01,B02
200500011700,0,17,000,00,2,8,21,A01
200500011700,0,07,000,00,2,1,01,B02
200500011701,0,02,000,01,0,2,00,A01
200500011701,0,07,000,00,0,6,24,B02
200500011702,0,15,000,00,0,7,01,A01
200500011702,0,07,000,00,2,1,01,B02
200500011703,0,07,000,00,0,7,01,A01
200500011703,0,07,000,00,0,8,01,B02
200500011704,0,07,000,01,0,1,01,A01
200500011704,0,07,000,00,0,4,00,B02
200500011705,0,07,000,00,0,1,01,A01
200500011706,0,07,000,02,0,7,01,A01
200500011707,0,07,000,00,2,3,00,A01
200500011707,0,15,000,00,2,8,00,B02
200500011707,0,07,000,00,2,3,00,C03
200500011708,0,07,000,00,0,1,01,A01
200500011708,0,07,000,00,2,3,01,B02
200500011709,0,07,000,00,0,0,00,A01
200500011710,0,07,000,00,2,1,01,A01
200500011710,0,02,000,00,0,0,00,B02
200500011711,0,07,000,00,2,3,15,A01
200500011711,0,05,000,00,2,1,01,B02
200500011712,0,07,000,03,0,7,01,A01
200500011712,0,07,000,03,0,1,01,B02
200500011712,0,07,000,00,2,1,01,C03
200500011712,0,07,000,00,2,1,01,D04
200500011712,0,07,000,00,2,1,01,E05
200500011712,0,15,000,00,0,8,00,F06
200500011712,0,07,000,00,2,1,01,G07
200500011713,0,07,000,00,2,3,01,A01
200500011713,0,07,000,00,2,3,01,B02
200500011714,0,07,000,00,2,8,01,B02
200500011714,0,07,000,00,2,1,01,A01
200500011715,0,07,000,00,2,3,01,A01
200500011715,0,07,000,00,2,3,01,B02
200500011716,0,07,000,02,0,1,01,A01
200500011717,0,07,000,00,2,1,01,A01
200500011717,0,07,000,00,2,2,19,B02
200500011718,0,07,000,00,2,1,01,A01
200500011718,0,07,000,00,2,1,01,B02
200500011719,0,07,000,00,2,1,05,A01
200500011719,0,07,000,00,2,3,01,B02
200500011719,0,07,000,13,0,2,01,C03
200500011720,0,04,000,01,0,2,00,A01
200500011721,0,07,000,06,0,3,13,A01
200500011722,0,10,000,00,0,3,15,A01
200500011722,0,05,000,00,2,7,17,B02
200500011723,0,10,000,00,2,3,15,A01
200500011723,0,05,000,00,2,1,01,B02
200500011724,0,07,000,00,0,1,00,A01
200500011725,0,07,000,00,0,3,15,A01
200500011725,0,01,000,00,0,3,01,B02
200500011726,0,05,000,00,0,7,01,A01
200500011727,0,07,000,00,0,8,01,B02
200500011728,0,07,000,00,2,1,01,A01
200500011728,0,07,000,00,2,3,15,B02
200500011729,0,07,000,00,1,3,01,A01
200500011730,0,07,000,02,0,1,01,A01
200500011731,0,07,000,00,2,2,19,A01
200500011731,0,07,000,00,2,1,01,B02
200500011732,0,07,000,08,0,1,01,A01
200500011733,0,07,000,02,0,1,01,A01
200500011734,0,07,000,00,0,8,10,A01
200500011734,0,07,000,00,2,1,17,B02
200500011735,0,07,000,00,2,2,17,A01
200500011735,0,10,000,00,2,1,01,B02
200500011735,0,07,000,00,2,1,01,C03
200500011735,0,15,000,00,2,3,01,D04
200500011736,0,07,000,13,0,5,13,A01
200500011737,0,07,000,00,0,1,00,A01
200500011738,0,07,000,00,2,2,13,A01
200500011738,0,07,000,00,2,1,00,B02
200500011739,0,07,000,00,2,3,19,A01
200500011739,0,07,000,00,2,3,01,B02
200500011740,0,07,000,00,2,1,15,A01
200500011740,0,01,000,00,2,1,01,B02
200500011741,0,07,000,00,2,3,13,A01
200500011741,0,07,000,00,2,3,01,B02
200500011742,0,07,000,00,2,2,15,A01
200500011742,0,07,000,00,2,1,01,B02
200500011743,0,05,000,00,0,4,01,A01
200500011744,0,10,000,00,2,3,01,A01
200500011744,0,07,000,01,2,8,15,B02
200500011745,0,07,000,00,2,3,01,A01
200500011745,0,10,000,00,2,3,01,B02
200500011746,0,05,000,01,0,2,01,A01
200500011747,0,07,000,00,2,2,01,A01
200500011747,0,07,000,00,2,6,15,B02
200500011747,0,07,000,00,2,3,01,C03
200500011747,0,07,000,00,2,2,01,D04
200500011748,0,07,000,13,0,0,01,A01
200500011749,0,07,000,00,2,1,01,A01
200500011749,0,15,000,00,0,8,19,B02
200500011750,0,07,000,00,0,3,13,A01
200500011750,0,17,000,00,2,3,01,B02
200500011751,1,07,000,00,2,3,02,A01
200500011751,0,05,000,00,0,4,15,B02
200500011751,0,07,000,00,2,3,05,C03
200500011751,0,07,000,00,9,3,02,D04
200500011752,0,07,000,00,2,3,01,A01
200500011752,0,07,000,00,2,3,01,B02
200500011753,0,07,000,08,0,1,01,A01
200500011754,0,07,000,00,0,2,01,A01
200500011754,0,07,000,00,0,1,01,B02
200500011755,0,07,000,00,9,2,01,A01
200500011755,0,01,000,00,2,4,01,B02
200500011756,0,05,000,00,2,1,17,A01
200500011756,0,07,000,00,0,8,15,B02
200500011757,0,07,000,02,0,7,17,A01
200500011758,0,07,000,13,0,9,01,A01
200500011759,0,02,000,00,2,1,01,A01
200500011759,0,07,000,00,2,3,09,B02
200500011760,0,07,000,06,0,6,04,A01
200500011761,0,02,000,00,0,0,01,A01
200500011762,0,07,000,00,2,8,19,A01
200500011762,0,07,000,00,2,1,00,B02
200500011763,0,07,000,06,0,3,13,A01
200500011764,0,07,000,00,2,1,13,A01
200500011764,0,07,000,00,2,1,01,B02
200500011765,0,07,000,02,0,2,20,A01
200500011766,0,15,000,00,2,1,01,A01
200500011766,0,15,000,00,2,4,01,B02
200500011767,0,07,000,00,2,2,01,A01
200500011767,0,17,000,00,2,5,01,B02
200500011768,0,07,000,00,2,4,02,A01
200500011768,0,07,000,00,2,1,02,B02
200500011769,0,02,000,00,0,4,02,A01
200500011769,0,07,000,00,2,1,02,B02
200500011770,0,07,000,00,0,0,02,A01
200500011770,0,01,000,00,0,4,00,B02
200500011771,0,07,000,00,2,2,15,A01
200500011771,0,02,000,00,2,1,01,B02
200500011772,0,07,000,00,2,1,06,A01
200500011772,0,07,000,00,2,1,01,B02
200500011773,0,07,000,02,0,8,00,A01
200500011774,0,07,000,02,0,9,21,A01
200500011775,0,07,000,01,0,1,11,A01
200500011776,0,07,000,00,2,1,01,A01
200500011776,0,07,000,00,2,1,01,B02
200500011777,0,07,000,00,2,3,13,A01
200500011777,0,07,000,00,2,3,01,B02
200500011778,0,07,000,00,1,2,02,A01
200500011779,0,18,014,00,0,2,14,A01
200500011780,0,07,000,00,2,4,21,A01
200500011780,0,07,000,00,2,1,21,B02
200500011780,0,07,000,00,0,8,00,C03
200500011780,0,07,000,00,0,0,09,D04
200500011781,0,07,000,00,2,3,01,A01
200500011781,0,14,000,00,2,3,01,B02
200500011782,0,07,000,00,0,0,01,A01
200500011783,0,07,000,00,2,1,13,A01
200500011783,0,02,000,00,0,8,15,B02
200500011784,0,07,000,13,0,8,01,A01
200500011785,0,02,000,00,0,7,10,A01
200500011786,0,01,000,00,0,0,00,A01
200500011787,0,07,000,03,0,3,00,A01
200500011788,0,07,000,00,0,1,17,A01
200500011788,0,07,000,00,0,1,01,B02
200500011789,0,07,000,00,0,3,01,A01
200500011789,0,07,000,00,0,3,01,B02
200500011790,0,07,000,00,2,8,19,A01
200500011790,0,07,000,00,2,1,01,B02
200500011790,0,07,000,00,0,8,01,C03
200500011791,0,07,000,00,2,3,15,A01
200500011791,0,07,000,00,2,1,01,B02
200500011792,0,07,000,00,2,3,02,A01
200500011792,0,07,000,00,2,5,15,B02
200500011792,0,07,000,00,2,1,01,C03
200500011793,0,07,000,12,0,1,01,A01
200500011794,0,07,000,00,0,3,09,A01
200500011794,0,07,000,00,2,1,02,B02
200500011795,0,07,000,00,2,7,19,A01
200500011795,0,02,000,00,2,1,01,B02
200500011796,0,07,000,13,0,1,01,A01
200500011797,0,07,000,00,1,1,13,A01
200500011798,0,07,000,00,2,1,13,A01
200500011799,0,07,000,00,2,2,01,B02
200500011799,0,07,000,00,2,3,01,A01
200500011800,0,07,000,00,2,1,01,A01
200500011800,0,07,000,00,2,8,16,B02
200500011801,0,07,000,00,0,1,01,A01
200500011801,0,07,000,00,0,1,17,B02
200500011802,0,05,000,06,2,2,02,A01
200500011802,0,07,000,00,2,8,02,B02
200500011803,0,07,000,00,2,1,13,A01
200500011803,0,07,000,00,2,1,01,B02
200500011804,0,07,000,00,2,3,13,A01
200500011804,0,07,000,00,2,3,00,B02
200500011805,0,01,000,00,2,3,13,A01
200500011805,0,07,000,00,1,2,01,B02
200500011806,0,07,000,00,2,1,13,A01
200500011806,0,14,000,00,2,3,01,B02
200500011807,0,07,000,00,2,6,02,A01
200500011807,0,05,000,00,2,1,02,B02
200500011808,0,02,000,00,1,1,00,A01
200500011809,0,07,000,00,2,1,13,A01
200500011809,0,17,000,00,2,3,01,B02
200500011810,2,07,000,00,1,4,20,A01
200500011811,0,07,000,00,2,1,01,A01
200500011811,0,07,000,00,2,8,06,B02
200500011812,0,07,000,13,0,1,00,A01
200500011813,0,07,000,00,2,3,15,A01
200500011813,0,07,000,00,2,3,01,B02
200500011814,0,05,000,00,2,7,02,A01
200500011814,0,07,000,00,0,2,09,B02
200500011815,0,07,000,00,2,2,13,A01
200500011815,0,18,032,00,2,2,01,B02
200500011816,0,07,000,00,2,1,15,A01
200500011816,0,07,000,00,2,1,01,B02
200500011817,0,07,000,00,2,1,12,A01
200500011817,0,07,000,00,2,1,11,B02
200500011818,0,07,000,00,1,1,01,A01
200500011819,0,07,000,00,2,7,17,A01
200500011819,0,07,000,00,2,3,01,B02
200500011820,0,07,000,03,2,2,14,A01
200500011820,0,07,000,04,2,7,01,B02
200500011820,0,07,000,04,2,7,01,C03
200500011821,0,07,000,04,0,1,03,A01
200500011822,0,07,000,00,0,9,00,A01
200500011823,0,07,000,00,2,3,17,A01
200500011823,0,07,000,00,2,3,01,B02
200500011823,0,07,000,00,2,8,01,C03
200500011823,0,07,000,00,2,2,17,D04
200500011824,0,07,000,06,0,3,13,A01
200500011825,0,10,000,00,2,6,01,A01
200500011825,0,07,000,00,2,3,13,B02
200500011826,0,07,000,06,0,1,01,A01
200500011827,0,07,000,02,6,1,13,A01
200500011828,0,07,000,00,2,3,00,A01
200500011828,0,07,000,00,2,8,00,B02
200500011828,0,07,000,00,2,1,00,C03
200500011829,0,17,000,03,2,2,14,A01
200500011829,0,07,000,00,2,2,01,C03
200500011830,0,07,000,03,0,3,14,A01
200500011831,0,07,000,00,0,9,01,A01
200500011832,0,07,000,00,2,4,01,A01
200500011832,0,07,000,00,2,2,01,B02
200500011833,0,07,000,00,2,3,01,A01
200500011833,0,07,000,00,2,9,01,B02
200500011833,0,07,000,00,2,0,01,C03
200500011834,0,17,000,03,0,2,14,A01
200500011835,0,07,000,00,2,3,02,A01
200500011836,0,07,000,00,2,1,14,A01
200500011836,0,17,000,00,0,6,01,B02
200500011837,0,07,000,00,2,2,02,A01
200500011837,0,15,000,00,0,6,02,C03
200500011838,0,07,000,14,0,4,01,A01
200500011838,0,07,000,00,2,1,01,B02
200500011838,0,15,000,00,2,8,01,C03
200500011839,0,14,000,00,2,5,02,B02
200500011839,0,14,000,00,0,0,02,A01
200500011840,0,17,000,00,2,3,02,A01
200500011840,0,07,000,00,2,5,02,B02
200500011841,0,07,000,04,0,3,17,A01
200500011842,0,07,000,03,0,3,01,A01
200500011842,1,07,000,00,0,0,11,B02
200500011843,0,07,000,04,0,3,13,A01
200500011844,0,07,000,00,2,1,01,A01
200500011844,0,07,000,00,2,4,01,B02
200500011844,0,07,000,03,0,0,01,C03
200500011845,0,07,000,00,2,2,17,A01
200500011845,0,17,000,00,0,0,00,B02
200500011846,0,07,000,01,0,2,01,A01
200500011846,0,07,000,00,0,6,23,B02
200500011847,0,07,000,00,2,1,02,A01
200500011847,0,17,000,00,0,4,02,B02
200500011848,0,07,000,03,0,2,01,A01
200500011849,0,07,000,01,0,1,01,A01
200500011849,0,10,000,00,0,4,24,B02
200500011850,0,07,000,04,0,7,01,A01
200500011851,0,07,000,00,0,1,14,A01
200500011852,0,07,000,03,2,9,00,A01
200500011853,0,14,000,00,9,2,01,A01