Num_Acc,senc,catv,occutc,obs,obsm,choc,manv,num_veh
200500011853,0,02,000,00,2,1,19,B02
200500011854,0,07,000,01,0,1,02,A01
200500011854,0,17,000,00,0,4,00,B02
200500011855,0,15,000,06,0,2,14,A01
200500011855,0,07,000,00,2,2,01,B02
200500011855,0,07,000,00,9,1,01,C03
200500011855,0,07,000,00,9,3,01,D04
200500011855,0,07,000,00,9,3,01,E05
200500011856,0,15,000,03,0,7,14,A01
200500011857,0,07,000,00,2,1,02,A01
200500011857,0,07,000,00,2,4,02,B02
200500011858,0,17,000,03,0,2,01,A01
200500011859,0,07,000,00,2,1,02,A01
200500011859,0,14,000,00,2,4,02,B02
200500011860,0,07,000,00,0,0,01,A01
200500011861,0,02,000,00,0,2,18,A01
200500011862,0,07,000,16,2,1,01,B02
200500011862,0,07,000,00,0,0,19,A01
200500011863,0,07,000,03,0,7,14,A01
200500011864,0,07,000,04,0,3,01,A01
200500011865,0,07,000,02,0,4,13,A01
200500011866,0,07,000,05,0,1,14,A01
200500011867,0,07,000,00,1,1,15,A01
200500011868,0,07,000,00,2,2,17,A01
200500011868,0,17,000,00,2,8,00,B02
200500011868,0,07,000,00,2,4,00,C03
200500011868,0,15,000,00,2,1,00,D04
200500011869,0,10,000,03,0,1,01,A01
200500011870,0,17,000,13,0,0,13,A01
200500011871,0,07,000,00,2,6,21,A01
200500011871,0,07,000,00,2,5,15,B02
200500011871,0,07,000,00,2,3,01,C03
200500011872,0,07,000,02,0,3,01,A01
200500011873,0,07,000,00,2,2,19,A01
200500011873,0,01,000,00,2,3,02,B02
200500011874,0,07,000,08,0,1,14,A01
200500011875,0,07,000,00,0,9,01,A01
200500011876,0,07,000,00,2,2,17,A01
200500011876,0,10,000,00,0,6,01,B02
200500011877,0,07,000,14,0,1,21,A01
200500011877,0,17,000,03,0,3,06,B02
200500011878,0,07,000,00,2,1,01,A01
200500011878,0,07,000,00,2,4,23,B02
200500011878,0,07,000,00,2,4,23,C03
200500011879,0,15,000,00,0,5,02,A01
200500011879,0,07,000,03,2,1,02,B02
200500011880,0,15,000,03,0,2,14,A01
200500011881,0,07,000,04,0,1,00,A01
200500011882,0,07,000,00,2,5,13,A01
200500011882,0,07,000,00,2,1,01,B02
200500011883,0,07,000,00,2,1,01,A01
200500011883,0,07,000,00,2,3,01,B02
200500011883,0,07,000,00,2,3,01,C03
200500011884,0,07,000,00,2,3,19,A01
200500011884,0,05,000,00,2,1,01,B02
200500011885,0,07,000,04,0,1,00,A01
200500011886,0,15,000,03,0,3,06,A01
200500011887,0,07,000,02,0,2,01,A01
200500011888,0,10,000,00,2,2,17,A01
200500011888,0,17,000,00,2,6,01,B02
200500011889,0,07,000,00,0,4,23,A01
200500011889,0,07,000,01,0,1,01,B02
200500011890,0,07,000,03,0,4,00,A01
200500011890,0,07,000,00,2,1,12,B02
200500011891,0,07,000,04,0,3,01,A01
200500011892,0,07,000,00,0,9,14,A01
200500011893,1,07,000,00,1,2,01,A01
200500011894,0,10,000,02,0,8,01,A01
200500011895,0,17,000,00,0,8,09,A01
200500011895,0,07,000,00,2,4,02,B02
200500011895,0,07,000,00,2,1,02,C03
200500011896,0,07,000,03,2,2,01,A01
200500011897,0,07,000,05,0,2,01,A01
200500011898,0,07,000,00,2,2,12,A01
200500011898,0,15,000,00,0,6,01,B02
200500011899,0,18,000,00,2,4,01,A01
200500011899,0,15,000,00,2,1,01,B02
200500011900,0,07,000,00,2,1,02,A01
200500011900,0,07,000,00,2,4,02,B02
200500011900,0,07,000,00,0,4,00,C03
200500011901,0,07,000,04,0,3,11,A01
200500011902,0,07,000,11,0,8,21,A01
200500011903,0,07,000,04,0,1,01,A01
200500011904,0,07,000,00,2,4,01,A01
200500011904,0,07,000,00,2,1,02,B02
200500011905,0,15,000,03,0,2,01,A01
200500011906,0,07,000,04,0,5,01,A01
200500011906,0,07,000,04,1,3,01,B02
200500011906,0,07,000,00,1,1,01,C03
200500011906,0,07,000,00,1,1,01,D04
200500011907,0,07,000,00,2,1,02,A01
200500011908,0,10,000,00,0,1,02,A01
200500011908,0,07,000,00,0,4,01,B02
200500011909,0,07,000,00,0,6,24,B02
200500011910,0,07,000,00,0,1,00,A01
200500011911,0,07,000,03,0,2,01,A01
200500011911,0,07,000,03,0,6,01,B02
200500011912,0,17,000,03,2,3,06,A01
200500011912,0,07,000,00,0,3,01,B02
200500011913,0,05,000,00,2,8,02,A01
200500011913,0,07,000,00,0,6,02,B02
200500011914,0,07,000,14,2,1,02,A01
200500011914,0,07,000,00,0,4,23,B02
200500011915,0,07,000,00,2,2,15,A01
200500011915,0,02,000,00,2,1,01,B02
200500011916,0,07,000,00,2,1,02,A01
200500011917,0,15,000,04,0,1,00,A01
200500011918,0,07,000,00,1,2,01,A01
200500011919,0,16,000,00,0,0,02,A01
200500011919,0,07,000,03,2,2,14,C03
200500011919,0,07,000,00,2,1,02,D04
200500011920,0,07,000,13,0,1,01,A01
200500011921,0,07,000,00,2,1,02,A01
200500011921,0,07,000,00,2,4,02,B02
200500011922,0,07,000,03,0,1,17,A01
200500011923,0,07,000,01,0,2,12,A01
200500011923,0,17,000,00,0,6,23,B02
200500011924,0,07,000,00,2,2,17,A01
200500011924,0,07,000,00,2,8,01,B02
200500011925,0,07,000,16,0,1,14,A01
200500011926,0,07,000,02,0,1,00,A01
200500011927,0,07,000,00,2,1,02,A01
200500011927,0,07,000,00,2,4,02,B02
200500011927,0,07,000,00,2,4,02,C03
200500011927,0,07,000,00,2,1,02,D04
200500011927,0,07,000,00,2,4,02,G07
200500011928,0,07,000,00,2,4,01,A01
200500011928,0,07,000,00,2,1,02,B02
200500011928,0,07,000,00,2,1,02,C03
200500011929,0,07,000,00,0,4,02,A01
200500011929,0,07,000,00,2,1,02,B02
200500011929,0,07,000,00,1,2,02,C03
200500011930,0,07,000,06,0,4,01,A01
200500011930,0,07,000,06,2,6,23,B02
200500011930,0,07,000,01,0,2,02,C03
200500011931,0,07,000,03,0,0,01,A01
200500011932,0,07,000,03,0,1,17,A01
200500011932,0,07,000,00,2,6,21,B02
200500011932,0,07,000,00,2,1,02,C03
200500011933,0,07,000,00,0,0,00,A01
200500011933,0,07,000,00,2,1,02,B02
200500011933,0,07,000,00,0,0,00,C03
200500011934,0,07,000,00,0,3,13,A01
200500011934,0,07,000,00,0,1,01,B02
200500011935,0,07,000,00,2,3,19,A01
200500011935,0,02,000,00,2,1,17,B02
200500011936,0,07,000,00,2,3,19,A01
200500011936,0,05,000,00,2,1,00,B02
200500011937,0,07,000,00,2,2,01,A01
200500011937,0,01,000,00,2,5,01,B02
200500011938,0,17,000,00,1,2,01,A01
200500011939,0,07,000,00,2,3,13,A01
200500011939,0,07,000,00,2,3,01,B02
200500011940,0,07,000,00,2,6,13,A01
200500011940,0,07,000,00,2,3,01,B02
200500011941,0,07,000,00,2,1,13,A01
200500011941,0,07,000,00,2,1,01,B02
200500011941,0,07,000,00,2,2,21,C03
200500011942,0,07,000,00,2,7,13,A01
200500011942,0,07,000,00,2,1,02,B02
200500011943,0,07,000,02,0,7,13,A01
200500011944,0,07,000,00,0,9,01,A01
200500011945,0,07,000,02,0,2,01,A01
200500011946,0,07,000,01,0,7,01,A01
200500011946,0,07,000,00,2,6,24,B02
200500011946,0,07,000,00,2,1,24,C03
200500011947,0,15,000,00,2,1,02,A01
200500011947,0,07,000,00,0,4,02,B02
200500011948,0,07,000,02,0,7,13,A01
200500011949,0,07,000,02,9,1,01,A01
200500011950,0,07,000,00,0,0,01,A01
200500011951,0,07,000,00,1,2,19,A01
200500011952,0,07,000,13,0,3,01,A01
200500011953,0,03,000,00,2,1,13,A01
200500011953,0,05,000,00,2,8,21,B02
200500011954,0,07,000,00,1,2,15,A01
200500011955,0,05,000,00,0,8,01,A01
200500011956,0,07,000,13,0,8,01,A01
200500011957,0,07,000,00,0,3,15,A01
200500011957,0,02,000,00,0,1,00,B02
200500011958,0,07,000,00,2,1,03,A01
200500011958,0,07,000,00,2,1,03,B02
200500011959,0,07,000,00,2,4,23,A01
200500011959,0,07,000,00,2,4,23,B02
200500011959,0,07,000,00,0,1,02,C03
200500011960,0,17,000,00,0,8,01,A01
200500011961,0,07,000,04,0,3,01,A01
200500011962,0,03,000,00,2,2,15,A01
200500011962,0,02,000,00,2,1,01,B02
200500011963,0,04,000,12,0,1,01,A01
200500011964,0,05,000,00,2,7,15,A01
200500011964,0,02,000,00,2,1,01,B02
200500011965,0,07,000,11,0,1,03,A01
200500011966,0,07,000,03,0,1,01,A01
200500011967,0,17,000,03,0,7,01,A01
200500011968,0,07,000,00,9,3,01,A01
200500011968,0,05,000,00,2,1,01,B02
200500011969,0,07,000,00,2,1,01,A01
200500011970,0,07,000,00,2,3,01,A01
200500011970,0,99,000,00,2,1,15,B02
200500011971,0,07,000,00,2,3,19,A01
200500011971,0,07,000,00,2,2,01,B02
200500011972,0,07,000,00,2,1,01,A01
200500011972,0,07,000,00,2,4,23,B02
200500011973,0,07,000,00,2,7,19,A01
200500011973,0,07,000,00,2,1,01,B02
200500011974,0,07,000,00,2,3,19,A01
200500011974,0,05,000,00,2,6,01,B02
200500011975,0,07,000,13,0,9,17,A01
200500011976,0,07,000,00,2,1,02,A01
200500011976,0,07,000,00,2,4,02,B02
200500011977,0,07,000,00,2,1,15,A01
200500011977,0,02,000,00,2,1,01,B02
200500011977,0,07,000,00,9,3,23,C03
200500011978,0,07,000,00,1,3,21,A01
200500011979,0,17,000,03,0,7,01,A01
200500011980,0,14,000,03,0,1,06,A01
200500011980,0,18,027,00,2,2,01,B02
200500011981,0,07,000,04,0,3,17,A01
200500011981,0,17,000,00,2,8,01,B02
200500011982,0,07,000,03,0,3,01,A01
200500011983,0,07,000,00,2,1,02,A01
200500011983,0,07,000,00,0,4,02,B02
200500011984,0,07,000,04,0,1,01,A01
200500011985,0,02,000,00,2,7,15,A01
200500011985,0,07,000,00,2,3,01,B02
200500011986,0,07,000,03,0,1,01,A01
200500011986,0,07,000,14,2,1,01,B02
200500011986,0,07,000,00,0,0,01,C03
200500011987,0,07,000,00,0,4,01,A01
200500011987,0,07,000,00,0,4,02,B02
200500011987,0,07,000,00,0,4,02,C03
200500011987,0,07,000,00,2,1,02,D04
200500011987,0,07,000,00,0,1,02,E05
200500011988,0,07,000,00,2,1,01,A01
200500011988,0,07,000,00,0,4,01,B02
200500011988,0,07,000,00,2,1,01,C03
200500011988,0,07,000,00,2,1,01,D04
200500011989,0,05,000,00,6,1,01,A01
200500011990,0,07,000,07,0,9,01,A01
200500011991,0,07,000,04,0,2,01,A01
200500011992,0,07,000,00,2,1,01,A01
200500011992,0,07,000,00,2,4,01,B02
200500011993,0,14,000,03,0,2,01,A01
200500011994,0,07,000,02,0,1,01,A01
200500011995,0,07,000,00,0,8,01,A01
200500011995,0,07,000,00,2,2,01,B02
200500011995,0,07,000,00,2,1,01,C03
200500011995,0,07,000,00,0,3,01,D04
200500011995,0,07,000,00,2,1,01,E05
200500011996,0,07,000,13,0,1,01,A01
200500011997,0,05,000,00,2,7,01,A01
200500011997,0,05,000,00,2,8,01,B02
200500011998,0,07,000,04,0,3,01,A01
200500011998,0,07,000,00,2,1,01,B02
200500011998,0,07,000,00,2,1,01,C03
200500011999,0,10,000,00,0,1,02,A01
200500011999,0,17,000,01,0,3,02,B02
200500012000,0,07,000,03,0,1,14,A01
200500012001,0,07,000,13,0,9,02,A01
200500012001,0,07,000,00,2,3,02,B02
200500012001,0,07,000,00,2,1,02,C03
200500012002,0,07,000,00,2,1,02,A01
200500012002,0,07,000,00,2,4,01,B02
200500012002,0,07,000,00,0,4,01,C03
200500012003,0,10,000,13,1,3,01,A01
200500012004,0,07,000,01,0,3,14,A01
200500012004,0,07,000,00,0,5,24,B02
200500012005,0,07,000,00,2,1,01,A01
200500012005,0,17,000,00,2,3,01,B02
200500012005,0,07,000,00,2,8,13,C03
200500012006,0,07,000,03,0,7,14,A01
200500012007,0,07,000,03,2,2,17,A01
200500012007,0,07,000,03,2,8,17,B02
200500012007,0,07,000,00,0,4,23,C03
200500012007,0,07,000,00,2,1,21,D04
200500012008,0,07,000,03,0,1,02,A01
200500012008,0,07,000,00,1,1,01,B02
200500012008,0,07,000,00,1,1,01,C03
200500012009,0,07,000,13,2,8,14,A01
200500012009,0,07,000,00,2,3,01,B02
200500012010,0,07,000,02,0,3,01,A01
200500012011,0,07,000,00,2,2,13,A01
200500012011,0,07,000,00,2,3,01,B02
200500012012,0,17,000,00,0,6,24,A01
200500012012,0,04,000,01,0,1,02,B02
200500012013,0,07,000,04,0,2,01,A01
200500012014,0,07,000,00,0,3,01,A01
200500012015,0,07,000,00,1,4,04,A01
200500012016,0,01,000,00,2,4,19,A01
200500012016,0,07,000,00,2,2,01,B02
200500012017,0,07,000,00,2,1,02,A01
200500012017,0,07,000,00,0,4,02,B02
200500012018,0,07,000,00,1,2,01,A01
200500012019,0,05,000,00,0,7,01,A01
200500012020,0,07,000,00,2,2,12,A01
200500012020,0,07,000,00,0,3,01,B02
200500012021,0,07,000,02,0,1,01,A01
200500012022,0,07,000,04,0,3,01,A01
200500012023,0,02,000,00,2,8,19,A01
200500012023,0,07,000,00,2,2,01,B02
200500012024,0,07,000,08,0,8,01,A01
200500012025,0,07,000,00,1,2,01,A01
200500012026,0,07,000,00,2,3,05,A01
200500012026,0,07,000,00,2,3,00,B02
200500012027,0,07,000,00,2,1,13,A01
200500012027,0,07,000,00,2,1,01,B02
200500012028,0,07,000,00,0,7,15,A01
200500012028,0,07,000,00,2,1,01,B02
200500012029,0,07,000,00,2,2,13,A01
200500012029,0,07,000,00,2,3,01,B02
200500012029,0,07,000,00,2,4,01,C03
200500012029,0,07,000,00,2,4,01,D04
200500012029,0,07,000,00,2,3,01,E05
200500012030,0,07,000,00,2,1,00,B01
200500012030,0,07,000,00,2,3,14,C01
200500012030,0,07,000,09,0,4,04,H01
200500012030,0,07,000,00,2,3,16,D01
200500012030,0,07,000,00,2,1,02,F01
200500012031,0,07,000,00,2,8,15,A01
200500012031,0,05,000,01,2,1,00,B01
200500012032,0,02,000,00,1,1,02,A01
200500012032,0,07,000,00,2,0,02,B01
200500012033,0,07,000,00,9,1,15,A01
200500012033,0,01,000,00,2,1,02,B01
200500012034,0,07,000,01,2,1,13,A01
200500012034,0,07,000,00,2,8,02,B01
200500012035,0,07,000,00,1,1,15,A01
200500012036,0,07,000,00,1,3,11,A01
200500012037,0,01,000,00,0,7,01,B01
200500012037,0,07,000,00,2,1,01,A01
200500012038,0,07,000,00,2,7,23,C01
200500012038,0,05,000,06,2,1,21,A01
200500012038,0,07,000,00,2,2,15,B01
200500012039,0,07,000,00,1,3,02,A01
200500012040,0,07,000,00,1,1,01,A01
200500012041,0,07,000,02,2,6,15,A01
200500012042,0,05,000,00,2,8,02,B01
200500012042,0,07,000,00,2,2,14,A01
200500012043,0,07,000,00,1,1,02,A01
200500012044,0,07,000,00,0,4,23,B01
200500012044,0,07,000,00,2,1,02,A01
200500012045,0,07,000,00,2,0,02,A01
200500012045,0,04,000,00,2,0,02,B01
200500012046,0,07,000,00,2,2,03,B01
200500012046,0,07,000,00,2,1,02,A01
200500012047,0,07,000,00,2,7,01,B01
200500012047,0,07,000,00,2,1,01,A01
200500012048,0,07,000,00,2,1,02,A01
200500012048,0,07,000,00,2,4,01,B01
200500012049,0,07,000,00,1,1,02,A01
200500012050,0,07,000,00,2,3,15,B01
200500012050,0,04,000,00,2,1,17,A01
200500012051,0,07,000,14,0,2,21,A01
200500012052,0,04,000,00,2,1,13,A01
200500012052,0,07,000,00,2,6,02,B01
200500012053,0,10,000,00,2,7,00,A01
200500012053,0,07,000,00,0,0,00,B01
200500012054,0,05,000,00,0,9,02,A01
200500012055,0,04,000,00,2,1,02,A01
200500012055,0,07,000,00,2,3,19,B01
200500012056,0,07,000,00,2,1,01,B01
200500012056,0,07,000,00,2,1,01,A01
200500012056,0,07,000,00,2,1,02,C01
200500012057,0,07,000,00,2,1,02,D01
200500012057,0,07,000,00,0,4,02,A01
200500012057,0,17,000,00,2,1,02,B01
200500012057,0,17,000,00,2,1,02,C01
200500012058,0,07,000,00,2,1,17,A01
200500012058,0,07,000,00,2,8,02,B01
200500012059,0,07,000,00,1,1,12,A01
200500012060,0,05,000,03,0,4,00,A01
200500012061,0,05,000,00,0,8,21,A01
200500012062,0,07,000,00,2,2,12,A01
200500012062,0,05,000,00,2,3,02,B01
200500012063,0,07,000,00,2,2,01,A01
200500012063,0,17,000,00,0,6,01,B01
200500012064,0,99,000,03,0,2,01,A01
200500012065,0,07,000,04,2,2,00,A01
200500012065,0,07,000,00,0,1,17,B01
200500012065,0,07,000,00,0,1,00,C01
200500012066,0,07,000,00,0,6,17,A01
200500012066,0,05,000,00,2,0,17,B01
200500012067,0,10,000,10,2,1,18,A01
200500012067,0,07,000,10,0,2,01,B01
200500012068,0,07,000,00,2,1,17,A01
200500012068,0,07,000,00,0,4,17,B01
200500012069,0,07,000,04,0,2,12,A01
200500012069,0,07,000,00,2,0,00,B01
200500012069,0,07,000,00,0,4,17,C01
200500012069,0,07,000,00,0,0,00,D01
200500012070,0,07,000,04,0,1,01,A01
200500012071,0,07,000,01,0,1,14,A01
200500012071,0,07,000,03,0,4,24,B01
200500012072,0,07,000,13,0,3,01,A01
200500012073,0,02,000,01,2,2,01,B02
200500012073,0,07,000,00,2,2,19,A01
200500012074,0,02,000,08,0,7,01,A01
200500012075,0,07,000,00,1,5,04,A01
200500012076,0,07,000,00,2,5,15,A01
200500012076,0,02,000,00,2,1,01,B02
200500012077,0,07,000,00,2,1,13,A01
200500012077,0,07,000,00,2,1,01,B02
200500012078,0,07,000,06,0,1,01,A01
200500012079,0,07,000,00,2,7,01,A01
200500012079,0,02,000,00,2,1,01,B02
200500012080,0,07,000,00,2,1,01,A01
200500012080,0,02,000,00,2,1,01,B02
200500012081,0,07,000,00,2,3,23,C03
200500012081,0,07,000,00,2,1,15,A01
200500012081,0,07,000,00,2,1,01,B02
200500012082,0,07,000,00,2,1,02,A01
200500012082,0,07,000,00,2,4,02,B02
200500012083,0,07,000,00,2,1,19,C03
200500012083,0,07,000,00,2,1,01,A01
200500012083,0,07,000,00,2,6,01,B02
200500012084,0,07,000,13,0,2,01,A01
200500012085,0,07,000,00,2,3,01,A01
200500012085,0,07,000,00,0,3,01,B02
200500012086,0,07,000,06,0,2,01,A01
200500012087,0,07,000,02,0,2,01,A01
200500012088,0,07,000,02,0,1,00,A01
200500012089,0,07,000,00,0,7,19,A01
200500012089,0,07,000,00,0,1,01,B02
200500012089,0,07,000,00,0,3,23,C03
200500012090,0,99,000,06,0,2,01,A01
200500012091,0,05,000,00,2,8,01,A01
200500012091,0,21,000,00,2,2,15,B02
200500012092,0,07,000,00,2,8,15,A01
200500012092,0,05,000,00,2,2,01,B02
200500012093,0,01,000,00,2,8,01,A01
200500012093,0,07,000,00,2,1,23,B02
200500012094,0,07,000,00,1,9,01,A01
200500012095,0,07,000,00,2,1,13,A01
200500012095,0,07,000,00,2,1,01,B02
200500012096,0,07,000,00,2,3,13,A01
200500012096,0,07,000,00,2,8,01,B02
200500012097,0,07,000,00,2,6,19,A01
200500012097,0,05,000,00,2,1,01,B02
200500012098,0,07,000,00,2,7,01,A01
200500012098,0,07,000,00,2,1,01,B02
200500012099,0,07,000,00,2,3,10,A01
200500012099,0,05,000,00,2,2,17,B02
200500012100,0,07,000,00,0,2,02,A01
200500012100,0,01,000,00,0,5,02,B02
200500012101,0,07,000,00,1,2,17,A01
200500012102,0,04,000,00,0,0,01,A01
200500012103,0,17,000,00,0,0,00,B02
200500012103,0,02,000,00,2,8,10,C03
200500012104,0,07,000,00,2,2,15,A01
200500012104,0,07,000,00,2,1,01,B02
200500012105,0,07,000,00,2,2,17,A01
200500012105,0,07,000,00,2,3,01,B02
200500012106,0,07,000,06,0,1,01,A01
200500012107,0,07,000,00,2,7,13,A01
200500012107,0,07,000,00,2,1,01,B02
200500012108,0,07,000,06,2,8,10,A01
200500012108,0,15,000,00,2,1,13,B02
200500012109,0,07,000,00,2,1,01,A01
200500012109,0,07,000,00,2,1,06,B02
200500012110,0,02,000,00,2,1,05,A01
200500012110,0,99,000,00,2,1,01,B02
200500012111,0,07,000,00,2,1,01,A01
200500012111,0,02,000,00,2,1,01,B02
200500012112,0,07,000,10,0,1,14,A01
200500012113,0,02,000,00,2,3,16,A01
200500012113,0,07,000,00,2,8,01,B02
200500012114,0,07,000,00,9,6,10,A01
200500012114,0,05,000,00,2,1,01,B02
200500012115,0,07,000,00,4,7,01,A01
200500012115,0,19,000,00,2,1,01,B02
200500012116,0,07,000,00,0,7,15,A01
200500012116,0,05,000,00,2,1,01,B02
200500012117,0,07,000,00,2,7,19,A01
200500012117,0,07,000,00,2,3,21,B02
200500012118,0,07,000,00,2,1,13,A01
200500012118,0,13,000,00,2,3,01,B02
200500012119,0,07,000,01,0,2,00,A01
200500012119,0,07,000,00,0,6,00,B02
200500012120,0,07,000,00,2,3,13,A01
200500012120,0,07,000,00,2,8,01,B02
200500012121,0,07,000,00,0,0,00,A01
200500012121,0,01,000,00,2,1,19,B02
200500012122,0,07,000,00,2,1,13,A01
200500012122,0,07,000,00,2,1,16,B02
200500012123,0,07,000,00,2,7,19,A01
200500012123,0,07,000,00,2,1,01,B02
200500012124,0,07,000,00,2,1,01,A01
200500012124,0,07,000,00,0,8,23,B02
200500012125,0,07,000,00,2,3,13,A01
200500012125,0,07,000,00,2,3,01,B02
200500012126,0,07,000,00,2,1,13,A01
200500012126,0,07,000,00,2,1,01,B02
200500012127,0,07,000,00,1,0,01,A01
200500012128,0,07,000,00,0,3,01,A01
200500012129,0,05,000,00,2,1,02,A01
200500012129,0,07,000,00,0,4,00,B02
200500012130,0,05,000,00,0,8,01,A01
200500012131,0,07,000,02,0,8,00,A01
200500012132,0,07,000,00,1,3,01,A01
200500012133,0,05,000,00,2,1,01,A01
200500012133,0,02,000,00,2,1,13,B02
200500012134,0,17,000,02,0,1,01,A01
200500012135,0,02,000,00,2,1,01,A01
200500012135,0,07,000,00,2,5,19,B02
200500012136,0,07,000,00,2,2,15,A01
200500012136,0,05,000,00,2,1,01,B02
200500012137,0,02,000,00,2,1,01,A01
200500012137,0,07,000,00,0,3,01,B02
200500012138,0,07,000,00,0,4,23,A01
200500012138,0,07,000,00,2,1,01,B02
200500012139,0,07,000,00,2,1,01,B02
200500012139,0,07,000,00,2,7,01,A01
200500012140,0,07,000,00,2,1,01,B02
200500012140,0,07,000,00,2,2,19,A01
200500012141,0,07,000,00,2,3,01,A01
200500012141,0,07,000,00,2,1,19,B02
200500012141,0,07,000,00,2,1,00,C03
200500012142,0,07,000,00,0,3,17,A01
200500012143,0,02,000,00,2,1,19,B02
200500012143,0,07,000,00,2,7,01,A01
200500012144,0,02,000,00,2,1,17,A01
200500012144,0,07,000,00,2,8,15,B02
200500012145,0,07,000,00,2,3,02,A01
200500012145,0,02,000,00,2,4,02,B02
200500012146,0,07,000,00,2,3,13,A01
200500012146,0,07,000,00,2,3,01,B02
200500012147,0,07,000,00,2,3,01,A01
200500012147,0,07,000,00,2,5,01,B02
200500012148,0,02,000,00,2,1,13,A01
200500012148,0,07,000,00,2,3,01,B02
200500012149,0,07,000,06,0,1,13,A01
200500012150,0,05,000,00,0,0,21,A01
200500012150,0,02,000,00,0,0,13,B02
200500012151,0,07,000,00,2,1,05,A01
200500012151,0,07,000,00,0,0,00,B02
200500012152,0,07,000,00,2,1,13,A01
200500012152,0,07,000,00,2,1,01,B02
200500012153,0,07,000,00,2,3,01,A01
200500012153,0,04,000,00,2,1,19,B02
200500012154,0,07,000,00,9,2,01,A01
200500012154,0,02,000,00,2,8,19,B02
200500012155,0,07,000,00,2,1,01,A01
200500012155,0,10,000,00,2,7,19,B02
200500012156,0,07,000,00,1,3,00,A01
200500012157,0,99,000,01,0,2,14,A01
200500012158,0,07,000,00,2,1,01,A01
200500012158,0,07,000,00,2,1,00,B02
200500012159,0,07,000,00,2,3,20,A01
200500012159,0,02,000,00,2,1,01,B02
200500012160,0,07,000,00,2,3,01,A01
200500012160,0,07,000,00,2,1,01,B02
200500012161,0,02,000,13,0,2,15,A01
200500012162,0,07,000,00,2,3,01,A01
200500012162,0,07,000,00,0,3,11,B02
200500012163,0,07,000,02,2,2,17,A01
200500012163,0,07,000,00,2,6,01,B02
200500012164,0,07,000,16,0,3,00,A01
200500012165,0,05,000,00,0,7,01,A01
200500012166,0,07,000,13,0,3,01,A01
200500012167,0,07,000,13,0,1,16,A01
200500012168,0,07,000,02,0,3,14,A01
200500012169,0,07,000,00,2,6,19,A01
200500012169,0,07,000,00,2,1,01,B02
200500012170,0,07,000,13,0,1,01,A01
200500012171,0,05,000,00,2,8,01,B02
200500012171,0,07,000,00,2,1,19,A01
200500012172,0,07,000,00,0,0,00,A01
200500012172,0,07,000,00,2,1,13,B02
200500012173,0,15,000,14,0,7,01,A01
200500012174,0,07,000,00,2,1,01,A01
200500012174,0,07,000,00,2,7,13,B02
200500012175,0,02,000,00,0,7,01,A01
200500012176,0,07,000,00,1,1,01,A01
200500012177,0,07,000,00,2,3,01,A01
200500012177,0,02,000,00,2,1,15,B02
200500012178,0,07,000,00,0,4,01,A01
200500012178,0,07,000,00,2,1,02,B02
200500012178,0,07,000,00,2,1,17,C03
200500012178,0,07,000,00,2,1,17,D04
200500012179,0,07,000,01,2,1,13,A01
200500012179,0,07,000,00,2,3,01,B02
200500012179,0,07,000,00,0,8,00,C03
200500012180,0,05,000,01,0,0,00,A01
200500012181,0,07,000,02,0,1,01,A01
200500012182,0,02,000,00,2,8,15,A01
200500012182,0,07,000,00,2,3,01,B02
200500012183,0,07,000,08,0,7,01,A01
200500012184,0,05,000,00,2,2,13,A01
200500012184,0,07,000,00,2,3,13,B02
200500012185,0,05,000,00,2,1,17,A01
200500012185,0,07,000,00,2,3,15,B02
200500012186,0,07,000,00,0,5,23,A01
200500012186,0,07,000,14,0,4,23,B02
200500012186,0,10,000,14,0,1,01,C03
200500012187,0,07,000,00,0,7,02,A01
200500012187,0,05,000,00,0,3,02,B02
200500012188,0,07,000,02,0,7,00,A01
200500012189,0,07,000,00,1,1,01,A01
200500012190,0,07,000,00,0,8,01,A01
200500012190,0,04,000,00,0,1,17,B02
200500012191,0,07,000,02,0,1,01,A01
200500012192,0,07,000,00,2,3,17,A01
200500012192,0,05,000,00,2,1,01,B02
200500012193,0,07,000,00,2,3,13,A01
200500012193,0,07,000,00,2,3,00,B02
200500012194,0,07,000,01,1,2,01,A01
200500012195,0,05,000,12,0,0,01,A01
200500012196,0,07,000,02,0,8,01,A01
200500012197,0,07,000,00,2,2,01,A01
200500012197,0,07,000,00,2,3,09,B02
200500012198,0,15,000,00,2,3,01,A01
200500012198,0,05,000,00,2,1,13,B02
200500012199,0,07,000,00,2,7,01,A01
200500012199,0,07,000,00,2,1,15,B02
200500012200,0,07,000,00,0,9,01,A01
200500012201,0,07,000,00,2,4,01,A01
200500012201,0,07,000,00,2,3,01,B02
200500012202,0,07,000,02,0,1,01,A01
200500012203,0,07,000,00,2,2,01,A01
200500012203,0,02,000,00,2,1,00,B02
200500012204,0,01,000,00,2,1,19,A01
200500012204,0,07,000,00,9,2,01,B02
200500012205,0,07,000,06,2,2,17,A01
200500012205,0,10,000,00,2,3,15,B02
200500012206,0,07,000,00,9,2,01,A01
200500012207,0,05,000,00,0,0,01,A01
200500012208,0,07,000,00,2,3,10,A01
200500012208,0,07,000,00,2,1,02,B02
200500012209,0,07,000,13,0,2,14,A01
200500012210,0,07,000,00,2,2,00,A01
200500012210,0,18,000,00,0,6,00,B02
200500012211,0,07,000,00,2,7,13,A01
200500012211,0,02,000,00,2,3,01,B02
200500012212,0,05,000,00,0,1,13,A01