Num_Acc,senc,catv,occutc,obs,obsm,choc,manv,num_veh
200500012213,0,07,000,00,0,2,01,A01
200500012213,0,02,000,00,0,8,01,B02
200500012214,0,07,000,00,2,1,02,A01
200500012214,0,07,000,00,2,4,02,B02
200500012215,0,07,000,00,2,1,05,A01
200500012215,0,07,000,00,2,1,05,B02
200500012216,0,02,000,16,0,7,01,A01
200500012217,0,10,000,00,2,8,15,A01
200500012217,0,05,000,07,2,7,17,B02
200500012218,0,02,000,00,2,1,01,A01
200500012218,0,07,000,00,2,4,23,B02
200500012219,0,07,000,13,0,1,00,A01
200500012220,0,07,000,13,0,9,01,A01
200500012221,0,07,000,00,2,3,13,A01
200500012221,0,17,000,00,2,3,01,B02
200500012222,0,07,000,14,0,1,01,A01
200500012223,0,07,000,02,0,3,01,A01
200500012224,0,07,000,00,2,1,01,A01
200500012224,0,07,000,00,2,1,19,B02
200500012225,0,05,000,00,2,1,01,A01
200500012225,0,07,000,00,0,5,15,B02
200500012226,0,07,000,00,2,3,01,A01
200500012226,0,02,000,00,2,7,01,B02
200500012227,0,07,000,13,0,2,01,A01
200500012228,0,07,000,02,0,5,01,A01
200500012229,0,07,000,00,2,3,21,A01
200500012229,0,07,000,00,2,1,01,B02
200500012229,0,07,000,00,2,3,01,C03
200500012230,0,07,000,00,2,1,01,A01
200500012230,0,07,000,08,2,8,19,B02
200500012231,0,07,000,00,2,3,19,A01
200500012231,0,07,000,00,2,2,01,B02
200500012232,0,07,000,00,0,2,17,A01
200500012232,0,02,000,00,2,8,01,B02
200500012233,0,07,000,00,0,9,14,A01
200500012234,0,07,000,00,0,1,19,A01
200500012235,0,07,000,00,9,3,09,A01
200500012235,0,01,000,00,2,7,00,B02
200500012236,0,07,000,00,2,1,13,A01
200500012236,0,07,000,00,2,1,01,B02
200500012237,0,07,000,00,1,1,01,A01
200500012238,0,07,000,00,2,2,15,A01
200500012238,0,07,000,00,2,1,01,B02
200500012239,0,02,000,00,1,1,01,A01
200500012240,0,05,000,13,0,1,01,A01
200500012241,0,07,000,01,2,8,01,A01
200500012241,0,02,000,01,0,1,00,B02
200500012242,0,07,000,00,2,1,01,A01
200500012242,0,02,000,00,2,1,13,B02
200500012243,0,07,000,00,0,3,00,A01
200500012243,0,07,000,00,0,6,00,B02
200500012243,0,07,000,00,0,3,00,C03
200500012244,0,07,000,00,2,3,01,A01
200500012244,0,01,000,00,2,2,19,B02
200500012245,0,05,000,00,2,1,01,A01
200500012245,0,07,000,00,9,7,19,B02
200500012246,0,07,000,00,0,1,01,A01
200500012247,0,02,000,00,2,7,19,A01
200500012247,0,07,000,00,2,2,01,B02
200500012248,0,07,000,13,0,1,21,A01
200500012249,0,07,000,02,0,1,01,A01
200500012250,0,07,000,00,0,1,01,A01
200500012251,0,07,000,13,0,3,13,A01
200500012252,0,07,000,00,2,7,15,A01
200500012252,0,05,000,00,2,1,01,B02
200500012253,0,02,000,00,2,1,01,A01
200500012253,0,07,000,00,2,3,01,B02
200500012254,0,07,000,00,2,2,15,A01
200500012254,0,07,000,00,2,8,23,B02
200500012254,0,07,000,00,2,1,01,C03
200500012255,0,02,000,14,0,3,01,A01
200500012255,0,02,000,00,0,5,23,B02
200500012256,0,02,000,00,0,0,00,A01
200500012257,0,02,000,00,0,0,01,A01
200500012258,0,07,000,00,2,7,13,A01
200500012258,0,07,000,00,2,1,01,B02
200500012259,0,02,000,00,2,1,01,B02
200500012259,0,07,000,00,0,3,19,A01
200500012260,0,07,000,00,2,3,13,A01
200500012260,0,07,000,00,2,8,01,B02
200500012261,0,05,000,07,0,1,01,A01
200500012262,0,07,000,00,2,3,19,A01
200500012262,0,02,000,00,2,1,01,B02
200500012263,0,05,000,12,0,1,01,A01
200500012264,0,07,000,00,1,2,01,A01
200500012265,0,07,000,00,2,7,15,A01
200500012265,0,05,000,00,2,1,01,B02
200500012266,0,07,000,13,0,2,01,A01
200500012267,0,07,000,00,1,2,01,A01
200500012268,0,05,000,00,2,1,17,A01
200500012268,0,07,000,00,0,6,15,B02
200500012269,0,07,000,00,9,1,01,A01
200500012269,0,99,000,00,2,7,00,B02
200500012270,0,07,000,00,0,1,13,A01
200500012271,0,07,000,00,2,7,17,A01
200500012271,0,07,000,00,2,8,01,B02
200500012272,0,07,000,00,2,1,19,A01
200500012272,0,07,000,00,2,2,01,B02
200500012273,0,07,000,00,2,3,17,A01
200500012273,0,07,000,00,2,3,01,B02
200500012274,0,02,000,00,0,1,01,A01
200500012275,0,07,000,00,0,9,00,A01
200500012276,0,07,000,00,1,0,01,A01
200500012277,0,07,000,00,2,1,15,A01
200500012277,0,07,000,00,2,1,01,B02
200500012278,0,07,000,00,2,3,01,A01
200500012278,0,07,000,00,2,8,01,B02
200500012279,0,04,000,00,1,0,00,A01
200500012280,0,07,000,00,2,1,15,A01
200500012280,0,05,000,00,2,0,01,B02
200500012281,0,07,000,00,0,1,13,A01
200500012282,0,07,000,00,0,0,00,A01
200500012282,0,14,000,00,2,1,01,B02
200500012283,0,07,000,00,0,1,01,A01
200500012284,0,05,000,06,0,3,17,A01
200500012285,0,07,000,13,0,2,01,A01
200500012286,0,07,000,08,0,1,01,A01
200500012287,0,07,000,00,2,7,13,A01
200500012287,0,07,000,00,2,1,01,B02
200500012288,0,07,000,00,1,5,01,A01
200500012289,0,07,000,00,2,2,15,A01
200500012289,0,02,000,00,2,1,01,B02
200500012290,0,18,001,00,0,8,01,A01
200500012291,0,07,000,00,2,2,01,A01
200500012291,0,07,000,00,2,3,19,B02
200500012292,0,10,000,00,2,1,05,A01
200500012292,0,10,000,00,2,1,01,B02
200500012293,0,05,000,00,2,7,17,A01
200500012293,0,07,000,00,2,6,17,B02
200500012294,0,05,000,00,1,7,01,A01
200500012295,0,07,000,00,1,2,01,A01
200500012296,0,02,000,00,2,1,02,A01
200500012296,0,07,000,00,0,6,02,B02
200500012297,0,07,000,16,0,1,00,A01
200500012298,0,07,000,00,2,1,01,A01
200500012298,0,02,000,00,2,3,01,B02
200500012299,0,07,000,00,0,0,01,A01
200500012300,0,07,000,00,0,1,01,B02
200500012300,0,07,000,00,0,2,19,A01
200500012301,0,07,000,08,2,8,13,A01
200500012301,0,07,000,00,2,7,17,B02
200500012302,0,07,000,00,2,1,01,A01
200500012302,0,07,000,00,2,2,19,B02
200500012303,0,07,000,03,0,2,00,A01
200500012303,0,07,000,00,0,3,00,B02
200500012304,0,07,000,00,2,3,13,A01
200500012304,0,21,000,00,2,3,01,B02
200500012305,0,07,000,00,2,7,19,B02
200500012305,0,07,000,00,2,1,01,A01
200500012306,0,07,000,00,0,1,01,A01
200500012306,0,07,000,00,0,1,01,B02
200500012307,0,07,000,00,2,3,13,A01
200500012307,0,07,000,00,2,2,17,B02
200500012308,0,07,000,00,2,2,21,A01
200500012308,0,05,000,00,0,4,01,B02
200500012309,0,07,000,00,1,3,16,A01
200500012310,0,07,000,00,2,5,15,A01
200500012310,0,02,000,00,0,1,01,B02
200500012311,0,07,000,00,9,1,01,A01
200500012311,0,02,000,00,2,1,15,B02
200500012312,0,07,000,00,9,3,01,A01
200500012312,0,01,000,00,2,6,09,B02
200500012313,0,07,000,00,2,8,19,A01
200500012313,0,02,000,00,2,1,01,B02
200500012314,0,07,000,00,2,3,21,A01
200500012314,0,07,000,00,0,5,15,B02
200500012315,0,07,000,00,2,7,15,A01
200500012315,0,05,000,00,2,1,01,B02
200500012316,0,07,000,00,2,1,13,A01
200500012316,0,07,000,00,2,3,01,B02
200500012317,0,07,000,00,2,8,01,A01
200500012317,0,02,000,00,2,4,16,B02
200500012318,0,02,000,00,5,1,01,A01
200500012319,0,07,000,00,2,2,01,A01
200500012319,0,07,000,00,2,1,01,B02
200500012320,0,07,000,00,2,1,01,A01
200500012320,0,07,000,00,2,4,01,B02
200500012321,0,07,000,01,0,2,02,A01
200500012321,0,16,000,01,0,6,23,B02
200500012322,0,05,000,00,6,1,01,A01
200500012323,0,07,000,00,2,7,15,A01
200500012323,0,05,000,00,2,1,01,B02
200500012324,0,05,000,00,2,1,13,A01
200500012324,0,07,000,00,2,1,01,B02
200500012325,0,07,000,00,2,1,13,A01
200500012325,0,14,000,00,2,3,01,B02
200500012326,0,05,000,00,2,1,01,A01
200500012326,0,21,000,00,2,2,01,B02
200500012327,0,99,000,00,2,1,01,A01
200500012327,0,07,000,00,9,8,01,B02
200500012328,0,03,000,00,0,2,15,A01
200500012328,0,05,000,00,0,1,01,B02
200500012329,0,07,000,00,2,3,13,A01
200500012329,0,05,000,00,2,1,01,B02
200500012330,0,05,000,00,2,1,01,A01
200500012330,0,07,000,00,2,3,01,B02
200500012331,0,07,000,00,2,5,20,A01
200500012331,0,02,000,00,2,1,20,B02
200500012332,0,07,000,06,0,2,01,A01
200500012333,0,07,000,00,1,3,01,A01
200500012334,0,07,000,08,0,8,01,A01
200500012335,0,07,000,02,0,8,01,A01
200500012336,0,07,000,00,2,3,01,A01
200500012336,0,14,000,00,2,3,01,B02
200500012337,0,07,000,00,2,1,15,A01
200500012337,0,01,000,00,2,1,01,B02
200500012338,0,07,000,13,0,1,01,A01
200500012339,0,07,000,13,0,3,21,A01
200500012340,0,07,000,00,2,8,19,A01
200500012340,0,07,000,00,2,1,01,B02
200500012341,0,07,000,00,0,3,04,A01
200500012341,0,02,000,00,0,1,01,B02
200500012342,0,07,000,00,2,2,10,A01
200500012342,0,05,000,00,2,1,01,B02
200500012343,0,07,000,00,2,8,19,A01
200500012343,0,07,000,00,2,1,01,B02
200500012344,0,10,000,00,1,1,01,A01
200500012345,0,07,000,00,0,8,19,A01
200500012345,0,07,000,00,2,2,01,B02
200500012346,0,02,000,00,2,1,15,A01
200500012346,0,07,000,00,2,3,01,B02
200500012347,0,07,000,00,2,3,01,A01
200500012347,0,07,000,00,2,3,01,B02
200500012348,0,07,000,00,2,1,01,B02
200500012348,0,07,000,00,2,8,15,A01
200500012349,0,07,000,00,2,1,01,A01
200500012349,0,99,000,00,2,4,19,B02
200500012350,0,07,000,02,0,1,21,A01
200500012351,0,07,000,13,0,1,01,A01
200500012352,0,05,000,03,0,9,17,A01
200500012353,0,02,000,06,0,1,13,A01
200500012354,0,07,000,00,2,2,19,A01
200500012354,0,05,000,00,2,1,21,B02
200500012355,0,14,000,00,2,2,01,A01
200500012355,0,02,000,00,0,4,01,B02
200500012356,0,05,000,00,2,1,17,A01
200500012356,0,07,000,00,2,3,15,B02
200500012357,0,02,000,00,2,1,05,A01
200500012357,0,07,000,00,2,1,01,B02
200500012358,0,07,000,00,0,1,01,A01
200500012359,0,07,000,00,2,3,13,A01
200500012359,0,15,000,00,2,3,01,B02
200500012359,0,15,000,00,2,3,01,C03
200500012360,0,07,000,00,2,2,02,A01
200500012360,0,02,000,00,0,4,00,B02
200500012361,0,07,000,02,0,3,01,A01
200500012362,0,07,000,00,2,2,01,A01
200500012362,0,07,000,01,2,2,15,B02
200500012362,0,07,000,00,2,3,24,C03
200500012363,0,07,000,00,2,1,13,A01
200500012363,0,07,000,00,2,1,01,B02
200500012364,0,07,000,00,2,2,15,A01
200500012364,0,07,000,00,2,1,01,B02
200500012365,0,07,000,06,0,3,01,A01
200500012366,0,07,000,00,2,5,15,A01
200500012366,0,05,000,00,2,2,01,B02
200500012367,0,05,000,00,1,1,02,A01
200500012368,0,07,000,06,0,1,14,A01
200500012369,0,21,000,00,0,3,01,A01
200500012369,0,07,000,00,2,2,01,B02
200500012370,0,07,000,00,2,6,15,B02
200500012370,0,02,000,00,2,1,01,A01
200500012371,0,07,000,02,0,7,01,A01
200500012372,0,17,000,13,0,8,01,A01
200500012373,0,07,000,00,9,2,01,A01
200500012373,0,01,000,00,2,1,19,B02
200500012374,0,07,000,03,0,1,01,A01
200500012375,0,07,000,00,0,2,01,A01
200500012376,0,05,000,00,2,1,01,A01
200500012376,0,07,000,00,2,3,01,B02
200500012377,0,07,000,00,9,3,01,A01
200500012377,0,01,000,00,2,1,01,B02
200500012378,0,07,000,00,1,1,01,A01
200500012379,0,07,000,00,2,3,01,A01
200500012379,0,07,000,00,0,1,01,B02
200500012380,0,07,000,14,0,1,01,A01
200500012380,0,07,000,14,0,1,01,B02
200500012380,0,07,000,00,0,4,23,C03
200500012381,0,07,000,00,2,8,13,A01
200500012381,0,07,000,00,2,7,17,B02
200500012382,0,07,000,00,2,3,05,A01
200500012382,0,07,000,00,2,3,01,B02
200500012383,0,05,000,00,2,1,01,A01
200500012383,0,20,000,00,2,3,15,B02
200500012384,0,15,000,00,2,2,01,A01
200500012384,0,07,000,00,2,6,00,B02
200500012385,0,07,000,00,0,2,17,A01
200500012385,0,01,000,00,2,3,02,B02
200500012386,0,07,000,00,2,8,19,A01
200500012386,0,07,000,00,2,1,01,B02
200500012387,0,02,000,00,2,7,21,A01
200500012387,0,07,000,00,9,7,21,B02
200500012388,0,07,000,00,2,1,13,A01
200500012388,0,07,000,00,2,1,01,B02
200500012389,0,07,000,00,2,2,01,A01
200500012389,0,07,000,00,2,1,01,B02
200500012390,0,07,000,00,2,3,01,A01
200500012390,0,02,000,00,2,1,13,B02
200500012391,0,07,000,02,0,1,01,A01
200500012392,0,07,000,02,0,1,01,A01
200500012393,0,07,000,00,0,7,10,A01
200500012393,0,05,000,00,2,1,00,B02
200500012394,0,09,000,00,2,2,13,A01
200500012394,0,07,000,00,2,2,01,B02
200500012395,0,05,000,00,2,1,02,A01
200500012395,0,10,000,00,2,4,23,B02
200500012396,0,07,000,00,1,1,01,A01
200500012397,0,05,000,00,0,8,01,A01
200500012397,0,05,000,00,2,1,01,B02
200500012398,0,07,000,00,2,1,13,A01
200500012398,0,14,000,00,2,3,01,B02
200500012399,0,07,000,07,2,1,01,A01
200500012399,0,02,000,12,0,9,16,B02
200500012400,0,05,000,00,2,2,02,A01
200500012400,0,07,000,00,2,8,15,B02
200500012401,0,17,000,00,2,1,01,A01
200500012401,0,07,000,00,2,8,19,B02
200500012402,0,05,000,13,0,1,01,A01
200500012403,0,07,000,13,0,8,01,A01
200500012404,0,07,000,08,0,9,00,A01
200500012405,0,04,000,01,0,1,15,A01
200500012406,0,02,000,06,0,1,01,A01
200500012407,0,07,000,00,2,1,01,A01
200500012407,0,02,000,00,2,4,01,B02
200500012407,0,07,000,00,9,2,01,C03
200500012408,0,07,000,00,2,1,13,A01
200500012408,0,07,000,00,2,1,01,B02
200500012409,0,07,000,00,2,1,01,A01
200500012409,0,07,000,00,2,7,01,B02
200500012410,0,05,000,00,2,1,01,A01
200500012410,0,07,000,00,2,6,11,B02
200500012411,0,07,000,02,0,3,00,A01
200500012412,0,07,000,05,0,0,01,A01
200500012413,0,07,000,00,2,3,00,A01
200500012413,0,07,000,00,2,2,01,B02
200500012414,0,10,000,00,2,3,01,A01
200500012414,0,10,000,00,2,3,01,B02
200500012415,0,07,000,10,0,7,01,A01
200500012416,0,01,000,00,0,8,19,A01
200500012416,0,07,000,00,2,1,01,B02
200500012417,0,07,000,00,9,6,00,A01
200500012417,0,02,000,00,2,6,21,B02
200500012418,0,07,000,00,0,7,15,A01
200500012418,0,07,000,00,2,1,01,B02
200500012419,0,07,000,00,2,3,13,A01
200500012419,0,07,000,00,2,3,00,B02
200500012419,0,07,000,00,2,1,00,C03
200500012420,0,14,000,00,2,0,21,A01
200500012421,0,05,000,05,0,2,01,A01
200500012422,0,07,000,02,0,2,01,A01
200500012423,0,07,000,00,2,1,01,A01
200500012423,0,02,000,00,2,1,00,B02
200500012424,0,07,000,11,0,1,01,A01
200500012425,0,07,000,00,0,1,05,A01
200500012425,0,07,000,00,0,1,01,B02
200500012426,0,02,000,01,0,1,02,A01
200500012427,0,07,000,00,2,1,01,A01
200500012427,0,07,000,00,2,8,19,B02
200500012428,0,02,000,00,0,1,16,A01
200500012429,0,02,000,00,2,1,15,A01
200500012429,0,07,000,00,2,3,01,B02
200500012430,0,07,000,00,0,1,06,A01
200500012430,0,07,000,00,0,8,01,B02
200500012430,0,07,000,00,0,8,23,C03
200500012431,0,07,000,02,0,3,01,A01
200500012432,0,07,000,00,5,1,01,A01
200500012433,0,04,000,00,2,2,01,A01
200500012434,0,07,000,13,0,1,01,A01
200500012435,0,02,000,00,2,8,15,A01
200500012435,0,07,000,00,2,1,01,B02
200500012436,0,05,000,00,2,1,01,A01
200500012436,0,07,000,00,0,6,15,B02
200500012436,0,05,000,00,2,1,01,C03
200500012437,0,07,000,00,2,1,00,A01
200500012437,0,07,000,00,2,1,01,B02
200500012438,0,15,000,00,2,7,13,A01
200500012438,0,15,000,00,2,1,01,B02
200500012439,0,07,000,14,0,9,19,A01
200500012440,0,07,000,00,2,7,19,A01
200500012440,0,07,000,00,2,1,02,B02
200500012441,0,07,000,00,2,3,01,A01
200500012441,0,02,000,00,2,8,01,B02
200500012441,0,02,000,00,2,1,17,C03
200500012442,0,07,000,00,2,1,13,A01
200500012442,0,07,000,00,2,3,01,B02
200500012443,0,07,000,02,0,3,00,A01
200500012443,0,05,000,00,0,1,01,B02
200500012444,0,07,000,00,2,8,19,A01
200500012444,0,07,000,00,2,1,01,B02
200500012445,0,07,000,00,2,3,01,A01
200500012445,0,07,000,00,2,3,01,B02
200500012446,0,07,000,00,2,1,01,A01
200500012446,0,07,000,00,2,2,15,B02
200500012447,0,07,000,08,0,2,01,A01
200500012448,0,07,000,13,0,1,15,A01
200500012449,0,02,000,14,0,1,01,A01
200500012450,0,07,000,00,0,3,00,A01
200500012450,0,07,000,00,0,2,00,B02
200500012451,0,07,000,00,1,1,01,A01
200500012452,0,13,000,00,2,4,04,A01
200500012452,0,04,000,00,2,1,02,B02
200500012453,0,07,000,00,2,7,13,A01
200500012453,0,07,000,00,2,1,01,B02
200500012454,0,05,000,00,2,1,01,A01
200500012454,0,07,000,00,2,3,15,B02
200500012455,0,07,000,13,0,2,01,A01
200500012456,0,02,000,00,1,1,01,A01
200500012457,0,07,000,08,0,6,01,A01
200500012458,0,07,000,00,2,2,15,A01
200500012458,0,05,000,00,2,1,01,B02
200500012459,0,07,000,00,0,5,23,A01
200500012459,0,04,000,00,2,1,01,B02
200500012460,0,17,000,13,0,1,01,A01
200500012461,0,07,000,00,2,3,01,A01
200500012461,0,07,000,00,2,3,01,B02
200500012462,0,07,000,00,9,7,15,A01
200500012462,0,01,000,00,2,1,01,B02
200500012463,0,07,000,13,0,7,14,A01
200500012464,0,07,000,00,2,2,01,A01
200500012464,0,01,000,00,2,8,15,B02
200500012465,0,05,000,13,0,1,13,A01
200500012466,0,07,000,06,0,3,01,A01
200500012467,0,02,000,00,2,1,02,A01
200500012467,0,07,000,00,0,5,17,B02
200500012468,0,07,000,00,2,7,19,A01
200500012468,0,07,000,00,2,1,01,B02
200500012469,0,07,000,00,0,0,00,A01
200500012469,0,07,000,00,2,1,01,B02
200500012470,0,02,000,01,0,1,01,A01
200500012470,0,07,000,00,2,6,24,B02
200500012471,0,10,000,00,2,1,21,A01
200500012471,0,07,000,00,2,7,00,B02
200500012472,0,07,000,00,2,8,15,A01
200500012472,0,07,000,00,2,1,01,B02
200500012473,0,07,000,13,0,3,01,A01
200500012474,0,07,000,00,2,5,01,B02
200500012474,0,05,000,00,2,1,01,A01
200500012475,0,04,000,01,0,2,01,A01
200500012475,0,17,000,00,0,7,23,B02
200500012476,0,07,000,00,1,2,01,A01
200500012477,0,07,000,00,2,1,01,A01
200500012477,0,02,000,00,0,1,15,B02
200500012478,0,07,000,00,2,2,01,A01
200500012478,0,07,000,00,2,1,01,B02
200500012479,0,15,000,00,1,0,01,A01
200500012480,0,05,000,00,0,7,16,A01
200500012481,0,07,000,00,2,1,00,A01
200500012481,0,07,000,00,2,1,01,B02
200500012482,0,07,000,00,2,2,15,A01
200500012482,0,07,000,00,2,1,01,B02
200500012483,0,05,000,00,2,1,17,A01
200500012483,0,21,000,00,2,8,15,B02
200500012484,0,07,000,00,2,8,19,A01
200500012484,0,02,000,00,2,1,01,B02
200500012485,0,02,000,00,2,7,19,A01
200500012485,0,07,000,00,2,1,01,B02
200500012486,0,02,000,00,2,2,01,A01
200500012486,0,07,000,00,2,3,15,B02
200500012487,0,07,000,00,2,3,01,A01
200500012487,0,02,000,00,2,2,01,B02
200500012488,0,07,000,00,2,3,01,A01
200500012488,0,02,000,00,2,1,19,B02
200500012489,0,07,000,00,2,3,15,A01
200500012489,0,07,000,00,2,1,01,B02
200500012489,0,07,000,00,2,8,01,C03
200500012490,0,02,000,00,2,8,19,A01
200500012490,0,07,000,00,2,1,01,B02
200500012491,0,07,000,00,2,2,01,A01
200500012491,0,07,000,00,2,1,01,B02
200500012492,0,07,000,00,1,1,01,A01
200500012493,0,07,000,00,2,2,02,A01
200500012493,0,02,000,00,0,4,02,B02
200500012494,0,07,000,06,0,3,13,A01
200500012495,0,07,000,00,2,3,01,A01
200500012495,0,02,000,00,2,1,13,B02
200500012496,0,07,000,00,1,1,01,A01
200500012497,0,07,000,02,2,1,13,A01
200500012497,0,07,000,02,2,1,01,B02
200500012498,0,02,000,00,2,1,09,A01
200500012498,0,07,000,00,2,6,01,B02
200500012499,0,07,000,00,2,1,15,A01
200500012499,0,07,000,00,2,3,01,B02
200500012500,0,05,000,13,2,7,02,A01
200500012500,0,10,000,00,2,3,02,B02
200500012501,0,05,000,15,0,1,01,A01
200500012502,0,07,000,00,2,1,01,A01
200500012502,0,01,000,00,2,8,01,B02
200500012502,0,01,000,00,2,8,01,C03
200500012503,0,07,000,00,2,6,19,A01
200500012503,0,02,000,00,2,1,01,B02
200500012504,0,07,000,13,0,5,01,A01
200500012505,0,07,000,02,0,4,01,A01
200500012506,0,07,000,00,2,3,13,A01
200500012506,0,07,000,00,2,1,01,B02
200500012507,0,07,000,00,2,8,19,A01
200500012507,0,07,000,00,2,1,01,B02
200500012508,0,07,000,00,2,3,13,A01
200500012508,0,07,000,00,2,3,01,B02
200500012509,0,07,000,06,2,3,14,A01
200500012509,0,07,000,00,0,5,23,B02
200500012510,0,07,000,08,0,1,13,A01
200500012511,0,02,000,00,2,1,01,A01
200500012511,0,07,000,00,2,7,01,B02
200500012512,0,07,000,00,1,1,01,A01
200500012513,0,07,000,15,0,1,00,A01
200500012514,0,07,000,00,2,1,01,A01
200500012514,0,07,000,00,0,4,23,B02
200500012515,0,10,000,00,2,1,02,A01
200500012515,0,07,000,00,2,4,02,B02
200500012516,0,07,000,06,0,1,01,A01
200500012517,0,07,000,00,2,3,01,A01
200500012517,0,18,010,00,2,3,01,B02
200500012518,0,07,000,00,2,3,15,A01
200500012518,0,05,000,00,2,1,17,B02
200500012519,0,07,000,00,2,1,01,A01
200500012519,0,07,000,00,2,7,01,B02
200500012520,0,07,000,00,2,1,02,A01
200500012520,0,07,000,00,0,4,02,B02
200500012521,0,07,000,00,0,7,20,A01
200500012522,0,07,000,00,2,1,01,A01
200500012522,0,07,000,00,0,8,19,B02
200500012523,0,07,000,13,0,1,01,A01
200500012524,0,07,000,00,0,1,02,A01
200500012524,0,07,000,00,0,4,15,B02
200500012525,0,07,000,00,0,7,00,A01
200500012526,0,07,000,00,2,3,01,A01
200500012526,0,07,000,00,2,3,15,B02
200500012527,0,07,000,00,1,1,15,A01
200500012528,0,07,000,00,2,1,01,A01
200500012528,0,07,000,00,2,3,15,B02
200500012529,0,07,000,00,2,3,01,A01
200500012529,0,10,000,00,2,3,13,B02
200500012530,0,07,000,00,9,1,01,A01
200500012530,0,01,000,00,0,4,01,B02
200500012531,0,07,000,16,0,1,01,A01
200500012532,0,07,000,00,1,2,01,A01
200500012533,0,07,000,00,2,2,01,A01
200500012533,0,07,000,00,2,5,15,B02
200500012534,0,07,000,06,0,2,01,A01
200500012535,0,07,000,13,0,1,00,A01
200500012536,0,02,000,00,2,8,01,A01
200500012536,0,07,000,00,2,1,19,B02
200500012537,0,02,000,00,2,4,01,A01
200500012538,2,07,000,00,2,3,13,A01
200500012538,0,10,000,00,2,8,01,B02
200500012538,0,05,000,10,2,8,01,C03
200500012539,0,07,000,00,9,3,01,A01
200500012539,0,01,000,00,2,1,13,B02
200500012540,0,05,000,01,0,4,01,A01
200500012541,0,07,000,00,2,3,01,A01
200500012541,0,07,000,00,2,3,00,B02
200500012542,0,07,000,00,2,2,17,A01
200500012542,0,07,000,00,2,6,01,B02
200500012543,0,07,000,00,0,9,02,A01
200500012544,0,07,000,12,0,1,01,A01
200500012545,0,21,000,00,0,0,01,A01
200500012546,0,05,000,02,0,2,01,A01
200500012547,0,05,000,00,0,8,00,A01
200500012548,0,07,000,02,0,1,01,A01
200500012549,0,07,000,00,0,8,10,A01
200500012549,0,07,000,00,2,1,01,B02
200500012550,0,07,000,00,2,1,01,A01
200500012550,0,07,000,00,2,5,13,B02
200500012551,0,07,000,13,0,9,01,A01
200500012552,0,07,000,13,0,8,13,A01
200500012553,0,14,000,00,0,0,14,A01
200500012554,0,07,000,00,2,3,01,A01
200500012554,0,17,000,00,2,3,01,B02
200500012554,0,07,000,00,2,6,01,C03
200500012555,0,07,000,06,2,2,02,A01
200500012555,0,07,000,00,0,8,15,B02
200500012556,0,05,000,00,1,1,01,A01
200500012557,0,07,000,00,0,0,01,A01
200500012558,0,07,000,00,2,1,01,B02
200500012558,0,07,000,06,2,3,15,A01
200500012559,1,07,000,07,2,3,01,A01
200500012559,0,02,000,00,0,8,15,B02
200500012560,0,05,000,13,0,9,01,A01
200500012561,0,07,000,06,0,1,21,A01
200500012562,0,05,000,08,0,1,01,A01
200500012563,0,17,000,00,2,3,02,A01
200500012563,0,07,000,00,0,5,15,B02
200500012564,0,02,000,03,0,8,01,A01
200500012565,0,07,000,06,0,2,01,A01
200500012566,0,05,000,00,6,1,01,A01
200500012567,0,15,000,02,0,1,01,A01
200500012568,0,07,000,00,2,3,13,A01
200500012568,0,07,000,00,2,3,01,B02
200500012569,0,07,000,06,0,1,01,A01
200500012570,0,07,000,00,2,3,01,A01
200500012570,0,01,000,00,0,1,19,B02
200500012571,0,07,000,00,2,1,13,A01
200500012571,0,07,000,00,2,1,01,B02
200500012572,0,07,000,00,2,3,15,A01
200500012572,0,07,000,00,2,3,16,B02
200500012573,0,07,000,00,0,0,00,A01
200500012574,0,07,000,08,0,1,00,A01
200500012575,0,02,000,00,2,8,01,A01
200500012575,0,07,000,00,2,1,19,B02
200500012576,0,02,000,00,0,7,01,A01
200500012577,0,07,000,02,0,9,01,A01
200500012578,0,02,000,00,0,7,01,A01
200500012579,0,07,000,00,1,3,01,A01
200500012580,0,07,000,00,2,3,17,A01
200500012580,0,03,000,00,2,6,15,B02
200500012581,0,07,000,00,2,8,13,A01
200500012581,0,07,000,13,0,9,01,B02
200500012581,0,07,000,13,2,1,01,C03
200500012582,0,07,000,00,2,3,01,A01
200500012582,0,15,000,00,2,3,01,B02
200500012583,0,07,000,00,2,2,19,A01
200500012583,0,07,000,00,2,3,01,B02
200500012584,0,07,000,06,0,1,01,A01
200500012585,0,07,000,02,0,7,01,A01
200500012586,0,07,000,00,2,1,01,B02
200500012586,0,07,000,00,2,7,01,A01
200500012587,0,07,000,00,2,3,01,A01
200500012587,0,02,000,00,2,1,01,B02
200500012588,0,07,000,00,2,8,15,A01
200500012588,0,15,000,00,2,3,01,B02
200500012589,0,07,000,00,2,1,17,A01
200500012589,0,07,000,00,2,3,01,B02
200500012590,0,07,000,08,0,1,14,A01
200500012591,0,07,000,00,2,1,13,A01
200500012591,0,07,000,00,2,1,01,B02
200500012592,0,07,000,02,0,8,01,A01
200500012593,0,07,000,02,0,3,01,A01
200500012594,0,07,000,08,0,1,01,A01
200500012595,0,07,000,00,0,3,01,A01
200500012596,0,07,000,00,2,7,01,A01
200500012596,0,07,000,00,2,1,19,B02
200500012597,0,07,000,00,2,2,01,A01
200500012597,0,07,000,00,2,5,01,B02
200500012598,0,07,000,06,0,9,01,A01