Num_Acc,senc,catv,occutc,obs,obsm,choc,manv,num_veh
200500012598,0,07,000,13,0,2,01,B02
200500012599,0,07,000,13,0,3,01,A01
200500012600,0,07,000,00,2,3,15,A01
200500012600,0,07,000,00,2,3,01,B02
200500012601,0,02,000,00,2,7,19,A01
200500012601,0,07,000,00,2,2,01,B02
200500012602,0,07,000,00,0,8,00,A01
200500012602,0,07,000,00,2,1,01,B02
200500012603,0,07,000,00,2,1,01,B02
200500012603,0,07,000,00,2,3,19,A01
200500012604,0,07,000,00,1,1,01,A01
200500012605,0,07,000,00,1,3,17,A01
200500012606,0,07,000,13,0,3,13,A01
200500012607,0,07,000,00,2,2,19,A01
200500012607,0,07,000,00,2,1,01,B02
200500012608,0,07,000,00,2,1,19,A01
200500012608,0,05,000,00,2,7,01,B02
200500012609,0,07,000,13,0,1,21,A01
200500012610,0,07,000,00,2,7,13,A01
200500012610,0,07,000,00,2,1,01,B02
200500012611,0,07,000,00,0,5,15,A01
200500012611,0,05,000,00,2,1,01,B02
200500012612,0,05,000,00,2,1,01,A01
200500012612,0,07,000,00,2,2,00,B02
200500012613,0,07,000,06,0,1,01,A01
200500012614,0,21,000,00,2,3,15,A01
200500012614,0,07,000,00,2,2,17,B02
200500012615,0,07,000,08,0,1,13,A01
200500012616,0,05,000,00,2,1,01,A01
200500012616,0,07,000,00,2,1,01,B02
200500012617,0,07,000,00,2,3,19,A01
200500012617,0,05,000,00,2,1,01,B02
200500012618,0,07,000,00,1,3,01,A01
200500012619,0,02,000,00,2,8,19,A01
200500012619,0,07,000,00,9,3,01,B02
200500012620,0,07,000,00,0,0,13,A01
200500012620,0,07,000,00,0,0,00,B02
200500012621,0,14,000,00,0,9,04,A01
200500012622,0,04,000,13,0,1,01,A01
200500012623,0,07,000,00,2,3,13,A01
200500012623,0,07,000,00,2,3,01,B02
200500012624,0,02,000,00,0,7,01,A01
200500012625,0,02,000,13,0,0,01,A01
200500012626,0,07,000,03,0,1,13,A01
200500012627,0,07,000,02,0,1,13,A01
200500012628,0,05,000,00,2,3,13,A01
200500012628,0,07,000,00,2,3,01,B02
200500012629,0,07,000,00,2,1,13,A01
200500012629,0,07,000,00,2,1,01,B02
200500012630,0,07,000,00,0,2,02,A01
200500012631,0,07,000,13,0,9,06,A01
200500012632,0,01,000,00,2,3,10,A01
200500012632,0,07,000,00,2,2,17,B02
200500012633,0,07,000,13,0,9,01,A01
200500012634,0,07,000,09,1,1,20,A01
200500012635,0,17,000,00,0,0,16,A01
200500012636,0,07,000,13,0,1,01,A01
200500012637,0,07,000,00,2,3,01,A01
200500012637,0,07,000,00,2,2,11,B02
200500012638,0,07,000,00,2,1,05,A01
200500012638,0,07,000,00,2,1,02,B02
200500012639,0,17,000,00,2,1,01,A01
200500012639,0,05,000,00,2,7,16,B02
200500012640,0,07,000,00,0,1,01,A01
200500012640,0,10,000,00,2,2,19,B02
200500012641,0,07,000,00,2,3,13,A01
200500012641,0,10,000,00,2,3,01,B02
200500012642,0,07,000,00,2,2,01,A01
200500012642,0,07,000,00,2,2,09,B02
200500012643,0,07,000,00,0,8,19,A01
200500012643,0,07,000,00,2,1,01,B02
200500012644,0,07,000,00,0,9,01,A01
200500012645,0,07,000,03,0,2,01,A01
200500012646,0,02,000,00,2,1,01,A01
200500012646,0,20,000,00,2,4,01,B02
200500012647,0,02,000,00,2,1,01,B02
200500012647,0,07,000,00,0,7,19,A01
200500012648,0,07,000,00,2,4,02,A01
200500012648,0,05,000,00,2,1,02,B02
200500012649,0,07,000,02,0,2,01,A01
200500012650,0,07,000,00,0,0,17,A01
200500012651,0,07,000,00,2,2,01,A01
200500012651,0,07,000,00,2,3,01,B02
200500012652,0,07,000,16,0,1,17,A01
200500012653,0,07,000,00,2,2,01,A01
200500012653,0,07,000,00,0,3,19,B02
200500012654,0,07,000,00,2,1,01,A01
200500012654,0,14,000,00,2,5,23,B02
200500012655,0,07,000,00,2,7,19,A01
200500012655,0,07,000,00,2,1,01,B02
200500012656,0,05,000,13,0,2,01,A01
200500012657,0,07,000,00,2,2,00,A01
200500012657,0,02,000,00,2,7,00,B02
200500012658,0,02,000,00,0,2,01,A01
200500012659,0,07,000,06,0,2,15,A01
200500012660,0,07,000,13,2,1,21,A01
200500012661,0,99,000,08,0,1,00,A01
200500012662,0,07,000,06,0,3,00,A01
200500012663,0,07,000,00,2,3,01,A01
200500012663,0,07,000,00,2,3,01,B02
200500012664,0,07,000,00,2,1,01,A01
200500012664,0,07,000,00,2,4,01,B02
200500012664,0,07,000,00,2,1,01,C03
200500012665,0,07,000,00,2,3,01,A01
200500012665,0,07,000,00,2,3,01,B02
200500012666,0,17,000,00,2,2,01,A01
200500012666,0,07,000,00,2,8,16,B02
200500012667,0,07,000,00,2,1,13,A01
200500012667,0,07,000,00,2,1,01,B02
200500012667,0,07,000,00,2,3,01,C03
200500012667,0,07,000,00,2,1,13,D04
200500012667,0,07,000,00,2,3,01,E05
200500012668,0,07,000,13,0,1,01,A01
200500012669,0,07,000,00,2,2,13,A01
200500012669,0,07,000,00,2,2,01,B02
200500012670,0,07,000,00,0,0,01,A01
200500012671,0,07,000,00,2,1,01,B02
200500012671,0,07,000,00,2,7,01,A01
200500012672,0,10,000,00,2,1,01,B02
200500012672,0,03,000,00,2,7,01,A01
200500012673,0,07,000,00,2,6,19,A01
200500012673,0,05,000,00,2,1,01,B02
200500012674,0,07,000,13,0,1,01,A01
200500012675,0,21,000,00,2,1,16,A01
200500012675,0,07,000,00,2,3,01,B02
200500012676,0,02,000,13,0,1,01,A01
200500012677,0,03,000,00,2,3,01,A01
200500012677,0,07,000,00,2,7,17,B02
200500012678,0,07,000,08,0,1,01,A01
200500012679,0,01,000,00,2,1,19,A01
200500012679,0,07,000,00,2,2,01,B02
200500012680,0,02,000,00,2,1,02,A01
200500012680,0,07,000,00,0,6,02,B02
200500012681,0,07,000,00,2,3,01,A01
200500012681,0,05,000,00,2,1,01,B02
200500012682,0,07,000,00,2,2,15,A01
200500012682,0,07,000,00,2,1,01,B02
200500012682,0,07,000,00,2,8,23,C03
200500012683,0,07,000,02,0,1,00,A01
200500012683,0,07,000,00,2,1,00,B02
200500012684,0,02,000,00,2,7,17,A01
200500012684,0,02,000,00,2,8,01,B02
200500012685,0,07,000,00,2,5,13,A01
200500012685,0,07,000,00,2,2,01,B02
200500012686,0,07,000,02,0,1,13,A01
200500012687,0,17,000,16,0,7,01,A01
200500012688,0,07,000,00,2,1,01,A01
200500012688,0,07,000,00,2,4,19,B02
200500012688,0,07,000,00,2,1,01,C03
200500012689,0,07,000,00,2,2,13,A01
200500012689,0,07,000,00,2,3,01,B02
200500012690,0,10,000,00,2,1,09,A01
200500012690,0,18,001,00,2,7,15,B02
200500012691,0,07,000,13,0,1,01,A01
200500012692,0,07,000,00,0,2,01,A01
200500012693,0,07,000,16,0,6,01,A01
200500012694,0,07,000,00,2,8,01,A01
200500012694,0,07,000,00,2,1,19,B02
200500012695,0,07,000,00,2,3,02,A01
200500012695,0,07,000,00,2,5,15,B02
200500012696,0,07,000,00,2,3,01,A01
200500012696,0,18,020,00,2,3,01,B02
200500012697,0,07,000,00,2,3,01,A01
200500012697,0,07,000,00,0,8,01,B02
200500012698,0,07,000,00,2,6,15,A01
200500012698,0,18,004,00,2,1,01,B02
200500012699,0,07,000,08,0,9,21,A01
200500012700,0,21,000,13,0,7,21,A01
200500012701,0,07,000,00,2,8,09,A01
200500012701,0,07,000,00,2,1,01,B02
200500012702,0,07,000,00,2,7,15,A01
200500012702,0,07,000,00,2,1,01,B02
200500012703,0,05,000,00,2,1,01,A01
200500012703,0,07,000,00,2,7,15,B02
200500012704,0,02,000,00,2,7,01,A01
200500012704,0,07,000,00,2,3,15,B02
200500012705,0,07,000,00,0,0,21,A01
200500012705,0,21,000,00,0,0,00,B02
200500012706,0,07,000,00,2,3,01,A01
200500012706,0,05,000,00,0,8,19,B02
200500012707,0,07,000,02,0,1,01,A01
200500012708,0,07,000,13,0,0,01,A01
200500012709,0,07,000,00,2,2,15,A01
200500012709,0,07,000,00,2,3,01,B02
200500012710,0,17,000,00,0,0,01,A01
200500012710,0,05,000,00,9,1,01,B02
200500012711,0,07,000,00,2,1,01,A01
200500012711,0,01,000,00,2,1,13,B02
200500012712,0,07,000,00,2,3,15,A01
200500012712,0,02,000,00,2,1,01,B02
200500012713,0,07,000,00,2,1,01,A01
200500012713,0,07,000,00,2,1,01,B02
200500012714,0,07,000,00,2,3,15,A01
200500012714,0,05,000,00,2,3,01,B02
200500012715,0,07,000,06,0,1,19,A01
200500012716,0,07,000,00,2,3,13,A01
200500012716,0,07,000,00,2,1,01,B02
200500012717,0,07,000,02,0,0,01,A01
200500012718,0,15,000,00,2,1,02,A01
200500012718,0,21,000,00,2,8,11,B02
200500012719,0,07,000,06,0,1,01,A01
200500012720,0,18,000,00,1,7,16,A01
200500012721,0,07,000,00,0,2,01,A01
200500012722,0,07,000,00,2,1,01,A01
200500012722,0,07,000,00,2,1,13,B02
200500012723,0,07,000,16,6,9,21,A01
200500012724,0,99,000,00,0,6,15,A01
200500012724,0,99,000,00,2,3,02,B02
200500012725,0,07,000,00,2,1,15,A01
200500012725,0,05,000,00,2,1,01,B02
200500012726,0,02,000,00,2,6,13,A01
200500012726,0,07,000,00,9,3,01,B02
200500012727,0,07,000,00,9,2,17,A01
200500012727,0,01,000,00,2,8,15,B02
200500012728,0,07,000,00,1,2,01,A01
200500012729,0,08,000,00,2,7,17,A01
200500012729,0,02,000,00,2,8,01,B02
200500012730,0,07,000,00,2,2,01,B02
200500012730,0,07,000,00,2,3,01,A01
200500012731,0,07,000,00,2,3,19,A01
200500012731,0,07,000,00,2,1,01,B02
200500012732,0,07,000,02,2,1,17,A01
200500012732,0,07,000,00,2,3,15,B02
200500012733,0,07,000,00,2,1,01,A01
200500012733,0,07,000,00,0,8,23,B02
200500012733,0,07,000,00,2,7,19,C03
200500012734,0,07,000,00,2,2,17,A01
200500012734,0,07,000,00,0,6,15,B02
200500012735,0,07,000,00,2,1,01,A01
200500012735,0,07,000,00,2,3,15,B02
200500012736,0,02,000,00,0,7,01,A01
200500012737,0,07,000,00,2,5,19,A01
200500012737,0,05,000,00,2,1,01,B02
200500012738,0,07,000,00,9,2,01,A01
200500012738,0,01,000,00,2,4,15,B02
200500012739,0,07,000,00,0,5,01,A01
200500012739,0,19,000,00,2,2,01,B02
200500012740,0,07,000,00,2,1,15,A01
200500012740,0,05,000,00,2,1,01,B02
200500012741,0,07,000,00,1,2,01,A01
200500012742,0,02,000,00,2,1,01,A01
200500012742,0,07,000,00,0,2,15,B02
200500012743,0,07,000,08,2,4,23,A01
200500012743,0,07,000,00,2,1,01,B02
200500012744,0,07,000,00,0,1,13,A01
200500012745,0,07,000,00,0,9,01,A01
200500012746,0,07,000,06,0,2,14,A01
200500012747,0,07,000,00,0,0,01,A01
200500012748,0,07,000,00,2,1,11,A01
200500012748,0,07,000,00,2,3,01,B02
200500012749,0,05,000,13,0,1,01,A01
200500012750,0,07,000,00,2,1,19,A01
200500012750,0,05,000,00,2,1,01,B02
200500012751,0,01,000,00,2,1,16,A01
200500012751,0,21,000,00,2,7,01,B02
200500012752,0,07,000,00,2,1,13,A01
200500012752,0,07,000,00,2,1,01,B02
200500012753,0,07,000,00,4,2,00,A01
200500012753,0,19,000,00,4,3,01,B02
200500012754,0,07,000,00,2,1,15,A01
200500012754,0,02,000,00,2,1,01,B02
200500012755,0,07,000,13,2,3,01,A01
200500012755,0,18,018,13,2,3,01,B02
200500012756,0,07,000,13,0,3,01,A01
200500012757,0,07,000,13,0,1,13,A01
200500012758,0,02,000,00,2,1,11,A01
200500012758,0,02,000,00,2,1,01,B02
200500012759,0,07,000,13,0,1,13,A01
200500012759,0,07,000,14,0,2,02,B02
200500012760,0,99,000,00,2,3,01,A01
200500012760,0,17,000,00,2,3,13,B02
200500012761,0,07,000,00,2,3,01,A01
200500012761,0,07,000,00,2,3,13,B02
200500012762,0,07,000,06,0,2,01,A01
200500012763,0,02,000,00,0,4,01,A01
200500012763,0,07,000,00,2,1,01,B02
200500012764,0,02,000,00,2,1,01,A01
200500012764,0,07,000,00,2,3,19,B02
200500012765,0,02,000,00,2,1,01,B02
200500012765,0,07,000,00,0,3,19,A01
200500012766,0,14,000,00,0,0,17,A01
200500012767,0,07,000,00,2,2,00,A01
200500012767,0,07,000,00,2,1,01,B02
200500012768,0,07,000,13,0,4,01,A01
200500012769,0,07,000,13,0,2,01,A01
200500012770,0,07,000,00,2,7,13,A01
200500012770,0,07,000,00,2,1,01,B02
200500012771,0,17,000,00,2,1,01,B02
200500012771,0,07,000,00,2,8,19,A01
200500012772,0,07,000,07,0,1,19,A01
200500012773,0,07,000,00,2,3,01,A01
200500012773,0,07,000,00,2,8,01,B02
200500012774,0,07,000,00,2,1,13,A01
200500012774,0,07,000,00,2,3,01,B02
200500012775,0,07,000,06,0,3,01,A01
200500012776,0,07,000,00,2,1,13,A01
200500012776,0,07,000,00,2,1,01,B02
200500012777,0,07,000,00,2,3,19,A01
200500012777,0,07,000,00,2,3,01,B02
200500012778,0,05,000,16,0,3,14,A01
200500012779,0,07,000,00,0,7,19,A01
200500012779,0,07,000,00,2,1,01,B02
200500012779,0,10,000,00,0,1,23,C03
200500012780,0,07,000,00,2,7,15,A01
200500012780,0,07,000,00,2,1,01,B02
200500012781,0,07,000,00,2,8,13,A01
200500012781,0,07,000,00,2,3,01,B02
200500012782,0,07,000,00,2,1,13,A01
200500012782,0,07,000,00,2,8,01,B02
200500012782,0,07,000,00,2,8,01,C03
200500012783,0,07,000,00,2,8,01,A01
200500012783,0,07,000,00,2,1,01,B02
200500012784,0,07,000,00,1,1,01,A01
200500012785,0,07,000,13,0,3,01,A01
200500012786,0,07,000,00,2,3,01,A01
200500012786,0,21,000,00,2,6,01,B02
200500012787,0,07,000,13,0,1,00,A01
200500012788,0,17,000,16,0,7,01,A01
200500012789,0,07,000,00,2,1,13,A01
200500012789,0,07,000,00,2,1,01,B02
200500012790,0,07,000,02,0,3,00,A01
200500012791,0,07,000,02,0,3,13,A01
200500012792,0,07,000,13,0,3,01,A01
200500012793,0,07,000,00,2,3,01,A01
200500012793,0,07,000,00,2,3,05,B02
200500012794,0,07,000,00,2,2,19,A01
200500012794,0,07,000,00,2,1,01,B02
200500012795,0,07,000,00,1,3,01,A01
200500012796,0,02,000,00,2,5,15,A01
200500012796,0,07,000,00,2,1,01,B02
200500012797,0,07,000,10,0,2,01,A01
200500012798,0,07,000,00,2,8,01,A01
200500012798,0,14,000,00,2,3,01,B02
200500012799,0,05,000,00,2,1,01,A01
200500012799,0,07,000,00,2,3,16,B02
200500012800,0,05,000,00,0,7,01,A01
200500012801,0,07,000,00,2,3,01,A01
200500012801,0,07,000,00,2,3,01,B02
200500012802,0,05,000,16,2,2,11,A01
200500012803,0,07,000,00,2,3,13,A01
200500012803,0,14,000,00,2,3,01,B02
200500012803,0,07,000,00,2,8,01,C03
200500012804,0,07,000,00,0,1,00,A01
200500012804,0,07,000,00,0,1,00,B02
200500012805,0,07,000,00,2,1,01,A01
200500012805,0,02,000,00,2,4,02,B02
200500012806,0,02,000,00,2,1,16,B02
200500012806,0,15,000,00,0,3,16,A01
200500012807,0,07,000,08,0,1,01,A01
200500012808,0,07,000,00,2,2,15,A01
200500012808,0,07,000,00,2,1,01,B02
200500012809,0,07,000,00,2,8,09,A01
200500012809,0,01,000,00,2,1,01,B02
200500012810,0,15,000,00,0,0,17,A01
200500012810,0,01,000,00,0,0,01,B02
200500012811,0,07,000,00,2,3,15,A01
200500012811,0,07,000,01,2,3,01,B02
200500012811,0,07,000,00,2,1,24,C03
200500012812,0,02,000,00,2,1,01,A01
200500012812,0,07,000,00,2,3,15,B02
200500012813,0,07,000,00,2,7,01,A01
200500012813,0,07,000,00,2,1,01,B02
200500012814,0,07,000,00,1,3,00,A01
200500012814,0,07,000,00,2,3,00,B02
200500012815,0,07,000,00,0,9,00,A01
200500012816,0,07,000,00,2,1,01,A01
200500012816,0,07,000,00,2,3,01,B02
200500012817,0,07,000,00,2,1,01,B02
200500012817,0,07,000,00,2,8,01,A01
200500012818,0,07,000,16,0,3,16,A01
200500012819,0,07,000,00,2,2,01,A01
200500012819,0,07,000,00,2,3,19,B02
200500012820,0,07,000,02,0,3,01,A01
200500012821,0,07,000,02,0,2,02,A01
200500012822,0,07,000,03,0,5,23,A01
200500012822,0,07,000,01,0,3,01,B02
200500012823,0,07,000,00,2,5,15,A01
200500012823,0,05,000,00,2,2,01,B02
200500012824,0,07,000,00,2,1,13,A01
200500012824,0,07,000,00,2,1,01,B02
200500012825,0,07,000,02,0,8,01,A01
200500012826,0,07,000,00,9,1,02,A01
200500012826,0,01,000,00,2,1,19,B02
200500012827,0,07,000,00,0,1,13,A01
200500012828,0,15,000,00,2,1,01,A01
200500012828,0,07,000,00,2,8,15,B02
200500012829,0,21,000,13,0,3,01,A01
200500012830,0,07,000,14,4,2,04,A01
200500012830,0,19,000,00,2,3,01,B02
200500012831,0,07,000,13,0,1,01,A01
200500012832,0,07,000,13,0,1,01,A01
200500012833,0,07,000,00,2,7,13,A01
200500012833,0,07,000,00,2,1,01,B02
200500012834,0,07,000,00,2,1,01,A01
200500012834,0,07,000,00,2,1,01,B02
200500012835,0,07,000,00,0,8,01,A01
200500012836,0,07,000,06,0,1,14,A01
200500012837,0,07,000,13,0,1,01,A01
200500012838,0,02,000,03,0,1,01,A01
200500012839,0,07,000,00,2,8,17,A01
200500012839,0,05,000,00,2,1,17,B02
200500012840,0,07,000,00,0,1,01,A01
200500012841,0,07,000,00,0,1,02,A01
200500012842,0,07,000,00,2,3,13,A01
200500012842,0,07,000,00,2,2,02,B02
200500012843,0,07,000,16,0,1,14,A01
200500012844,0,02,000,00,2,3,15,A01
200500012844,0,07,000,00,2,7,17,B02
200500012845,0,07,000,00,2,2,15,A01
200500012845,0,07,000,00,2,3,01,B02
200500012846,0,07,000,00,2,0,01,A01
200500012846,0,07,000,00,2,8,01,B02
200500012846,0,07,000,00,2,1,01,C03
200500012847,0,05,000,00,2,2,12,A01
200500012847,0,07,000,00,2,1,01,B02
200500012848,0,07,000,00,2,7,17,A01
200500012848,0,07,000,00,2,1,01,B02
200500012848,0,07,000,00,2,8,01,C03
200500012849,0,07,000,00,2,3,00,A01
200500012849,0,01,000,12,2,4,19,B02
200500012850,0,07,000,00,2,1,01,A01
200500012850,0,07,000,00,2,4,01,B02
200500012851,0,13,000,00,1,3,20,A01
200500012852,0,07,000,01,0,1,13,A01
200500012853,0,07,000,00,2,6,15,A01
200500012853,0,04,000,00,2,1,17,B02
200500012854,0,05,000,00,2,1,13,A01
200500012854,0,07,000,00,2,3,01,B02
200500012855,0,07,000,00,2,2,00,A01
200500012855,0,07,000,00,0,0,00,B02
200500012856,0,07,000,06,0,2,13,A01
200500012857,0,09,000,00,2,3,01,A01
200500012857,0,07,000,00,2,3,13,B02
200500012858,0,02,000,00,2,1,01,A01
200500012858,0,02,000,00,2,7,19,B02
200500012859,0,07,000,00,2,3,13,A01
200500012859,0,17,000,00,2,3,01,B02
200500012860,0,07,000,00,2,7,13,A01
200500012860,0,07,000,00,2,1,01,B02
200500012861,0,07,000,00,2,3,01,A01
200500012861,0,07,000,00,2,3,01,B02
200500012861,0,07,000,00,2,2,01,C03
200500012862,0,07,000,00,2,1,02,A01
200500012862,0,07,000,00,2,6,02,B02
200500012863,0,15,000,00,2,3,00,A01
200500012863,0,07,000,00,2,0,00,B02
200500012864,0,07,000,00,2,2,19,A01
200500012864,0,05,000,00,2,1,01,B02
200500012865,0,07,000,00,1,4,04,A01
200500012866,0,07,000,00,2,6,17,A01
200500012866,0,07,000,00,2,3,01,B02
200500012866,0,07,000,00,2,3,01,C03
200500012866,0,07,000,00,2,3,01,D04
200500012867,0,05,000,00,2,1,02,A01
200500012867,0,02,000,00,0,6,15,B02
200500012868,0,07,000,00,1,2,01,A01
200500012869,0,07,000,00,2,1,01,A01
200500012869,0,07,000,00,2,1,01,B02
200500012870,0,07,000,00,0,3,15,A01
200500012870,0,02,000,00,2,7,01,B02
200500012871,0,07,000,00,2,1,01,A01
200500012871,0,05,000,00,2,8,01,B02
200500012872,0,07,000,00,0,3,01,A01
200500012872,0,05,000,00,2,1,15,B02
200500012873,0,07,000,00,2,1,15,A01
200500012873,0,05,000,00,2,1,01,B02
200500012874,0,07,000,00,2,1,19,A01
200500012874,0,07,000,00,0,0,00,B02
200500012875,0,07,000,03,2,1,00,A01
200500012875,0,07,000,00,2,3,01,B02
200500012875,0,07,000,00,2,1,00,C03
200500012876,0,07,000,00,2,1,19,A01
200500012876,0,07,000,00,0,3,01,B02
200500012876,0,07,000,00,2,1,01,C03
200500012877,0,05,000,00,0,8,01,A01
200500012878,0,07,000,00,1,3,00,A01
200500012879,0,07,000,00,2,1,01,A01
200500012879,0,07,000,00,2,3,19,B02
200500012880,0,07,000,02,0,3,01,A01
200500012881,0,07,000,00,6,3,01,A01
200500012881,0,07,000,00,6,1,01,B02
200500012882,0,07,000,08,0,1,19,A01
200500012883,0,02,000,00,2,1,13,A01
200500012883,0,07,000,00,9,3,01,B02
200500012884,0,07,000,00,2,3,15,A01
200500012884,0,07,000,00,2,1,01,B02
200500012885,0,07,000,13,0,2,01,A01
200500012886,0,07,000,00,2,1,17,A01
200500012886,0,07,000,00,2,4,15,B02
200500012887,0,07,000,08,4,7,01,A01
200500012887,0,19,000,00,2,3,01,B02
200500012888,0,05,000,00,2,3,01,A01
200500012888,0,07,000,00,0,8,09,B02
200500012889,0,07,000,01,0,1,01,A01
200500012890,0,07,000,00,1,2,01,A01
200500012891,0,07,000,00,2,3,13,A01
200500012891,0,02,000,00,2,1,01,B02
200500012892,0,05,000,00,2,0,17,A01
200500012892,0,07,000,03,2,2,01,B02
200500012893,0,07,000,02,2,1,05,A01
200500012893,0,07,000,08,2,3,00,B02
200500012894,0,07,000,00,0,3,15,A01
200500012894,0,07,000,00,0,3,01,B02
200500012895,0,07,000,02,0,3,16,A01
200500012895,0,07,000,00,0,2,02,B02
200500012896,0,07,000,00,2,3,19,A01
200500012896,0,05,000,00,2,4,01,B02
200500012897,0,05,000,13,0,1,01,A01
200500012898,0,07,000,00,2,1,02,A01
200500012898,0,07,000,00,2,8,02,B02
200500012898,0,07,000,00,2,1,02,C03
200500012899,0,07,000,02,0,1,21,A01
200500012900,0,13,000,00,2,8,10,A01
200500012900,0,07,000,00,2,1,02,B02
200500012901,0,10,000,13,2,3,13,A01
200500012901,0,17,000,00,0,0,01,C03
200500012902,0,07,000,02,0,0,01,A01
200500012903,0,07,000,00,2,2,02,A01
200500012903,0,01,000,00,0,4,00,B02
200500012904,0,05,000,00,1,3,01,A01
200500012905,0,07,000,00,2,1,13,A01
200500012905,0,07,000,00,2,3,01,B02
200500012906,0,07,000,00,0,3,05,A01
200500012906,0,10,000,00,0,3,01,B02
200500012907,0,02,000,00,2,1,01,A01
200500012907,0,07,000,00,2,3,15,B02
200500012908,0,17,000,13,0,8,16,A01
200500012909,0,07,000,13,0,2,21,A01
200500012910,0,14,000,13,0,7,21,A01
200500012911,0,02,000,00,0,3,01,A01
200500012911,0,07,000,00,2,8,01,B02
200500012912,0,07,000,06,0,1,01,A01
200500012913,0,07,000,00,2,2,19,A01
200500012913,0,02,000,00,2,1,01,B02
200500012914,0,07,000,00,2,8,13,A01
200500012914,0,07,000,00,2,1,17,B02
200500012915,0,07,000,00,2,2,01,A01
200500012915,0,02,000,00,2,1,15,B02
200500012916,0,10,000,00,2,2,15,A01
200500012916,0,07,000,07,2,8,01,B02
200500012917,0,07,000,00,0,3,19,A01
200500012917,0,07,000,00,2,1,01,B02
200500012918,0,05,000,13,0,8,01,A01
200500012919,0,07,000,00,0,2,21,A01
200500012920,0,07,000,06,0,7,14,A01
200500012921,0,07,000,00,2,3,13,A01
200500012921,0,07,000,00,2,1,01,B02
200500012922,0,01,000,00,2,8,19,B02
200500012923,0,07,000,01,0,2,00,A01
200500012924,0,02,000,00,0,0,01,A01
200500012925,0,07,000,00,2,2,15,A01
200500012925,0,05,000,00,2,1,01,B02
200500012926,0,07,000,00,2,2,19,A01
200500012926,0,07,000,00,2,1,01,B02
200500012927,0,07,000,00,1,3,01,A01
200500012928,0,21,000,00,0,9,10,A01
200500012929,0,02,000,00,2,1,05,A01
200500012929,0,07,000,00,2,1,01,B02
200500012930,0,07,000,02,0,7,01,A01
200500012931,0,07,000,00,2,2,19,A01
200500012931,0,07,000,00,2,3,01,B02
200500012932,0,07,000,00,2,1,01,A01
200500012932,0,07,000,00,2,8,19,B02
200500012933,0,07,000,00,2,5,01,A01
200500012933,0,07,000,00,2,1,01,B02
200500012934,0,07,000,16,0,5,02,A01
200500012934,0,07,000,00,2,3,02,B02
200500012935,0,07,000,00,9,1,01,A01
200500012935,0,01,000,00,2,8,19,B02
200500012936,0,05,000,00,2,7,01,A01
200500012936,0,07,000,00,2,1,19,B02
200500012937,0,07,000,13,0,1,01,A01
200500012938,0,07,000,00,2,2,01,A01
200500012938,0,07,000,00,2,8,15,B02
200500012939,0,07,000,00,2,1,01,A01
200500012939,0,07,000,00,2,4,01,B02
200500012939,0,07,000,00,0,4,01,C03
200500012940,0,07,000,16,0,0,01,A01
200500012941,0,07,000,09,0,1,01,A01
200500012942,0,07,000,00,2,1,17,A01
200500012942,0,07,000,00,2,1,01,B02
200500012943,0,07,000,00,2,3,11,A01
200500012943,0,07,000,00,2,7,01,B02
200500012944,0,07,000,00,2,1,00,A01
200500012944,0,07,000,00,2,4,00,B02
200500012945,0,07,000,00,2,1,21,A01
200500012945,0,07,000,00,2,1,13,B02
200500012946,0,07,000,00,2,7,01,A01
200500012946,0,07,000,00,2,8,13,B02
200500012947,0,07,000,00,2,3,01,A01
200500012947,0,07,000,00,2,3,17,B02
200500012948,0,07,000,00,2,3,15,A01
200500012948,0,04,000,00,2,1,01,B02
200500012949,0,07,000,00,1,2,01,A01
200500012950,0,07,000,08,0,3,01,A01
200500012951,0,09,000,00,0,2,19,A01
200500012951,0,07,000,00,2,1,01,B02
200500012952,0,07,000,00,2,2,15,A01
200500012952,0,07,000,00,2,3,01,B02
200500012953,0,07,000,00,2,2,01,A01
200500012953,0,07,000,00,2,7,19,B02
200500012954,0,07,000,16,0,9,01,A01
200500012955,0,07,000,00,2,1,01,A01
200500012955,0,07,000,00,2,1,01,B02
200500012956,0,07,000,13,0,1,00,A01
200500012957,0,07,000,00,2,5,00,A01
200500012957,0,02,000,00,2,1,00,B02
200500012958,0,07,000,00,2,3,01,A01
200500012958,0,07,000,00,2,3,01,B02
200500012959,0,07,000,00,1,1,01,A01
200500012960,0,05,000,14,0,1,01,A01
200500012961,0,07,000,00,1,1,13,A01
200500012962,0,07,000,13,0,3,13,A01
200500012963,0,10,000,00,2,8,15,A01
200500012963,0,07,000,00,2,1,13,B02
200500012964,0,07,000,01,0,2,01,A01
200500012964,0,07,000,00,2,6,23,B02
200500012965,0,10,000,00,2,1,15,A01
200500012965,0,05,000,00,2,1,01,B02
200500012966,0,07,000,00,2,3,01,A01
200500012966,0,05,000,00,0,4,00,B02
200500012967,0,07,000,06,1,2,15,A01
200500012968,0,07,000,03,2,3,13,A01
200500012968,0,07,000,03,2,6,01,B02
200500012969,0,07,000,01,2,3,20,A01
200500012969,0,07,000,01,2,6,00,B02
200500012969,0,02,000,00,2,1,01,C03
200500012970,0,07,000,00,0,1,01,A01
200500012971,0,07,000,00,2,2,15,A01
200500012971,0,02,000,00,2,1,01,B02
200500012972,0,07,000,00,2,3,15,A01
200500012972,0,02,000,00,2,1,13,B02
200500012973,0,07,000,00,2,1,13,A01
200500012973,0,07,000,00,2,1,01,B02
200500012974,0,07,000,00,0,7,15,A01