Num_Acc,senc,catv,occutc,obs,obsm,choc,manv,num_veh
200500014805,0,07,000,00,2,1,01,A01
200500014805,0,07,000,00,2,1,01,B01
200500014806,0,07,000,02,0,1,01,A01
200500014807,0,05,000,00,0,0,01,A01
200500014808,0,07,000,13,0,9,01,A01
200500014809,0,07,000,00,2,2,01,A01
200500014809,0,07,000,00,2,6,15,B01
200500014810,0,07,000,00,2,1,17,A01
200500014810,0,07,000,00,0,4,13,C01
200500014810,0,07,000,00,0,5,09,B01
200500014811,0,15,000,00,1,2,01,A01
200500014812,0,01,000,00,2,1,15,A01
200500014812,0,07,000,00,2,8,01,B01
200500014813,0,07,000,00,2,1,19,A01
200500014813,0,01,000,00,2,6,01,B01
200500014814,0,07,000,00,2,2,09,A01
200500014814,0,07,000,00,2,1,01,B01
200500014815,0,07,000,00,2,2,15,A01
200500014815,0,07,000,00,2,1,01,B01
200500014815,0,14,000,00,2,3,01,C01
200500014816,0,10,000,00,2,3,13,A01
200500014816,0,07,000,00,2,3,01,B01
200500014817,0,07,000,00,2,1,01,B01
200500014817,0,03,000,00,2,3,19,A01
200500014818,0,07,000,03,0,1,14,A01
200500014819,0,07,000,00,2,6,19,A01
200500014819,0,05,000,00,2,1,01,B01
200500014820,0,07,000,00,2,3,15,A01
200500014820,0,05,000,00,2,3,01,B01
200500014821,0,07,000,00,2,2,15,A01
200500014821,0,01,000,00,2,1,01,B01
200500014822,0,07,000,00,0,9,01,A01
200500014823,0,07,000,00,1,1,01,A01
200500014824,0,07,000,06,0,1,00,A01
200500014825,0,07,000,00,1,3,01,A01
200500014826,0,07,000,00,2,1,01,A01
200500014826,0,07,000,00,2,1,01,B01
200500014827,0,07,000,00,2,8,15,A01
200500014827,0,07,000,00,2,2,17,B01
200500014828,0,07,000,09,0,3,00,A01
200500014828,0,07,000,00,2,3,01,B01
200500014829,0,07,000,00,9,1,09,A01
200500014829,0,01,000,00,2,4,00,B01
200500014830,0,05,000,01,0,1,01,A01
200500014831,0,01,000,00,2,1,01,A01
200500014831,0,14,000,00,2,5,23,B01
200500014832,0,07,000,00,1,1,01,A01
200500014833,0,07,000,00,2,1,01,A01
200500014833,0,07,000,00,2,4,01,B01
200500014834,0,17,000,09,0,2,01,A01
200500014835,0,02,000,00,1,3,01,A01
200500014836,0,07,000,00,2,1,15,A01
200500014836,0,05,000,00,2,1,01,B01
200500014837,0,02,000,08,0,1,01,A01
200500014838,0,10,000,00,2,1,01,A01
200500014838,0,10,000,00,2,1,01,B01
200500014838,0,07,000,00,2,4,15,C01
200500014839,0,02,000,00,0,0,01,A01
200500014840,0,02,000,00,2,1,01,A01
200500014840,0,07,000,00,2,5,15,B01
200500014841,0,07,000,00,2,2,01,B01
200500014841,0,04,000,00,2,1,01,A01
200500014842,0,02,000,04,0,1,01,A01
200500014843,0,07,000,00,2,2,15,A01
200500014843,0,07,000,00,2,1,01,B01
200500014844,0,07,000,00,2,2,15,A01
200500014844,0,02,000,00,2,1,01,B01
200500014845,0,07,000,00,1,1,01,A01
200500014846,0,07,000,00,2,1,09,A01
200500014846,0,01,000,00,2,2,01,B01
200500014847,0,07,000,00,2,4,01,A01
200500014847,1,10,000,00,2,1,01,B01
200500014848,0,07,000,00,2,8,13,A01
200500014848,0,07,000,00,2,7,17,B01
200500014849,0,07,000,00,1,1,01,A01
200500014850,0,07,000,00,9,8,02,A01
200500014850,0,05,000,00,2,1,17,B01
200500014851,0,07,000,00,1,1,01,A01
200500014852,0,07,000,00,9,2,01,A01
200500014852,0,01,000,00,0,4,01,B01
200500014853,1,07,000,00,1,0,00,A01
200500014854,0,07,000,00,1,0,00,A01
200500014855,0,07,000,02,0,0,00,A01
200500014856,0,07,000,00,2,1,05,A01
200500014856,0,07,000,00,2,1,05,B01
200500014857,0,07,000,06,0,1,02,A01
200500014858,0,07,000,06,0,2,20,A01
200500014859,0,07,000,00,2,3,07,A01
200500014859,0,07,000,00,2,6,15,B01
200500014860,0,07,000,07,2,1,15,A01
200500014860,0,07,000,00,2,1,08,B01
200500014861,0,07,000,00,1,7,17,A01
200500014862,0,07,000,00,2,1,13,A01
200500014862,0,07,000,00,2,1,09,B01
200500014863,0,07,000,06,0,2,14,A01
200500014864,0,07,000,00,1,2,01,A01
200500014865,0,07,000,01,1,3,02,A01
200500014865,0,07,000,00,0,0,23,B01
200500014866,0,07,000,00,2,1,02,B01
200500014866,0,07,000,00,2,3,15,A01
200500014867,0,07,000,00,2,2,14,A01
200500014867,0,07,000,02,2,6,14,B01
200500014868,0,07,000,00,1,4,04,A01
200500014869,0,07,000,00,1,5,02,A01
200500014870,0,07,000,00,2,1,05,A01
200500014870,0,07,000,00,2,1,02,B01
200500014871,0,05,000,00,2,1,02,A01
200500014871,0,07,000,00,2,1,02,C01
200500014871,0,07,000,00,2,6,16,B01
200500014872,0,05,000,00,5,1,02,A01
200500014873,0,07,000,00,2,8,15,A01
200500014873,0,07,000,00,2,2,02,B01
200500014874,0,07,000,00,2,5,19,A01
200500014874,0,05,000,00,2,1,02,B01
200500014875,0,02,000,00,2,3,02,A01
200500014875,0,07,000,00,2,5,02,B01
200500014876,0,05,000,00,0,0,02,A01
200500014877,0,07,000,12,0,1,01,A01
200500014878,0,07,000,00,2,1,02,A01
200500014878,0,07,000,00,2,4,02,B01
200500014879,0,07,000,00,2,2,02,A01
200500014879,0,07,000,00,2,1,02,B01
200500014880,0,02,000,01,2,1,02,A01
200500014880,0,07,000,00,2,5,02,C01
200500014881,0,07,000,00,2,3,13,A01
200500014881,0,07,000,00,2,4,01,B01
200500014882,0,20,000,00,1,2,02,A01
200500014883,0,07,000,00,1,3,02,A01
200500014884,0,07,000,00,2,1,09,A01
200500014884,0,01,000,00,2,5,02,B01
200500014885,0,07,000,00,2,4,02,A01
200500014885,0,07,000,00,2,4,02,B01
200500014886,0,07,000,13,0,0,20,A01
200500014887,0,07,000,00,2,3,16,A01
200500014887,0,05,000,00,2,7,02,B01
200500014888,0,07,000,00,2,1,02,A01
200500014888,0,07,000,00,2,1,02,B01
200500014888,0,07,000,00,2,4,02,C01
200500014889,0,07,000,00,1,1,02,A01
200500014890,0,07,000,00,2,1,01,A01
200500014891,0,07,000,13,0,1,02,A01
200500014892,0,07,000,00,2,4,01,A01
200500014892,0,07,000,00,4,2,01,B01
200500014892,0,07,000,00,2,1,01,C01
200500014893,0,07,000,01,0,1,14,A01
200500014894,0,07,000,00,2,0,01,A01
200500014895,0,05,000,00,0,7,02,A01
200500014896,0,07,000,00,2,3,02,A01
200500014897,0,07,000,00,1,3,02,A01
200500014898,0,05,000,15,0,1,01,A01
200500014899,0,07,000,00,1,3,02,A01
200500014900,0,07,000,08,0,9,14,A01
200500014901,0,07,000,00,2,1,02,A01
200500014901,0,01,000,00,0,8,16,B01
200500014902,0,07,000,00,1,1,09,A01
200500014903,0,07,000,00,0,9,13,A01
200500014904,0,05,000,00,2,1,21,B01
200500014904,0,10,000,00,2,7,15,A01
200500014905,0,02,000,00,2,1,21,B01
200500014905,0,07,000,00,2,3,15,A01
200500014906,0,07,000,00,2,1,01,A01
200500014906,0,07,000,00,2,4,02,B01
200500014906,0,07,000,00,2,4,02,C01
200500014907,0,04,000,00,1,8,01,A01
200500014908,0,07,000,00,2,1,01,B01
200500014908,0,07,000,00,2,3,15,A01
200500014909,0,07,000,00,2,7,01,B01
200500014909,0,07,000,00,2,1,01,A01
200500014910,0,07,000,00,2,1,01,A01
200500014910,0,07,000,00,0,4,23,B01
200500014911,0,05,000,00,2,3,02,A01
200500014911,0,07,000,00,2,3,02,B01
200500014912,0,07,000,00,2,2,02,A01
200500014912,0,07,000,00,2,4,02,B01
200500014912,0,05,000,00,2,1,02,C01
200500014913,0,04,000,00,2,7,17,A01
200500014913,0,07,000,00,2,8,15,B01
200500014914,0,07,000,00,1,2,01,A01
200500014915,0,07,000,00,2,9,02,A01
200500014915,0,10,000,00,2,3,02,B01
200500014916,0,07,000,00,2,1,02,A01
200500014916,0,07,000,00,2,4,02,B01
200500014916,0,07,000,00,2,4,02,C01
200500014917,0,07,000,00,0,9,01,A01
200500014918,0,07,000,00,2,3,09,A01
200500014918,0,15,000,00,0,2,01,B01
200500014919,0,07,000,00,2,1,10,A01
200500014919,0,02,000,00,0,1,01,B01
200500014920,0,07,000,00,2,1,01,B01
200500014920,0,07,000,00,2,7,01,A01
200500014921,0,07,000,11,0,7,01,A01
200500014922,0,07,000,08,0,9,01,A01
200500014923,0,05,000,00,2,1,01,B01
200500014923,0,07,000,00,2,3,15,A01
200500014924,0,07,000,00,2,1,15,A01
200500014924,0,02,000,00,2,1,01,B01
200500014925,0,07,000,02,0,1,01,A01
200500014926,0,02,000,01,0,1,01,A01
200500014927,0,07,000,00,2,1,01,A01
200500014927,0,07,000,00,2,1,15,B01
200500014928,0,07,000,01,0,1,14,A01
200500014929,0,07,000,00,2,6,15,A01
200500014929,0,05,000,00,2,1,01,B01
200500014930,0,02,000,00,2,2,13,A01
200500014930,0,07,000,00,2,2,23,B01
200500014931,0,07,000,00,1,1,01,A01
200500014932,0,99,000,00,1,2,01,A01
200500014933,0,99,000,00,1,4,04,A01
200500014934,0,02,000,00,2,7,18,A01
200500014934,0,18,001,00,2,8,07,B01
200500014935,0,07,000,00,1,3,01,A01
200500014936,0,07,000,00,2,2,15,A01
200500014936,0,04,000,00,2,9,01,B01
200500014937,0,01,000,00,2,1,01,A01
200500014937,0,07,000,00,0,1,15,B01
200500014938,0,01,000,00,0,7,01,B01
200500014938,0,07,000,00,0,0,15,A01
200500014939,0,04,000,00,0,2,01,B01
200500014940,0,05,000,00,2,1,01,A01
200500014940,0,01,000,00,2,7,15,B01
200500014941,0,05,000,00,0,9,01,A01
200500014942,0,07,000,00,2,4,09,A01
200500014942,0,07,000,00,2,1,01,B01
200500014943,0,07,000,01,0,1,05,A01
200500014944,0,07,000,00,2,1,01,A01
200500014944,0,07,000,00,2,2,15,B01
200500014945,0,15,000,04,0,8,15,A01
200500014946,0,07,000,00,1,2,20,A01
200500014947,0,07,000,00,2,1,02,A01
200500014947,0,07,000,00,0,4,02,B01
200500014948,1,07,000,00,0,0,12,A01
200500014948,0,05,000,00,2,7,01,B01
200500014949,0,05,000,00,2,7,16,A01
200500014949,0,07,000,00,2,3,01,B01
200500014950,0,02,000,00,2,0,00,A01
200500014950,0,07,000,00,0,2,01,B01
200500014951,0,07,000,00,2,7,01,A01
200500014951,0,99,000,00,2,1,15,B01
200500014952,0,09,000,00,9,9,01,A01
200500014953,0,07,000,00,1,0,01,A01
200500014954,0,07,000,00,0,3,01,B01
200500014954,0,01,000,00,2,1,19,A01
200500014955,0,07,000,00,2,0,02,A01
200500014955,0,10,000,00,0,4,02,B01
200500014956,0,07,000,00,2,2,15,A01
200500014956,0,05,000,00,2,8,01,B01
200500014957,0,02,000,00,2,1,18,A01
200500014957,0,07,000,00,0,4,16,B01
200500014958,0,07,000,00,2,1,15,A01
200500014958,0,05,000,00,0,1,01,B01
200500014959,0,05,000,00,2,1,01,A01
200500014959,0,07,000,00,0,2,15,B01
200500014960,0,05,000,00,2,1,02,A01
200500014960,0,07,000,00,2,4,01,B01
200500014961,0,05,000,00,0,9,13,A01
200500014962,0,04,000,00,2,1,17,A01
200500014962,0,10,000,00,2,3,15,B01
200500014963,0,10,000,00,2,3,01,A01
200500014963,0,05,000,00,2,4,15,B01
200500014964,0,07,000,00,2,1,02,A01
200500014964,0,07,000,00,2,1,02,B01
200500014964,0,07,000,00,2,1,02,C01
200500014964,0,07,000,00,2,4,01,D01
200500014965,0,07,000,00,2,8,01,A01
200500014965,0,07,000,00,2,8,01,B01
200500014966,0,07,000,00,1,6,16,A01
200500014967,0,07,000,00,1,8,01,A01
200500014968,0,07,000,00,9,0,02,A01
200500014968,0,07,000,00,2,4,02,B01
200500014968,0,07,000,00,2,1,02,C01
200500014969,0,07,000,00,2,3,01,A01
200500014970,0,07,000,00,2,1,02,A01
200500014970,0,07,000,00,0,4,02,B01
200500014971,0,07,000,00,2,1,02,A01
200500014971,0,10,000,00,0,9,02,B01
200500014972,0,07,000,00,2,8,13,A01
200500014972,0,14,000,00,2,1,01,B01
200500014973,0,07,000,00,1,3,01,A01
200500014974,0,07,000,00,2,2,17,A01
200500014974,0,01,000,00,2,4,01,B01
200500014975,0,07,000,00,2,1,02,A01
200500014975,0,07,000,00,2,4,02,B01
200500014976,0,07,000,00,2,1,01,A01
200500014977,0,07,000,00,2,1,01,A01
200500014977,0,07,000,00,2,4,23,B01
200500014977,0,07,000,00,2,4,23,C01
200500014977,0,07,000,00,2,4,23,D01
200500014978,0,07,000,00,2,1,02,A01
200500014978,0,10,000,00,0,0,02,B01
200500014979,0,01,000,00,2,4,02,A01
200500014979,0,18,001,00,0,4,02,B01
200500014980,0,07,000,00,2,1,15,A01
200500014980,0,04,000,00,2,8,01,B01
200500014981,0,10,000,00,0,0,12,A01
200500014981,0,05,000,14,0,7,01,B01
200500014982,0,02,000,00,2,1,08,A01
200500014982,0,07,000,00,2,7,15,B01
200500014983,0,07,000,00,2,1,02,A01
200500014983,0,07,000,00,2,4,02,B01
200500014984,0,07,000,00,1,0,15,A01
200500014985,0,07,000,00,1,1,01,A01
200500014986,0,07,000,00,1,1,01,A01
200500014987,0,07,000,00,2,1,01,A01
200500014987,0,10,000,00,2,3,01,B01
200500014988,0,07,000,00,2,1,01,A01
200500014989,0,07,000,00,2,1,02,A01
200500014989,0,07,000,00,2,4,01,B01
200500014990,0,07,000,00,2,1,13,A01
200500014990,0,07,000,00,0,1,01,B01
200500014991,0,02,000,00,2,1,01,A01
200500014991,0,07,000,00,0,1,01,B01
200500014992,0,07,000,00,2,9,01,A01
200500014992,0,07,000,00,2,9,01,B01
200500014993,0,07,000,02,0,3,02,A01
200500014994,0,02,000,00,2,9,01,A01
200500014994,0,07,000,00,0,9,01,B01
200500014995,0,07,000,00,2,3,15,A01
200500014995,0,04,000,00,2,1,01,B01
200500014996,0,07,000,04,0,3,01,A01
200500014997,0,07,000,02,0,1,14,A01
200500014998,0,07,000,06,0,1,14,A01
200500014999,0,07,000,00,2,1,02,A01
200500014999,0,07,000,00,2,4,23,B01
200500014999,0,07,000,00,0,4,23,C01
200500015000,0,02,000,00,2,1,01,A01
200500015000,0,07,000,00,2,3,15,B01
200500015000,0,07,000,00,2,3,16,C01
200500015001,0,07,000,00,2,1,02,A01
200500015001,0,07,000,00,2,4,02,B01
200500015001,0,07,000,00,2,4,02,C01
200500015002,0,07,000,00,2,1,02,A01
200500015002,0,07,000,00,2,4,02,B01
200500015002,0,07,000,00,2,4,02,C01
200500015002,0,07,000,00,2,4,02,D01
200500015003,0,01,000,00,1,1,01,A01
200500015004,0,07,000,00,2,1,13,A01
200500015004,0,07,000,00,2,7,01,B01
200500015005,0,02,000,00,2,1,17,A01
200500015005,0,07,000,00,2,8,15,B01
200500015006,0,05,000,00,0,1,21,B01
200500015006,0,07,000,00,0,0,09,A01
200500015007,0,07,000,00,1,2,14,A01
200500015008,0,07,000,01,2,1,02,A01
200500015008,0,07,000,00,2,5,02,B01
200500015009,0,07,000,00,2,1,02,A01
200500015009,0,07,000,00,2,4,02,B01
200500015010,0,01,000,00,2,1,02,B01
200500015010,0,07,000,00,2,8,02,A01
200500015011,0,05,000,00,2,1,01,A01
200500015011,0,07,000,00,2,2,01,B01
200500015012,0,07,000,00,2,1,15,A01
200500015012,0,07,000,00,2,1,01,B01
200500015013,0,07,000,00,1,1,15,A01
200500015014,0,07,000,00,2,1,02,A01
200500015014,0,07,000,00,2,1,02,B01
200500015014,0,07,000,00,2,4,02,C01
200500015015,0,02,000,00,2,1,02,A01
200500015015,0,07,000,00,2,4,02,B01
200500015016,0,07,000,15,0,7,02,A01
200500015017,0,02,000,00,2,1,01,A01
200500015017,0,07,000,00,0,6,01,B01
200500015018,0,07,000,00,1,2,01,A01
200500015019,0,07,000,00,2,1,01,A01
200500015019,0,07,000,00,2,4,01,B01
200500015020,0,07,000,00,2,1,01,A01
200500015020,0,07,000,00,0,8,01,B01
200500015021,0,07,000,01,0,1,01,A01
200500015021,0,13,000,00,0,4,23,B01
200500015022,0,02,000,00,2,1,17,A01
200500015022,0,07,000,00,0,6,15,B01
200500015023,0,19,000,00,1,2,01,A01
200500015024,0,02,000,00,2,1,01,A01
200500015024,0,07,000,00,2,2,15,B01
200500015025,0,07,000,14,0,4,04,A01
200500015026,0,07,000,00,2,1,01,A01
200500015026,0,07,000,00,2,8,01,B01
200500015027,0,07,000,00,2,3,16,A01
200500015027,0,01,000,00,2,1,19,B01
200500015028,0,07,000,00,1,1,01,A01
200500015029,0,02,000,00,2,1,01,A01
200500015029,0,07,000,00,0,8,01,B01
200500015030,0,07,000,00,2,2,01,A01
200500015030,0,07,000,00,2,1,16,B01
200500015031,0,07,000,15,2,1,01,A01
200500015031,0,07,000,07,2,8,01,B01
200500015032,0,07,000,00,2,1,02,A01
200500015032,0,07,000,00,0,4,21,B01
200500015032,0,07,000,00,2,1,01,C01
200500015032,0,07,000,00,2,4,01,D01
200500015033,0,07,000,00,2,7,01,A01
200500015033,0,07,000,00,2,1,01,B01
200500015034,0,07,000,00,2,4,15,A01
200500015034,0,05,000,00,2,2,01,B01
200500015035,0,07,000,00,2,8,01,A01
200500015035,0,02,000,00,2,1,01,B01
200500015036,0,07,000,00,1,4,04,A01
200500015037,0,07,000,00,2,3,15,A01
200500015037,0,07,000,00,2,1,01,B01
200500015038,0,07,000,00,2,2,09,A01
200500015038,0,02,000,00,2,7,01,B01
200500015039,0,07,000,06,0,1,01,A01
200500015040,0,07,000,00,2,7,15,A01
200500015040,0,05,000,00,2,7,01,B01
200500015041,0,01,000,00,2,1,05,A01
200500015041,0,10,000,00,2,2,16,B01
200500015042,0,02,000,00,2,8,01,A01
200500015042,0,07,000,00,2,2,16,B01
200500015043,0,07,000,00,2,3,09,A01
200500015043,0,02,000,00,2,1,01,B01
200500015044,0,07,000,06,2,1,01,A01
200500015044,0,07,000,00,2,8,01,B01
200500015045,0,07,000,14,0,1,01,A01
200500015045,0,07,000,00,0,4,02,B01
200500015046,0,07,000,00,2,3,17,A01
200500015046,0,05,000,00,2,2,17,B01
200500015047,0,05,000,00,2,3,01,A01
200500015047,0,07,000,00,2,7,15,B01
200500015048,0,05,000,00,2,5,17,A01
200500015048,0,07,000,00,0,3,15,B01
200500015049,0,07,000,00,2,3,15,A01
200500015049,0,02,000,00,2,1,01,B01
200500015050,0,07,000,00,2,3,01,A01
200500015050,0,07,000,00,2,1,15,B01
200500015051,0,07,000,00,2,3,10,A01
200500015051,0,02,000,00,2,1,02,B01
200500015052,0,02,000,00,2,0,00,A01
200500015052,0,07,000,00,2,0,00,B01
200500015053,0,07,000,00,2,7,16,A01
200500015053,0,02,000,00,2,1,02,B01
200500015054,0,18,001,00,1,7,20,A01
200500015055,0,07,000,00,2,1,01,A01
200500015055,0,07,000,00,2,1,01,B01
200500015056,0,07,000,00,2,3,15,A01
200500015056,0,06,000,00,2,3,01,B01
200500015057,0,07,000,00,2,8,15,A01
200500015057,0,05,000,00,2,8,00,B01
200500015058,0,02,000,00,1,1,02,A01
200500015059,0,07,000,00,2,0,00,A01
200500015059,0,07,000,00,2,0,00,B01
200500015060,0,02,000,00,1,0,00,A01
200500015061,0,07,000,00,2,0,00,A01
200500015061,0,07,000,00,2,0,00,B01
200500015062,0,07,000,00,2,2,01,A01
200500015062,0,01,000,00,2,3,01,B01
200500015063,0,07,000,00,2,7,15,A01
200500015063,0,02,000,00,2,1,01,B01
200500015064,0,01,000,00,2,1,01,A01
200500015064,0,07,000,00,1,3,15,B01
200500015065,0,07,000,00,1,4,04,A01
200500015066,0,02,000,12,0,1,01,A01
200500015067,0,01,000,00,2,4,01,A01
200500015067,0,07,000,00,2,8,01,B01
200500015068,0,07,000,00,2,1,02,A01
200500015068,0,07,000,00,0,4,01,B01
200500015069,0,02,000,00,2,1,01,A01
200500015069,0,10,000,00,2,7,16,B01
200500015070,0,07,000,08,0,1,01,A01
200500015071,0,07,000,00,2,5,18,A01
200500015071,0,02,000,00,2,7,01,B01
200500015072,0,07,000,00,2,1,15,A01
200500015072,0,05,000,00,2,1,01,B01
200500015073,0,10,000,00,2,7,01,A01
200500015073,0,02,000,00,2,1,01,B01
200500015074,0,10,000,00,2,7,22,A01
200500015074,0,01,000,14,0,1,01,B01
200500015075,0,01,000,00,2,8,19,A01
200500015075,0,07,000,00,2,1,01,B01
200500015076,0,02,000,00,2,8,01,A01
200500015076,0,07,000,00,2,3,15,B01
200500015077,0,07,000,00,2,1,02,A01
200500015077,0,07,000,00,0,4,02,B01
200500015078,0,07,000,00,2,1,15,A01
200500015078,0,02,000,00,2,1,01,B01
200500015079,0,07,000,06,2,1,01,A01
200500015079,0,07,000,00,2,1,01,B01
200500015080,0,07,000,01,0,1,02,A01
200500015080,0,07,000,00,0,4,23,B01
200500015081,0,07,000,00,2,8,22,A01
200500015081,0,01,000,01,0,1,01,B01
200500015082,0,07,000,00,1,1,01,A01
200500015083,0,07,000,00,2,1,15,A01
200500015083,0,02,000,00,2,1,19,B01
200500015084,0,07,000,00,2,2,15,A01
200500015084,0,07,000,00,2,2,02,B01
200500015085,0,05,000,00,0,1,19,A01
200500015086,0,20,000,00,1,4,20,A01
200500015087,0,02,000,00,2,1,01,A01
200500015087,0,10,000,00,2,1,15,B01
200500015088,0,07,000,00,2,3,01,A01
200500015088,0,07,000,00,2,5,15,B01
200500015089,0,07,000,00,2,7,01,A01
200500015089,0,07,000,00,2,1,01,B01
200500015090,0,07,000,00,9,2,22,A01
200500015090,0,01,000,01,0,0,01,B01
200500015091,0,07,000,00,2,8,22,A01
200500015091,0,01,000,00,2,0,01,B01
200500015091,0,07,000,00,2,2,01,C01
200500015092,0,07,000,00,2,1,19,A01
200500015092,0,01,000,00,2,1,23,B01
200500015093,0,07,000,00,2,8,15,A01
200500015093,0,02,000,00,2,0,00,B01
200500015094,0,07,000,00,1,1,01,A01
200500015095,0,07,000,00,1,3,16,A01
200500015096,0,07,000,00,2,3,01,A01
200500015096,0,01,000,00,2,7,01,B01
200500015097,0,02,000,00,2,3,15,A01
200500015097,0,07,000,00,2,6,01,B01
200500015098,0,05,000,06,2,3,01,A01
200500015098,0,07,000,00,2,2,16,B01
200500015099,0,07,000,00,2,8,15,A01
200500015099,0,05,000,00,2,8,01,B01
200500015100,0,01,000,00,2,1,16,A01
200500015100,0,07,000,00,2,2,01,B01
200500015101,0,07,000,00,2,2,15,A01
200500015101,0,02,000,00,2,1,01,B01
200500015102,0,07,000,00,2,3,23,A01
200500015102,0,02,000,00,2,1,17,B01
200500015103,0,07,000,10,0,9,06,A01
200500015104,0,05,000,00,1,1,01,A01
200500015104,0,07,000,00,2,3,23,B01
200500015105,0,07,000,00,0,3,15,A01
200500015105,0,02,000,00,2,1,01,B01
200500015106,0,18,001,00,1,3,01,A01
200500015107,0,07,000,00,1,1,01,A01
200500015108,0,07,000,00,2,3,15,A01
200500015108,0,02,000,00,0,0,01,B01
200500015109,0,07,000,14,0,1,14,A01
200500015110,0,07,000,00,2,2,20,A01
200500015110,0,04,000,00,2,4,01,B01
200500015111,0,02,000,00,2,1,01,A01
200500015111,0,07,000,00,2,8,01,B01
200500015112,0,07,000,00,2,6,10,A01
200500015112,0,05,000,00,2,7,24,B01
200500015113,0,07,000,00,1,1,01,A01
200500015114,0,07,000,00,2,3,01,A01
200500015114,0,07,000,00,2,1,01,B01
200500015115,0,05,000,00,2,8,09,A01
200500015115,0,07,000,00,2,7,01,B01
200500015115,0,07,000,00,2,6,01,C01
200500015116,0,10,000,00,2,1,01,A01
200500015116,0,07,000,00,0,7,01,B01
200500015117,0,07,000,00,1,1,01,A01
200500015118,0,07,000,00,0,3,01,B01
200500015118,0,07,000,06,2,1,15,A01
200500015119,0,05,000,00,2,1,01,B01
200500015119,0,07,000,00,0,7,15,A01
200500015120,0,07,000,00,2,5,16,A01
200500015120,0,07,000,07,2,1,01,B01
200500015121,0,07,000,00,0,8,19,A01
200500015121,0,07,000,00,2,1,01,B01
200500015122,0,07,000,00,0,2,15,A01
200500015122,0,05,000,00,2,1,01,B01
200500015123,0,07,000,00,2,3,13,A01
200500015123,0,07,000,00,2,3,15,B01
200500015124,0,07,000,00,2,1,01,A01
200500015124,0,07,000,00,2,3,01,B01
200500015125,0,04,000,00,2,1,01,A01
200500015125,0,02,000,00,2,3,01,B01
200500015126,0,05,000,00,2,2,17,A01
200500015126,0,07,000,00,0,8,15,B01
200500015127,0,07,000,00,1,1,01,A01
200500015128,0,07,000,00,2,3,15,A01
200500015128,0,07,000,00,2,3,01,B01
200500015129,0,07,000,00,0,9,01,A01
200500015130,0,02,000,00,2,1,00,A01
200500015130,0,07,000,00,2,4,02,B01
200500015131,0,07,000,00,2,1,23,A01
200500015131,0,05,000,00,2,1,01,B01
200500015132,0,05,000,00,2,5,21,B01
200500015132,0,07,000,00,0,5,01,C01
200500015133,0,07,000,00,2,1,15,A01
200500015133,0,07,000,06,2,1,01,B01
200500015134,0,05,000,00,2,2,01,B01
200500015134,0,07,000,00,2,3,00,A01
200500015135,0,07,000,00,2,1,01,A01
200500015135,0,18,001,00,2,3,15,B01
200500015136,0,05,000,00,2,1,00,A01
200500015137,0,04,000,00,1,1,01,A01
200500015138,0,07,000,00,2,3,01,A01
200500015138,0,07,000,00,2,1,01,B01
200500015139,0,02,000,00,2,1,01,A01
200500015139,0,07,000,00,2,2,15,B01
200500015140,0,07,000,00,9,3,15,A01
200500015140,0,05,000,00,0,1,01,B01
200500015141,0,10,000,00,1,6,04,A01
200500015142,0,05,000,00,2,8,00,B01
200500015142,0,07,000,00,9,1,15,A01
200500015143,0,02,000,00,2,1,01,B01
200500015143,0,07,000,00,2,3,01,A01
200500015144,0,07,000,00,2,3,10,A01
200500015144,0,07,000,00,2,2,01,B01
200500015145,0,05,000,00,2,2,05,A01
200500015145,0,02,000,00,2,1,01,B01
200500015145,0,07,000,00,9,1,01,C01
200500015146,0,07,000,00,2,2,14,A01
200500015146,0,07,000,00,2,6,01,B01
200500015146,0,07,000,00,2,1,00,C01
200500015147,0,14,000,00,2,6,04,A01
200500015147,0,01,000,00,2,1,02,B01
200500015148,0,07,000,00,2,1,13,A01
200500015148,0,07,000,00,2,1,01,B01
200500015149,0,18,001,00,2,3,15,B01
200500015149,0,07,000,00,2,3,01,A01
200500015150,0,07,000,00,0,4,23,B01
200500015151,0,05,000,00,2,1,01,A01
200500015151,0,07,000,00,2,8,15,B01
200500015152,0,07,000,04,0,1,02,A01
200500015153,0,07,000,00,2,3,03,A01
200500015153,0,07,000,00,2,3,01,B01
200500015154,2,07,000,00,2,1,01,A01
200500015154,0,07,000,00,2,7,15,B01
200500015155,0,07,000,00,2,2,00,A01
200500015155,0,07,000,00,2,3,15,B01
200500015156,0,07,000,00,2,7,01,A01
200500015156,0,07,000,00,2,1,01,B01
200500015157,0,07,000,04,0,3,01,A01
200500015158,0,07,000,00,2,1,01,B01
200500015158,0,07,000,00,2,1,09,A01
200500015159,0,19,000,00,1,3,01,A01
200500015159,0,19,000,00,1,1,23,B01
200500015160,0,02,000,00,2,7,01,A01
200500015160,0,07,000,00,2,3,15,B01
200500015161,0,17,000,00,2,7,01,A01
200500015161,0,07,000,00,2,8,23,B01
200500015162,0,10,000,00,2,7,15,A01
200500015162,0,02,000,00,2,1,01,B01
200500015163,0,07,000,00,2,7,15,A01
200500015163,0,02,000,00,2,8,01,B01
200500015164,0,07,000,00,2,7,15,A01
200500015164,0,05,000,00,2,1,18,B01
200500015165,0,07,000,00,2,8,15,A01
200500015165,0,05,000,00,2,1,01,B01
200500015166,0,05,000,00,2,1,01,B01
200500015166,0,07,000,00,2,3,15,A01