Num_Acc,senc,catv,occutc,obs,obsm,choc,manv,num_veh
200500015535,0,05,000,00,1,1,01,A01
200500015536,0,05,000,11,0,8,01,A01
200500015537,0,02,000,00,2,2,01,B01
200500015537,0,07,000,00,2,3,01,A01
200500015538,0,07,000,06,0,3,16,A01
200500015539,0,01,000,00,2,3,01,B01
200500015539,0,07,000,00,2,5,01,A01
200500015540,0,05,000,00,2,1,17,A01
200500015540,0,07,000,00,9,8,15,B01
200500015541,0,07,000,00,1,1,23,A01
200500015542,0,07,000,00,2,3,14,A01
200500015542,0,13,000,00,2,3,21,B01
200500015543,0,07,000,00,2,1,15,A01
200500015543,0,01,000,00,2,8,02,B01
200500015544,0,07,000,14,0,1,07,A01
200500015544,0,07,000,14,2,4,23,B01
200500015544,0,07,000,14,2,4,23,C01
200500015544,0,07,000,00,2,4,23,D01
200500015545,0,07,000,00,0,2,02,A01
200500015545,0,01,000,00,2,1,05,B01
200500015546,0,07,000,00,1,1,02,A01
200500015547,0,02,000,00,2,8,21,B01
200500015547,0,07,000,00,2,6,15,A01
200500015548,0,07,000,00,2,4,02,A01
200500015548,0,07,000,00,2,1,02,B01
200500015549,0,07,000,00,2,1,02,A01
200500015549,0,10,000,00,2,4,23,B01
200500015550,0,07,000,00,9,3,15,A01
200500015550,0,02,000,00,2,1,13,B01
200500015551,0,07,000,00,1,8,02,A01
200500015552,0,07,000,00,1,1,01,A01
200500015552,0,07,000,00,2,1,02,B01
200500015553,0,07,000,00,1,2,02,A01
200500015554,0,02,000,00,2,1,18,A01
200500015554,0,07,000,00,2,2,16,B01
200500015555,0,02,000,00,2,1,17,A01
200500015555,0,07,000,00,2,3,15,B01
200500015556,0,07,000,00,2,1,00,A01
200500015556,0,07,000,00,2,6,15,B01
200500015557,0,07,000,11,0,1,01,A01
200500015558,0,07,000,13,0,1,01,A01
200500015559,0,04,000,00,0,8,01,A01
200500015560,0,07,000,00,2,1,21,A01
200500015560,0,07,000,12,2,4,07,B01
200500015561,0,05,000,00,0,9,21,A01
200500015562,0,05,000,00,2,1,17,A01
200500015562,0,10,000,00,2,2,23,B01
200500015563,0,07,000,00,1,1,21,A01
200500015564,0,07,000,11,0,3,21,A01
200500015565,0,02,000,00,2,1,17,A01
200500015565,0,07,000,00,2,6,15,B01
200500015566,0,02,000,00,0,9,21,A01
200500015567,0,07,000,00,2,3,20,A01
200500015567,0,02,000,00,2,1,21,B01
200500015568,0,07,000,00,2,1,01,A01
200500015568,0,07,000,00,2,8,01,B01
200500015569,0,04,000,00,2,1,01,B01
200500015569,0,07,000,00,2,3,09,A01
200500015570,0,07,000,00,9,2,01,A01
200500015570,0,01,000,00,2,4,02,B01
200500015571,0,07,000,00,2,8,15,A01
200500015571,0,05,000,00,2,7,17,B01
200500015572,0,20,000,00,2,1,02,A01
200500015572,0,07,000,00,2,1,02,B01
200500015572,0,07,000,00,0,0,00,C01
200500015573,0,07,000,00,2,1,01,A01
200500015573,0,07,000,01,2,8,20,B01
200500015574,0,07,000,03,0,7,01,A01
200500015575,0,07,000,00,2,2,01,A01
200500015575,0,17,000,00,0,6,20,B01
200500015576,0,05,000,00,0,8,00,A01
200500015577,0,07,000,00,1,3,01,A01
200500015578,0,07,000,00,2,7,15,A01
200500015578,0,04,000,00,2,1,21,B01
200500015579,0,07,000,00,2,1,15,A01
200500015579,0,07,000,00,2,2,01,B01
200500015580,0,10,000,00,2,1,01,A01
200500015580,0,07,000,00,2,8,01,B01
200500015581,0,07,000,00,2,7,16,A01
200500015581,0,07,000,00,2,1,01,B01
200500015582,0,18,037,00,2,3,15,A01
200500015582,0,07,000,00,2,3,01,B01
200500015583,0,07,000,00,2,3,01,A01
200500015583,0,07,000,00,2,8,01,B01
200500015584,0,02,000,01,0,1,01,A01
200500015585,0,07,000,00,2,1,01,B01
200500015585,0,07,000,00,2,1,00,A01
200500015586,0,18,000,00,1,2,01,A01
200500015587,0,10,000,00,2,1,01,A01
200500015587,0,07,000,00,2,4,23,B01
200500015587,0,07,000,00,2,4,23,C01
200500015588,0,02,000,09,0,1,01,A01
200500015589,0,02,000,00,2,1,21,A01
200500015589,0,07,000,00,2,6,04,B01
200500015590,0,07,000,00,1,1,15,A01
200500015591,0,07,000,00,1,1,01,A01
200500015592,0,07,000,00,1,2,01,A01
200500015593,0,07,000,00,2,1,01,A01
200500015593,0,07,000,00,2,1,23,B01
200500015593,0,07,000,00,2,4,23,C01
200500015594,0,07,000,00,1,1,01,A01
200500015595,0,07,000,00,2,3,15,A01
200500015595,0,04,000,00,2,1,17,B01
200500015596,0,07,000,00,2,3,15,A01
200500015596,0,05,000,00,2,1,17,B01
200500015597,0,07,000,00,2,1,02,A01
200500015597,0,07,000,00,0,4,23,B01
200500015598,0,02,000,00,2,7,01,A01
200500015598,0,07,000,00,2,3,15,B01
200500015599,0,07,000,00,2,3,15,A01
200500015599,0,05,000,00,2,1,01,B01
200500015600,0,07,000,00,2,1,01,A01
200500015600,0,07,000,00,2,8,01,B01
200500015601,0,07,000,00,2,1,16,A01
200500015601,0,07,000,00,0,5,12,B01
200500015602,0,07,000,00,2,7,01,B01
200500015602,0,07,000,00,2,3,01,A01
200500015603,0,07,000,00,1,1,01,A01
200500015604,1,03,000,00,1,0,00,A01
200500015605,0,07,000,00,1,1,01,A01
200500015606,0,02,000,00,2,1,01,A01
200500015606,0,07,000,00,2,7,15,B01
200500015607,0,07,000,00,2,1,09,A01
200500015607,0,07,000,00,0,2,01,B01
200500015608,0,05,000,00,2,1,02,A01
200500015608,1,07,000,00,0,0,02,B01
200500015609,0,07,000,00,2,2,01,B01
200500015609,0,07,000,00,0,3,01,C01
200500015609,0,07,000,00,0,8,19,A01
200500015610,0,07,000,08,0,6,02,A01
200500015610,1,07,000,00,2,1,02,B01
200500015611,0,07,000,00,9,5,16,A01
200500015611,0,01,000,00,2,1,01,B01
200500015612,0,07,000,00,1,7,01,A01
200500015613,0,07,000,00,1,1,16,A01
200500015614,0,07,000,00,1,4,04,A01
200500015615,0,07,000,00,2,1,15,A01
200500015615,0,07,000,00,2,4,15,B01
200500015616,0,07,000,00,2,8,09,A01
200500015616,0,99,000,00,2,1,01,B01
200500015617,0,07,000,00,2,7,01,A01
200500015617,0,07,000,00,2,1,01,B01
200500015618,0,02,000,00,2,1,01,A01
200500015618,0,07,000,00,2,4,01,B01
200500015619,0,07,000,00,2,1,01,A01
200500015619,0,07,000,00,2,4,23,B01
200500015620,0,02,000,00,2,1,01,A01
200500015620,0,07,000,00,2,2,01,B01
200500015621,0,07,000,00,2,1,01,A01
200500015621,0,07,000,00,0,4,15,B01
200500015622,0,07,000,04,0,2,13,A01
200500015622,0,07,000,00,2,1,15,B01
200500015623,0,07,000,13,0,1,01,A01
200500015624,0,07,000,00,2,1,01,A01
200500015624,0,07,000,00,2,1,01,B01
200500015625,0,02,000,16,0,2,01,A01
200500015626,0,18,001,13,0,2,14,A01
200500015627,0,07,000,00,2,7,21,A01
200500015627,0,02,000,00,2,8,13,B01
200500015628,0,07,000,02,0,1,13,A01
200500015629,0,07,000,00,1,1,21,A01
200500015630,0,07,000,13,0,2,01,A01
200500015631,0,07,000,06,0,1,01,A01
200500015632,0,07,000,13,0,0,01,A01
200500015633,0,02,000,00,2,2,12,A01
200500015633,0,07,000,00,2,3,01,B01
200500015634,0,07,000,00,2,3,15,A01
200500015634,0,05,000,00,2,1,01,B01
200500015635,0,07,000,00,2,3,01,A01
200500015635,0,07,000,00,2,1,01,B01
200500015636,0,05,000,01,2,1,01,A01
200500015636,0,07,000,00,2,3,09,B01
200500015637,0,02,000,12,0,2,01,A01
200500015638,0,07,000,00,2,7,01,A01
200500015638,0,02,000,00,2,1,01,B01
200500015639,0,18,000,00,2,1,01,A01
200500015639,0,02,000,00,0,4,23,B01
200500015640,0,02,000,00,2,1,17,A01
200500015640,0,07,000,00,2,8,15,B01
200500015641,0,07,000,06,0,1,01,A01
200500015642,0,07,000,00,2,1,01,A01
200500015642,0,07,000,00,2,4,01,B01
200500015642,0,07,000,00,0,4,23,C01
200500015643,0,05,000,00,2,1,05,B01
200500015643,0,07,000,00,2,2,19,A01
200500015644,0,07,000,00,2,2,15,A01
200500015644,0,05,000,00,2,1,07,B01
200500015645,0,07,000,00,2,2,15,A01
200500015645,0,02,000,00,2,1,01,B01
200500015646,0,02,000,00,2,1,01,A01
200500015646,0,02,000,00,0,8,15,B01
200500015647,0,07,000,01,0,2,01,A01
200500015648,0,07,000,00,2,1,01,A01
200500015648,0,07,000,00,2,2,15,B01
200500015649,0,01,000,00,0,0,01,A01
200500015650,0,07,000,06,0,1,01,A01
200500015651,0,02,000,00,2,1,01,A01
200500015651,0,07,000,00,0,4,15,B01
200500015652,0,07,000,13,0,1,01,A01
200500015653,0,07,000,00,2,8,19,A01
200500015653,0,05,000,00,2,1,01,B01
200500015654,0,07,000,14,0,1,01,A01
200500015655,0,07,000,00,2,3,15,A01
200500015655,0,02,000,00,2,1,01,B01
200500015656,0,07,000,00,1,1,01,A01
200500015657,0,02,000,00,2,2,01,B01
200500015657,0,07,000,00,2,1,09,A01
200500015658,0,02,000,00,2,8,01,A01
200500015658,0,07,000,00,2,6,01,B01
200500015659,0,02,000,00,2,2,19,A01
200500015659,0,07,000,00,2,1,01,B01
200500015660,0,02,000,14,0,1,02,A01
200500015660,0,07,000,00,2,4,23,B01
200500015661,0,01,000,00,2,1,16,A01
200500015661,0,07,000,00,2,3,01,B01
200500015662,0,18,001,00,2,7,16,A01
200500015662,0,01,000,00,2,3,00,B01
200500015663,0,07,000,00,2,6,15,A01
200500015663,0,02,000,00,2,1,01,B01
200500015664,0,07,000,00,2,4,23,A01
200500015664,0,02,000,00,2,1,21,B01
200500015665,0,02,000,00,2,1,01,A01
200500015665,0,07,000,00,2,1,15,B01
200500015666,0,07,000,00,2,5,15,A01
200500015666,0,01,000,00,2,2,21,B01
200500015667,0,07,000,01,0,1,13,A01
200500015668,0,07,000,00,2,2,15,A01
200500015668,0,02,000,00,2,1,01,B01
200500015669,0,07,000,00,2,8,24,A01
200500015669,0,01,000,01,0,1,01,B01
200500015670,0,10,000,00,1,1,01,A01
200500015671,0,07,000,00,2,8,10,A01
200500015671,0,07,000,00,2,1,01,B01
200500015672,0,07,000,00,1,1,01,A01
200500015673,0,07,000,00,2,1,01,A01
200500015673,0,03,000,01,2,4,23,B01
200500015674,0,07,000,00,2,0,23,A01
200500015674,0,07,000,00,2,3,24,B01
200500015675,0,02,000,00,2,1,09,A01
200500015675,0,07,000,00,2,8,01,B01
200500015676,0,02,000,00,1,1,01,A01
200500015677,0,05,000,00,2,1,01,A01
200500015677,0,99,000,00,2,8,09,B01
200500015678,0,05,000,00,0,0,14,A01
200500015679,0,07,000,00,1,7,01,A01
200500015680,0,07,000,00,2,1,01,A01
200500015680,0,07,000,00,2,4,23,B01
200500015681,0,07,000,00,2,1,01,A01
200500015681,0,07,000,00,2,1,01,B01
200500015682,0,07,000,06,0,1,01,A01
200500015683,0,07,000,00,1,1,01,A01
200500015684,0,07,000,00,1,1,01,A01
200500015685,0,07,000,00,1,1,01,A01
200500015686,0,18,062,00,1,2,20,A01
200500015687,0,07,000,02,0,2,01,A01
200500015688,0,07,000,00,2,1,01,B01
200500015688,0,07,000,00,2,8,01,A01
200500015689,0,07,000,00,2,8,10,A01
200500015689,0,07,000,00,2,1,01,B01
200500015690,0,07,000,00,1,2,01,A01
200500015691,0,07,000,00,1,1,01,A01
200500015692,0,07,000,00,1,2,01,A01
200500015693,0,05,000,00,2,1,01,B01
200500015693,0,07,000,00,9,1,15,A01
200500015694,0,07,000,06,1,1,01,A01
200500015695,0,07,000,00,1,1,01,A01
200500015696,0,07,000,00,2,7,01,A01
200500015696,0,07,000,00,2,1,01,B01
200500015697,0,07,000,00,1,4,04,A01
200500015698,0,07,000,00,1,7,21,A01
200500015699,0,07,000,00,1,1,19,A01
200500015700,0,07,000,00,1,1,01,A01
200500015701,0,07,000,00,2,3,01,A01
200500015701,0,07,000,00,2,3,01,B01
200500015702,0,07,000,00,2,1,01,B01
200500015702,0,07,000,00,2,8,14,A01
200500015703,0,07,000,00,2,3,15,A01
200500015703,0,07,000,00,2,3,15,B01
200500015704,0,07,000,00,2,2,15,A01
200500015704,0,07,000,00,2,3,01,B01
200500015705,0,07,000,00,2,1,01,A01
200500015705,0,07,000,00,2,4,23,B01
200500015705,0,07,000,00,1,0,23,C01
200500015706,0,02,000,00,0,1,05,A01
200500015706,0,07,000,00,2,3,15,B01
200500015707,0,02,000,00,2,1,01,A01
200500015707,0,07,000,00,2,3,15,B01
200500015708,0,07,000,00,0,0,11,A01
200500015708,0,05,000,12,0,3,02,B01
200500015708,0,07,000,00,2,1,01,C01
200500015709,0,07,000,14,0,1,02,A01
200500015709,0,07,000,14,0,4,02,B01
200500015709,0,07,000,00,0,4,02,C01
200500015710,0,02,000,00,9,3,01,A01
200500015711,0,07,000,00,2,1,02,A01
200500015711,0,07,000,00,2,4,02,B01
200500015712,0,07,000,00,2,5,16,B01
200500015712,0,01,000,00,2,1,09,A01
200500015713,1,07,000,00,2,1,02,A01
200500015713,0,07,000,00,2,1,02,B01
200500015713,0,07,000,00,2,0,02,C01
200500015713,0,07,000,00,0,4,01,D01
200500015714,0,07,000,00,2,8,19,A01
200500015714,0,02,000,00,2,1,01,B01
200500015715,0,18,001,00,1,7,08,A01
200500015716,1,07,000,00,1,1,01,A01
200500015717,0,07,000,00,1,1,09,A01
200500015718,0,02,000,00,2,1,01,A01
200500015718,0,01,000,00,2,7,19,B01
200500015719,0,07,000,00,2,2,01,A01
200500015719,0,02,000,00,2,2,19,B01
200500015720,0,07,000,00,1,1,01,A01
200500015721,0,01,000,00,2,4,13,A01
200500015721,0,07,000,00,0,4,19,B01
200500015722,0,07,000,00,2,1,01,A01
200500015722,0,07,000,00,0,4,20,B01
200500015723,0,07,000,00,2,1,15,A01
200500015723,0,04,000,00,2,3,16,B01
200500015724,0,05,000,00,2,6,13,A01
200500015724,0,03,000,00,2,6,09,B01
200500015725,0,07,000,00,2,2,19,A01
200500015725,0,07,000,00,2,3,19,B01
200500015726,0,07,000,00,2,3,15,A01
200500015726,0,07,000,00,2,1,21,B01
200500015727,0,07,000,00,1,3,21,A01
200500015727,0,07,000,00,1,0,21,B01
200500015728,0,07,000,13,0,1,02,A01
200500015729,1,04,000,00,1,7,21,A01
200500015730,0,07,000,00,1,2,01,A01
200500015731,0,07,000,00,2,1,13,A01
200500015731,0,15,000,00,2,3,01,B01
200500015732,0,07,000,00,0,0,01,A01
200500015732,0,02,000,00,2,4,15,B01
200500015733,0,07,000,06,0,1,19,A01
200500015734,0,05,000,03,0,1,00,A01
200500015735,0,02,000,02,0,2,13,A01
200500015736,0,07,000,00,1,1,15,A01
200500015737,0,07,000,02,0,1,01,A01
200500015738,0,07,000,00,2,1,01,A01
200500015738,0,07,000,00,2,4,01,B01
200500015739,0,07,000,00,2,8,01,A01
200500015739,0,02,000,00,2,1,01,B01
200500015740,0,07,000,00,2,1,13,A01
200500015740,0,07,000,00,2,1,01,B01
200500015741,0,07,000,00,2,3,01,A01
200500015742,0,01,000,02,2,2,09,A01
200500015742,0,10,000,00,2,1,01,B01
200500015743,0,07,000,00,2,1,01,B01
200500015743,0,07,000,00,2,1,15,A01
200500015744,0,18,000,00,1,6,07,A01
200500015745,0,05,000,00,0,1,13,A01
200500015746,0,01,000,00,2,1,19,A01
200500015746,0,09,000,00,2,1,16,B01
200500015747,1,02,000,00,1,0,00,A01
200500015748,0,07,000,00,1,1,01,A01
200500015748,0,07,000,00,1,6,01,B01
200500015749,0,07,000,06,0,3,13,A01
200500015750,0,05,000,00,2,1,01,A01
200500015750,0,07,000,00,0,8,15,B01
200500015751,0,07,000,13,0,1,01,A01
200500015752,0,10,000,00,2,5,01,A01
200500015752,0,07,000,00,2,1,01,B01
200500015753,0,07,000,00,1,1,01,A01
200500015754,0,07,000,08,0,1,16,A01
200500015755,0,07,000,01,2,3,01,A01
200500015755,0,07,000,00,2,2,01,B01
200500015756,1,07,000,00,2,1,15,A01
200500015756,0,01,000,00,2,1,01,B01
200500015757,0,07,000,00,1,2,02,A01
200500015758,0,07,000,00,1,1,21,A01
200500015759,0,07,000,00,1,5,01,A01
200500015760,0,07,000,00,2,1,01,A01
200500015760,0,07,000,00,2,4,23,B01
200500015761,0,07,000,00,2,1,01,A01
200500015761,0,07,000,00,2,3,02,B01
200500015762,0,07,000,00,2,7,15,A01
200500015762,0,07,000,00,2,8,02,B01
200500015763,0,07,000,00,2,1,02,A01
200500015763,0,07,000,00,2,1,02,B01
200500015764,0,10,000,00,1,1,02,A01
200500015765,0,07,000,00,2,1,15,B01
200500015765,0,07,000,09,2,2,01,A01
200500015766,0,07,000,08,2,1,01,A01
200500015766,0,07,000,00,2,1,01,B01
200500015767,0,07,000,00,2,2,15,A01
200500015767,0,07,000,00,2,1,01,B01
200500015768,0,05,000,00,2,1,17,A01
200500015768,0,07,000,00,2,1,01,B01
200500015768,0,07,000,00,2,6,15,C01
200500015769,0,07,000,00,2,1,02,A01
200500015769,0,07,000,00,2,8,02,B01
200500015770,0,05,000,00,2,1,01,A01
200500015770,0,07,000,00,2,1,01,B01
200500015771,1,05,000,00,0,0,05,A01
200500015771,0,07,000,00,1,5,21,B01
200500015772,0,07,000,00,9,2,16,A01
200500015772,0,02,000,00,2,3,15,B01
200500015773,0,07,000,00,2,1,20,A01
200500015773,0,05,000,00,2,1,01,B01
200500015774,0,07,000,00,1,1,02,B01
200500015775,0,01,000,00,2,3,11,A01
200500015775,0,07,000,00,9,5,01,B01
200500015776,0,07,000,00,1,1,15,B01
200500015777,0,18,000,00,1,2,01,B01
200500015778,0,07,000,00,2,2,09,A01
200500015778,0,05,000,00,2,1,02,B01
200500015779,0,05,000,00,2,1,01,B01
200500015779,0,07,000,00,9,5,15,A01
200500015780,0,07,000,00,2,8,10,A01
200500015780,0,07,000,00,2,1,01,B01
200500015781,0,07,000,00,1,2,02,A01
200500015782,0,04,000,00,2,1,17,A01
200500015782,0,07,000,00,2,1,01,B01
200500015783,0,07,000,00,1,1,01,B01
200500015784,2,07,000,00,2,4,04,A01
200500015784,0,07,000,00,2,1,02,B01
200500015785,0,07,000,00,2,1,01,B01
200500015785,0,07,000,00,2,1,01,A01
200500015786,0,07,000,00,2,1,15,A01
200500015786,0,05,000,00,2,1,17,B01
200500015787,0,07,000,00,1,2,02,A01
200500015788,0,05,000,00,2,1,03,A01
200500015788,0,07,000,00,2,6,02,B01
200500015789,0,07,000,00,2,1,15,A01
200500015789,0,01,000,00,2,1,02,B01
200500015790,1,07,000,00,2,1,02,A01
200500015790,0,07,000,00,2,4,23,B01
200500015791,0,07,000,02,0,1,01,A01
200500015792,0,05,000,00,0,1,02,A01
200500015793,0,07,000,00,1,7,01,A01
200500015794,0,07,000,01,2,1,02,B01
200500015794,0,07,000,00,2,2,02,A01
200500015795,0,07,000,00,2,1,15,A01
200500015795,0,01,000,00,2,1,01,B01
200500015796,0,07,000,00,1,3,02,A01
200500015797,1,07,000,00,1,0,02,A01
200500015798,0,07,000,00,2,5,23,A01
200500015798,0,04,000,01,0,1,01,B01
200500015799,0,07,000,09,1,1,02,A01
200500015800,0,07,000,00,2,3,15,A01
200500015800,0,05,000,00,2,1,17,B01
200500015801,0,08,000,00,2,6,02,A01
200500015801,0,02,000,00,2,1,02,B01
200500015802,0,07,000,00,1,4,04,A01
200500015803,0,07,000,00,2,9,02,B01
200500015803,1,07,000,00,2,0,15,A01
200500015804,0,07,000,09,0,1,13,A01
200500015805,0,07,000,00,2,1,23,A01
200500015805,0,01,000,00,2,1,02,B01
200500015806,0,07,000,03,0,1,02,A01
200500015807,0,07,000,00,2,2,15,A01
200500015807,0,07,000,00,2,1,01,B01
200500015808,0,07,000,00,1,3,02,B01
200500015809,0,07,000,01,0,1,01,A01
200500015810,0,14,000,00,9,8,01,A01
200500015811,0,01,000,00,1,0,01,A01
200500015812,0,02,000,00,2,1,01,A01
200500015812,0,07,000,00,0,1,15,B01
200500015813,0,07,000,06,0,1,01,A01
200500015814,1,07,000,00,1,0,02,A01
200500015815,0,07,000,00,2,1,01,A01
200500015815,0,07,000,00,0,4,01,B01
200500015816,0,07,000,00,1,0,02,A01
200500015817,0,07,000,00,1,0,16,A01
200500015818,0,13,000,00,1,0,02,A01
200500015819,0,07,000,00,1,1,01,A01
200500015820,0,07,000,00,2,1,01,A01
200500015820,0,07,000,00,2,3,15,B01
200500015821,0,02,000,00,2,1,15,A01
200500015821,0,07,000,00,9,3,01,B01
200500015822,1,07,000,00,9,0,01,A01
200500015822,0,02,000,00,0,1,01,B01
200500015823,0,05,000,00,0,1,01,A01
200500015824,2,07,000,00,2,1,01,A01
200500015824,0,07,000,00,2,1,01,B01
200500015825,0,04,000,00,2,1,15,A01
200500015825,0,07,000,00,9,1,02,B01
200500015826,0,07,000,00,1,0,02,A01
200500015827,0,07,000,00,2,1,10,A01
200500015827,0,07,000,00,2,8,02,B01
200500015828,0,05,000,00,1,1,01,A01
200500015829,0,07,000,00,1,0,02,A01
200500015830,1,07,000,00,2,0,00,A01
200500015830,0,02,000,00,2,0,00,B01
200500015831,0,07,000,00,2,4,01,A01
200500015831,0,07,000,00,2,1,01,B01
200500015832,0,07,000,00,1,1,01,A01
200500015833,0,07,000,00,1,4,20,A01
200500015834,0,07,000,00,2,3,01,A01
200500015834,0,07,000,00,2,2,01,B01
200500015835,0,07,000,00,1,1,01,A01
200500015836,0,07,000,00,2,3,01,A01
200500015836,0,07,000,00,2,2,01,B01
200500015837,0,07,000,00,1,0,02,A01
200500015838,0,07,000,00,2,2,02,A01
200500015838,0,07,000,00,2,1,02,B01
200500015839,0,07,000,00,2,0,02,B01
200500015839,1,07,000,00,2,1,01,A01
200500015840,0,07,000,00,1,1,01,A01
200500015841,0,07,000,00,2,1,01,A01
200500015841,0,07,000,00,2,1,01,B01
200500015842,0,07,000,00,1,1,01,A01
200500015843,0,02,000,00,2,3,15,A01
200500015843,0,07,000,00,0,7,17,B01
200500015844,0,07,000,00,1,1,01,A01
200500015845,0,02,000,00,1,1,01,A01
200500015846,0,07,000,00,2,1,01,A01
200500015846,0,07,000,00,2,1,01,B01
200500015847,0,07,000,00,2,7,13,A01
200500015847,0,14,000,00,2,3,01,B01
200500015848,0,07,000,00,2,1,13,A01
200500015848,0,07,000,00,2,2,01,B01
200500015849,0,07,000,00,2,3,09,A01
200500015849,0,02,000,00,2,7,16,B01
200500015850,0,01,000,00,2,7,01,B01
200500015850,0,07,000,00,2,2,01,A01
200500015851,0,07,000,00,2,1,21,A01
200500015851,0,07,000,00,0,6,23,B01
200500015852,0,07,000,00,1,2,22,A01
200500015853,0,07,000,00,1,2,00,A01
200500015854,0,02,000,00,2,1,21,B01
200500015854,0,07,000,00,2,3,19,A01
200500015855,0,07,000,08,0,1,02,A01
200500015856,0,07,000,00,1,3,21,A01
200500015857,0,05,000,00,1,1,21,A01
200500015858,0,07,000,00,2,3,09,A01
200500015858,0,07,000,00,2,2,09,B01
200500015859,0,15,000,00,0,0,16,B01
200500015859,0,07,000,00,0,0,23,A01
200500015860,0,07,000,00,1,2,21,A01
200500015861,0,04,000,01,0,1,21,A01
200500015862,0,07,000,00,9,2,14,A01
200500015862,0,01,000,00,2,1,21,B01
200500015863,0,07,000,00,0,8,15,A01
200500015863,0,02,000,00,2,1,17,B01
200500015864,0,07,000,00,2,3,15,A01
200500015864,0,02,000,00,0,0,21,B01
200500015865,0,07,000,00,2,1,01,A01
200500015865,0,07,000,00,2,0,19,B01
200500015866,0,05,000,00,2,1,01,B01
200500015866,0,07,000,00,2,6,15,A01
200500015867,0,05,000,01,0,1,01,A01
200500015868,0,07,000,00,2,1,01,A01
200500015868,0,07,000,00,2,4,01,B01
200500015869,0,07,000,00,1,4,20,A01
200500015870,0,07,000,00,2,1,15,A01
200500015870,0,02,000,00,2,1,01,B01
200500015871,0,14,000,00,2,6,04,A01
200500015871,0,05,000,00,2,1,01,B01
200500015872,1,05,000,00,1,0,02,A01
200500015873,0,02,000,08,0,0,01,A01
200500015874,0,05,000,03,0,3,21,A01
200500015875,0,07,000,00,2,1,19,A01
200500015875,0,07,000,16,2,2,21,B01
200500015876,0,07,000,00,2,1,02,A01
200500015876,0,07,000,00,1,3,15,B01
200500015877,0,05,000,00,0,8,02,A01
200500015878,0,07,000,12,0,1,02,A01
200500015879,0,07,000,00,1,1,17,A01
200500015880,0,07,000,00,2,1,00,A01
200500015880,0,07,000,00,2,9,00,B01
200500015881,0,07,000,00,1,1,02,A01
200500015882,0,07,000,00,2,6,15,A01
200500015882,0,04,000,00,2,1,17,B01
200500015883,0,07,000,00,2,1,01,A01
200500015883,0,07,000,00,0,4,02,B01
200500015884,0,05,000,01,0,1,13,A01
200500015885,0,07,000,08,0,8,01,A01
200500015885,0,02,000,00,2,1,21,B01
200500015886,0,07,000,00,9,3,01,B01
200500015886,0,01,000,00,2,1,16,A01
200500015887,0,02,000,00,0,7,09,A01
200500015887,0,07,000,00,2,3,02,B01
200500015888,0,01,000,00,2,1,01,A01
200500015888,0,07,000,00,0,8,19,B01
200500015889,0,07,000,00,1,3,01,A01
200500015890,1,99,000,00,1,0,21,A01
200500015891,0,07,000,01,2,2,10,A01
200500015891,0,07,000,02,2,1,21,B01
200500015892,0,15,000,00,0,5,13,A01
200500015892,0,07,000,00,2,1,00,B01
200500015892,0,07,000,00,2,1,00,C01
200500015893,0,07,000,00,2,3,15,A01
200500015893,0,05,000,00,2,1,01,B01
200500015893,0,07,000,00,2,1,23,C01
200500015894,0,02,000,00,1,2,01,A01
200500015895,0,07,000,00,1,1,02,A01
200500015896,0,07,000,00,1,1,01,A01
200500015897,0,07,000,00,2,2,15,A01
200500015897,0,07,000,00,2,1,01,B01
200500015898,0,01,000,00,2,0,01,A01
200500015899,0,07,000,00,2,3,15,A01
200500015899,0,05,000,00,2,1,01,B01
200500015900,0,07,000,00,2,7,16,A01
200500015900,0,02,000,00,2,1,01,B01
200500015901,0,07,000,00,2,1,13,A01
200500015901,0,07,000,00,2,1,01,B01
200500015902,0,07,000,00,2,4,23,A01
200500015902,0,07,000,00,2,1,01,B01
200500015902,0,07,000,00,2,1,02,C01
200500015903,0,99,000,05,0,1,14,A01
200500015904,0,07,000,00,1,1,01,A01
200500015905,0,07,000,00,2,1,15,A01
200500015905,0,07,000,00,2,1,01,B01
200500015906,0,07,000,00,2,2,01,A01
200500015906,0,07,000,00,2,1,01,B01
200500015907,0,07,000,00,1,7,01,A01
200500015908,0,07,000,00,2,1,15,A01
200500015908,0,07,000,00,2,1,01,B01
200500015909,2,07,000,00,2,1,13,A01
200500015909,0,07,000,00,2,1,01,B01
200500015910,0,07,000,01,0,1,13,A01
200500015910,0,07,000,06,0,1,24,B01
200500015911,0,07,000,00,2,1,16,A01
200500015911,0,07,000,00,0,3,01,B01
200500015912,0,07,000,00,2,2,15,A01
200500015912,0,02,000,00,2,1,01,B01
200500015913,0,07,000,00,2,1,01,A01
200500015913,0,07,000,00,0,0,23,B01
200500015913,0,07,000,00,0,4,23,C01
200500015914,0,07,000,00,0,7,15,A01
200500015914,0,02,000,00,2,1,01,B01
200500015915,0,07,000,00,2,3,09,A01
200500015915,0,02,000,01,0,1,01,B01
200500015916,0,07,000,00,2,8,13,A01
200500015916,0,07,000,00,2,8,01,B01
200500015917,0,07,000,00,1,1,01,A01
200500015918,0,07,000,00,2,3,01,B01
200500015918,0,02,000,00,2,1,05,A01
200500015919,0,07,000,04,0,9,13,A01
200500015920,0,01,000,00,2,8,23,B01
200500015920,0,01,000,00,2,8,23,C01
200500015920,0,07,000,00,2,1,15,A01
200500015921,0,02,000,00,2,1,16,A01
200500015921,0,13,000,00,2,3,15,B01