Num_Acc,senc,catv,occutc,obs,obsm,choc,manv,num_veh
200500016302,0,07,000,00,2,1,01,B01
200500016303,0,07,000,00,2,3,01,A01
200500016303,0,05,000,00,2,1,01,B01
200500016304,1,07,000,00,1,1,00,A01
200500016305,2,07,000,00,2,1,00,A01
200500016305,0,07,000,00,2,4,01,B01
200500016306,0,07,000,00,1,1,01,A01
200500016307,0,07,000,00,2,3,10,A01
200500016307,0,07,000,00,2,2,01,B01
200500016307,0,04,000,00,2,1,01,C01
200500016308,0,01,000,00,2,1,01,A01
200500016308,0,02,000,00,2,4,01,B01
200500016309,0,02,000,00,2,1,01,A01
200500016309,0,07,000,00,2,4,01,B01
200500016310,0,07,000,00,2,2,01,A01
200500016310,0,04,000,00,2,1,01,B01
200500016311,0,07,000,15,2,3,01,B01
200500016311,0,07,000,00,2,1,15,A01
200500016312,0,07,000,00,2,2,15,A01
200500016312,0,04,000,00,2,1,01,B01
200500016313,0,17,000,00,2,2,01,A01
200500016313,0,07,000,00,2,3,01,B01
200500016314,0,07,000,00,2,3,15,A01
200500016314,0,04,000,00,2,1,01,B01
200500016315,0,04,000,00,1,1,01,A01
200500016316,0,05,000,00,2,1,01,A01
200500016316,0,04,000,00,2,4,01,B01
200500016317,0,05,000,00,0,1,15,A01
200500016318,0,07,000,00,2,1,01,A01
200500016318,0,07,000,00,2,4,24,B01
200500016318,0,10,000,00,2,4,24,C01
200500016319,0,07,000,00,2,2,16,A01
200500016319,0,05,000,00,2,3,01,B01
200500016320,0,04,000,00,0,2,01,A01
200500016321,0,07,000,00,2,1,01,A01
200500016321,0,07,000,00,2,4,01,B01
200500016322,0,02,000,00,0,1,01,A01
200500016323,0,07,000,00,2,2,01,A01
200500016323,0,05,000,00,2,7,01,B01
200500016323,0,07,000,00,2,1,01,C01
200500016324,0,07,000,00,1,1,15,A01
200500016325,0,01,000,01,0,1,07,A01
200500016326,0,10,000,00,1,1,15,A01
200500016327,1,07,000,00,1,1,00,A01
200500016328,1,04,000,00,1,1,00,A01
200500016329,0,07,000,07,0,1,01,A01
200500016330,1,07,000,00,2,8,00,A01
200500016330,0,05,000,00,2,1,01,B01
200500016331,0,07,000,00,2,2,15,A01
200500016331,0,07,000,00,2,1,01,B01
200500016332,0,07,000,00,2,1,01,A01
200500016332,0,07,000,00,2,7,01,B01
200500016333,0,14,000,00,1,1,01,A01
200500016334,0,07,000,00,1,1,01,A01
200500016335,0,04,000,00,0,3,21,A01
200500016336,0,18,000,00,2,1,01,A01
200500016336,0,07,000,00,2,4,01,B01
200500016337,0,05,000,00,0,2,01,A01
200500016338,0,07,000,01,0,1,14,A01
200500016339,0,07,000,11,0,1,13,A01
200500016340,0,18,000,00,1,1,07,A01
200500016341,0,05,000,00,0,2,01,A01
200500016342,0,07,000,00,2,8,24,A01
200500016342,0,07,000,00,2,1,01,B01
200500016343,0,07,000,00,2,2,01,A01
200500016343,0,10,000,00,2,1,15,B01
200500016344,0,07,000,00,2,1,05,A01
200500016344,0,07,000,00,2,1,01,B01
200500016345,0,02,000,00,2,3,01,A01
200500016345,0,07,000,00,2,2,16,B01
200500016346,0,07,000,00,2,1,07,A01
200500016346,0,02,000,00,2,4,23,B01
200500016347,0,04,000,00,1,1,16,A01
200500016348,0,10,000,00,2,8,22,A01
200500016348,0,01,000,00,2,1,07,B01
200500016348,0,18,000,00,2,2,07,C01
200500016349,0,04,000,00,2,2,05,A01
200500016349,0,07,000,00,2,3,15,B01
200500016350,0,02,000,01,0,1,01,A01
200500016351,0,07,000,00,2,1,01,A01
200500016351,0,07,000,00,2,4,01,B01
200500016352,0,07,000,00,1,1,01,A01
200500016353,1,07,000,00,1,1,00,A01
200500016354,0,04,000,01,0,1,14,A01
200500016355,0,02,000,00,1,1,01,A01
200500016356,0,07,000,00,2,3,15,A01
200500016356,0,05,000,00,2,3,15,B01
200500016357,0,07,000,00,1,3,01,A01
200500016358,0,07,000,00,2,2,15,A01
200500016358,0,07,000,00,2,3,01,B01
200500016359,1,07,000,00,0,0,00,A01
200500016359,0,05,000,00,2,1,01,B01
200500016360,0,07,000,00,2,8,10,A01
200500016360,0,05,000,00,2,2,01,B01
200500016361,1,07,000,00,0,0,00,A01
200500016361,0,07,000,00,2,2,01,B01
200500016362,0,07,000,00,2,1,01,A01
200500016362,0,07,000,00,2,4,01,B01
200500016363,0,07,000,00,1,1,01,A01
200500016364,0,07,000,00,2,2,16,A01
200500016364,0,02,000,00,2,3,18,B01
200500016365,0,07,000,00,2,1,01,A01
200500016365,0,05,000,00,2,2,01,B01
200500016366,0,07,000,00,1,3,01,A01
200500016367,0,10,000,00,1,4,04,A01
200500016368,0,10,000,00,2,4,04,A01
200500016368,0,02,000,00,2,1,01,B01
200500016369,0,04,000,00,1,1,01,A01
200500016370,0,02,000,00,0,0,21,A01
200500016371,0,10,000,00,2,2,15,A01
200500016371,0,04,000,00,2,1,01,B01
200500016372,0,10,000,00,2,8,22,A01
200500016372,0,10,000,00,2,2,01,B01
200500016373,0,07,000,00,2,3,15,A01
200500016373,0,04,000,00,2,1,01,B01
200500016374,0,10,000,00,1,4,04,A01
200500016375,0,05,000,00,1,1,07,A01
200500016376,0,05,000,00,2,1,01,A01
200500016376,0,07,000,00,2,4,23,B01
200500016377,0,02,000,00,1,1,15,A01
200500016378,0,10,000,00,1,4,04,A01
200500016379,0,07,000,00,1,4,04,A01
200500016380,0,10,000,00,1,1,04,A01
200500016381,0,10,000,00,2,8,22,A01
200500016381,0,05,000,00,2,2,01,B01
200500016381,0,07,000,00,2,2,01,C01
200500016382,0,04,000,00,0,3,21,A01
200500016383,0,10,000,00,2,3,01,A01
200500016383,0,04,000,00,2,1,18,B01
200500016384,0,07,000,00,1,1,15,A01
200500016385,0,05,000,00,2,2,08,A01
200500016385,0,07,000,00,2,3,15,B01
200500016386,0,05,000,00,0,0,01,A01
200500016387,0,01,000,00,1,1,01,A01
200500016388,0,07,000,00,1,3,01,A01
200500016389,0,07,000,00,1,1,01,A01
200500016390,1,07,000,00,0,0,00,A01
200500016390,0,07,000,00,2,4,01,B01
200500016391,0,07,000,00,2,2,01,A01
200500016391,0,05,000,00,2,1,01,B01
200500016392,0,07,000,07,2,1,21,A01
200500016392,0,07,000,00,2,2,01,B01
200500016393,0,07,000,00,2,5,15,A01
200500016393,0,04,000,12,2,1,01,B01
200500016394,0,07,000,00,2,1,14,A01
200500016394,0,07,000,00,2,4,23,B01
200500016395,0,05,000,00,1,1,01,A01
200500016396,0,05,000,15,0,1,01,A01
200500016397,0,04,000,00,2,1,01,A01
200500016397,0,07,000,00,2,4,01,B01
200500016398,0,05,000,00,2,1,01,A01
200500016398,0,07,000,00,2,4,23,B01
200500016399,0,07,000,00,1,1,16,A01
200500016400,0,07,000,00,1,1,01,A01
200500016401,0,07,000,00,1,1,01,A01
200500016402,0,07,000,00,2,2,15,A01
200500016402,0,07,000,00,2,1,01,B01
200500016403,0,05,000,00,1,1,16,A01
200500016404,0,07,000,00,1,1,01,A01
200500016405,0,07,000,00,2,3,09,A01
200500016405,0,04,000,00,2,2,01,B01
200500016406,0,07,000,00,2,2,09,A01
200500016406,0,04,000,00,2,1,01,B01
200500016407,1,10,000,00,2,6,00,A01
200500016407,0,02,000,00,2,2,01,B01
200500016408,0,07,000,00,1,1,01,A01
200500016409,0,07,000,00,1,1,01,A01
200500016410,0,05,000,00,0,2,21,A01
200500016411,1,07,000,00,1,1,00,A01
200500016412,0,07,000,00,1,1,01,A01
200500016413,0,18,000,00,2,1,15,A01
200500016413,0,02,000,00,2,3,01,B01
200500016414,0,07,000,00,1,1,01,A01
200500016415,0,05,000,00,1,1,01,A01
200500016416,0,02,000,00,0,1,01,A01
200500016417,0,07,000,00,1,1,01,A01
200500016418,0,10,000,00,2,2,01,A01
200500016418,0,07,000,00,2,1,01,B01
200500016419,0,07,000,00,2,4,04,A01
200500016419,0,07,000,00,2,1,24,B01
200500016420,0,02,000,00,2,2,01,A01
200500016420,0,07,000,00,2,1,01,B01
200500016421,0,07,000,00,2,3,11,A01
200500016421,0,02,000,00,2,2,17,B01
200500016422,0,07,000,00,2,1,01,A01
200500016422,0,07,000,00,2,3,01,B01
200500016423,0,02,000,00,2,2,05,A01
200500016423,0,07,000,00,2,3,01,B01
200500016424,0,05,000,00,0,1,21,A01
200500016425,0,07,000,00,2,2,15,A01
200500016425,0,07,000,00,2,1,01,B01
200500016426,0,07,000,00,2,6,11,A01
200500016426,0,04,000,00,2,2,01,B01
200500016426,0,07,000,00,2,1,01,C01
200500016427,0,07,000,00,1,1,01,A01
200500016428,0,04,000,00,1,1,01,A01
200500016429,0,07,000,00,2,2,04,A01
200500016429,0,02,000,00,2,1,01,B01
200500016430,0,02,000,01,2,2,17,A01
200500016430,0,07,000,00,2,3,15,B01
200500016431,0,02,000,00,1,1,05,A01
200500016432,0,07,000,00,1,1,01,A01
200500016433,0,07,000,01,2,2,15,A01
200500016433,0,07,000,00,2,1,01,B01
200500016434,0,07,000,00,2,2,15,A01
200500016434,0,07,000,00,2,1,01,B01
200500016435,0,01,000,00,2,1,01,A01
200500016435,0,07,000,00,2,4,01,B01
200500016436,0,10,000,00,2,1,01,A01
200500016436,0,07,000,00,2,4,01,B01
200500016436,0,07,000,00,2,2,01,C01
200500016437,0,10,000,00,2,8,01,A01
200500016437,0,04,000,00,2,1,01,B01
200500016438,0,07,000,15,2,2,01,A01
200500016438,0,07,000,00,2,1,01,B01
200500016439,0,04,000,00,2,3,07,A01
200500016439,0,07,000,00,2,2,16,B01
200500016440,0,02,000,00,2,3,18,A01
200500016440,0,07,000,00,2,2,20,B01
200500016441,0,07,000,00,1,1,15,A01
200500016442,0,04,000,00,2,3,07,A01
200500016442,0,07,000,00,2,2,01,B01
200500016443,0,07,000,00,2,2,15,A01
200500016443,0,07,000,00,2,1,01,B01
200500016444,0,07,000,09,0,1,01,A01
200500016445,0,07,000,00,2,1,01,A01
200500016445,0,07,000,00,2,6,01,B01
200500016446,0,07,000,00,1,1,01,A01
200500016447,0,07,000,00,2,1,01,A01
200500016447,0,07,000,00,2,4,23,B01
200500016448,0,07,000,00,2,5,01,B01
200500016448,0,02,000,00,2,1,01,A01
200500016449,0,07,000,00,2,3,15,A01
200500016449,0,05,000,12,2,2,01,B01
200500016450,0,07,000,00,1,1,15,A01
200500016451,0,10,000,00,1,1,01,A01
200500016452,0,02,000,00,0,1,01,A01
200500016453,0,07,000,00,2,2,15,A01
200500016453,0,05,000,00,2,1,01,B01
200500016454,0,07,000,00,2,3,10,A01
200500016454,0,04,000,00,2,1,01,B01
200500016455,0,05,000,00,2,2,16,A01
200500016455,0,04,000,00,2,3,16,B01
200500016456,0,07,000,00,1,1,16,A01
200500016457,1,07,000,00,0,0,00,A01
200500016457,0,07,000,00,2,3,01,B01
200500016458,0,07,000,00,2,5,16,A01
200500016458,0,01,000,00,2,1,16,B01
200500016459,0,07,000,00,2,1,01,A01
200500016459,0,07,000,00,2,4,16,B01
200500016460,0,01,000,12,0,1,07,A01
200500016461,0,07,000,00,2,3,09,A01
200500016461,0,05,000,01,2,1,01,B01
200500016462,0,05,000,00,2,1,01,A01
200500016462,0,05,000,00,2,4,01,B01
200500016463,0,02,000,00,1,1,01,A01
200500016464,0,02,000,00,0,1,01,A01
200500016465,0,05,000,00,2,2,17,A01
200500016465,0,07,000,00,2,3,15,B01
200500016466,0,07,000,00,2,3,15,A01
200500016466,0,04,000,00,2,2,05,B01
200500016467,0,07,000,00,2,2,16,A01
200500016467,0,01,000,00,2,3,01,B01
200500016468,0,07,000,00,2,7,22,A01
200500016468,0,01,000,00,2,3,18,B01
200500016469,0,05,000,00,2,5,16,A01
200500016469,0,07,000,00,2,2,07,B01
200500016470,0,07,000,00,2,3,09,A01
200500016470,0,05,000,00,2,2,01,B01
200500016471,0,07,000,00,2,1,01,A01
200500016471,0,05,000,00,2,4,01,B01
200500016471,0,07,000,00,2,8,23,C01
200500016472,0,07,000,09,2,8,22,A01
200500016472,0,17,000,00,2,2,01,B01
200500016473,0,07,000,00,2,2,17,A01
200500016473,0,01,000,00,2,6,01,B01
200500016474,0,01,000,00,2,2,15,A01
200500016474,0,07,000,00,2,1,01,B01
200500016475,0,01,000,00,1,1,01,A01
200500016476,0,02,000,00,0,2,01,A01
200500016477,0,02,000,00,1,1,01,A01
200500016478,0,07,000,00,2,3,09,A01
200500016478,0,05,000,00,2,1,17,B01
200500016479,0,10,000,00,1,1,15,A01
200500016480,0,04,000,00,5,1,01,A01
200500016481,0,07,000,00,2,3,10,A01
200500016481,0,04,000,00,2,2,01,B01
200500016482,0,07,000,00,2,1,01,A01
200500016482,0,07,000,00,2,4,23,B01
200500016482,0,07,000,00,2,4,23,C01
200500016483,0,18,000,00,1,1,01,A01
200500016484,0,10,000,00,2,3,15,A01
200500016484,0,05,000,00,2,2,01,B01
200500016485,0,02,000,00,1,1,01,A01
200500016486,0,07,000,00,2,1,01,A01
200500016486,0,07,000,00,2,4,23,B01
200500016487,0,04,000,00,1,1,01,A01
200500016488,0,07,000,00,2,2,16,A01
200500016488,0,05,000,00,2,3,01,B01
200500016489,0,04,000,00,0,2,21,A01
200500016490,0,07,000,00,1,1,01,A01
200500016491,0,07,000,00,2,1,01,A01
200500016491,0,07,000,00,2,5,01,B01
200500016492,0,04,000,00,2,2,15,A01
200500016492,0,10,000,00,2,1,01,B01
200500016493,0,07,000,00,2,7,01,A01
200500016493,0,07,000,00,2,1,01,B01
200500016494,0,07,000,00,1,1,16,A01
200500016495,0,13,000,00,1,1,09,A01
200500016496,0,02,000,00,2,3,09,A01
200500016496,0,07,000,00,2,1,01,B01
200500016497,0,10,000,00,2,3,07,A01
200500016497,0,02,000,00,2,2,16,B01
200500016498,0,10,000,00,2,1,01,A01
200500016498,0,07,000,00,2,4,23,B01
200500016499,0,07,000,00,2,1,01,A01
200500016499,0,07,000,00,2,4,01,B01
200500016500,0,07,000,00,2,3,05,A01
200500016500,0,04,000,00,2,1,01,B01
200500016501,0,07,000,00,2,8,15,A01
200500016501,0,05,000,00,2,2,17,B01
200500016502,0,05,000,00,1,1,01,A01
200500016503,0,10,000,00,2,3,15,A01
200500016503,0,05,000,00,2,2,01,B01
200500016504,0,10,000,00,2,7,22,A01
200500016504,0,04,000,00,2,3,01,B01
200500016505,0,07,000,00,2,2,12,A01
200500016505,0,05,000,00,2,3,01,B01
200500016506,0,07,000,00,2,1,01,A01
200500016506,0,07,000,00,2,4,01,B01
200500016507,1,17,000,00,2,6,00,A01
200500016507,0,07,000,03,2,2,01,B01
200500016508,0,07,000,04,2,2,12,A01
200500016508,0,15,000,00,2,8,01,B01
200500016509,0,05,000,00,2,1,01,A01
200500016509,0,07,000,00,2,4,01,B01
200500016510,0,05,000,00,2,1,01,A01
200500016510,0,07,000,00,2,4,01,B01
200500016511,0,07,000,00,2,1,01,A01
200500016511,0,07,000,00,2,4,01,B01
200500016512,0,07,000,00,2,1,01,A01
200500016512,0,10,000,01,2,3,01,B01
200500016513,0,04,000,00,1,1,01,A01
200500016514,0,07,000,00,2,1,01,A01
200500016514,0,04,000,00,2,4,23,B01
200500016515,0,07,000,01,2,8,22,A01
200500016515,0,07,000,00,2,2,01,B01
200500016515,0,18,000,00,2,6,01,C01
200500016516,0,04,000,00,2,1,01,A01
200500016516,0,07,000,00,2,3,01,B01
200500016517,0,07,000,00,2,3,15,A01
200500016517,0,05,000,00,2,2,17,B01
200500016518,0,04,000,00,2,1,01,A01
200500016518,0,07,000,00,2,5,01,B01
200500016519,0,07,000,00,2,1,01,A01
200500016519,0,04,000,00,2,3,01,B01
200500016520,0,07,000,00,2,1,01,A01
200500016520,0,01,000,00,2,4,01,B01
200500016521,0,07,000,00,2,2,16,A01
200500016521,0,01,000,00,2,3,01,B01
200500016522,0,07,000,00,1,1,16,A01
200500016523,0,05,000,00,0,1,21,A01
200500016524,0,07,000,00,2,1,01,A01
200500016524,0,05,000,00,2,2,01,B01
200500016525,0,02,000,00,2,1,01,A01
200500016525,0,07,000,00,2,4,23,B01
200500016526,0,05,000,00,2,1,08,A01
200500016526,0,07,000,00,2,8,15,B01
200500016527,0,04,000,00,0,1,01,A01
200500016528,0,05,000,00,1,1,16,A01
200500016529,0,07,000,00,1,1,01,A01
200500016530,1,07,000,00,2,1,00,A01
200500016530,0,07,000,12,2,2,01,B01
200500016531,0,07,000,00,2,1,01,A01
200500016531,0,07,000,00,2,4,23,B01
200500016532,0,10,000,00,2,4,04,A01
200500016532,0,05,000,00,2,1,01,B01
200500016533,0,02,000,00,2,1,01,A01
200500016533,0,07,000,00,2,4,23,B01
200500016534,0,07,000,00,2,7,22,A01
200500016534,0,07,000,00,2,6,04,B01
200500016535,0,07,000,00,2,8,22,A01
200500016535,0,01,000,00,2,2,01,B01
200500016536,0,07,000,00,2,1,01,A01
200500016536,0,07,000,00,2,4,23,B01
200500016537,0,05,000,00,0,2,21,A01
200500016538,0,07,000,00,2,2,16,A01
200500016538,0,05,000,00,2,3,01,B01
200500016539,0,10,000,11,1,1,17,A01
200500016540,0,07,000,00,1,2,16,A01
200500016541,0,07,000,00,2,2,15,A01
200500016541,0,05,000,00,2,1,01,B01
200500016542,0,07,000,01,0,1,01,A01
200500016543,0,07,000,00,2,8,22,A01
200500016543,0,02,000,00,2,2,01,B01
200500016544,0,05,000,00,2,3,18,A01
200500016544,0,10,000,00,2,5,01,B01
200500016545,0,02,000,00,2,2,05,A01
200500016545,0,07,000,00,2,3,15,B01
200500016546,0,07,000,00,1,1,01,A01
200500016547,0,05,000,00,2,2,01,A01
200500016547,0,07,000,00,2,1,15,B01
200500016548,0,18,000,00,0,2,21,A01
200500016549,0,04,000,00,2,3,07,A01
200500016549,0,07,000,00,2,2,16,B01
200500016550,0,07,000,00,1,1,01,A01
200500016551,0,07,000,00,2,1,01,A01
200500016551,0,07,000,00,2,4,23,B01
200500016552,0,07,000,00,2,1,01,A01
200500016552,0,05,000,00,2,4,01,B01
200500016553,1,07,000,00,2,3,00,A01
200500016553,0,04,000,00,2,3,01,B01
200500016554,0,07,000,00,2,1,01,A01
200500016554,0,07,000,00,2,4,23,B01
200500016555,0,07,000,00,1,1,01,A01
200500016556,1,01,000,00,2,2,00,A01
200500016556,0,01,000,00,2,3,01,B01
200500016557,0,02,000,11,0,1,01,A01
200500016558,0,05,000,00,0,2,21,A01
200500016559,0,07,000,00,1,1,16,A01
200500016560,0,07,000,00,2,2,15,A01
200500016560,0,04,000,00,2,1,01,B01
200500016561,0,02,000,11,0,1,01,A01
200500016562,0,04,000,00,1,1,01,A01
200500016563,0,07,000,00,2,5,16,A01
200500016564,0,02,000,00,2,1,05,A01
200500016564,0,07,000,00,2,1,15,B01
200500016565,0,18,000,00,2,2,16,A01
200500016565,0,18,000,00,2,6,07,B01
200500016566,0,05,000,00,1,1,01,A01
200500016567,0,05,000,01,2,2,01,B01
200500016567,1,07,000,00,2,1,00,A01
200500016568,0,18,000,00,1,1,01,A01
200500016569,0,04,000,00,2,2,01,A01
200500016569,0,07,000,00,2,3,15,B01
200500016570,0,07,000,00,2,8,10,A01
200500016570,0,04,000,00,2,1,01,B01
200500016571,0,01,000,00,1,1,01,A01
200500016572,0,07,000,00,1,4,20,A01
200500016573,0,07,000,00,2,2,01,A01
200500016573,0,02,000,00,2,1,01,B01
200500016574,0,07,000,00,1,1,01,A01
200500016575,0,18,000,00,2,1,01,A01
200500016575,0,07,000,00,2,4,01,B01
200500016576,0,10,000,00,2,2,01,A01
200500016576,0,07,000,00,2,1,01,B01
200500016577,0,07,000,00,2,2,01,A01
200500016577,0,07,000,00,2,1,15,B01
200500016578,0,15,000,00,2,2,12,A01
200500016578,0,02,000,00,2,3,01,B01
200500016579,0,02,000,00,0,1,21,A01
200500016580,0,07,000,00,2,2,16,A01
200500016580,0,04,000,00,2,3,01,B01
200500016581,0,01,000,00,0,1,01,A01
200500016582,0,07,000,01,0,1,01,A01
200500016583,0,07,000,00,2,2,01,A01
200500016583,0,14,000,00,2,1,01,B01
200500016584,0,05,000,00,0,1,21,A01
200500016585,0,07,000,00,1,1,01,A01
200500016586,0,02,000,00,2,2,12,A01
200500016586,0,07,000,00,2,1,01,B01
200500016587,0,18,000,00,1,1,01,A01
200500016588,0,07,000,00,2,2,09,A01
200500016588,0,05,000,00,2,1,01,B01
200500016588,0,05,000,00,2,1,01,C01
200500016589,0,07,000,00,2,7,10,A01
200500016589,0,04,000,00,2,1,01,B01
200500016590,0,02,000,00,2,1,01,A01
200500016590,0,07,000,00,2,8,01,B01
200500016591,0,07,000,00,2,1,01,A01
200500016591,0,04,000,01,2,3,01,B01
200500016592,0,02,000,00,1,1,01,A01
200500016593,0,02,000,00,2,2,01,A01
200500016593,0,07,000,00,2,1,15,B01
200500016594,0,02,000,00,1,1,01,A01
200500016595,1,02,000,00,1,1,00,A01
200500016596,0,14,000,00,2,1,01,A01
200500016596,0,04,000,00,2,4,23,B01
200500016597,0,07,000,00,2,3,09,A01
200500016597,0,07,000,00,2,7,01,B01
200500016598,0,07,000,00,2,3,15,A01
200500016598,0,02,000,00,2,2,01,B01
200500016599,0,05,000,00,0,1,21,A01
200500016600,0,04,000,00,2,3,07,A01
200500016600,0,07,000,00,2,7,22,B01
200500016601,0,04,000,00,2,1,01,A01
200500016601,0,07,000,00,2,4,23,B01
200500016602,0,07,000,00,2,3,10,A01
200500016602,0,07,000,00,2,2,01,B01
200500016603,0,07,000,00,2,1,01,A01
200500016603,0,04,000,00,2,5,01,B01
200500016604,0,02,000,00,0,3,01,A01
200500016605,0,07,000,00,2,7,16,A01
200500016605,0,04,000,00,2,1,01,B01
200500016606,0,07,000,00,2,1,01,A01
200500016606,0,07,000,00,2,4,23,B01
200500016607,0,10,000,00,1,1,15,A01
200500016608,0,04,000,00,2,1,21,A01
200500016608,0,07,000,00,2,1,01,B01
200500016609,0,07,000,01,0,1,01,A01
200500016610,0,05,000,00,1,1,01,A01
200500016611,0,04,000,00,2,2,01,A01
200500016611,0,07,000,00,2,1,01,B01
200500016612,0,10,000,00,2,2,16,A01
200500016612,0,04,000,00,2,3,01,B01
200500016613,0,07,000,00,2,3,09,A01
200500016613,0,05,000,00,2,2,01,B01
200500016614,0,05,000,00,1,1,01,A01
200500016615,0,07,000,00,2,6,11,A01
200500016615,0,07,000,00,2,2,01,B01
200500016616,0,07,000,00,2,2,10,A01
200500016616,0,04,000,00,2,1,01,B01
200500016617,0,05,000,00,2,1,05,A01
200500016617,0,07,000,00,2,1,01,B01
200500016618,0,07,000,00,2,1,01,A01
200500016618,0,02,000,00,2,4,01,B01
200500016619,0,05,000,00,1,1,01,A01
200500016620,0,10,000,00,1,3,15,A01
200500016621,0,07,000,00,2,2,15,A01
200500016621,0,01,000,00,2,1,07,B01
200500016622,0,07,000,00,2,1,01,A01
200500016622,0,07,000,00,2,3,01,B01
200500016623,0,02,000,00,0,1,01,A01
200500016624,1,07,000,00,2,1,00,A01
200500016624,0,02,000,00,2,3,01,B01
200500016625,0,07,000,00,1,1,01,A01
200500016626,0,04,000,00,2,2,01,A01
200500016626,0,07,000,00,2,1,16,B01
200500016627,0,05,000,00,0,1,01,A01
200500016628,0,05,000,00,2,1,07,A01
200500016628,0,05,000,00,2,4,07,B01
200500016629,0,07,000,00,1,1,16,A01
200500016630,0,04,000,00,1,1,05,A01
200500016631,0,07,000,00,0,8,07,A01
200500016632,0,02,000,00,2,3,09,A01
200500016632,0,07,000,00,2,1,01,B01
200500016633,0,01,000,00,0,2,21,A01
200500016634,0,07,000,00,2,1,01,A01
200500016634,0,10,000,00,2,4,01,B01
200500016635,0,04,000,00,2,2,15,A01
200500016635,0,07,000,00,2,1,01,B01
200500016636,0,05,000,00,2,1,05,A01
200500016636,0,07,000,00,2,3,15,B01
200500016637,0,03,000,00,0,1,01,A01
200500016638,0,07,000,00,2,7,15,A01
200500016638,0,05,000,00,2,1,01,B01
200500016639,0,04,000,00,1,1,01,A01
200500016640,0,07,000,07,0,1,01,A01
200500016641,0,05,000,00,2,2,17,A01
200500016641,0,07,000,00,2,3,15,B01
200500016642,0,05,000,00,2,1,05,A01
200500016642,0,07,000,00,2,1,01,B01
200500016643,0,07,000,00,2,4,04,A01
200500016643,0,07,000,00,2,1,01,B01
200500016644,0,02,000,00,2,3,07,A01
200500016644,0,10,000,00,2,1,15,B01
200500016645,0,07,000,00,2,2,15,A01
200500016645,0,05,000,00,2,1,01,B01
200500016646,0,07,000,00,2,7,22,A01
200500016646,0,01,000,00,2,1,18,B01
200500016647,0,04,000,00,1,1,01,A01
200500016648,0,10,000,00,2,1,01,A01
200500016648,0,05,000,00,2,4,23,B01
200500016649,0,07,000,01,1,1,01,A01
200500016650,0,07,000,00,1,1,07,A01
200500016651,0,07,000,00,2,1,01,A01
200500016651,0,04,000,00,2,3,01,B01
200500016652,0,07,000,00,1,1,16,A01
200500016653,0,05,000,00,1,1,01,A01
200500016654,0,07,000,04,2,1,01,A01
200500016654,0,07,000,00,2,4,01,B01
200500016655,0,04,000,00,0,1,01,A01
200500016656,0,05,000,12,0,3,21,A01
200500016657,0,07,000,00,1,1,01,A01
200500016658,0,02,000,00,2,1,07,A01
200500016658,0,07,000,00,2,4,23,B01
200500016659,0,07,000,00,1,3,01,A01
200500016660,0,07,000,00,1,1,01,A01
200500016660,0,07,000,00,2,4,23,B01
200500016661,2,07,000,00,2,1,00,A01
200500016661,0,10,000,00,2,2,01,B01
200500016662,0,02,000,00,2,1,01,A01
200500016662,0,07,000,00,2,1,23,B01
200500016663,0,10,000,00,2,1,01,A01
200500016663,0,07,000,00,2,3,01,B01
200500016664,0,07,000,00,1,1,15,A01
200500016665,0,10,000,00,2,2,09,A01
200500016665,0,05,000,00,2,3,01,B01
200500016666,0,10,000,00,1,1,01,A01
200500016667,0,04,000,01,2,2,17,A01
200500016667,0,07,000,00,2,3,01,B01
200500016668,0,07,000,00,2,2,10,A01
200500016668,0,05,000,00,2,3,01,B01
200500016669,0,07,000,00,1,1,01,A01
200500016670,0,07,000,00,1,1,01,A01
200500016671,0,07,000,00,2,3,10,A01
200500016671,0,05,000,00,2,1,01,B01
200500016672,0,10,000,00,2,2,01,A01
200500016672,0,07,000,00,2,1,01,B01
200500016673,0,07,000,00,2,1,01,A01
200500016673,0,07,000,00,2,4,23,B01
200500016674,0,07,000,00,2,2,01,A01
200500016674,0,07,000,00,2,1,01,B01
200500016675,1,07,000,00,1,1,00,A01
200500016676,0,07,000,00,2,2,01,A01
200500016676,0,05,000,00,2,1,16,B01
200500016677,0,10,000,00,2,3,15,A01
200500016677,0,05,000,00,2,2,01,B01
200500016678,0,07,000,00,2,1,01,A01
200500016678,0,07,000,00,2,3,01,B01
200500016679,0,07,000,00,2,8,22,A01
200500016679,0,05,000,00,2,2,01,B01
200500016679,0,07,000,00,2,2,01,C01
200500016680,0,07,000,00,1,4,04,A01
200500016681,0,07,000,00,1,1,01,A01
200500016682,1,07,000,00,2,1,00,A01
200500016682,0,04,000,00,2,4,01,B01
200500016682,0,07,000,00,2,4,01,C01
200500016683,0,07,000,00,2,2,16,A01
200500016683,0,05,000,00,2,3,01,B01
200500016684,0,07,000,00,2,3,01,A01
200500016684,0,07,000,00,2,1,01,B01
200500016685,0,01,000,00,2,3,01,A01
200500016685,0,07,000,00,2,7,17,B01
200500016686,0,07,000,00,2,6,22,A01
200500016686,0,02,000,00,2,2,17,B01
200500016687,0,04,000,00,0,1,21,A01
200500016688,1,07,000,00,2,2,00,A01
200500016688,0,02,000,00,2,1,01,B01
200500016689,1,07,000,00,2,7,00,A01
200500016689,0,05,000,00,2,3,01,B01
200500016690,1,07,000,00,2,2,00,A01
200500016690,0,05,000,00,2,1,01,B01
200500016691,0,07,000,04,0,1,01,A01
200500016692,0,07,000,00,2,1,01,A01