Num_Acc,senc,catv,occutc,obs,obsm,choc,manv,num_veh
200500017422,0,07,000,00,2,5,01,A01
200500017422,0,13,000,00,2,8,12,B01
200500017423,0,07,000,00,2,1,12,A01
200500017423,0,07,000,00,2,4,01,B01
200500017424,0,07,000,00,1,2,01,A01
200500017425,0,07,000,00,1,3,01,A01
200500017426,0,10,000,00,1,1,01,A01
200500017427,0,10,000,00,1,4,20,A01
200500017428,0,04,000,00,2,1,10,A01
200500017428,0,04,000,00,2,3,01,B01
200500017428,0,07,000,00,2,5,01,C01
200500017429,0,07,000,00,2,1,01,B01
200500017429,0,07,000,15,2,8,01,A01
200500017430,0,07,000,00,2,5,11,A01
200500017430,0,07,000,00,2,5,01,B01
200500017430,0,07,000,00,0,4,01,C01
200500017431,0,07,000,00,1,2,01,A01
200500017432,0,07,000,00,1,4,20,A01
200500017433,0,07,000,00,1,0,15,A01
200500017434,0,01,000,00,2,1,01,B01
200500017434,0,07,000,00,9,2,01,A01
200500017435,0,04,000,00,2,1,19,A01
200500017435,0,05,000,00,2,1,01,B01
200500017436,0,07,000,00,1,0,09,A01
200500017437,0,07,000,00,2,1,02,A01
200500017437,0,07,000,00,2,4,23,B01
200500017438,0,02,000,00,2,1,01,A01
200500017438,0,07,000,00,2,1,15,B01
200500017439,0,07,000,00,2,1,15,A01
200500017439,0,01,000,00,2,1,01,B01
200500017440,0,07,000,00,2,1,15,A01
200500017440,0,02,000,00,2,8,01,B01
200500017441,0,07,000,00,2,1,15,A01
200500017441,0,04,000,00,2,3,01,B01
200500017442,0,07,000,00,2,6,20,A01
200500017442,0,07,000,00,2,3,01,B01
200500017443,0,07,000,00,2,3,11,A01
200500017443,0,04,000,00,2,3,01,B01
200500017444,0,15,000,00,2,2,01,A01
200500017444,0,10,000,00,2,8,15,B01
200500017445,0,14,000,00,1,2,01,A01
200500017446,0,05,000,00,2,7,21,B01
200500017446,0,07,000,00,2,3,01,C01
200500017446,0,07,000,00,0,0,09,A01
200500017447,0,10,000,00,2,3,15,B01
200500017447,0,05,000,00,2,1,01,A01
200500017448,0,07,000,00,2,2,15,A01
200500017448,0,07,000,00,2,3,02,B01
200500017449,0,07,000,00,2,1,02,A01
200500017449,0,07,000,00,2,4,23,B01
200500017450,0,07,000,00,1,4,04,A01
200500017451,0,02,000,14,0,0,02,A01
200500017452,0,07,000,00,1,0,02,A01
200500017453,0,07,000,00,9,8,10,A01
200500017453,0,04,000,00,2,1,01,B01
200500017454,0,01,000,00,1,0,02,A01
200500017455,0,05,000,00,2,7,17,A01
200500017455,0,07,000,00,2,1,10,B01
200500017456,0,07,000,00,2,1,02,B01
200500017456,0,07,000,00,2,7,02,A01
200500017457,0,02,000,00,9,2,17,A01
200500017457,0,01,000,00,2,4,16,B01
200500017458,0,05,000,00,2,1,17,A01
200500017458,0,07,000,00,2,3,09,B01
200500017459,0,07,000,00,1,7,02,A01
200500017460,0,07,000,00,1,7,15,A01
200500017461,0,02,000,00,2,3,02,B01
200500017461,1,07,000,00,2,0,02,A01
200500017462,0,07,000,00,2,1,15,A01
200500017462,0,04,000,00,2,1,05,B01
200500017463,0,05,000,00,1,1,02,A01
200500017464,0,07,000,00,2,1,02,A01
200500017464,0,07,000,00,2,4,02,B01
200500017464,0,07,000,00,0,4,02,C01
200500017465,0,07,000,00,2,1,05,A01
200500017465,0,05,000,00,2,1,05,B01
200500017466,0,07,000,00,1,2,02,A01
200500017467,0,07,000,00,2,2,02,A01
200500017467,0,01,000,00,2,3,02,B01
200500017468,0,07,000,00,1,2,02,A01
200500017469,0,07,000,00,1,2,07,A01
200500017470,0,10,000,14,0,1,02,A01
200500017470,0,07,000,00,2,4,23,B01
200500017471,0,07,000,00,2,2,16,A01
200500017471,0,04,000,00,2,8,02,B01
200500017472,0,05,000,00,1,1,09,A01
200500017473,0,05,000,00,1,1,03,A01
200500017474,0,10,000,00,2,1,02,A01
200500017474,0,07,000,00,2,4,15,B01
200500017475,0,07,000,00,2,1,02,A01
200500017475,0,07,000,00,2,1,02,B01
200500017476,0,02,000,00,2,1,01,A01
200500017476,0,07,000,00,0,3,01,B01
200500017477,0,07,000,00,2,1,01,A01
200500017477,0,07,000,00,2,7,01,B01
200500017478,0,02,000,00,2,7,01,A01
200500017478,0,10,000,00,2,3,15,B01
200500017479,0,14,000,00,0,6,23,A01
200500017479,0,02,000,00,2,1,15,B01
200500017480,0,10,000,00,2,1,01,A01
200500017480,0,07,000,00,0,4,23,B01
200500017481,0,07,000,00,2,1,15,A01
200500017481,0,05,000,00,2,8,01,B01
200500017482,0,07,000,00,1,1,01,A01
200500017483,0,02,000,00,0,0,01,A01
200500017484,0,02,000,00,2,1,01,B01
200500017484,0,07,000,00,2,2,15,A01
200500017485,0,07,000,00,2,1,15,A01
200500017485,0,05,000,00,2,1,01,B01
200500017486,0,07,000,00,2,4,09,A01
200500017486,0,07,000,00,2,1,01,B01
200500017487,0,07,000,00,2,3,16,A01
200500017487,0,02,000,00,2,1,01,B01
200500017488,0,07,000,00,1,4,04,A01
200500017489,0,07,000,00,1,2,01,A01
200500017490,0,04,000,00,1,1,01,A01
200500017491,0,05,000,00,0,4,01,A01
200500017491,0,07,000,00,2,1,01,B01
200500017492,0,07,000,00,2,2,12,A01
200500017492,0,18,015,00,2,3,01,B01
200500017493,0,07,000,00,2,1,01,A01
200500017493,0,07,000,00,2,4,01,B01
200500017494,0,05,000,00,2,1,01,A01
200500017494,0,07,000,00,2,6,01,B01
200500017495,0,04,000,00,2,0,09,A01
200500017495,0,20,000,00,0,0,01,B01
200500017496,0,05,000,00,2,1,00,A01
200500017496,0,07,000,00,2,3,00,B01
200500017497,0,05,000,00,2,8,01,A01
200500017497,0,07,000,00,2,5,20,B01
200500017498,0,07,000,00,2,2,23,A01
200500017498,0,04,000,00,2,1,01,B01
200500017499,0,05,000,00,2,1,01,A01
200500017499,0,07,000,00,2,3,01,C01
200500017499,0,07,000,00,2,8,16,B01
200500017500,0,10,000,00,2,4,01,A01
200500017500,0,07,000,00,2,1,01,B01
200500017501,0,02,000,00,2,1,01,A01
200500017501,0,10,000,00,2,5,23,B01
200500017502,0,07,000,04,0,1,01,A01
200500017503,0,02,000,00,2,1,01,A01
200500017503,0,07,000,00,2,8,09,B01
200500017504,0,05,000,00,0,8,01,A01
200500017505,0,07,000,00,1,1,01,A01
200500017506,0,05,000,00,2,1,01,B01
200500017506,0,07,000,00,2,2,15,A01
200500017507,0,05,000,00,0,0,01,A01
200500017507,0,07,000,00,0,0,12,B01
200500017508,0,07,000,00,1,1,20,A01
200500017509,0,07,000,00,1,0,14,A01
200500017510,0,07,000,09,0,1,01,A01
200500017511,0,07,000,08,0,8,13,A01
200500017512,0,02,000,01,2,1,15,A01
200500017512,0,07,000,00,2,3,15,B01
200500017513,0,05,000,00,2,1,17,A01
200500017513,0,07,000,00,2,3,01,B01
200500017514,0,07,000,00,9,2,17,A01
200500017514,0,01,000,00,2,4,01,B01
200500017515,0,04,000,00,2,0,00,A01
200500017515,0,07,000,00,2,0,00,B01
200500017516,0,07,000,00,2,7,16,A01
200500017516,0,18,020,00,2,3,01,B01
200500017517,0,07,000,00,1,2,01,A01
200500017518,0,07,000,00,0,0,16,A01
200500017518,0,05,000,00,0,8,21,B01
200500017519,0,07,000,00,2,1,01,B01
200500017519,0,07,000,15,2,3,01,A01
200500017520,0,07,000,00,2,1,01,A01
200500017520,0,07,000,15,2,7,01,B01
200500017521,0,07,000,00,2,6,02,A01
200500017521,0,02,000,00,2,1,01,B01
200500017522,0,05,000,00,2,1,03,B01
200500017522,0,07,000,00,2,1,09,A01
200500017523,0,02,000,00,2,1,01,B01
200500017523,0,07,000,00,2,3,15,A01
200500017524,0,05,000,14,0,1,21,A01
200500017525,0,13,000,00,0,0,04,A01
200500017525,0,05,000,00,0,0,24,B01
200500017526,0,04,000,00,2,7,01,A01
200500017526,0,07,000,00,2,2,16,B01
200500017527,0,05,000,00,0,2,16,A01
200500017528,0,18,000,00,1,2,16,A01
200500017529,0,07,000,00,0,0,00,A01
200500017530,0,18,000,00,1,0,08,A01
200500017531,0,07,000,00,2,9,02,A01
200500017531,0,07,000,00,2,8,23,B01
200500017531,0,07,000,00,2,1,23,C01
200500017531,0,07,000,00,2,8,23,D01
200500017532,0,04,000,00,2,7,18,A01
200500017532,0,07,000,00,0,0,00,B01
200500017533,0,07,000,00,0,0,00,A01
200500017534,0,07,000,00,2,3,15,B01
200500017534,0,05,000,00,2,1,02,A01
200500017535,0,18,000,00,1,1,07,A01
200500017536,0,04,000,00,2,1,00,A01
200500017536,0,10,000,00,2,8,09,B01
200500017537,1,07,000,00,1,0,17,A01
200500017538,0,05,000,00,2,7,15,A01
200500017538,0,07,000,00,2,8,15,B01
200500017539,0,07,000,01,0,2,02,A01
200500017539,0,07,000,01,0,6,24,B01
200500017540,0,02,000,00,2,1,16,A01
200500017541,0,07,000,00,2,2,02,A01
200500017541,0,02,000,00,2,8,09,B01
200500017542,0,07,000,00,1,3,02,A01
200500017543,0,07,000,00,0,5,02,A01
200500017543,0,02,000,00,2,4,02,B01
200500017544,0,02,000,00,2,1,02,A01
200500017544,0,07,000,00,2,4,23,B01
200500017545,0,07,000,00,0,1,13,A01
200500017546,0,18,041,00,1,2,01,A01
200500017547,0,07,000,00,2,2,17,A01
200500017547,0,07,000,00,2,4,02,B01
200500017548,0,07,000,00,2,3,15,A01
200500017548,0,05,000,00,2,1,02,B01
200500017549,0,07,000,01,0,3,21,B01
200500017550,0,07,000,00,2,6,13,A01
200500017550,0,99,000,00,2,3,01,B01
200500017551,0,02,000,00,9,1,02,B01
200500017551,0,01,000,00,2,3,05,A01
200500017552,0,07,000,16,4,3,19,A01
200500017552,0,19,000,00,2,2,01,B01
200500017553,0,07,000,00,0,2,15,A01
200500017553,0,07,000,00,0,3,01,B01
200500017554,0,05,000,00,0,3,15,A01
200500017555,0,10,000,01,0,2,17,A01
200500017556,0,19,000,00,1,2,02,A01
200500017557,0,04,000,00,2,4,12,A01
200500017557,0,07,000,00,9,1,11,B01
200500017558,0,07,000,00,2,1,01,A01
200500017558,0,14,000,00,2,1,01,B01
200500017559,0,07,000,00,1,1,16,A01
200500017560,2,99,000,00,1,1,02,A01
200500017561,0,07,000,01,0,1,14,A01
200500017562,0,14,000,14,2,1,15,A01
200500017562,0,07,000,00,0,0,02,B01
200500017563,0,07,000,00,0,0,02,A01
200500017563,0,07,000,00,0,0,02,B01
200500017564,0,05,000,00,2,8,02,A01
200500017564,0,07,000,00,0,6,02,B01
200500017564,0,14,000,00,2,7,02,C01
200500017565,0,07,000,00,1,1,07,A01
200500017566,0,03,000,00,1,1,02,A01
200500017567,0,04,000,00,2,1,01,B01
200500017567,0,07,000,00,2,3,15,A01
200500017568,0,10,000,00,0,0,02,A01
200500017569,0,07,000,00,1,3,02,A01
200500017570,0,07,000,00,1,7,02,A01
200500017571,0,07,000,00,1,3,02,A01
200500017572,0,07,000,00,2,1,05,A01
200500017572,0,07,000,00,2,1,02,B01
200500017573,0,07,000,00,0,3,02,A01
200500017573,0,18,002,00,2,2,02,B01
200500017574,0,03,000,00,9,1,02,A01
200500017575,0,07,000,01,0,2,02,A01
200500017576,2,07,000,15,2,3,17,A01
200500017576,0,07,000,00,2,6,24,B01
200500017576,0,07,000,00,2,1,24,C01
200500017577,0,07,000,00,1,3,21,A01
200500017578,1,99,000,00,1,0,00,A01
200500017579,0,07,000,00,2,2,19,B01
200500017579,0,07,000,00,2,3,19,A01
200500017580,0,04,000,00,2,3,02,A01
200500017580,0,07,000,00,2,5,16,B01
200500017581,0,05,000,00,2,2,17,A01
200500017581,0,07,000,00,0,3,15,B01
200500017582,0,07,000,00,1,5,04,A01
200500017583,0,18,000,00,1,2,02,A01
200500017584,0,07,000,01,0,2,02,A01
200500017585,0,99,000,00,1,1,15,A01
200500017586,0,02,000,00,1,0,01,A01
200500017587,0,07,000,00,2,2,05,A01
200500017587,0,07,000,00,2,2,21,B01
200500017588,0,07,000,00,2,0,00,A01
200500017588,0,07,000,00,2,8,14,B01
200500017589,0,07,000,00,2,3,15,A01
200500017589,0,02,000,00,2,1,17,B01
200500017590,0,07,000,06,2,5,01,B01
200500017590,0,10,000,00,2,1,05,A01
200500017591,0,07,000,12,0,1,15,A01
200500017591,0,07,000,00,2,1,00,B01
200500017592,0,04,000,00,2,0,01,A01
200500017592,0,07,000,00,2,0,01,B01
200500017593,0,07,000,00,2,6,10,A01
200500017593,0,02,000,00,2,1,18,B01
200500017594,0,07,000,00,2,8,19,A01
200500017594,0,07,000,00,2,1,19,B01
200500017595,0,07,000,00,2,0,00,A01
200500017595,0,05,000,00,2,0,01,B01
200500017596,0,07,000,00,0,3,19,A01
200500017596,0,07,000,00,0,6,19,B01
200500017597,0,04,000,00,2,1,01,B01
200500017597,0,07,000,00,2,1,01,A01
200500017598,0,07,000,00,0,2,02,A01
200500017598,0,07,000,00,0,5,02,B01
200500017599,0,07,000,15,0,3,21,A01
200500017600,0,10,000,07,2,7,01,A01
200500017600,0,07,000,07,2,1,09,B01
200500017601,0,07,000,01,1,3,15,A01
200500017602,0,07,000,00,1,1,02,A01
200500017603,0,07,000,00,0,6,13,A01
200500017603,0,04,000,00,0,2,19,B01
200500017604,1,07,000,00,1,0,01,A01
200500017605,0,07,000,00,2,4,01,A01
200500017605,0,04,000,00,2,1,02,B01
200500017606,0,07,000,00,2,2,15,A01
200500017606,0,05,000,00,2,1,02,B01
200500017607,0,07,000,00,2,5,02,A01
200500017607,0,04,000,00,2,2,02,B01
200500017608,0,02,000,00,0,1,11,A01
200500017609,0,07,000,00,2,2,19,A01
200500017609,0,07,000,00,2,3,00,B01
200500017610,0,05,000,00,1,1,01,A01
200500017611,0,07,000,00,2,1,15,A01
200500017611,0,05,000,00,2,8,01,B01
200500017612,0,02,000,01,0,1,16,A01
200500017613,0,07,000,01,0,2,02,A01
200500017614,0,02,000,01,2,3,09,A01
200500017614,0,07,000,00,0,0,17,B01
200500017615,0,07,000,00,2,2,01,A01
200500017615,0,07,000,00,2,3,01,B01
200500017616,0,20,000,00,2,8,15,A01
200500017616,0,02,000,00,2,1,05,B01
200500017617,0,02,000,00,0,7,21,A01
200500017617,0,07,000,00,2,3,19,B01
200500017618,0,07,000,00,2,3,15,A01
200500017618,0,04,000,00,2,7,17,B01
200500017619,0,07,000,00,1,8,21,A01
200500017620,2,07,000,00,0,1,17,A01
200500017620,0,07,000,00,2,1,01,B01
200500017621,0,07,000,00,2,4,01,A01
200500017621,0,07,000,00,2,1,01,B01
200500017622,0,07,000,00,0,8,15,A01
200500017622,0,05,000,00,2,1,17,B01
200500017623,0,07,000,00,2,2,19,A01
200500017623,0,07,000,00,2,1,02,B01
200500017624,0,07,000,00,2,5,19,A01
200500017624,0,05,000,16,2,2,14,C01
200500017625,0,05,000,00,2,1,17,A01
200500017625,0,07,000,00,2,3,15,B01
200500017626,0,02,000,00,2,1,01,B01
200500017626,0,07,000,00,2,5,01,A01
200500017627,0,07,000,00,2,1,01,A01
200500017627,0,07,000,00,2,4,01,B01
200500017627,0,07,000,00,2,4,01,C01
200500017627,0,07,000,00,2,8,01,D01
200500017628,0,07,000,00,1,7,16,A01
200500017629,1,07,000,00,2,6,00,A01
200500017629,0,02,000,00,2,1,00,B01
200500017630,0,07,000,02,0,1,14,A01
200500017631,0,07,000,01,0,9,17,A01
200500017631,0,07,000,00,2,8,02,B01
200500017632,0,07,000,00,2,1,00,B01
200500017632,0,14,000,00,2,8,16,A01
200500017633,0,07,000,00,2,1,06,A01
200500017633,0,07,000,00,2,8,01,B01
200500017634,0,07,000,00,2,4,23,A01
200500017634,0,07,000,00,2,1,23,B01
200500017635,0,07,000,00,0,4,01,A01
200500017635,0,07,000,00,2,9,01,B01
200500017635,0,07,000,00,2,1,02,C01
200500017636,2,07,000,00,2,7,10,A01
200500017636,0,07,000,00,2,1,01,B01
200500017637,0,07,000,00,2,1,04,A01
200500017638,0,07,000,00,2,1,02,A01
200500017638,0,07,000,00,2,1,02,B01
200500017639,0,07,000,00,1,1,02,A01
200500017640,0,07,000,00,1,0,02,A01
200500017641,0,07,000,00,1,0,02,A01
200500017642,0,07,000,00,1,0,15,A01
200500017643,0,05,000,00,2,1,02,A01
200500017643,0,07,000,00,2,1,02,B01
200500017644,0,07,000,00,0,4,02,A01
200500017644,0,07,000,00,2,1,02,B01
200500017645,0,07,000,00,2,3,01,A01
200500017645,0,07,000,00,2,2,09,B01
200500017646,0,07,000,06,0,1,15,A01
200500017647,0,07,000,00,2,1,02,A01
200500017647,0,07,000,00,2,4,23,B01
200500017647,0,07,000,00,2,4,23,C01
200500017648,0,05,000,00,1,1,01,A01
200500017649,0,07,000,00,0,4,19,A01
200500017649,0,04,000,00,0,1,19,B01
200500017650,2,07,000,00,2,1,02,A01
200500017650,0,07,000,00,0,4,02,B01
200500017651,0,04,000,00,0,1,17,A01
200500017652,0,07,000,00,0,2,15,A01
200500017652,0,07,000,00,2,3,19,B01
200500017653,0,18,020,09,0,0,19,A01
200500017654,0,05,000,00,2,7,19,B01
200500017654,1,07,000,00,2,0,19,A01
200500017655,0,07,000,00,1,1,17,A01
200500017656,0,07,000,00,1,4,05,A01
200500017657,0,18,000,00,1,1,07,A01
200500017658,0,07,000,00,1,2,19,A01
200500017659,0,07,000,00,1,2,21,A01
200500017660,1,07,000,14,1,1,19,A01
200500017661,0,07,000,14,2,1,02,A01
200500017661,0,07,000,00,2,4,23,B01
200500017662,0,07,000,00,2,1,19,A01
200500017662,0,07,000,00,0,4,23,B01
200500017662,0,07,000,00,0,4,23,C01
200500017663,0,18,010,11,0,0,19,A01
200500017664,0,18,000,00,1,2,08,A01
200500017665,0,07,000,02,0,1,14,A01
200500017666,0,07,000,00,2,1,21,A01
200500017666,0,07,000,00,0,5,19,B01
200500017667,0,02,000,01,0,1,21,A01
200500017668,0,07,000,00,0,1,11,A01
200500017668,0,07,000,00,0,3,23,B01
200500017669,0,07,000,00,1,1,02,A01
200500017670,0,07,000,00,1,2,21,A01
200500017671,0,07,000,00,9,1,21,A01
200500017672,0,10,000,00,2,3,11,A01
200500017672,0,04,000,00,2,7,01,B01
200500017673,0,07,000,01,1,1,00,A01
200500017674,0,07,000,00,0,2,09,A01
200500017674,0,14,000,00,0,1,09,B01
200500017675,0,07,000,00,0,0,00,A01
200500017676,0,07,000,00,1,3,01,A01
200500017677,0,20,000,00,2,1,01,A01
200500017677,0,07,000,00,0,6,15,B01
200500017678,0,07,000,00,1,4,04,A01
200500017679,0,07,000,00,2,1,01,B01
200500017679,0,07,000,15,0,7,01,A01
200500017680,0,07,000,00,9,3,15,A01
200500017681,0,05,000,00,1,1,03,A01
200500017682,0,07,000,00,0,0,00,A01
200500017683,0,05,000,00,0,8,21,A01
200500017684,0,07,000,00,0,0,00,A01
200500017684,0,07,000,00,0,0,00,B01
200500017685,0,07,000,00,0,0,00,A01
200500017686,0,07,000,00,2,7,09,B01
200500017686,2,07,000,00,2,1,09,A01
200500017687,0,07,000,02,0,1,00,A01
200500017688,0,07,000,00,0,0,00,A01
200500017688,0,07,000,00,0,0,00,B01
200500017688,0,07,000,00,0,0,00,C01
200500017689,0,01,000,00,0,0,00,A01
200500017690,0,05,000,00,1,1,12,A01
200500017691,0,07,000,02,0,1,00,A01
200500017692,0,15,000,02,0,0,01,A01
200500017693,0,14,000,00,2,2,01,A01
200500017693,0,07,000,16,2,3,15,B01
200500017694,0,10,000,00,1,2,01,A01
200500017695,0,02,000,00,2,1,02,A01
200500017695,0,10,000,00,2,4,02,B01
200500017696,0,07,000,00,2,3,13,A01
200500017696,0,07,000,00,2,3,21,B01
200500017697,0,07,000,00,2,3,15,A01
200500017697,0,04,000,00,2,1,01,B01
200500017698,0,05,000,01,0,1,02,A01
200500017698,0,14,000,00,0,4,23,B01
200500017699,0,07,000,00,2,1,15,A01
200500017699,0,05,000,00,2,1,01,B01
200500017700,0,04,000,01,0,1,21,A01
200500017700,0,07,000,00,2,4,24,B01
200500017701,0,02,000,00,2,1,17,A01
200500017701,0,07,000,00,2,6,15,B01
200500017702,0,07,000,01,0,1,21,A01
200500017703,0,07,000,00,2,1,02,A01
200500017703,0,07,000,00,0,4,23,B01
200500017704,0,07,000,12,0,3,01,B01
200500017704,0,07,000,00,0,0,01,A01
200500017705,0,07,000,00,2,1,01,A01
200500017705,0,20,000,00,0,4,23,B01
200500017706,0,05,000,00,2,1,01,A01
200500017706,0,07,000,00,0,8,10,B01
200500017707,0,07,000,00,0,3,10,A01
200500017707,0,02,000,00,2,1,01,B01
200500017708,0,07,000,00,0,3,15,A01
200500017708,0,02,000,00,2,1,01,B01
200500017709,0,07,000,00,0,3,15,A01
200500017709,0,05,000,00,2,1,01,B01
200500017710,0,07,000,00,1,2,02,A01
200500017711,0,07,000,00,2,1,02,A01
200500017711,0,20,000,00,0,4,23,B01
200500017712,1,07,000,00,2,2,05,A01
200500017713,0,07,000,00,1,1,02,A01
200500017714,0,07,000,00,2,3,15,A01
200500017714,0,07,000,00,2,1,02,B01
200500017715,0,07,000,01,0,2,02,A01
200500017715,0,07,000,00,0,4,24,B01
200500017716,0,07,000,00,2,1,02,A01
200500017716,0,07,000,00,2,6,02,B01
200500017717,0,07,000,00,2,2,02,A01
200500017717,0,05,000,00,2,1,02,B01
200500017718,0,10,000,00,2,3,16,A01
200500017718,0,04,000,00,2,1,02,B01
200500017719,0,07,000,00,2,1,01,A01
200500017719,0,07,000,00,2,5,02,B01
200500017720,0,07,000,01,0,1,02,A01
200500017720,0,07,000,00,2,4,23,B01
200500017721,0,07,000,00,1,1,01,A01
200500017722,0,07,000,00,2,2,15,A01
200500017722,0,02,000,00,2,7,17,B01
200500017723,0,07,000,00,1,4,04,A01
200500017724,0,07,000,00,1,0,01,A01
200500017725,0,07,000,01,0,1,15,A01
200500017725,0,07,000,00,2,1,01,C01
200500017726,0,07,000,00,2,1,01,A01
200500017726,0,07,000,00,2,4,02,B01
200500017726,0,07,000,00,2,4,02,C01
200500017726,0,07,000,00,0,4,02,D01
200500017727,0,07,000,00,1,2,02,A01
200500017728,0,02,000,01,0,7,01,A01
200500017729,0,07,000,00,2,2,02,A01
200500017729,0,07,000,00,2,3,09,B01
200500017730,1,07,000,00,1,0,00,A01
200500017731,0,05,000,01,0,1,01,A01
200500017732,0,07,000,00,2,1,02,A01
200500017732,0,07,000,00,0,4,23,B01
200500017733,0,01,000,00,0,0,01,A01
200500017734,0,05,000,00,2,1,09,A01
200500017734,1,07,000,00,0,1,02,B01
200500017735,0,07,000,15,0,1,01,A01
200500017736,0,07,000,00,2,2,15,A01
200500017736,0,05,000,00,0,1,01,B01
200500017737,0,05,000,00,2,3,15,A01
200500017737,0,07,000,00,0,3,15,B01
200500017738,0,07,000,00,1,1,01,A01
200500017739,0,07,000,04,0,3,17,A01
200500017740,0,07,000,00,2,7,19,A01
200500017740,0,07,000,00,2,1,19,B01
200500017741,0,07,000,00,1,3,02,A01
200500017742,2,05,000,00,1,1,02,A01
200500017742,0,07,000,00,2,1,05,B01
200500017743,0,02,000,00,2,1,02,A01
200500017743,0,07,000,00,2,1,16,B01
200500017744,0,07,000,00,1,4,04,A01
200500017745,0,05,000,11,0,1,02,A01
200500017746,0,07,000,08,0,2,02,A01
200500017747,1,07,000,00,1,1,02,A01
200500017748,0,07,000,00,1,2,02,A01
200500017749,0,07,000,00,1,1,01,A01
200500017750,0,05,000,09,0,1,15,A01
200500017751,0,07,000,00,2,3,15,A01
200500017751,0,02,000,00,2,1,01,B01
200500017752,0,07,000,00,0,0,02,A01
200500017753,0,02,000,00,2,1,17,A01
200500017753,0,07,000,00,2,6,15,B01
200500017754,0,07,000,00,2,7,13,A01
200500017754,0,07,000,00,2,1,05,B01
200500017755,0,07,000,00,2,1,02,A01
200500017755,0,10,000,00,2,4,23,B01
200500017756,0,07,000,00,2,3,13,A01
200500017756,0,07,000,00,2,1,01,B01
200500017757,0,05,000,00,2,1,01,A01
200500017757,0,07,000,00,2,1,23,B01
200500017758,0,18,000,00,1,1,01,A01
200500017759,0,07,000,01,2,8,02,A01
200500017760,0,05,000,16,0,1,01,A01
200500017761,0,05,000,00,2,3,15,A01
200500017761,0,07,000,00,2,0,12,B01
200500017762,0,07,000,00,1,2,01,A01
200500017763,0,07,000,00,2,7,15,A01
200500017763,0,05,000,00,2,6,01,B01
200500017764,2,07,000,11,1,1,14,A01
200500017765,0,07,000,00,1,2,01,A01
200500017766,0,07,000,00,2,1,17,A01
200500017766,0,07,000,00,2,1,21,B01
200500017767,0,14,000,00,1,3,15,A01
200500017768,0,07,000,00,9,8,11,A01
200500017768,0,05,000,00,2,8,21,B01
200500017769,0,99,000,00,2,3,10,A01
200500017769,0,05,000,00,2,1,02,B01
200500017770,0,07,000,00,2,1,15,B01
200500017770,0,07,000,06,2,1,21,A01
200500017771,0,07,000,00,2,3,11,A01
200500017771,0,07,000,00,2,2,01,B01
200500017772,0,07,000,00,2,1,01,A01
200500017772,0,07,000,00,2,4,01,B01
200500017773,0,07,000,00,1,1,01,A01
200500017774,0,07,000,00,2,2,20,A01
200500017774,0,07,000,00,2,1,01,B01
200500017775,2,07,000,11,0,1,03,A01
200500017776,0,07,000,00,2,3,23,A01
200500017776,0,04,000,00,2,2,01,B01
200500017777,0,05,000,00,2,1,01,A01
200500017777,0,07,000,00,2,3,01,B01
200500017778,0,07,000,00,1,2,01,A01
200500017779,0,07,000,00,1,2,16,A01
200500017780,0,02,000,01,2,1,15,A01
200500017780,0,07,000,00,2,8,15,B01
200500017781,0,04,000,00,2,1,17,A01
200500017781,0,07,000,00,0,6,15,B01
200500017782,0,07,000,00,2,2,01,A01
200500017782,0,10,000,00,2,3,01,B01
200500017783,0,02,000,00,2,1,09,A01
200500017783,0,07,000,00,2,3,01,B01
200500017784,0,07,000,00,1,3,01,A01
200500017785,0,20,000,00,2,1,01,A01
200500017785,0,07,000,00,0,3,01,B01
200500017786,0,07,000,00,1,1,01,A01
200500017787,0,07,000,01,0,5,15,A01
200500017787,0,07,000,00,0,1,01,B01
200500017788,0,07,000,00,2,1,02,A01
200500017788,0,07,000,00,0,4,01,B01
200500017789,0,07,000,00,2,2,15,A01
200500017789,0,05,000,00,2,1,02,B01
200500017790,0,07,000,02,0,1,02,A01
200500017791,1,07,000,00,1,1,01,A01
200500017792,0,07,000,00,2,1,01,A01
200500017792,0,07,000,06,2,8,01,B01
200500017793,0,07,000,00,1,1,01,A01
200500017794,0,07,000,00,1,2,01,A01
200500017795,1,07,000,00,2,8,15,A01
200500017795,0,05,000,00,2,1,01,B01
200500017796,0,07,000,02,0,1,13,A01
200500017797,0,07,000,00,1,1,01,A01
200500017798,0,07,000,00,2,1,15,A01
200500017798,0,02,000,00,2,1,01,B01
200500017799,0,02,000,00,2,1,17,A01
200500017799,0,07,000,00,2,8,09,B01
200500017800,1,07,000,00,2,0,17,A01
200500017800,0,18,028,00,2,3,01,B01
200500017801,1,13,000,00,2,0,01,A01
200500017801,0,18,011,00,2,3,01,B01
200500017802,0,05,000,00,2,8,01,A01
200500017802,0,07,000,00,2,4,23,B01
200500017803,0,05,000,00,0,1,01,A01
200500017804,0,02,000,00,2,1,01,A01
200500017804,0,07,000,00,2,7,01,B01
200500017805,0,07,000,00,2,3,15,A01
200500017805,0,02,000,00,1,8,17,B01
200500017806,0,07,000,00,2,8,15,A01
200500017806,0,02,000,00,2,1,01,B01
200500017807,0,05,000,00,2,2,01,A01
200500017807,0,07,000,00,2,6,16,B01
200500017808,0,07,000,00,2,7,15,A01
200500017808,0,02,000,00,2,1,01,B01
200500017809,0,05,000,00,5,7,01,A01
200500017810,0,04,000,00,2,8,01,B01
200500017810,0,07,000,00,2,3,15,A01