Num_Acc,senc,catv,occutc,obs,obsm,choc,manv,num_veh
200500017811,0,07,000,00,2,7,17,A01
200500017811,0,10,000,00,2,6,01,B01
200500017812,0,07,000,00,1,1,01,A01
200500017813,0,18,001,00,1,2,01,A01
200500017814,0,07,000,00,2,7,15,A01
200500017814,0,05,000,00,2,1,01,B01
200500017815,0,07,000,08,0,2,14,A01
200500017816,0,07,000,00,2,1,01,A01
200500017816,0,07,000,00,2,8,01,B01
200500017817,0,07,000,00,1,1,01,A01
200500017818,0,01,000,12,9,1,01,A01
200500017819,0,05,000,00,2,7,01,B01
200500017819,0,07,000,00,9,1,09,A01
200500017820,0,07,000,14,0,9,01,A01
200500017821,0,07,000,00,2,3,00,A01
200500017821,0,07,000,00,2,9,20,B01
200500017821,0,13,000,00,2,6,01,C01
200500017822,1,07,000,00,1,1,01,A01
200500017823,0,01,000,00,1,2,01,A01
200500017824,0,07,000,00,2,6,15,A01
200500017824,0,05,000,00,2,2,17,B01
200500017825,0,14,000,00,2,2,01,C01
200500017825,0,15,000,00,2,1,01,A01
200500017825,0,07,000,00,2,4,23,B01
200500017826,0,07,000,00,2,3,13,A01
200500017826,0,10,000,00,2,3,01,B01
200500017827,0,07,000,00,2,1,09,A01
200500017827,0,07,000,00,2,4,23,B01
200500017827,0,07,000,00,2,4,23,C01
200500017827,0,07,000,00,2,4,23,D01
200500017827,0,07,000,00,2,4,23,E01
200500017828,0,10,000,01,0,1,00,A01
200500017829,0,07,000,00,2,1,01,A01
200500017829,0,07,000,00,2,4,01,B01
200500017830,0,07,000,00,2,4,02,A01
200500017830,0,07,000,00,2,4,14,B01
200500017830,0,07,000,00,2,1,01,C01
200500017831,1,07,000,00,0,0,02,A01
200500017831,0,02,000,16,0,0,02,B01
200500017832,0,07,000,00,2,1,02,A01
200500017832,0,07,000,00,2,4,02,B01
200500017833,0,99,000,00,2,1,00,A01
200500017833,0,07,000,00,2,3,15,B01
200500017834,0,18,000,00,1,5,16,A01
200500017835,0,01,000,00,2,1,01,A01
200500017835,0,07,000,00,0,2,01,B01
200500017836,0,07,000,00,2,2,15,A01
200500017836,0,02,000,00,2,1,01,B01
200500017837,0,05,000,00,2,4,18,A01
200500017837,0,07,000,00,2,1,01,B01
200500017838,0,07,000,00,2,2,17,B01
200500017838,0,07,000,00,2,3,01,A01
200500017839,0,07,000,00,2,1,02,A01
200500017839,0,07,000,00,0,4,01,B01
200500017840,0,07,000,00,1,6,02,A01
200500017841,0,05,000,00,2,3,09,A01
200500017841,0,07,000,00,2,1,15,B01
200500017842,0,10,000,00,1,4,04,A01
200500017843,0,05,000,00,2,1,02,A01
200500017843,0,07,000,00,2,3,15,B01
200500017844,0,02,000,00,0,7,02,A01
200500017845,0,07,000,00,2,3,15,A01
200500017845,0,05,000,00,2,1,02,B01
200500017846,0,07,000,00,0,1,02,A01
200500017847,0,14,000,00,2,2,12,A01
200500017847,0,05,000,00,2,3,02,B01
200500017848,0,05,000,00,2,1,01,A01
200500017848,0,07,000,00,0,6,01,B01
200500017849,0,07,000,00,1,1,15,A01
200500017850,0,07,000,00,1,1,02,A01
200500017851,0,02,000,00,2,1,01,A01
200500017851,0,07,000,00,2,1,01,B01
200500017852,0,07,000,11,0,3,01,A01
200500017853,0,07,000,00,1,2,17,A01
200500017854,0,07,000,00,2,1,17,A01
200500017854,0,07,000,00,2,8,15,B01
200500017855,0,07,000,00,2,7,15,A01
200500017855,0,05,000,00,2,1,01,B01
200500017856,0,07,000,00,2,1,15,A01
200500017856,0,07,000,00,2,8,01,B01
200500017857,0,07,000,00,2,7,17,A01
200500017857,0,05,000,00,2,1,01,B01
200500017858,0,07,000,06,0,1,01,A01
200500017859,0,07,000,00,2,5,15,A01
200500017859,0,07,000,00,2,1,01,B01
200500017860,0,07,000,00,1,3,01,A01
200500017861,0,07,000,00,2,1,01,A01
200500017861,0,07,000,01,2,3,01,B01
200500017862,0,07,000,00,1,4,04,A01
200500017863,0,07,000,00,2,1,17,A01
200500017863,0,07,000,00,2,4,17,B01
200500017864,0,13,000,00,2,1,19,A01
200500017864,0,07,000,00,2,1,01,B01
200500017865,0,07,000,00,2,8,13,A01
200500017865,0,07,000,00,2,3,01,B01
200500017866,0,07,000,00,2,8,01,B01
200500017866,0,07,000,00,2,1,15,A01
200500017867,0,07,000,15,0,2,01,A01
200500017868,0,07,000,00,2,1,01,A01
200500017868,0,07,000,00,2,2,15,B01
200500017869,0,07,000,00,2,1,02,A01
200500017869,0,07,000,00,2,4,02,B01
200500017869,0,07,000,00,2,4,02,C01
200500017870,0,07,000,14,0,1,01,A01
200500017871,0,07,000,00,2,1,15,A01
200500017871,0,05,000,00,0,1,01,B01
200500017872,0,07,000,00,0,3,15,A01
200500017872,0,07,000,00,0,3,01,B01
200500017873,0,05,000,00,0,1,01,A01
200500017874,0,07,000,00,2,2,15,A01
200500017874,0,07,000,00,2,3,01,B01
200500017875,0,07,000,00,1,1,01,A01
200500017876,0,07,000,00,1,1,01,A01
200500017877,0,01,000,00,2,1,02,A01
200500017877,0,07,000,00,9,5,02,B01
200500017878,0,07,000,00,2,1,02,A01
200500017878,0,07,000,00,2,4,23,B01
200500017879,0,07,000,00,2,1,02,A01
200500017879,0,07,000,00,2,4,02,B01
200500017879,0,07,000,00,2,4,02,C01
200500017880,0,07,000,00,1,0,04,A01
200500017881,0,07,000,00,2,1,02,A01
200500017881,0,07,000,00,2,3,02,B01
200500017881,0,07,000,00,2,4,02,C01
200500017882,0,05,000,00,2,1,09,B01
200500017882,0,07,000,00,9,3,15,A01
200500017883,0,07,000,00,2,1,02,A01
200500017883,0,07,000,00,2,4,02,B01
200500017884,0,07,000,03,0,1,01,A01
200500017885,0,07,000,00,0,0,02,A01
200500017886,0,99,000,00,0,7,12,A01
200500017886,0,05,000,00,2,1,02,B01
200500017887,0,07,000,00,0,4,01,A01
200500017887,0,07,000,00,2,1,02,B01
200500017888,0,07,000,00,0,2,02,A01
200500017889,0,07,000,00,0,4,02,A01
200500017889,0,07,000,00,2,1,02,B01
200500017890,0,07,000,00,0,9,02,A01
200500017891,0,07,000,00,0,4,02,A01
200500017891,0,07,000,00,2,1,02,B01
200500017892,0,07,000,00,2,5,12,A01
200500017892,0,05,000,00,2,3,03,B01
200500017893,0,05,000,00,2,1,02,A01
200500017893,0,07,000,00,9,6,02,B01
200500017894,0,07,000,00,2,6,02,A01
200500017894,0,05,000,00,2,1,02,B01
200500017895,0,07,000,13,0,1,19,A01
200500017896,0,07,000,03,0,8,00,A01
200500017896,0,05,000,00,0,1,21,B01
200500017897,0,07,000,04,0,3,01,A01
200500017897,1,07,000,00,2,2,14,B01
200500017898,0,05,000,03,0,1,17,A01
200500017899,0,07,000,00,0,4,23,A01
200500017899,0,07,000,00,2,4,23,B01
200500017899,0,07,000,00,2,3,01,C01
200500017900,0,07,000,00,2,6,02,A01
200500017900,0,05,000,00,2,1,03,B01
200500017901,0,07,000,00,0,4,12,A01
200500017901,0,05,000,00,2,1,03,B01
200500017901,0,07,000,00,2,8,02,C01
200500017902,0,07,000,00,2,4,02,A01
200500017902,0,07,000,00,2,2,02,B01
200500017903,0,05,000,01,0,7,21,A01
200500017903,0,07,000,00,2,5,23,B01
200500017903,0,07,000,00,0,4,23,C01
200500017904,0,10,000,16,0,4,01,A01
200500017904,1,07,000,00,0,0,00,B01
200500017905,0,07,000,00,0,4,02,A01
200500017905,0,07,000,00,2,1,02,B01
200500017906,0,07,000,00,0,2,12,A01
200500017906,0,05,000,00,2,1,03,B01
200500017907,0,07,000,04,0,4,13,A01
200500017907,0,07,000,00,0,0,01,B01
200500017907,0,05,000,14,0,1,03,C01
200500017908,0,05,000,04,0,1,02,A01
200500017909,0,07,000,04,2,8,19,A01
200500017909,0,15,000,00,2,2,02,B01
200500017910,0,07,000,13,0,1,01,A01
200500017911,0,07,000,00,2,8,11,A01
200500017911,0,07,000,00,2,7,02,B01
200500017911,0,07,000,00,2,8,02,C01
200500017912,0,05,000,00,2,1,03,A01
200500017912,0,07,000,00,2,8,11,B01
200500017913,0,10,000,00,0,1,09,A01
200500017913,0,10,000,00,0,4,02,B01
200500017913,0,07,000,00,0,4,02,C01
200500017913,0,07,000,00,0,4,02,D01
200500017913,0,07,000,00,0,4,02,E01
200500017913,0,07,000,00,0,4,02,F01
200500017914,0,07,000,00,2,6,11,A01
200500017914,0,05,000,00,2,2,03,B01
200500017915,0,07,000,00,0,0,02,A01
200500017915,0,05,000,00,2,1,03,B01
200500017916,0,05,000,00,2,1,03,A01
200500017916,0,07,000,00,2,3,11,B01
200500017916,0,07,000,00,2,4,01,C01
200500017917,0,07,000,00,0,5,02,A01
200500017917,0,05,000,00,2,1,02,B01
200500017918,0,07,000,04,0,9,21,A01
200500017918,0,07,000,00,0,4,02,B01
200500017918,0,07,000,00,2,4,02,C01
200500017918,0,07,000,00,2,4,02,D01
200500017918,0,14,000,00,2,1,02,E01
200500017919,0,07,000,03,0,1,02,A01
200500017920,0,07,000,00,2,3,21,A01
200500017920,0,07,000,00,0,7,17,B01
200500017921,0,07,000,04,0,1,02,A01
200500017922,0,07,000,00,2,7,14,A01
200500017922,0,05,000,00,2,8,03,B01
200500017922,1,07,000,00,0,0,00,C01
200500017923,0,17,000,00,9,4,02,A01
200500017923,0,07,000,00,2,1,02,B01
200500017924,0,07,000,00,0,9,17,A01
200500017925,0,07,000,04,0,2,15,A01
200500017926,0,10,000,00,2,4,02,A01
200500017926,0,07,000,00,2,4,02,B01
200500017926,0,16,000,00,2,1,02,C01
200500017927,0,07,000,00,0,0,11,A01
200500017927,0,05,000,00,2,7,03,B01
200500017927,0,07,000,00,0,4,02,C01
200500017928,0,05,000,00,2,3,03,A01
200500017928,0,07,000,00,2,2,02,B01
200500017928,0,10,000,00,2,6,02,C01
200500017929,0,07,000,04,0,1,15,A01
200500017930,0,07,000,00,2,2,02,A01
200500017930,0,07,000,04,2,3,01,B01
200500017931,0,07,000,00,2,4,02,A01
200500017931,0,07,000,00,2,1,02,B01
200500017932,0,05,000,00,2,2,03,A01
200500017932,0,07,000,00,2,8,11,B01
200500017933,0,07,000,04,0,9,02,A01
200500017934,0,07,000,00,0,4,01,A01
200500017934,2,07,000,00,2,1,02,B01
200500017935,0,07,000,13,9,3,14,A01
200500017936,0,15,000,04,0,3,19,A01
200500017937,0,07,000,00,2,1,02,A01
200500017937,0,07,000,05,2,2,12,B01
200500017938,0,07,000,00,2,1,02,A01
200500017938,0,07,000,00,2,4,02,B01
200500017938,0,07,000,00,0,4,02,C01
200500017939,0,14,000,00,2,4,21,A01
200500017939,0,07,000,00,2,4,01,B01
200500017939,0,07,000,00,2,4,01,C01
200500017940,0,17,000,00,2,3,01,A01
200500017940,0,07,000,00,2,7,12,B01
200500017941,0,10,000,01,0,1,19,A01
200500017941,0,07,000,00,2,4,24,B01
200500017941,0,07,000,01,0,5,24,C01
200500017941,0,07,000,03,2,3,02,D01
200500017941,0,07,000,00,2,2,02,E01
200500017942,0,07,000,00,2,6,01,A01
200500017942,0,14,000,00,2,2,01,B01
200500017942,0,07,000,00,2,3,01,C01
200500017943,0,07,000,00,0,1,00,A01
200500017944,0,07,000,00,0,2,01,A01
200500017944,0,07,000,00,2,3,13,B01
200500017945,0,07,000,04,2,5,21,A01
200500017945,1,07,000,00,0,0,00,B01
200500017946,0,07,000,00,2,2,00,A01
200500017946,0,07,000,00,0,6,00,B01
200500017947,0,07,000,13,0,1,17,A01
200500017948,0,15,000,00,0,3,16,A01
200500017949,0,07,000,00,0,7,14,A01
200500017949,0,05,000,00,2,8,03,B01
200500017950,0,07,000,04,0,1,14,A01
200500017951,0,17,000,00,0,4,23,A01
200500017951,0,10,000,00,0,1,17,B01
200500017951,0,14,000,00,0,1,00,C01
200500017952,0,04,000,00,2,0,00,A01
200500017953,0,07,000,04,0,1,21,A01
200500017954,0,07,000,04,0,3,01,A01
200500017955,0,07,000,04,0,2,01,A01
200500017956,0,05,000,00,2,3,03,A01
200500017956,0,07,000,00,0,5,01,B01
200500017957,0,07,000,00,0,0,02,A01
200500017957,0,07,000,00,2,3,02,B01
200500017957,0,07,000,00,2,0,21,C01
200500017958,0,07,000,04,0,7,01,A01
200500017959,0,05,000,00,1,3,01,A01
200500017959,0,07,000,00,2,7,12,B01
200500017960,0,05,000,00,0,8,21,A01
200500017961,0,05,000,00,0,0,00,A01
200500017962,0,07,000,03,0,1,01,A01
200500017963,0,07,000,00,2,1,01,A01
200500017963,0,07,000,00,2,1,01,B01
200500017964,0,07,000,00,0,6,19,A01
200500017964,0,15,000,00,2,2,12,B01
200500017965,0,05,000,00,2,2,03,A01
200500017965,0,07,000,00,2,8,11,B01
200500017966,0,15,000,04,0,3,09,A01
200500017967,0,05,000,00,2,1,13,A01
200500017967,0,07,000,00,0,4,01,B01
200500017967,0,07,000,00,0,7,01,C01
200500017967,0,15,000,04,0,3,21,D01
200500017968,0,07,000,13,0,1,14,A01
200500017969,0,07,000,00,0,9,01,A01
200500017970,0,15,000,00,0,7,12,A01
200500017970,0,07,000,00,0,8,02,B01
200500017971,0,07,000,04,0,3,16,A01
200500017972,0,17,000,00,0,4,00,A01
200500017972,0,07,000,00,0,1,00,B01
200500017973,0,07,000,00,0,9,13,A01
200500017974,0,15,000,00,0,8,01,A01
200500017974,0,07,000,00,2,2,14,B01
200500017975,0,07,000,00,0,6,02,A01
200500017975,0,15,000,00,2,2,13,B01
200500017976,0,07,000,04,0,3,00,A01
200500017977,0,07,000,00,2,5,12,A01
200500017977,0,05,000,00,2,3,02,B01
200500017978,0,07,000,04,0,1,01,A01
200500017979,0,07,000,00,0,6,21,A01
200500017980,0,10,000,04,0,1,06,A01
200500017981,0,07,000,00,2,2,02,A01
200500017981,0,07,000,04,2,9,13,B01
200500017982,0,05,000,00,2,7,03,A01
200500017982,0,07,000,00,0,8,11,B01
200500017982,0,07,000,00,0,4,01,C01
200500017983,0,07,000,03,0,9,14,A01
200500017984,0,05,000,00,2,1,16,A01
200500017984,0,07,000,00,2,7,12,B01
200500017985,0,07,000,00,0,8,02,A01
200500017985,0,07,000,00,0,3,14,B01
200500017986,0,07,000,00,0,1,01,A01
200500017987,0,05,000,00,2,1,00,A01
200500017987,0,07,000,00,2,8,13,B01
200500017988,0,07,000,00,2,8,13,A01
200500017988,0,17,000,00,2,2,01,B01
200500017989,0,07,000,00,2,6,11,A01
200500017989,0,05,000,00,0,2,17,B01
200500017990,0,05,000,00,2,4,02,A01
200500017990,0,07,000,00,2,2,02,B01
200500017991,0,02,000,00,2,7,03,A01
200500017991,0,07,000,00,2,8,11,B01
200500017991,0,02,000,00,2,7,02,C01
200500017992,0,07,000,00,0,2,00,A01
200500017992,0,07,000,00,2,6,00,B01
200500017993,0,07,000,04,0,3,00,A01
200500017994,0,05,000,00,2,7,21,A01
200500017994,0,07,000,00,0,8,01,B01
200500017995,0,07,000,04,0,3,00,A01
200500017996,0,07,000,00,0,9,14,A01
200500017997,0,07,000,00,2,1,01,A01
200500017998,0,05,000,00,2,1,17,A01
200500017998,0,07,000,00,2,3,03,B01
200500017999,0,07,000,04,0,1,01,A01
200500018000,0,05,000,00,2,0,03,A01
200500018000,0,07,000,00,2,0,14,B01
200500018001,0,07,000,00,2,1,00,A01
200500018001,0,15,000,00,0,5,00,B01
200500018002,0,07,000,00,2,6,01,A01
200500018002,0,15,000,00,2,6,03,B01
200500018003,0,05,000,00,2,2,13,A01
200500018003,0,07,000,00,2,2,00,B01
200500018003,0,07,000,00,2,6,00,C01
200500018004,0,07,000,00,2,1,02,A01
200500018004,0,07,000,00,0,4,23,B01
200500018005,0,15,000,00,2,1,02,A01
200500018005,0,07,000,00,2,4,02,B01
200500018005,0,07,000,00,2,4,02,C01
200500018005,0,07,000,00,2,4,17,D01
200500018005,0,07,000,00,2,1,02,E01
200500018005,0,07,000,00,2,4,02,F01
200500018005,0,07,000,00,2,4,02,G01
200500018006,0,07,000,03,0,2,00,A01
200500018007,0,05,000,00,2,3,03,A01
200500018007,0,07,000,00,0,7,01,B01
200500018008,0,07,000,04,0,0,00,A01
200500018009,0,05,000,03,0,7,01,A01
200500018010,0,07,000,00,0,6,04,A01
200500018010,0,05,000,07,2,1,02,B01
200500018011,0,05,000,00,2,0,01,A01
200500018011,0,07,000,00,0,5,11,B01
200500018012,0,15,000,00,2,2,12,A01
200500018012,0,07,000,00,2,0,01,B01
200500018013,0,07,000,04,0,2,17,A01
200500018013,0,07,000,00,2,3,17,B01
200500018013,0,07,000,00,2,4,17,C01
200500018013,0,07,000,00,2,4,17,D01
200500018013,0,07,000,04,0,2,17,E01
200500018014,0,05,000,00,2,1,01,A01
200500018014,0,07,000,00,0,4,01,B01
200500018014,0,07,000,04,0,3,17,C01
200500018015,0,05,000,00,2,1,09,A01
200500018015,0,07,000,00,0,4,01,B01
200500018016,0,07,000,01,2,1,02,A01
200500018016,0,07,000,00,2,4,23,B01
200500018017,0,99,000,00,0,0,00,A01
200500018017,0,07,000,00,0,0,02,C01
200500018018,0,07,000,00,2,3,12,A01
200500018018,0,05,000,00,2,5,02,B01
200500018019,0,07,000,09,0,0,00,A01
200500018020,0,07,000,13,0,1,01,A01
200500018021,0,07,000,00,2,3,17,A01
200500018021,0,10,000,00,2,8,01,B01
200500018021,0,07,000,00,2,3,01,C01
200500018021,0,07,000,00,2,3,01,D01
200500018022,0,07,000,00,0,4,23,A01
200500018022,0,07,000,00,2,1,21,B01
200500018022,0,07,000,01,2,2,21,C01
200500018022,0,07,000,00,9,1,21,D01
200500018023,0,07,000,00,0,9,02,A01
200500018024,0,05,000,00,0,4,01,A01
200500018024,0,07,000,00,2,1,02,B01
200500018025,0,07,000,00,2,8,13,A01
200500018025,0,07,000,00,2,1,01,B01
200500018026,0,05,000,00,2,1,00,A01
200500018026,0,07,000,00,0,6,00,B01
200500018027,0,07,000,00,0,3,01,A01
200500018028,0,05,000,00,0,3,01,A01
200500018029,0,07,000,04,0,3,13,A01
200500018030,0,07,000,04,0,1,01,A01
200500018030,0,07,000,00,2,1,02,B01
200500018030,0,07,000,00,2,4,21,C01
200500018031,0,07,000,00,2,3,11,A01
200500018031,0,05,000,00,2,5,02,B01
200500018031,0,07,000,00,2,0,02,C01
200500018032,0,05,000,00,2,1,18,A01
200500018032,0,07,000,00,0,6,02,B01
200500018032,0,07,000,00,2,2,17,C01
200500018033,0,05,000,13,0,1,17,A01
200500018034,0,07,000,00,2,6,21,A01
200500018034,0,07,000,00,2,3,13,B01
200500018035,0,07,000,00,2,1,02,A01
200500018035,0,14,000,00,2,8,15,B01
200500018036,0,10,000,00,2,7,12,A01
200500018036,0,04,000,00,2,8,01,B01
200500018037,0,15,000,00,2,8,02,A01
200500018037,0,13,000,00,2,8,02,B01
200500018037,0,07,000,00,2,1,02,C01
200500018037,0,07,000,00,2,1,14,D01
200500018038,0,07,000,00,2,6,11,A01
200500018038,0,05,000,00,2,2,01,B01
200500018039,0,14,000,00,2,3,02,A01
200500018039,0,07,000,00,2,3,01,B01
200500018039,0,15,000,00,2,3,02,C01
200500018039,0,07,000,00,2,3,05,D01
200500018040,0,05,000,00,2,1,21,A01
200500018040,0,07,000,00,2,4,02,B01
200500018041,0,10,000,00,0,9,14,A01
200500018042,0,07,000,00,2,1,02,A01
200500018042,0,07,000,00,2,6,02,B01
200500018043,0,07,000,00,9,7,12,A01
200500018043,0,05,000,00,2,8,03,B01
200500018044,0,07,000,00,0,4,02,A01
200500018044,0,07,000,00,2,4,02,B01
200500018044,0,99,000,00,2,1,02,C01
200500018045,0,07,000,00,2,7,14,A01
200500018045,0,07,000,00,0,8,01,B01
200500018046,0,15,000,00,2,2,12,A01
200500018046,0,07,000,00,2,3,02,B01
200500018047,0,15,000,13,0,1,01,A01
200500018048,0,09,000,04,0,1,13,A01
200500018049,0,07,000,00,2,0,01,A01
200500018049,0,07,000,00,2,0,02,B01
200500018050,0,07,000,13,9,9,00,A01
200500018051,0,07,000,00,2,4,01,A01
200500018051,0,07,000,04,2,1,13,B01
200500018052,0,07,000,03,0,1,02,A01
200500018053,0,07,000,00,2,1,02,A01
200500018053,0,07,000,00,0,4,02,B01
200500018054,0,07,000,03,0,2,14,A01
200500018055,0,05,000,00,2,0,21,A01
200500018056,0,07,000,00,2,7,12,A01
200500018056,0,02,000,00,0,8,02,B01
200500018057,0,07,000,00,2,1,01,A01
200500018057,0,07,000,00,2,3,01,B01
200500018058,0,07,000,00,2,1,01,A01
200500018058,0,07,000,00,2,1,02,B01
200500018058,0,07,000,00,2,4,02,C01
200500018059,0,07,000,00,2,1,01,A01
200500018059,0,07,000,00,2,4,02,B01
200500018059,0,07,000,00,2,4,02,C01
200500018060,0,07,000,00,2,0,15,A01
200500018060,0,05,000,00,2,0,01,B01
200500018061,0,07,000,00,2,0,01,B01
200500018061,0,07,000,00,2,0,09,A01
200500018062,0,05,000,00,1,1,01,A01
200500018063,0,07,000,00,2,1,01,A01
200500018063,0,07,000,00,2,4,02,B01
200500018063,0,07,000,00,2,4,02,C01
200500018064,0,02,000,00,2,0,01,A01
200500018064,0,07,000,00,6,1,09,B01
200500018065,0,02,000,00,2,1,01,A01
200500018065,0,07,000,00,0,4,01,B01
200500018066,0,07,000,00,2,0,12,A01
200500018066,0,07,000,00,2,0,01,B01
200500018067,0,07,000,00,9,0,22,A01
200500018067,0,05,000,00,2,0,01,B01
200500018068,0,07,000,00,2,8,01,A01
200500018068,0,07,000,00,2,1,01,B01
200500018069,0,07,000,00,2,0,01,A01
200500018069,0,07,000,00,2,0,01,B01
200500018070,0,07,000,00,2,1,01,A01
200500018070,0,07,000,00,2,4,01,B01
200500018070,0,07,000,00,2,4,01,C01
200500018071,0,07,000,08,0,0,01,A01
200500018072,0,07,000,00,2,1,02,A01
200500018072,0,07,000,00,0,4,23,B01
200500018073,0,18,015,00,2,8,19,A01
200500018073,0,07,000,00,2,1,01,B01
200500018074,0,07,000,00,2,4,11,A01
200500018074,0,05,000,00,2,1,01,B01
200500018075,0,07,000,00,1,4,04,A01
200500018076,0,07,000,00,2,2,01,A01
200500018076,0,05,000,00,2,3,01,B01
200500018077,0,07,000,01,0,5,01,A01
200500018077,1,07,000,00,2,1,01,B01
200500018078,0,07,000,03,9,3,01,A01
200500018079,0,07,000,00,2,2,17,A01
200500018079,0,10,000,00,2,1,17,B01
200500018079,0,07,000,00,0,8,09,C01
200500018080,0,07,000,00,2,2,02,A01
200500018080,0,07,000,00,0,6,23,B01
200500018080,0,07,000,00,0,7,01,C01
200500018081,0,07,000,13,0,2,01,A01
200500018082,0,07,000,06,0,6,14,A01
200500018083,0,15,000,03,9,1,01,A01
200500018084,0,07,000,03,0,9,01,A01
200500018085,0,07,000,04,0,2,01,A01
200500018086,0,07,000,02,0,8,14,A01
200500018087,0,07,000,13,0,3,14,A01
200500018088,0,07,000,03,0,3,01,A01
200500018088,0,07,000,00,2,7,14,B01
200500018089,0,07,000,00,2,7,12,A01
200500018089,0,07,000,00,2,8,01,B01
200500018089,0,07,000,00,0,4,01,C01
200500018090,0,05,000,00,2,1,02,A01
200500018090,0,07,000,00,0,4,02,B01
200500018091,0,07,000,04,0,3,21,A01
200500018092,0,05,000,00,2,1,02,A01
200500018092,0,07,000,00,0,6,02,B01
200500018092,0,07,000,00,2,2,01,C01
200500018093,0,07,000,04,9,1,01,A01
200500018094,0,07,000,00,2,8,13,A01
200500018094,0,10,000,00,2,7,01,B01
200500018094,0,07,000,00,2,1,01,C01
200500018095,0,17,000,00,2,2,12,A01
200500018095,0,07,000,03,2,6,01,B01
200500018096,0,07,000,16,0,9,01,A01
200500018097,0,07,000,00,2,1,02,A01
200500018097,0,07,000,00,2,4,02,B01
200500018098,0,07,000,00,0,9,01,A01
200500018099,0,07,000,04,0,1,02,A01
200500018100,0,05,000,00,0,7,01,A01
200500018101,0,07,000,04,0,3,13,A01
200500018102,0,07,000,00,1,1,01,A01
200500018103,0,02,000,00,2,1,08,A01
200500018103,0,07,000,00,2,1,15,B01
200500018104,0,07,000,00,2,1,15,A01
200500018104,0,05,000,00,2,1,01,B01
200500018105,0,10,000,00,1,1,01,A01
200500018106,1,07,000,00,2,1,01,A01
200500018106,0,05,000,00,2,1,01,B01
200500018107,0,07,000,00,1,1,15,A01
200500018108,0,01,000,00,1,1,01,A01
200500018109,0,07,000,00,2,2,01,A01
200500018109,0,07,000,00,2,1,01,B01
200500018110,0,07,000,00,2,1,01,A01
200500018110,0,05,000,00,2,8,01,B01
200500018111,0,01,000,00,0,0,00,A01
200500018111,0,01,000,00,0,0,00,B01
200500018112,0,18,030,00,1,1,07,A01
200500018113,0,07,000,00,2,1,01,A01
200500018113,0,07,000,00,2,7,01,B01
200500018114,0,02,000,00,1,1,17,A01
200500018115,0,06,000,00,1,1,01,A01
200500018116,0,07,000,00,2,3,15,A01
200500018116,0,07,000,00,2,1,01,B01
200500018117,0,07,000,00,2,3,15,A01
200500018117,0,02,000,00,2,1,17,B01
200500018118,0,02,000,00,2,1,00,A01
200500018118,0,07,000,00,2,7,01,B01
200500018119,0,07,000,00,2,1,01,A01
200500018119,0,07,000,01,2,8,01,B01
200500018120,0,18,030,00,1,1,08,A01
200500018121,0,07,000,00,1,1,15,A01
200500018122,0,07,000,00,2,1,01,A01
200500018122,0,02,000,00,2,1,01,B01
200500018123,0,07,000,06,0,1,16,A01
200500018124,0,07,000,00,2,2,15,A01
200500018124,0,05,000,00,2,1,02,B01
200500018125,0,07,000,00,0,7,22,A01
200500018126,0,07,000,00,1,0,02,A01
200500018127,0,07,000,00,2,6,10,A01
200500018127,0,04,000,00,2,1,02,B01
200500018128,0,07,000,00,2,5,15,A01
200500018128,0,05,000,00,2,1,13,B01
200500018129,0,07,000,13,0,0,15,A01
200500018130,0,15,000,00,2,2,12,A01
200500018130,0,07,000,00,0,8,01,B01
200500018131,0,17,000,00,2,2,12,A01
200500018131,0,07,000,04,2,6,01,B01
200500018132,0,07,000,00,0,0,21,A01
200500018133,0,07,000,00,2,2,12,A01
200500018133,0,06,000,00,2,8,01,B01
200500018134,0,07,000,00,2,1,21,A01
200500018134,0,07,000,00,2,4,23,B01
200500018134,0,07,000,00,0,6,11,C01
200500018135,0,07,000,00,2,2,17,A01
200500018135,0,15,000,00,0,6,17,B01
200500018136,0,15,000,04,0,3,17,A01
200500018137,0,07,000,00,2,4,21,B01
200500018138,0,15,000,00,0,0,00,A01
200500018138,0,05,000,14,0,1,01,B01
200500018139,0,05,000,00,0,8,21,A01
200500018140,0,07,000,00,2,1,17,A01
200500018140,0,07,000,00,2,4,09,B01
200500018141,0,07,000,04,0,3,21,A01
200500018142,0,07,000,00,2,1,02,A01
200500018142,0,07,000,00,2,4,02,B01
200500018142,0,07,000,00,0,4,02,C01
200500018143,0,17,000,00,0,0,13,A01
200500018143,0,07,000,00,2,0,11,B01
200500018144,0,07,000,03,2,1,09,A01
200500018144,0,99,000,00,2,2,02,B01
200500018145,0,07,000,00,2,3,09,A01
200500018145,0,07,000,00,2,5,02,B01
200500018146,0,07,000,04,0,1,21,A01
200500018147,0,07,000,04,2,7,01,A01
200500018147,0,07,000,00,2,3,01,B01
200500018148,0,07,000,03,0,3,00,A01
200500018149,0,07,000,01,1,2,16,A01
200500018150,0,07,000,00,2,2,15,A01
200500018150,0,02,000,00,2,1,01,B01
200500018151,0,07,000,03,0,9,13,A01
200500018152,0,17,000,00,2,2,12,A01
200500018152,0,07,000,00,0,8,01,B01
200500018152,0,10,000,00,2,2,17,C01
200500018152,0,07,000,00,2,1,01,D01
200500018152,0,17,000,14,2,8,13,E01
200500018152,0,07,000,03,0,7,17,F01
200500018153,0,07,000,00,2,1,01,A01
200500018153,0,07,000,03,0,4,01,B01
200500018154,0,07,000,00,2,1,17,A01
200500018154,0,07,000,00,0,4,17,B01