Num_Acc,senc,catv,occutc,obs,obsm,choc,manv,num_veh
200500018503,0,07,000,00,1,1,01,A01
200500018504,0,07,000,00,1,3,15,A01
200500018505,0,07,000,00,2,1,01,A01
200500018505,0,07,000,00,0,4,23,B01
200500018506,0,05,000,00,2,1,01,B01
200500018506,0,07,000,00,2,8,15,A01
200500018507,0,10,000,00,2,1,01,A01
200500018507,0,07,000,00,0,4,01,B01
200500018508,0,07,000,00,2,1,01,A01
200500018508,0,07,000,00,0,4,23,B01
200500018509,0,02,000,00,2,3,17,A01
200500018509,0,05,000,00,2,7,01,B01
200500018510,0,10,000,00,1,1,01,A01
200500018511,0,05,000,00,2,1,17,A01
200500018511,0,07,000,00,2,1,09,B01
200500018512,0,05,000,00,2,1,17,A01
200500018512,0,07,000,00,2,6,15,B01
200500018513,0,02,000,00,0,3,01,A01
200500018513,0,13,000,00,0,0,15,B01
200500018514,0,02,000,00,2,1,01,A01
200500018514,0,07,000,00,2,6,16,B01
200500018515,0,07,000,00,2,3,15,A01
200500018515,0,02,000,00,2,2,01,B01
200500018516,0,05,000,00,2,3,01,A01
200500018516,0,07,000,00,2,3,01,B01
200500018517,1,07,000,00,2,0,13,A01
200500018517,0,07,000,00,0,1,01,B01
200500018518,0,02,000,00,2,1,01,A01
200500018518,0,07,000,00,2,4,01,B01
200500018519,0,05,000,01,0,1,01,A01
200500018519,1,07,000,00,0,0,15,B01
200500018520,0,07,000,00,2,2,15,A01
200500018520,0,05,000,00,2,1,01,B01
200500018521,0,07,000,01,0,1,14,A01
200500018521,0,07,000,00,0,4,23,B01
200500018522,0,07,000,00,0,3,09,A01
200500018522,0,05,000,00,2,1,01,B01
200500018523,0,05,000,00,0,3,01,A01
200500018524,0,05,000,00,2,1,21,A01
200500018524,0,07,000,00,2,6,23,B01
200500018525,0,07,000,00,2,8,11,A01
200500018525,0,02,000,00,2,2,01,B01
200500018526,0,07,000,00,2,8,01,B01
200500018526,0,07,000,00,2,2,21,A01
200500018527,0,07,000,00,2,8,10,A01
200500018527,0,05,000,00,2,1,21,B01
200500018527,0,07,000,00,2,3,21,C01
200500018528,0,07,000,00,2,6,20,A01
200500018528,0,07,000,00,2,5,09,B01
200500018529,0,02,000,00,1,1,01,A01
200500018530,0,07,000,00,2,4,10,A01
200500018530,0,02,000,00,2,1,21,B01
200500018531,0,05,000,00,2,1,01,B01
200500018531,0,07,000,00,2,6,15,A01
200500018532,0,07,000,00,2,6,15,A01
200500018532,0,02,000,00,2,2,01,B01
200500018533,0,07,000,01,0,1,01,A01
200500018533,0,07,000,00,0,0,01,B01
200500018534,0,07,000,00,2,2,15,A01
200500018534,0,02,000,12,2,1,01,B01
200500018535,0,02,000,00,2,5,01,A01
200500018535,0,07,000,00,2,1,01,B01
200500018536,0,05,000,01,0,1,16,A01
200500018537,0,10,000,00,1,2,16,A01
200500018538,0,07,000,00,2,0,15,A01
200500018538,0,05,000,00,2,3,21,B01
200500018539,0,07,000,12,0,1,01,A01
200500018540,0,07,000,00,2,3,15,A01
200500018540,0,05,000,00,2,3,21,B01
200500018541,0,07,000,00,1,0,04,A01
200500018542,0,07,000,00,1,1,16,A01
200500018543,0,07,000,00,9,3,13,A01
200500018544,0,07,000,00,2,1,02,A01
200500018544,0,07,000,00,2,4,23,B01
200500018545,0,10,000,00,2,1,21,A01
200500018545,0,07,000,00,2,4,23,B01
200500018546,0,07,000,00,0,1,01,A01
200500018546,0,04,000,00,2,2,01,B01
200500018546,0,05,000,00,2,1,01,C01
200500018547,0,07,000,00,2,1,02,A01
200500018547,0,07,000,14,2,4,02,B01
200500018547,0,07,000,00,2,4,02,C01
200500018548,0,07,000,00,1,5,01,A01
200500018549,0,07,000,00,1,7,01,A01
200500018550,0,07,000,00,2,8,15,A01
200500018550,0,05,000,00,2,3,21,B01
200500018551,0,07,000,01,2,1,01,A01
200500018551,0,07,000,00,2,2,01,B01
200500018552,0,07,000,00,1,1,01,A01
200500018553,0,02,000,00,1,1,21,A01
200500018554,0,07,000,00,1,0,21,A01
200500018555,0,07,000,00,2,2,14,A01
200500018555,0,07,000,00,2,3,14,B01
200500018556,0,07,000,00,2,1,15,A01
200500018556,0,02,000,00,2,1,02,B01
200500018557,0,02,000,00,2,7,02,A01
200500018557,0,02,000,00,2,8,02,B01
200500018558,0,07,000,00,2,8,04,A01
200500018558,0,07,000,00,2,1,01,B01
200500018559,0,05,000,00,2,1,01,B01
200500018559,0,07,000,00,2,8,15,A01
200500018560,0,07,000,00,2,2,15,A01
200500018560,0,05,000,01,2,1,01,B01
200500018561,0,05,000,00,1,1,01,A01
200500018562,0,07,000,00,0,1,13,A01
200500018562,0,07,000,00,2,1,01,B01
200500018563,0,07,000,00,2,2,01,A01
200500018563,0,07,000,00,2,3,01,B01
200500018564,0,07,000,00,2,2,15,A01
200500018564,0,02,000,00,2,1,15,B01
200500018565,0,07,000,00,2,2,15,A01
200500018565,0,07,000,00,2,1,01,B01
200500018566,0,10,000,00,2,3,01,A01
200500018566,0,07,000,00,2,3,01,B01
200500018567,0,07,000,00,2,2,01,A01
200500018567,0,10,000,00,2,3,01,B01
200500018568,0,07,000,00,2,2,01,A01
200500018568,0,07,000,00,2,2,01,B01
200500018569,0,10,000,01,0,0,01,A01
200500018570,0,04,000,03,0,2,14,A01
200500018571,0,07,000,00,2,1,15,A01
200500018571,0,01,000,00,2,4,15,B01
200500018572,0,05,000,00,2,2,01,B01
200500018572,0,07,000,00,2,2,01,A01
200500018573,0,02,000,00,2,1,00,A01
200500018573,0,01,000,00,2,0,00,B01
200500018574,0,02,000,00,0,1,01,A01
200500018574,0,02,000,00,2,3,01,B01
200500018575,0,05,000,00,2,1,01,A01
200500018575,0,07,000,00,2,3,15,B01
200500018576,0,07,000,00,2,2,02,A01
200500018577,0,07,000,00,2,1,01,A01
200500018577,0,05,000,00,2,4,01,B01
200500018578,0,18,044,00,2,1,01,A01
200500018578,0,07,000,00,2,4,12,B01
200500018579,0,02,000,00,2,2,01,A01
200500018579,0,07,000,00,2,3,15,B01
200500018580,0,18,000,00,2,5,01,B01
200500018580,0,07,000,00,2,1,16,A01
200500018581,1,07,000,00,2,1,01,A01
200500018581,0,05,000,00,2,7,17,B01
200500018581,0,07,000,00,2,8,01,C01
200500018582,0,07,000,00,2,1,02,A01
200500018582,0,07,000,00,2,4,02,B01
200500018583,0,07,000,00,2,2,15,B01
200500018583,0,07,000,00,2,5,01,C01
200500018584,0,07,000,00,2,6,15,A01
200500018584,0,02,000,00,2,3,21,B01
200500018585,0,02,000,00,2,3,01,A01
200500018585,0,10,000,00,2,6,15,B01
200500018586,0,07,000,00,2,3,10,A01
200500018586,0,02,000,00,2,1,21,B01
200500018587,0,07,000,00,2,1,21,A01
200500018587,0,07,000,00,2,4,24,B01
200500018588,0,07,000,00,2,2,15,A01
200500018588,0,07,000,14,2,8,01,B01
200500018589,0,07,000,00,1,1,21,A01
200500018590,0,14,000,00,2,2,01,A01
200500018590,0,07,000,00,2,8,00,B01
200500018591,0,07,000,00,1,2,01,A01
200500018592,0,01,000,00,2,1,21,A01
200500018592,0,07,000,00,2,7,23,B01
200500018593,0,05,000,00,2,2,01,A01
200500018593,0,07,000,00,2,3,09,B01
200500018594,0,07,000,00,1,4,04,A01
200500018595,0,07,000,00,1,1,21,A01
200500018596,0,07,000,00,2,1,14,A01
200500018596,0,07,000,00,2,4,01,B01
200500018596,0,07,000,00,2,4,01,C01
200500018597,0,05,000,00,2,7,00,A01
200500018597,0,07,000,00,2,3,15,B01
200500018598,0,14,000,00,2,2,12,A01
200500018598,0,07,000,00,2,8,21,B01
200500018599,0,02,000,00,2,1,05,A01
200500018599,0,07,000,00,2,2,01,B01
200500018600,0,07,000,00,2,1,01,B01
200500018600,0,07,000,00,2,2,01,A01
200500018601,0,07,000,00,1,2,21,A01
200500018602,1,04,000,00,1,0,02,A01
200500018603,0,04,000,00,2,1,01,A01
200500018603,0,07,000,00,2,6,01,B01
200500018603,0,07,000,00,1,2,01,C01
200500018604,0,07,000,00,2,2,12,A01
200500018604,0,07,000,00,2,1,01,B01
200500018605,0,07,000,00,2,1,15,A01
200500018605,0,02,000,00,2,1,21,B01
200500018606,0,05,000,01,0,1,01,A01
200500018607,0,07,000,00,2,3,10,A01
200500018607,0,05,000,00,2,2,02,B01
200500018608,0,02,000,00,2,1,21,A01
200500018608,0,07,000,00,2,1,21,B01
200500018609,0,07,000,01,0,1,21,A01
200500018610,0,07,000,00,2,8,15,A01
200500018610,0,02,000,00,2,7,00,B01
200500018611,0,02,000,00,9,7,21,A01
200500018612,0,05,000,00,2,1,01,A01
200500018612,0,07,000,00,2,3,15,B01
200500018613,0,05,000,00,2,2,01,B01
200500018613,0,07,000,00,2,3,15,A01
200500018614,0,07,000,14,2,2,21,A01
200500018614,0,07,000,00,2,6,23,B01
200500018615,0,07,000,01,0,1,01,A01
200500018615,0,07,000,00,2,4,24,B01
200500018616,0,05,000,14,2,1,21,A01
200500018616,0,07,000,00,2,4,23,B01
200500018617,0,07,000,01,0,1,00,A01
200500018618,0,05,000,00,0,8,01,A01
200500018619,1,07,000,01,2,0,14,A01
200500018619,0,02,000,00,2,9,21,B01
200500018619,0,07,000,00,2,8,23,C01
200500018620,0,07,000,00,1,1,15,A01
200500018621,0,05,000,00,2,1,01,A01
200500018621,0,10,000,00,2,4,23,B01
200500018622,0,02,000,00,2,1,17,A01
200500018622,0,07,000,00,2,3,15,B01
200500018623,0,18,002,00,1,1,21,A01
200500018624,0,07,000,00,2,3,10,A01
200500018624,0,05,000,00,2,7,01,B01
200500018625,0,05,000,16,0,7,00,A01
200500018626,0,02,000,00,1,1,21,A01
200500018627,0,02,000,00,2,1,01,B01
200500018627,0,07,000,00,2,2,01,A01
200500018628,0,02,000,01,0,1,01,A01
200500018629,0,05,000,00,2,3,17,A01
200500018629,0,07,000,00,2,6,21,B01
200500018630,0,07,000,00,1,1,15,A01
200500018631,0,07,000,00,2,1,21,A01
200500018631,0,07,000,00,2,4,23,B01
200500018632,0,07,000,00,2,3,24,A01
200500018632,0,02,000,01,2,9,21,B01
200500018633,0,07,000,00,1,2,01,A01
200500018634,0,07,000,01,0,1,14,A01
200500018635,0,05,000,00,2,8,11,A01
200500018635,0,07,000,00,2,2,21,B01
200500018636,0,07,000,00,2,1,21,A01
200500018636,0,07,000,00,2,4,23,B01
200500018637,0,18,005,00,1,7,01,A01
200500018638,0,07,000,00,1,3,21,A01
200500018639,0,07,000,00,1,1,01,A01
200500018640,0,02,000,00,0,7,21,A01
200500018641,0,07,000,00,2,4,23,A01
200500018641,0,07,000,00,2,4,01,B01
200500018641,0,07,000,00,2,1,00,C01
200500018642,0,18,016,00,1,8,01,A01
200500018643,0,07,000,00,1,8,15,A01
200500018644,0,07,000,00,2,3,15,A01
200500018644,0,05,000,00,2,1,01,B01
200500018645,1,07,000,00,2,1,21,A01
200500018645,0,07,000,00,2,1,21,B01
200500018645,0,07,000,00,2,1,21,C01
200500018645,0,07,000,00,2,4,21,D01
200500018646,0,05,000,00,2,1,01,A01
200500018646,0,07,000,00,2,8,01,B01
200500018647,0,07,000,00,2,2,15,B01
200500018647,0,07,000,00,2,3,01,A01
200500018648,0,07,000,00,2,2,09,A01
200500018648,0,02,000,00,2,1,01,B01
200500018649,0,07,000,08,1,2,21,A01
200500018650,0,05,000,00,2,8,01,B01
200500018650,0,07,000,00,2,7,15,A01
200500018651,0,07,000,00,2,3,15,A01
200500018651,0,05,000,00,2,1,01,B01
200500018652,0,07,000,00,2,3,02,A01
200500018652,0,07,000,00,0,4,02,B01
200500018653,0,02,000,00,2,1,02,B01
200500018653,0,07,000,00,2,3,15,A01
200500018654,0,02,000,00,2,5,15,B01
200500018654,0,07,000,00,2,3,09,A01
200500018655,0,07,000,11,1,1,13,A01
200500018656,0,02,000,00,2,1,01,A01
200500018656,0,07,000,00,2,7,11,B01
200500018657,0,07,000,00,2,1,13,A01
200500018657,0,07,000,00,2,1,01,B01
200500018658,0,02,000,00,0,8,16,A01
200500018659,0,07,000,13,0,1,01,A01
200500018660,0,07,000,00,2,3,16,A01
200500018660,0,04,000,00,2,7,01,B01
200500018661,0,07,000,00,2,1,13,A01
200500018661,0,07,000,00,2,8,21,B01
200500018661,0,07,000,00,2,1,01,C01
200500018662,0,02,000,00,2,7,16,A01
200500018662,0,07,000,00,0,3,01,B01
200500018663,0,02,000,00,2,1,01,A01
200500018663,0,07,000,00,0,3,15,B01
200500018664,0,07,000,00,2,3,01,A01
200500018664,0,18,008,00,0,0,01,B01
200500018665,0,07,000,00,2,2,01,A01
200500018665,0,07,000,00,2,1,01,B01
200500018666,0,07,000,00,0,7,01,A01
200500018666,0,07,000,00,2,1,15,B01
200500018667,0,07,000,00,2,1,13,A01
200500018667,0,07,000,00,0,1,01,B01
200500018668,0,07,000,00,2,2,15,A01
200500018668,0,02,000,00,2,1,01,B01
200500018669,0,07,000,00,1,1,01,A01
200500018670,0,07,000,00,2,1,01,A01
200500018670,0,02,000,00,0,1,13,B01
200500018671,0,07,000,00,2,5,15,A01
200500018671,0,05,000,00,2,1,01,B01
200500018672,2,02,000,00,1,1,00,A01
200500018673,0,07,000,00,2,1,15,A01
200500018673,0,07,000,00,2,1,01,B01
200500018674,0,02,000,01,0,1,01,B01
200500018675,0,07,000,00,2,1,11,A01
200500018675,0,07,000,00,2,1,01,B01
200500018676,0,07,000,00,1,1,02,A01
200500018677,0,05,000,00,2,1,13,A01
200500018677,0,07,000,00,2,3,23,B01
200500018678,0,07,000,13,0,2,01,A01
200500018679,0,02,000,00,2,1,17,A01
200500018679,0,07,000,00,2,3,15,B01
200500018680,0,07,000,00,1,5,16,A01
200500018681,0,07,000,00,2,3,05,A01
200500018681,0,07,000,02,0,1,01,B01
200500018682,0,04,000,00,2,7,07,A01
200500018682,0,07,000,00,2,8,15,B01
200500018683,0,02,000,00,2,8,13,A01
200500018683,0,07,000,00,2,2,01,B01
200500018684,0,07,000,00,1,1,01,A01
200500018685,0,07,000,00,1,1,01,A01
200500018686,0,07,000,00,1,4,04,A01
200500018687,1,07,000,00,1,1,01,A01
200500018688,0,07,000,00,2,1,02,A01
200500018688,0,07,000,00,2,4,02,B01
200500018688,0,07,000,00,2,4,02,C01
200500018689,0,07,000,00,1,1,15,A01
200500018690,0,07,000,01,0,1,14,A01
200500018691,0,07,000,00,2,1,01,A01
200500018691,0,01,000,00,2,1,19,B01
200500018692,0,07,000,00,2,1,13,A01
200500018692,0,07,000,00,2,1,01,B01
200500018693,0,05,000,00,2,1,17,A01
200500018693,0,07,000,00,2,4,15,B01
200500018694,0,07,000,01,0,2,11,A01
200500018694,0,14,000,00,0,6,23,B01
200500018695,0,04,000,00,2,1,17,B01
200500018695,0,07,000,00,2,3,15,A01
200500018696,0,05,000,05,0,7,02,A01
200500018696,0,07,000,00,0,5,01,B01
200500018697,0,07,000,00,1,4,20,A01
200500018698,0,07,000,00,1,2,02,A01
200500018699,1,02,000,00,1,1,02,A01
200500018700,0,02,000,00,2,1,19,A01
200500018700,0,07,000,00,2,1,02,B01
200500018701,0,02,000,00,1,1,02,A01
200500018702,0,07,000,14,0,1,01,A01
200500018702,0,07,000,00,0,4,02,B01
200500018703,0,07,000,00,2,1,02,A01
200500018703,0,02,000,00,2,1,02,B01
200500018704,0,07,000,00,0,5,16,A01
200500018704,0,01,000,00,2,3,01,B01
200500018705,0,04,000,00,2,1,19,A01
200500018705,0,07,000,00,2,8,15,B01
200500018706,0,07,000,00,2,4,02,A01
200500018706,0,07,000,00,2,1,02,B01
200500018707,0,07,000,00,2,6,11,A01
200500018707,0,04,000,00,2,1,21,B01
200500018708,0,04,000,14,0,1,13,A01
200500018709,0,05,000,00,2,1,17,A01
200500018709,0,02,000,00,2,1,17,B01
200500018710,0,02,000,00,2,1,19,B01
200500018710,0,07,000,00,2,3,19,A01
200500018711,0,07,000,00,2,3,16,A01
200500018711,0,02,000,00,2,1,00,B01
200500018712,0,05,000,01,0,1,13,A01
200500018712,0,21,000,01,0,1,23,B01
200500018713,0,07,000,00,2,1,00,A01
200500018713,0,07,000,00,0,4,00,B01
200500018714,0,07,000,00,2,1,02,A01
200500018714,0,07,000,00,2,4,20,B01
200500018715,0,07,000,00,2,1,02,A01
200500018715,0,07,000,00,0,0,00,B01
200500018716,0,07,000,00,0,0,00,A01
200500018716,0,05,000,00,0,0,00,B01
200500018717,0,07,000,01,0,1,00,A01
200500018718,0,05,000,00,1,8,00,A01
200500018719,0,07,000,00,0,0,00,A01
200500018719,0,05,000,00,0,0,00,B01
200500018720,0,07,000,00,0,0,00,A01
200500018720,0,07,000,00,0,0,00,B01
200500018721,0,07,000,01,2,3,09,A01
200500018721,0,05,000,00,2,2,17,B01
200500018722,0,02,000,00,2,1,03,A01
200500018722,0,07,000,00,2,2,19,B01
200500018722,0,07,000,00,2,3,23,C01
200500018723,0,05,000,00,2,1,05,A01
200500018723,0,07,000,00,2,1,01,B01
200500018724,1,07,000,00,0,0,00,A01
200500018725,0,07,000,00,2,1,02,A01
200500018725,0,07,000,00,0,4,02,B01
200500018726,1,05,000,01,0,0,00,A01
200500018727,0,07,000,00,1,0,12,A01
200500018728,0,07,000,00,0,0,00,A01
200500018728,0,04,000,00,0,0,00,B01
200500018729,0,07,000,00,1,1,00,A01
200500018730,0,07,000,00,2,3,15,A01
200500018730,1,07,000,00,2,2,17,B01
200500018731,0,04,000,00,2,1,02,A01
200500018731,0,07,000,00,0,4,23,B01
200500018732,0,07,000,13,0,1,02,A01
200500018733,0,07,000,05,0,9,14,A01
200500018734,0,07,000,00,0,0,00,A01
200500018734,0,04,000,00,0,0,00,B01
200500018735,0,05,000,01,0,7,15,A01
200500018736,0,07,000,00,2,1,15,A01
200500018736,0,02,000,00,2,1,02,B01
200500018737,1,02,000,00,0,0,00,A01
200500018738,0,10,000,00,2,0,15,A01
200500018738,0,05,000,00,2,1,00,B01
200500018739,0,07,000,00,1,4,04,A01
200500018740,0,18,000,00,2,3,15,A01
200500018740,0,07,000,00,0,6,16,B01
200500018741,0,05,000,00,2,1,01,A01
200500018741,0,07,000,00,2,7,15,B01
200500018742,0,07,000,00,9,3,00,A01
200500018742,0,01,000,00,0,0,00,B01
200500018743,0,18,005,00,2,1,00,A01
200500018743,0,04,000,00,2,0,00,B01
200500018744,0,07,000,00,1,4,00,A01
200500018745,0,07,000,00,2,1,01,A01
200500018745,0,07,000,00,2,1,01,B01
200500018746,0,05,000,14,1,1,17,A01
200500018746,0,18,005,00,2,6,07,B01
200500018746,0,18,044,00,0,1,07,C01
200500018747,1,07,000,00,2,1,02,A01
200500018747,0,07,000,00,2,4,23,B01
200500018747,0,07,000,00,0,4,23,C01
200500018748,0,07,000,00,2,4,02,A01
200500018748,0,05,000,00,2,1,02,B01
200500018749,0,07,000,01,0,1,13,A01
200500018750,0,18,000,00,2,3,09,A01
200500018750,0,07,000,00,2,5,17,B01
200500018751,0,07,000,00,2,1,15,A01
200500018751,0,07,000,00,2,1,01,B01
200500018752,1,07,000,00,2,1,02,A01
200500018752,0,07,000,00,2,4,02,B01
200500018753,1,07,000,00,2,1,19,A01
200500018753,0,07,000,00,2,2,01,B01
200500018754,0,07,000,00,1,4,04,A01
200500018755,0,07,000,00,2,0,09,A01
200500018755,0,17,000,00,2,7,01,B01
200500018756,0,07,000,00,0,0,00,A01
200500018757,0,07,000,00,2,3,15,A01
200500018757,0,05,000,00,2,2,02,B01
200500018758,0,07,000,00,2,8,15,A01
200500018759,0,02,000,00,0,0,00,A01
200500018760,0,04,000,00,0,0,18,A01
200500018761,0,07,000,00,1,2,02,A01
200500018762,0,07,000,02,0,1,15,A01
200500018763,0,07,000,00,2,7,01,A01
200500018763,0,02,000,00,2,8,02,B01
200500018764,0,07,000,00,2,2,02,A01
200500018764,0,07,000,00,2,1,15,B01
200500018765,0,04,000,00,0,0,21,A01
200500018766,0,07,000,00,1,1,00,A01
200500018767,1,10,000,00,2,1,02,A01
200500018767,0,10,000,00,2,8,02,B01
200500018768,0,07,000,00,2,1,01,A01
200500018768,0,02,000,00,0,4,00,B01
200500018769,0,07,000,00,2,8,13,A01
200500018769,0,05,000,00,2,1,07,B01
200500018770,0,07,000,00,2,7,15,A01
200500018770,0,02,000,00,2,1,01,B01
200500018771,0,07,000,00,2,5,11,A01
200500018771,0,05,000,00,2,2,18,B01
200500018772,1,07,000,00,1,1,02,A01
200500018773,0,07,000,00,0,0,00,A01
200500018774,1,07,000,00,2,1,02,A01
200500018774,0,07,000,00,2,4,02,B01
200500018775,0,07,000,08,0,1,21,A01
200500018776,0,07,000,00,2,1,19,B01
200500018776,0,07,000,00,2,3,19,A01
200500018777,0,07,000,00,2,1,15,A01
200500018777,0,05,000,00,2,0,17,B01
200500018778,0,07,000,00,2,0,01,A01
200500018778,0,05,000,00,2,0,01,B01
200500018779,0,05,000,00,2,1,02,B01
200500018779,0,07,000,00,2,2,15,A01
200500018780,0,07,000,00,2,3,13,A01
200500018780,0,05,000,00,2,1,00,B01
200500018781,0,07,000,00,2,3,15,A01
200500018781,0,04,000,00,2,7,17,B01
200500018782,0,07,000,00,2,1,13,A01
200500018782,0,07,000,00,2,3,09,B01
200500018783,0,07,000,08,2,3,01,A01
200500018783,0,07,000,00,2,3,01,B01
200500018784,0,07,000,00,1,1,01,A01
200500018785,1,07,000,00,1,1,01,A01
200500018786,0,07,000,00,2,3,01,A01
200500018786,0,07,000,00,2,2,01,B01
200500018787,0,04,000,15,0,1,01,A01
200500018788,0,05,000,00,2,1,01,A01
200500018788,0,07,000,00,0,3,01,B01
200500018789,0,07,000,00,2,1,19,A01
200500018789,0,07,000,00,2,3,01,B01
200500018789,0,07,000,00,2,8,01,C01
200500018790,1,04,000,00,0,0,00,A01
200500018791,1,07,000,00,2,1,02,A01
200500018791,0,07,000,00,2,4,02,B01
200500018792,0,07,000,00,2,0,00,B01
200500018792,0,05,000,00,2,0,00,C01
200500018792,0,07,000,00,0,0,00,A01
200500018793,0,07,000,00,2,3,02,A01
200500018793,0,07,000,00,2,5,02,B01
200500018794,0,07,000,00,2,8,02,B01
200500018794,0,07,000,00,2,1,15,A01
200500018795,0,07,000,00,2,2,13,A01
200500018795,0,20,000,00,2,2,02,B01
200500018796,0,07,000,00,2,3,01,A01
200500018796,0,04,000,00,2,7,01,B01
200500018797,0,07,000,00,2,1,01,A01
200500018797,0,07,000,00,2,4,01,B01
200500018798,0,07,000,06,0,1,00,A01
200500018799,0,15,000,00,2,1,00,A01
200500018799,0,07,000,00,0,4,00,B01
200500018800,0,07,000,00,2,1,00,A01
200500018800,0,07,000,00,0,0,00,B01
200500018801,0,04,000,00,2,9,21,B01
200500018801,0,07,000,00,2,6,19,A01
200500018802,0,07,000,00,2,1,00,A01
200500018802,0,07,000,00,0,4,00,B01
200500018802,0,07,000,00,0,4,00,C01
200500018803,0,07,000,00,1,8,21,A01
200500018804,0,07,000,00,1,3,01,A01
200500018805,0,07,000,00,0,0,00,A01
200500018805,0,07,000,00,0,0,00,B01
200500018806,0,07,000,00,2,1,02,A01
200500018806,0,07,000,00,2,4,02,B01
200500018807,0,02,000,00,2,1,00,A01
200500018807,0,07,000,00,2,3,00,B01
200500018808,0,05,000,00,2,1,13,A01
200500018808,0,07,000,00,2,3,15,B01
200500018809,0,07,000,00,2,3,01,B01
200500018809,0,07,000,00,2,1,15,A01
200500018810,0,07,000,00,2,2,00,A01
200500018810,0,15,000,00,2,5,15,B01
200500018811,0,07,000,00,2,1,02,A01
200500018811,0,07,000,00,2,4,02,B01
200500018812,0,07,000,00,0,0,00,B01
200500018812,0,20,000,00,0,0,00,A01
200500018813,0,04,000,00,2,2,12,A01
200500018813,0,07,000,00,2,3,13,B01
200500018814,1,02,000,00,1,1,02,A01
200500018815,0,07,000,10,2,8,00,A01
200500018815,0,07,000,10,2,3,15,B01
200500018816,0,07,000,00,0,0,00,A01
200500018817,0,01,000,00,2,1,17,A01
200500018817,0,07,000,00,2,3,00,B01
200500018818,1,07,000,00,1,4,20,A01
200500018819,0,07,000,00,2,1,02,A01
200500018819,0,07,000,00,2,4,02,B01
200500018820,0,07,000,00,1,1,01,A01
200500018821,1,07,000,00,2,1,02,A01
200500018821,0,07,000,00,2,4,24,B01
200500018822,0,07,000,00,0,3,10,A01
200500018822,0,05,000,00,2,1,17,B01
200500018823,0,07,000,00,2,3,19,A01
200500018823,0,07,000,00,2,2,01,B01
200500018824,0,02,000,00,2,6,09,A01
200500018824,0,07,000,00,2,8,09,B01
200500018825,0,02,000,00,1,1,17,A01
200500018826,0,07,000,12,0,0,00,A01
200500018827,0,04,000,00,2,0,00,B01
200500018827,0,07,000,00,9,2,15,A01
200500018828,0,07,000,00,0,0,00,A01
200500018828,0,04,000,00,0,0,00,B01
200500018829,0,10,000,00,2,2,15,A01
200500018829,0,05,000,00,2,0,02,B01
200500018830,0,07,000,00,0,3,10,A01
200500018830,0,02,000,00,2,1,17,B01
200500018831,0,07,000,08,0,1,00,A01
200500018832,0,07,000,00,2,1,00,A01
200500018832,0,07,000,00,2,4,00,B01
200500018832,0,07,000,00,0,0,00,C01
200500018833,0,07,000,00,2,1,01,A01
200500018833,0,07,000,00,2,8,01,B01
200500018834,0,07,000,00,2,1,02,A01
200500018834,0,07,000,00,0,4,01,B01
200500018835,0,07,000,00,2,8,01,B01
200500018835,0,07,000,00,2,1,19,A01
200500018836,0,05,000,00,1,1,00,A01
200500018837,0,07,000,00,2,1,00,A01
200500018837,0,07,000,00,2,3,00,B01
200500018838,0,07,000,00,2,1,02,A01
200500018838,0,07,000,00,0,4,02,B01
200500018839,0,07,000,00,1,1,00,A01
200500018840,0,04,000,00,0,0,00,A01
200500018840,0,07,000,00,0,0,00,B01
200500018841,0,01,000,00,0,0,00,A01
200500018841,0,07,000,00,0,3,10,B01
200500018842,0,07,000,08,0,1,01,A01
200500018843,0,02,000,00,1,0,00,A01
200500018844,0,07,000,00,2,3,00,A01
200500018844,0,07,000,00,2,6,00,B01
200500018845,0,04,000,00,2,2,15,A01
200500018845,0,05,000,00,2,1,02,B01
200500018846,0,13,000,00,2,2,04,A01
200500018846,0,07,000,00,2,3,02,B01
200500018846,0,02,000,00,0,0,00,C01
200500018847,1,05,000,00,1,0,00,A01
200500018848,0,07,000,00,2,1,02,A01
200500018848,0,07,000,00,0,5,15,B01
200500018849,0,07,000,00,2,7,15,A01
200500018849,0,05,000,00,2,1,21,B01
200500018850,0,07,000,00,2,1,02,A01
200500018850,0,07,000,00,2,4,02,B01
200500018851,0,05,000,00,0,0,00,A01
200500018851,0,07,000,00,0,0,00,B01
200500018852,0,05,000,00,2,6,01,A01
200500018852,0,01,000,00,0,0,15,B01
200500018853,0,07,000,00,1,7,01,B01
200500018854,0,07,000,08,2,2,16,A01
200500018854,0,07,000,08,2,8,01,B01
200500018855,1,07,000,00,2,8,11,A01
200500018855,0,02,000,00,2,7,01,B01
200500018856,1,05,000,01,1,0,21,A01
200500018856,0,07,000,00,0,0,00,B01
200500018857,0,07,000,00,2,1,01,A01
200500018857,0,07,000,00,0,4,02,B01
200500018858,0,04,000,00,2,1,01,A01
200500018858,0,07,000,00,2,3,15,B01
200500018859,1,07,000,00,2,1,02,A01
200500018859,0,02,000,00,2,4,02,B01
200500018860,0,07,000,00,2,1,02,A01
200500018860,0,07,000,00,2,4,02,B01
200500018860,0,07,000,00,2,4,02,C01
200500018861,0,07,000,00,1,1,01,A01
200500018862,0,07,000,00,2,0,00,A01
200500018862,0,02,000,00,2,0,00,B01
200500018863,0,07,000,00,2,0,00,A01
200500018863,0,05,000,00,0,0,00,B01
200500018864,0,05,000,00,2,1,01,B01
200500018864,0,07,000,00,2,1,15,A01
200500018865,0,07,000,00,1,3,15,A01