Num_Acc,senc,catv,occutc,obs,obsm,choc,manv,num_veh
200500018866,0,07,000,00,2,7,15,A01
200500018866,0,07,000,00,2,2,01,B01
200500018867,0,10,000,00,0,0,00,A01
200500018867,0,10,000,00,0,0,00,B01
200500018868,0,07,000,00,1,2,01,A01
200500018869,0,07,000,00,2,1,02,A01
200500018869,0,07,000,00,0,4,02,B01
200500018870,0,02,000,00,2,1,01,A01
200500018870,0,07,000,00,2,5,15,B01
200500018871,0,07,000,00,2,8,15,A01
200500018871,0,05,000,00,2,2,01,B01
200500018872,1,07,000,00,0,0,00,A01
200500018872,0,05,000,01,2,8,00,B01
200500018873,1,07,000,00,2,1,15,A01
200500018873,0,07,000,00,2,1,05,B01
200500018874,0,07,000,00,0,4,02,A01
200500018874,0,18,001,00,2,3,02,B01
200500018875,0,07,000,00,2,2,10,A01
200500018875,0,05,000,00,2,9,02,B01
200500018876,0,02,000,00,2,1,01,A01
200500018876,0,07,000,00,2,6,15,B01
200500018877,0,04,000,00,2,8,18,A01
200500018877,0,07,000,00,2,2,01,B01
200500018878,0,07,000,14,0,1,02,A01
200500018878,0,07,000,14,0,4,23,B01
200500018878,1,07,000,00,1,4,23,C01
200500018879,1,07,000,00,1,1,01,A01
200500018880,0,07,000,00,2,8,15,A01
200500018880,0,07,000,00,2,1,01,B01
200500018881,0,07,000,00,2,4,02,A01
200500018881,0,07,000,00,0,4,23,B01
200500018882,0,14,000,00,2,1,01,A01
200500018882,0,07,000,00,0,4,01,B01
200500018883,0,07,000,00,0,5,06,A01
200500018883,0,07,000,00,2,2,00,B01
200500018884,0,01,000,00,2,0,00,B01
200500018884,0,07,000,00,9,0,09,A01
200500018885,0,07,000,00,2,1,02,A01
200500018885,0,07,000,00,0,4,23,B01
200500018886,0,04,000,00,2,3,11,A01
200500018886,0,07,000,00,2,5,02,B01
200500018887,0,07,000,00,2,6,16,A01
200500018887,0,04,000,00,2,1,02,B01
200500018888,0,05,000,00,2,1,00,A01
200500018888,0,07,000,00,2,2,00,B01
200500018889,1,07,000,00,1,1,01,A01
200500018890,1,07,000,00,0,1,00,A01
200500018890,0,02,000,00,2,4,00,B01
200500018891,0,07,000,00,2,3,15,A01
200500018891,0,04,000,00,2,1,17,B01
200500018892,0,02,000,01,2,1,03,A01
200500018892,0,10,000,00,2,5,16,B01
200500018893,0,07,000,00,2,1,02,A01
200500018893,0,07,000,00,2,4,02,B01
200500018894,1,07,000,00,2,1,13,A01
200500018894,0,02,000,00,2,1,01,B01
200500018895,1,07,000,00,2,1,02,A01
200500018895,0,07,000,00,2,4,02,B01
200500018896,1,07,000,00,0,0,05,A01
200500018896,0,05,000,00,2,2,09,B01
200500018896,0,07,000,00,2,1,23,C01
200500018897,0,07,000,00,0,8,01,A01
200500018897,0,07,000,00,2,1,16,B01
200500018898,0,07,000,00,2,1,13,A01
200500018898,0,18,000,00,2,1,00,B01
200500018898,0,07,000,00,2,3,00,C01
200500018899,0,04,000,00,2,1,02,A01
200500018899,0,07,000,00,2,2,19,B01
200500018900,1,99,000,00,1,0,00,A01
200500018901,0,07,000,00,1,0,01,A01
200500018902,0,07,000,01,2,1,01,B01
200500018902,0,07,000,01,2,1,15,A01
200500018903,0,07,000,00,0,0,00,A01
200500018903,0,07,000,00,0,0,00,B01
200500018904,0,07,000,00,2,2,19,B01
200500018904,0,07,000,00,2,1,19,A01
200500018905,0,07,000,00,2,3,15,A01
200500018905,0,02,000,00,2,1,01,B01
200500018906,0,07,000,15,0,4,01,A01
200500018907,0,07,000,00,1,4,20,A01
200500018908,0,07,000,00,2,8,15,A01
200500018908,0,02,000,00,2,7,17,B01
200500018909,0,02,000,00,2,0,02,A01
200500018909,0,18,000,00,0,4,02,B01
200500018910,0,07,000,03,0,1,01,A01
200500018911,0,15,000,00,2,2,09,A01
200500018911,0,07,000,00,2,8,02,B01
200500018912,0,04,000,00,1,1,00,A01
200500018913,0,07,000,00,1,2,00,A01
200500018914,0,07,000,00,0,0,00,B01
200500018914,0,07,000,00,0,0,00,A01
200500018915,0,07,000,00,0,3,00,A01
200500018916,0,07,000,00,0,0,00,A01
200500018917,0,05,000,00,0,0,01,A01
200500018918,0,05,000,00,1,2,00,A01
200500018919,0,07,000,01,0,2,01,A01
200500018919,0,20,000,00,0,6,23,B01
200500018920,0,07,000,08,0,2,01,A01
200500018921,0,07,000,00,0,2,10,A01
200500018921,0,05,000,00,0,9,01,B01
200500018922,0,07,000,00,2,7,14,A01
200500018922,0,04,000,00,2,3,00,B01
200500018923,0,17,000,00,2,2,12,A01
200500018923,0,07,000,00,2,8,02,B01
200500018924,0,07,000,00,2,3,02,A01
200500018924,0,01,000,00,0,0,00,B01
200500018925,0,02,000,00,0,7,15,A01
200500018926,0,07,000,00,1,4,00,A01
200500018927,0,07,000,00,1,1,15,A01
200500018928,0,07,000,00,2,3,10,A01
200500018928,0,05,000,00,2,1,00,B01
200500018929,0,04,000,00,2,1,17,A01
200500018929,0,07,000,00,2,3,10,B01
200500018930,0,07,000,00,0,3,13,A01
200500018930,0,05,000,00,2,1,01,B01
200500018931,0,07,000,00,2,1,02,A01
200500018931,0,07,000,00,2,4,02,B01
200500018931,0,10,000,00,2,4,02,C01
200500018932,0,01,000,14,0,1,01,A01
200500018933,0,07,000,00,2,1,19,A01
200500018933,0,07,000,00,2,6,01,B01
200500018934,0,07,000,00,1,0,09,A01
200500018935,0,07,000,01,0,0,07,A01
200500018936,0,15,000,06,0,1,23,A01
200500018937,0,07,000,00,2,2,03,A01
200500018937,0,07,000,00,2,3,02,B01
200500018937,0,13,000,00,2,1,05,C01
200500018938,0,07,000,00,2,8,15,A01
200500018938,0,05,000,00,0,0,00,B01
200500018939,0,07,000,00,9,3,00,A01
200500018939,0,04,000,00,2,7,00,B01
200500018940,0,18,000,00,0,0,00,A01
200500018941,0,07,000,00,0,0,00,A01
200500018942,0,99,000,15,2,7,01,A01
200500018942,0,07,000,00,0,0,00,B01
200500018943,0,07,000,00,1,2,01,A01
200500018944,0,07,000,00,2,8,15,A01
200500018944,0,05,000,00,2,2,17,B01
200500018944,0,99,000,00,0,0,00,C01
200500018945,0,04,000,00,1,2,17,A01
200500018946,0,07,000,00,2,1,01,A01
200500018947,0,07,000,00,0,0,00,A01
200500018947,0,05,000,00,2,1,00,B01
200500018948,0,04,000,00,2,1,17,A01
200500018948,0,07,000,00,2,3,15,B01
200500018949,0,05,000,00,2,1,01,A01
200500018949,0,07,000,00,0,0,00,B01
200500018950,0,07,000,00,0,4,01,A01
200500018950,0,07,000,00,0,0,00,B01
200500018951,0,05,000,00,0,0,00,A01
200500018952,0,07,000,01,0,1,01,A01
200500018953,0,02,000,00,0,0,00,A01
200500018953,0,07,000,00,0,0,00,B01
200500018954,0,07,000,00,2,8,15,A01
200500018954,0,05,000,00,2,3,01,B01
200500018955,0,10,000,00,2,2,16,A01
200500018955,0,02,000,00,2,1,02,B01
200500018956,0,07,000,00,2,3,01,B01
200500018956,0,10,000,00,2,1,01,A01
200500018957,0,02,000,00,2,1,01,B01
200500018957,0,07,000,00,2,3,15,A01
200500018958,0,07,000,00,2,2,09,A01
200500018958,0,05,000,12,2,3,00,B01
200500018959,0,07,000,00,2,3,18,A01
200500018959,0,07,000,00,2,5,02,B01
200500018960,0,07,000,14,0,1,02,A01
200500018960,0,07,000,00,0,4,23,B01
200500018961,1,10,000,00,2,0,00,A01
200500018961,0,02,000,00,2,4,00,B01
200500018962,0,07,000,00,2,8,15,A01
200500018962,0,07,000,00,2,1,00,B01
200500018963,1,05,000,00,2,1,01,A01
200500018963,0,07,000,00,2,4,00,B01
200500018964,0,04,000,00,2,1,09,A01
200500018964,0,07,000,00,2,6,15,B01
200500018965,0,07,000,00,2,0,00,A01
200500018965,0,04,000,00,2,0,00,B01
200500018966,0,07,000,00,2,1,02,A01
200500018966,0,07,000,00,2,4,13,B01
200500018967,0,07,000,00,2,2,20,A01
200500018967,0,05,000,08,2,3,02,B01
200500018968,0,07,000,00,2,4,02,A01
200500018968,0,04,000,00,0,0,02,B01
200500018969,0,04,000,00,2,7,02,A01
200500018969,0,07,000,00,2,8,02,B01
200500018970,0,07,000,00,2,1,16,A01
200500018970,0,07,000,00,2,5,16,B01
200500018971,0,07,000,00,0,0,00,A01
200500018971,0,07,000,00,0,4,23,B01
200500018972,0,07,000,00,2,0,00,A01
200500018972,0,02,000,00,2,0,00,B01
200500018973,0,07,000,00,0,0,00,A01
200500018974,2,07,000,00,2,5,10,A01
200500018974,0,10,000,00,2,2,00,B01
200500018975,0,07,000,00,0,0,15,A01
200500018975,0,07,000,00,2,1,21,B01
200500018976,1,07,000,00,2,1,02,A01
200500018976,0,07,000,00,2,4,02,B01
200500018977,0,07,000,00,2,2,02,A01
200500018977,0,07,000,00,2,8,00,B01
200500018978,0,01,000,00,1,1,01,A01
200500018979,0,07,000,00,2,1,02,A01
200500018979,0,07,000,00,0,4,02,B01
200500018980,0,07,000,00,2,1,02,A01
200500018980,0,07,000,00,0,0,00,B01
200500018981,0,07,000,00,9,1,15,A01
200500018981,0,04,000,00,2,1,00,B01
200500018982,0,07,000,00,2,2,01,A01
200500018982,0,07,000,00,2,3,01,B01
200500018983,0,07,000,00,0,0,00,B01
200500018983,0,02,000,00,0,0,00,A01
200500018984,0,07,000,00,1,4,04,A01
200500018985,0,07,000,00,2,3,09,A01
200500018985,0,18,007,00,2,2,00,B01
200500018986,0,04,000,00,0,0,00,A01
200500018986,0,07,000,00,0,0,00,B01
200500018987,0,07,000,00,2,0,15,A01
200500018987,0,05,000,00,2,0,01,B01
200500018988,0,07,000,01,0,1,13,A01
200500018989,0,07,000,00,0,4,02,A01
200500018989,0,07,000,00,2,0,00,B01
200500018990,0,07,000,00,0,0,00,A01
200500018990,0,07,000,00,0,0,00,B01
200500018990,0,07,000,00,2,4,02,C01
200500018991,0,07,000,00,2,3,00,A01
200500018991,0,02,000,00,2,1,02,B01
200500018992,0,05,000,00,0,0,00,A01
200500018992,0,10,000,00,0,0,00,B01
200500018993,0,07,000,00,2,3,16,A01
200500018993,0,07,000,01,2,3,01,B01
200500018994,0,07,000,00,2,0,00,A01
200500018994,0,04,000,00,2,1,01,B01
200500018995,0,07,000,00,2,8,01,A01
200500018995,0,04,000,00,2,7,01,B01
200500018996,0,07,000,00,2,6,10,A01
200500018996,0,05,000,00,2,1,02,B01
200500018997,0,07,000,00,2,8,10,A01
200500018997,0,05,000,00,2,1,17,B01
200500018998,0,07,000,00,2,1,01,A01
200500018998,0,07,000,00,2,4,01,B01
200500018999,0,07,000,00,2,3,16,A01
200500018999,0,04,000,00,2,1,02,B01
200500019000,0,07,000,00,0,3,01,B01
200500019000,0,01,000,00,2,1,15,A01
200500019001,0,05,000,00,2,8,17,A01
200500019001,0,07,000,00,0,0,15,B01
200500019002,0,07,000,00,2,1,02,A01
200500019002,0,07,000,00,0,3,19,B01
200500019003,0,07,000,00,1,1,02,A01
200500019004,0,07,000,00,1,2,02,A01
200500019005,0,07,000,00,2,3,19,B01
200500019005,0,07,000,00,2,3,02,A01
200500019006,0,07,000,02,2,1,02,A01
200500019006,0,07,000,00,0,8,19,B01
200500019007,0,07,000,00,2,1,02,A01
200500019007,0,07,000,00,0,4,02,B01
200500019008,0,05,000,00,2,1,02,A01
200500019008,0,10,000,00,0,4,02,B01
200500019009,0,07,000,15,0,1,02,A01
200500019010,0,07,000,10,0,1,13,A01
200500019011,0,07,000,08,0,8,13,A01
200500019012,0,07,000,00,2,8,10,A01
200500019012,0,07,000,00,2,1,18,B01
200500019013,0,02,000,00,2,1,18,A01
200500019013,0,10,000,00,2,7,16,B01
200500019014,0,07,000,00,2,2,17,A01
200500019014,0,07,000,00,2,6,02,B01
200500019014,0,07,000,00,2,8,05,C01
200500019015,0,07,000,00,2,3,10,A01
200500019015,0,05,000,00,2,1,01,B01
200500019016,0,07,000,00,2,1,01,A01
200500019016,0,07,000,00,2,4,15,B01
200500019017,0,07,000,00,2,3,15,A01
200500019017,0,07,000,00,2,1,01,B01
200500019018,0,07,000,00,2,2,01,A01
200500019018,0,07,000,00,2,3,01,B01
200500019019,0,07,000,00,2,1,01,A01
200500019019,0,07,000,00,2,4,23,B01
200500019020,0,07,000,00,1,1,01,A01
200500019021,0,07,000,00,2,2,13,A01
200500019021,0,07,000,00,2,3,23,B01
200500019021,0,07,000,00,2,1,23,C01
200500019022,0,07,000,00,2,3,07,B01
200500019022,0,07,000,00,2,1,01,A01
200500019023,0,14,000,00,1,7,16,A01
200500019024,0,05,000,00,2,4,01,A01
200500019024,1,07,000,00,0,4,01,B01
200500019025,0,07,000,00,1,3,01,A01
200500019026,0,07,000,00,2,3,09,A01
200500019026,0,02,000,00,2,1,01,B01
200500019027,0,07,000,06,0,1,01,A01
200500019028,0,02,000,00,2,1,01,A01
200500019028,0,07,000,00,2,3,15,B01
200500019029,0,07,000,00,2,1,02,A01
200500019029,0,07,000,00,0,4,02,B01
200500019029,0,07,000,00,0,4,02,C01
200500019029,0,07,000,01,0,1,02,D01
200500019030,0,07,000,00,2,1,09,A01
200500019030,0,04,000,00,2,8,01,B01
200500019031,0,07,000,00,2,7,16,A01
200500019031,0,02,000,00,0,1,01,B01
200500019032,0,07,000,00,2,2,15,A01
200500019032,0,02,000,00,2,1,01,B01
200500019033,0,07,000,00,2,3,19,A01
200500019033,0,04,000,00,2,1,01,B01
200500019034,0,02,000,00,0,0,02,A01
200500019035,1,07,000,00,0,0,20,A01
200500019035,0,01,000,00,2,0,21,B01
200500019036,0,07,000,00,0,7,09,A01
200500019036,0,05,000,00,2,1,01,B01
200500019037,0,05,000,00,2,7,01,B01
200500019037,0,07,000,00,0,3,09,A01
200500019038,0,05,000,00,2,7,01,B01
200500019038,0,07,000,00,2,1,01,A01
200500019039,0,07,000,00,1,3,01,A01
200500019040,0,07,000,00,1,1,01,A01
200500019041,0,02,000,01,0,2,01,A01
200500019042,0,07,000,09,2,1,01,A01
200500019042,0,07,000,00,2,1,01,B01
200500019043,0,07,000,00,2,2,15,A01
200500019043,0,07,000,00,2,1,01,B01
200500019044,0,07,000,00,1,3,01,A01
200500019045,0,05,000,10,0,1,01,A01
200500019046,0,07,000,00,2,6,01,B01
200500019046,0,07,000,00,2,1,01,A01
200500019047,0,07,000,00,2,2,24,A01
200500019047,0,05,000,00,2,1,01,B01
200500019048,0,02,000,00,2,7,15,A01
200500019048,0,07,000,00,2,1,01,B01
200500019049,0,07,000,00,2,3,01,A01
200500019049,0,05,000,00,2,8,15,B01
200500019050,0,07,000,00,1,2,01,A01
200500019051,0,01,000,00,2,1,13,A01
200500019051,0,07,000,00,2,3,01,B01
200500019052,0,07,000,00,2,2,16,A01
200500019052,0,02,000,00,2,8,18,B01
200500019053,0,07,000,00,2,1,01,A01
200500019053,0,01,000,00,2,4,01,B01
200500019054,0,07,000,00,2,1,01,A01
200500019054,0,07,000,00,2,1,01,B01
200500019055,0,07,000,00,1,2,01,A01
200500019056,0,07,000,00,2,1,01,A01
200500019056,0,07,000,00,2,4,01,B01
200500019056,0,07,000,00,2,4,01,C01
200500019057,0,07,000,00,2,7,16,A01
200500019057,0,02,000,00,2,1,01,B01
200500019058,0,07,000,00,0,0,14,A01
200500019059,0,07,000,00,2,1,01,A01
200500019060,0,07,000,00,2,1,01,A01
200500019060,0,07,000,00,2,4,01,B01
200500019061,0,07,000,00,2,3,01,A01
200500019061,0,07,000,00,2,7,01,B01
200500019062,0,07,000,00,1,0,04,A01
200500019063,0,07,000,00,2,7,01,A01
200500019063,0,07,000,00,2,2,01,B01
200500019064,0,07,000,00,2,0,01,A01
200500019064,0,01,000,00,2,1,15,B01
200500019065,0,07,000,00,2,1,10,A01
200500019065,0,05,000,00,2,8,01,B01
200500019066,0,07,000,00,2,8,01,A01
200500019066,0,07,000,00,2,1,01,B01
200500019067,0,02,000,00,1,1,01,A01
200500019068,0,07,000,00,2,1,02,A01
200500019068,0,07,000,00,2,4,02,B01
200500019069,0,07,000,00,1,1,01,A01
200500019070,0,07,000,00,2,1,01,A01
200500019070,0,07,000,00,2,4,23,B01
200500019071,0,07,000,00,2,2,16,A01
200500019071,0,02,000,00,2,1,18,B01
200500019072,0,07,000,00,1,4,04,A01
200500019073,0,07,000,00,1,6,04,A01
200500019074,0,02,000,00,1,1,01,A01
200500019075,0,03,000,00,2,3,13,A01
200500019075,0,07,000,00,0,8,23,B01
200500019076,0,07,000,00,2,1,01,A01
200500019076,0,07,000,00,2,4,01,B01
200500019076,0,07,000,00,2,4,01,C01
200500019077,0,07,000,00,2,8,15,A01
200500019077,0,07,000,00,2,1,01,B01
200500019078,0,07,000,00,1,4,04,A01
200500019079,0,07,000,13,0,1,14,A01
200500019080,0,02,000,00,2,1,02,A01
200500019080,0,07,000,00,2,4,23,B01
200500019081,0,07,000,00,2,1,02,A01
200500019081,0,07,000,00,2,4,23,B01
200500019082,0,07,000,00,2,1,20,A01
200500019082,0,07,000,00,2,4,23,B01
200500019083,0,07,000,08,0,1,14,A01
200500019084,0,07,000,00,1,7,01,A01
200500019085,0,18,060,00,2,7,01,B01
200500019085,0,07,000,00,2,1,19,A01
200500019086,0,07,000,00,1,3,01,A01
200500019087,0,07,000,00,0,0,01,A01
200500019087,0,07,000,02,0,1,01,B01
200500019088,0,07,000,00,2,1,01,A01
200500019088,0,07,000,00,2,4,01,B01
200500019088,0,07,000,00,2,4,01,C01
200500019089,0,07,000,00,1,2,01,A01
200500019090,0,02,000,00,2,1,02,A01
200500019090,0,07,000,00,2,3,02,B01
200500019091,0,05,000,15,0,0,13,A01
200500019092,0,07,000,00,2,3,00,A01
200500019092,0,04,000,00,2,2,01,B01
200500019093,0,07,000,00,2,8,11,A01
200500019093,0,15,000,00,2,2,01,B01
200500019094,0,07,000,00,2,1,01,A01
200500019094,0,07,000,00,0,4,01,B01
200500019095,0,07,000,00,2,1,02,A01
200500019095,0,01,000,00,0,4,23,B01
200500019096,0,07,000,00,1,1,19,A01
200500019097,0,07,000,00,2,1,01,A01
200500019097,0,07,000,08,2,4,01,B01
200500019098,0,01,000,00,2,2,01,A01
200500019098,0,07,000,00,2,1,01,B01
200500019099,0,07,000,00,1,7,01,A01
200500019100,0,02,000,00,2,7,01,B01
200500019100,0,07,000,00,2,3,15,A01
200500019101,0,07,000,07,0,1,15,A01
200500019102,0,02,000,00,2,1,01,A01
200500019102,0,07,000,00,2,6,01,B01
200500019103,1,17,000,00,2,0,01,A01
200500019103,0,07,000,00,2,5,01,B01
200500019103,0,07,000,00,2,3,23,C01
200500019104,0,02,000,00,2,1,01,B01
200500019104,0,07,000,00,2,3,15,A01
200500019105,0,07,000,00,2,1,15,A01
200500019105,0,07,000,00,2,3,01,B01
200500019106,0,07,000,02,2,1,01,A01
200500019106,0,07,000,00,2,2,01,B01
200500019107,0,05,000,00,2,1,02,A01
200500019107,0,07,000,00,2,4,02,B01
200500019108,0,07,000,00,2,3,01,A01
200500019108,0,07,000,00,2,5,15,B01
200500019109,0,02,000,00,2,1,01,A01
200500019109,0,07,000,00,2,4,01,B01
200500019110,0,07,000,00,2,2,01,A01
200500019110,0,07,000,00,2,2,15,B01
200500019111,0,07,000,00,2,2,01,A01
200500019111,0,02,000,00,2,1,01,B01
200500019112,0,10,000,00,2,2,16,A01
200500019112,0,05,000,00,2,9,01,B01
200500019113,0,07,000,00,1,3,02,A01
200500019114,0,07,000,06,0,3,02,A01
200500019115,0,07,000,00,2,1,02,A01
200500019115,0,02,000,00,0,4,02,B01
200500019116,0,01,000,00,2,1,02,B01
200500019116,0,07,000,00,2,8,19,A01
200500019117,0,07,000,00,2,3,15,A01
200500019117,0,07,000,00,2,2,17,B01
200500019118,0,07,000,00,2,1,05,A01
200500019118,0,14,000,00,2,3,05,B01
200500019119,0,07,000,00,1,2,01,A01
200500019120,0,01,000,00,2,1,01,B01
200500019120,0,07,000,00,2,3,16,A01
200500019121,0,07,000,00,2,3,01,A01
200500019121,0,07,000,00,2,1,01,B01
200500019122,0,07,000,01,2,1,01,A01
200500019122,0,07,000,00,2,3,01,B01
200500019122,0,07,000,00,2,3,01,C01
200500019123,0,07,000,00,2,1,01,A01
200500019123,0,07,000,00,2,4,15,B01
200500019124,0,07,000,00,2,1,01,A01
200500019124,0,07,000,00,2,4,01,B01
200500019124,0,07,000,00,2,4,01,C01
200500019125,0,07,000,00,2,1,01,A01
200500019125,0,07,000,00,2,4,01,B01
200500019125,0,07,000,00,2,4,01,C01
200500019126,0,07,000,00,2,5,20,A01
200500019126,0,05,000,00,2,1,01,B01
200500019127,0,07,000,15,2,1,13,A01
200500019127,0,07,000,15,2,1,01,B01
200500019128,0,05,000,00,2,1,01,B01
200500019128,0,07,000,00,2,3,15,A01
200500019129,0,02,000,00,2,1,17,A01
200500019129,0,07,000,00,2,3,15,B01
200500019130,0,10,000,00,1,1,15,A01
200500019131,0,07,000,00,2,1,01,A01
200500019131,0,10,000,00,2,4,23,B01
200500019132,0,07,000,00,2,1,01,A01
200500019132,0,10,000,00,2,4,23,B01
200500019133,0,01,000,00,2,1,01,A01
200500019133,0,07,000,00,2,2,01,B01
200500019134,0,02,000,01,0,1,01,A01
200500019135,0,05,000,00,2,1,01,A01
200500019135,0,07,000,00,2,2,15,B01
200500019136,0,07,000,08,0,1,01,A01
200500019137,0,07,000,00,1,0,01,A01
200500019138,0,07,000,00,2,2,01,A01
200500019138,0,07,000,00,2,7,15,B01
200500019139,0,07,000,00,2,1,15,A01
200500019139,0,02,000,00,2,1,01,B01
200500019140,0,07,000,00,2,1,01,A01
200500019140,0,07,000,00,2,4,01,B01
200500019140,0,07,000,00,2,4,01,C01
200500019140,0,07,000,00,2,4,01,D01
200500019140,0,07,000,00,2,4,01,E01
200500019141,0,07,000,02,0,1,01,A01
200500019142,0,07,000,00,1,4,04,A01
200500019143,0,07,000,00,2,8,22,A01
200500019143,0,01,000,01,0,1,01,B01
200500019144,0,07,000,00,1,1,01,A01
200500019145,0,07,000,00,2,2,17,A01
200500019145,0,02,000,00,2,3,01,B01
200500019146,0,07,000,00,2,3,01,A01
200500019146,0,01,000,00,2,1,01,B01
200500019147,0,18,001,00,1,7,01,A01
200500019148,0,07,000,14,0,1,02,A01
200500019148,0,07,000,14,2,4,02,B01
200500019148,0,07,000,14,2,4,02,C01
200500019148,0,07,000,00,2,4,02,D01
200500019149,0,07,000,00,2,8,09,A01
200500019149,0,02,000,00,2,1,01,B01
200500019150,0,07,000,00,1,2,01,A01
200500019151,0,01,000,00,2,1,09,B01
200500019151,0,07,000,00,2,3,09,A01
200500019152,0,07,000,09,2,6,16,A01
200500019153,0,07,000,00,2,1,15,A01
200500019153,0,07,000,07,2,1,01,B01
200500019154,1,07,000,00,2,7,17,A01
200500019154,0,02,000,00,2,8,02,B01
200500019155,0,07,000,00,2,1,15,A01
200500019155,0,07,000,00,2,3,01,B01
200500019156,0,02,000,00,2,3,15,A01
200500019156,0,02,000,00,2,2,17,B01
200500019157,0,01,000,00,2,8,17,A01
200500019157,0,17,000,00,2,8,13,B01
200500019158,0,07,000,00,1,0,01,A01
200500019159,0,07,000,09,2,2,20,A01
200500019159,0,05,000,09,2,1,01,B01
200500019160,0,07,000,00,2,3,16,A01
200500019160,0,02,000,00,2,1,01,B01
200500019161,0,07,000,00,2,3,01,B01
200500019161,0,02,000,00,2,1,01,A01
200500019162,0,07,000,00,2,6,10,A01
200500019162,0,05,000,00,2,1,01,B01
200500019163,0,07,000,00,2,2,15,A01
200500019163,0,02,000,00,2,8,01,B01
200500019164,0,07,000,00,2,3,15,A01
200500019164,0,02,000,00,2,1,01,B01
200500019165,0,07,000,00,2,1,01,A01
200500019165,0,01,000,00,2,4,16,B01
200500019166,0,07,000,00,2,2,20,A01
200500019166,0,02,000,00,2,1,01,B01
200500019167,0,07,000,13,9,1,01,A01
200500019168,0,07,000,00,2,1,01,B01
200500019168,0,07,000,00,2,3,15,A01
200500019169,0,07,000,00,2,1,01,B01
200500019169,0,02,000,00,2,1,15,A01
200500019170,0,07,000,00,2,8,13,A01
200500019170,0,07,000,00,2,8,01,B01
200500019171,0,10,000,00,2,6,19,A01
200500019171,0,10,000,00,2,1,01,B01
200500019172,0,07,000,00,2,1,01,A01
200500019172,0,13,000,00,2,4,01,B01
200500019173,0,02,000,00,2,1,17,A01
200500019173,0,07,000,00,2,3,15,B01
200500019174,0,07,000,00,2,8,01,B01
200500019174,0,07,000,00,2,1,15,A01
200500019175,0,07,000,09,0,1,01,A01
200500019176,0,02,000,00,1,1,00,A01
200500019177,0,07,000,00,2,1,01,B01
200500019177,0,07,000,00,2,1,01,A01
200500019178,0,07,000,00,1,7,01,A01
200500019179,0,07,000,00,1,2,09,A01
200500019180,0,07,000,13,0,3,01,A01
200500019181,0,07,000,00,9,3,04,A01
200500019182,0,07,000,00,1,5,04,A01
200500019183,0,07,000,00,2,1,02,A01
200500019183,0,07,000,00,2,9,23,B01
200500019183,0,07,000,00,2,4,23,C01
200500019184,0,05,000,00,1,1,01,A01
200500019185,0,07,000,08,0,1,13,A01
200500019186,0,10,000,00,2,3,01,A01
200500019186,0,02,000,00,2,1,19,B01
200500019187,0,07,000,00,2,7,17,A01
200500019187,0,01,000,00,2,8,01,B01
200500019188,0,07,000,00,2,7,01,A01
200500019188,0,07,000,00,2,1,15,B01
200500019189,0,07,000,15,2,7,01,A01
200500019189,0,07,000,00,2,3,01,B01
200500019190,0,07,000,00,2,2,02,A01
200500019190,0,05,000,00,2,4,01,B01
200500019191,0,07,000,00,2,2,15,A01
200500019191,0,07,000,00,2,3,01,B01
200500019192,0,07,000,00,2,1,13,A01
200500019192,0,07,000,00,2,1,01,B01
200500019193,0,07,000,00,2,3,09,A01
200500019193,0,05,000,00,2,9,01,B01
200500019194,0,02,000,00,2,1,13,A01
200500019194,0,07,000,00,2,8,01,B01
200500019195,0,05,000,00,2,1,01,A01
200500019195,0,07,000,00,0,6,15,B01
200500019196,0,07,000,00,9,2,01,B01
200500019196,0,01,000,00,2,4,09,A01
200500019197,0,07,000,00,2,2,15,A01
200500019197,0,07,000,00,2,1,01,B01
200500019198,0,05,000,00,2,1,17,A01
200500019198,0,01,000,00,0,6,15,B01
200500019199,0,07,000,00,2,8,22,A01
200500019199,0,01,000,01,0,1,01,B01
200500019200,0,07,000,00,2,8,15,A01
200500019200,0,02,000,00,2,7,01,B01
200500019201,0,01,000,00,2,8,15,A01
200500019201,0,02,000,00,2,2,17,B01
200500019202,0,07,000,00,2,3,15,A01
200500019202,0,07,000,00,2,1,02,B01
200500019203,0,10,000,00,1,2,16,A01
200500019204,0,02,000,00,2,1,13,A01
200500019204,0,07,000,00,2,1,02,B01
200500019205,0,07,000,00,1,8,02,A01
200500019206,0,07,000,00,2,1,02,A01
200500019206,0,07,000,00,2,4,23,B01
200500019206,0,07,000,00,2,4,23,C01
200500019207,1,10,000,00,1,0,02,A01
200500019208,0,07,000,00,2,1,15,A01
200500019208,0,05,000,00,2,7,02,B01
200500019209,0,14,000,00,2,1,01,A01
200500019209,0,07,000,00,2,4,01,B01
200500019209,0,07,000,00,2,9,01,C01
200500019209,0,07,000,00,2,9,01,D01
200500019209,0,07,000,00,2,9,01,E01
200500019209,0,10,000,00,2,1,01,F01
200500019210,0,07,000,00,2,1,01,A01
200500019210,0,01,000,00,2,1,09,B01
200500019211,0,07,000,00,1,1,01,A01
200500019212,0,07,000,00,2,0,00,A01
200500019212,0,01,000,00,2,0,00,B01
200500019213,0,07,000,00,1,1,13,A01
200500019214,0,07,000,00,2,1,00,A01
200500019214,0,07,000,00,0,4,00,B01
200500019215,0,07,000,00,9,2,10,A01
200500019215,0,02,000,00,2,1,00,B01
200500019216,0,07,000,00,2,8,00,A01
200500019216,0,07,000,00,2,2,01,B01
200500019217,0,07,000,00,2,1,00,A01