Num_Acc,senc,catv,occutc,obs,obsm,choc,manv,num_veh
200500021038,0,07,000,00,2,4,23,B01
200500021039,0,05,000,00,1,1,01,A01
200500021040,0,02,000,00,1,1,01,A01
200500021041,0,07,000,00,2,1,01,A01
200500021041,0,07,000,15,2,8,01,B01
200500021042,0,02,000,00,2,2,01,A01
200500021042,0,07,000,00,2,1,15,B01
200500021043,0,07,000,00,1,1,01,A01
200500021044,0,07,000,00,2,3,09,A01
200500021044,0,07,000,00,2,1,01,B01
200500021045,0,01,000,00,0,2,01,A01
200500021046,0,04,000,00,1,1,01,A01
200500021047,2,07,000,00,2,6,00,A01
200500021047,0,07,000,00,2,1,01,B01
200500021048,0,14,000,00,2,7,12,A01
200500021048,0,07,000,00,2,3,23,B01
200500021049,0,07,000,00,1,1,16,A01
200500021050,0,07,000,00,1,1,01,A01
200500021051,0,07,000,00,1,1,01,A01
200500021052,0,07,000,00,2,3,15,A01
200500021052,0,05,000,00,2,1,01,B01
200500021053,0,07,000,00,1,1,01,A01
200500021054,0,07,000,00,2,1,01,A01
200500021054,0,07,000,00,2,4,24,B01
200500021055,0,07,000,00,2,3,11,A01
200500021055,0,05,000,00,2,2,01,B01
200500021056,1,05,000,00,2,2,00,A01
200500021056,0,05,000,00,2,3,01,B01
200500021057,0,07,000,00,1,4,04,A01
200500021058,0,05,000,00,2,3,09,A01
200500021058,0,05,000,00,2,1,01,B01
200500021059,0,07,000,00,2,2,15,A01
200500021059,0,07,000,00,2,1,07,B01
200500021060,0,07,000,00,1,1,01,A01
200500021061,0,04,000,14,0,1,01,A01
200500021062,0,02,000,00,1,2,01,A01
200500021063,0,05,000,00,0,3,01,A01
200500021064,0,10,000,07,0,1,01,A01
200500021065,0,01,000,00,1,1,01,A01
200500021066,0,07,000,00,2,3,10,A01
200500021066,0,04,000,00,2,1,01,B01
200500021067,0,02,000,00,2,2,17,A01
200500021067,0,07,000,00,2,3,15,B01
200500021068,0,07,000,01,0,3,01,A01
200500021069,0,01,000,00,1,1,01,A01
200500021070,0,10,000,00,2,2,15,A01
200500021070,0,05,000,00,2,1,01,B01
200500021071,0,07,000,15,2,1,01,A01
200500021071,0,05,000,00,2,3,15,B01
200500021072,0,02,000,00,1,1,05,A01
200500021073,0,07,000,00,1,1,01,A01
200500021074,0,05,000,01,2,2,01,A01
200500021074,0,07,000,00,2,1,01,B01
200500021075,0,10,000,00,1,1,01,A01
200500021076,0,07,000,00,2,7,01,A01
200500021076,0,02,000,00,2,1,01,B01
200500021077,0,04,000,00,2,1,01,A01
200500021077,0,07,000,00,2,3,01,B01
200500021078,0,04,000,00,2,3,07,A01
200500021078,0,07,000,00,2,2,16,B01
200500021079,0,07,000,15,1,1,01,A01
200500021080,0,18,025,00,2,2,01,A01
200500021080,0,01,000,00,2,1,01,B01
200500021081,0,07,000,00,1,1,07,A01
200500021082,0,04,000,00,2,1,01,A01
200500021082,0,04,000,00,2,4,23,B01
200500021083,0,07,000,00,2,4,04,A01
200500021083,0,02,000,00,2,1,23,B01
200500021084,0,18,000,00,1,1,01,A01
200500021085,0,05,000,00,2,3,18,A01
200500021085,0,07,000,00,2,2,01,B01
200500021086,0,07,000,00,2,3,11,A01
200500021086,0,05,000,00,2,2,01,B01
200500021087,0,07,000,00,2,3,15,A01
200500021087,0,02,000,00,2,2,01,B01
200500021088,0,02,000,00,1,1,01,A01
200500021089,0,05,000,00,0,2,21,A01
200500021090,0,07,000,00,2,2,15,A01
200500021090,0,05,000,00,2,1,01,B01
200500021091,0,02,000,00,1,1,01,A01
200500021092,0,02,000,00,1,1,07,A01
200500021093,1,07,000,00,2,1,00,A01
200500021093,0,07,000,00,2,4,01,B01
200500021094,0,05,000,09,0,1,01,A01
200500021095,1,07,000,00,2,1,00,A01
200500021095,0,02,000,00,2,4,01,B01
200500021096,0,05,000,01,0,1,01,A01
200500021097,0,07,000,00,1,1,01,A01
200500021098,0,07,000,00,1,1,01,A01
200500021099,0,07,000,00,1,1,01,A01
200500021100,0,02,000,00,2,1,01,A01
200500021100,0,07,000,00,2,4,23,B01
200500021101,0,07,000,00,2,1,01,A01
200500021101,0,07,000,00,2,4,01,B01
200500021102,0,01,000,00,2,3,10,A01
200500021102,0,07,000,00,2,1,01,B01
200500021103,0,07,000,01,2,2,01,A01
200500021103,0,07,000,00,2,3,01,B01
200500021104,0,07,000,00,1,1,01,A01
200500021105,1,07,000,00,2,2,00,A01
200500021105,0,02,000,00,2,3,01,B01
200500021106,0,04,000,00,1,1,01,A01
200500021107,0,07,000,00,1,1,04,A01
200500021108,0,07,000,00,2,1,01,A01
200500021108,0,07,000,01,2,2,01,B01
200500021109,0,07,000,00,2,2,01,B01
200500021109,0,07,000,00,2,1,01,A01
200500021110,0,07,000,00,2,3,09,A01
200500021110,0,04,000,00,2,2,01,B01
200500021111,0,05,000,09,0,1,01,A01
200500021112,0,05,000,00,0,1,21,A01
200500021113,0,07,000,00,1,1,01,A01
200500021114,0,07,000,00,2,1,01,A01
200500021114,0,07,000,00,2,4,01,B01
200500021115,0,07,000,00,2,2,01,A01
200500021115,0,04,000,00,2,1,01,B01
200500021116,0,07,000,00,1,1,16,A01
200500021117,0,02,000,00,2,3,01,A01
200500021117,0,07,000,00,2,2,16,B01
200500021118,0,02,000,00,0,2,01,A01
200500021119,0,07,000,00,2,3,15,A01
200500021119,0,02,000,00,2,1,01,B01
200500021120,0,05,000,00,2,2,08,A01
200500021120,0,10,000,00,2,3,15,B01
200500021121,0,10,000,00,1,4,04,A01
200500021122,0,07,000,00,1,4,04,A01
200500021123,0,07,000,00,1,4,04,A01
200500021124,1,07,000,00,2,4,00,A01
200500021124,0,01,000,00,2,1,01,B01
200500021125,0,04,000,00,0,3,01,A01
200500021126,0,10,000,06,0,1,01,A01
200500021127,0,02,000,00,0,2,16,A01
200500021128,1,07,000,00,2,1,00,A01
200500021128,0,05,000,00,2,3,01,B01
200500021129,0,04,000,00,1,1,01,A01
200500021130,0,02,000,00,0,1,01,A01
200500021131,0,07,000,00,2,2,16,A01
200500021131,0,01,000,00,2,3,01,B01
200500021132,0,05,000,00,2,3,07,A01
200500021132,0,07,000,00,2,2,14,B01
200500021133,0,05,000,00,2,1,07,A01
200500021133,0,07,000,00,2,2,15,B01
200500021134,0,04,000,00,0,2,01,A01
200500021135,0,07,000,00,1,1,15,A01
200500021136,0,07,000,00,1,1,15,A01
200500021137,0,07,000,00,2,6,22,A01
200500021137,0,05,000,00,2,2,01,B01
200500021138,0,07,000,00,2,1,01,A01
200500021138,0,10,000,00,2,4,23,B01
200500021139,0,07,000,00,1,3,01,A01
200500021140,0,07,000,00,2,2,10,A01
200500021140,0,05,000,00,2,1,01,B01
200500021141,0,05,000,00,1,3,01,A01
200500021141,0,07,000,00,2,6,01,B01
200500021142,0,10,000,00,1,4,04,A01
200500021143,0,10,000,00,2,5,04,A01
200500021143,0,02,000,00,2,1,01,B01
200500021144,0,07,000,00,2,5,04,A01
200500021144,0,05,000,00,2,1,01,B01
200500021145,0,07,000,00,2,3,11,A01
200500021145,0,05,000,00,2,2,01,B01
200500021146,0,02,000,00,2,1,01,A01
200500021146,0,07,000,00,2,3,01,B01
200500021147,0,05,000,00,2,1,01,A01
200500021147,0,07,000,00,2,2,01,B01
200500021148,0,07,000,00,2,2,15,A01
200500021148,0,05,000,00,2,1,01,B01
200500021149,0,07,000,00,2,8,22,A01
200500021149,0,14,000,00,2,2,01,B01
200500021150,0,07,000,15,0,1,01,A01
200500021151,0,07,000,00,1,1,01,A01
200500021152,0,10,000,00,1,4,04,A01
200500021153,1,07,000,00,0,0,00,A01
200500021153,0,05,000,00,2,4,23,B01
200500021154,0,07,000,00,2,5,15,A01
200500021154,0,05,000,00,2,1,01,B01
200500021155,0,10,000,00,2,3,22,A01
200500021155,0,04,000,00,2,2,01,B01
200500021156,0,07,000,00,1,2,15,A01
200500021157,0,04,000,00,1,1,01,A01
200500021158,0,02,000,00,2,4,15,A01
200500021158,0,07,000,00,2,1,01,B01
200500021159,0,02,000,00,2,3,01,A01
200500021159,0,07,000,00,2,5,01,B01
200500021160,0,07,000,00,2,2,01,A01
200500021160,0,02,000,00,2,1,01,B01
200500021161,0,02,000,00,0,0,16,A01
200500021162,0,01,000,00,2,3,05,A01
200500021162,0,07,000,00,2,1,09,B01
200500021163,0,07,000,09,0,3,01,A01
200500021164,0,07,000,00,1,1,01,A01
200500021165,0,07,000,00,1,4,04,A01
200500021166,0,02,000,00,2,3,07,A01
200500021166,0,07,000,00,2,2,16,B01
200500021166,0,07,000,00,2,1,01,C01
200500021167,0,07,000,00,2,1,01,A01
200500021167,0,07,000,00,2,4,01,B01
200500021168,0,07,000,00,2,1,01,A01
200500021168,0,07,000,00,2,4,23,B01
200500021168,0,07,000,00,2,4,23,C01
200500021169,0,02,000,00,2,1,01,A01
200500021169,0,07,000,00,2,2,01,B01
200500021170,0,07,000,00,2,2,16,A01
200500021170,0,02,000,00,2,3,01,B01
200500021171,0,07,000,00,2,2,10,A01
200500021171,0,07,000,00,2,1,01,B01
200500021172,0,07,000,00,2,2,12,A01
200500021172,0,18,000,00,2,3,23,B01
200500021173,0,07,000,00,2,2,16,A01
200500021173,0,02,000,00,2,3,01,B01
200500021174,0,07,000,00,1,1,07,A01
200500021175,0,07,000,00,2,3,10,A01
200500021175,0,02,000,00,2,2,01,B01
200500021176,0,04,000,00,0,2,21,A01
200500021177,0,07,000,07,0,1,15,A01
200500021178,0,05,000,00,2,3,17,A01
200500021178,0,07,000,00,2,1,23,B01
200500021179,0,14,000,00,1,4,23,A01
200500021180,0,07,000,00,1,2,07,A01
200500021181,0,02,000,00,1,1,16,A01
200500021182,0,07,000,00,2,2,15,A01
200500021182,0,04,000,00,2,1,01,B01
200500021183,0,07,000,00,1,1,16,A01
200500021184,0,04,000,00,1,1,01,A01
200500021185,0,07,000,00,2,2,12,A01
200500021185,0,04,000,00,2,3,07,B01
200500021186,0,07,000,00,2,1,01,A01
200500021186,0,07,000,00,2,2,01,B01
200500021187,0,07,000,00,2,1,01,A01
200500021187,0,02,000,00,2,4,23,B01
200500021187,0,07,000,00,2,4,23,C01
200500021188,0,07,000,00,1,3,15,A01
200500021189,0,07,000,00,2,1,01,A01
200500021189,0,07,000,00,2,4,23,B01
200500021190,0,03,000,00,2,1,01,A01
200500021190,0,07,000,00,2,3,01,B01
200500021191,0,07,000,00,2,3,15,A01
200500021191,0,05,000,00,2,2,01,B01
200500021192,0,07,000,00,1,1,15,A01
200500021193,0,07,000,00,2,2,01,A01
200500021193,0,05,000,00,2,1,01,B01
200500021194,0,07,000,00,1,1,01,A01
200500021195,0,07,000,00,2,2,15,A01
200500021195,0,07,000,00,2,1,01,B01
200500021195,0,07,000,00,2,4,23,C01
200500021196,0,05,000,00,2,2,01,A01
200500021196,0,07,000,00,2,1,16,B01
200500021197,1,04,000,00,1,0,00,A01
200500021198,0,02,000,00,2,1,01,A01
200500021198,0,07,000,00,2,2,15,B01
200500021199,0,07,000,00,2,1,01,A01
200500021199,0,05,000,00,2,4,23,B01
200500021200,0,18,000,00,1,2,07,A01
200500021201,0,07,000,00,2,2,01,A01
200500021201,0,04,000,00,2,1,01,B01
200500021202,0,07,000,00,2,1,16,A01
200500021202,0,05,000,00,2,4,16,B01
200500021203,0,05,000,12,0,2,20,A01
200500021204,0,07,000,01,2,3,13,A01
200500021204,0,07,000,00,2,3,01,B01
200500021205,0,07,000,00,2,1,01,A01
200500021205,0,07,000,00,2,4,01,B01
200500021206,0,07,000,00,2,5,12,A01
200500021206,0,05,000,00,2,3,03,B01
200500021207,0,07,000,00,2,2,12,A01
200500021207,0,05,000,00,2,3,03,B01
200500021207,0,05,000,00,2,1,01,C01
200500021208,0,07,000,04,2,1,01,A01
200500021208,0,10,000,00,2,2,01,B01
200500021208,0,07,000,00,2,4,01,C01
200500021208,0,07,000,00,2,4,01,D01
200500021209,0,10,000,00,2,1,01,A01
200500021209,0,07,000,00,2,4,01,B01
200500021209,0,07,000,00,2,4,01,C01
200500021210,0,07,000,00,2,1,01,A01
200500021210,0,07,000,00,2,4,01,B01
200500021211,0,05,000,00,0,1,01,A01
200500021212,1,07,000,00,2,1,00,A01
200500021212,0,05,000,00,2,4,01,B01
200500021212,0,07,000,00,2,4,01,C01
200500021213,0,05,000,00,2,2,12,A01
200500021213,0,07,000,00,2,3,01,B01
200500021214,0,07,000,03,0,3,16,A01
200500021215,0,17,000,00,2,2,01,A01
200500021215,0,07,000,00,2,3,16,B01
200500021216,0,07,000,00,2,4,12,A01
200500021216,0,05,000,00,2,2,03,B01
200500021217,1,07,000,00,2,3,00,A01
200500021217,0,05,000,00,2,2,01,B01
200500021218,0,07,000,00,2,2,12,A01
200500021218,0,05,000,00,2,3,01,B01
200500021219,0,07,000,00,2,1,01,A01
200500021219,0,07,000,00,2,4,01,B01
200500021220,1,07,000,00,2,5,00,A01
200500021220,0,05,000,00,2,3,01,B01
200500021221,0,04,000,00,2,2,03,A01
200500021221,0,07,000,00,2,3,23,B01
200500021221,0,07,000,00,2,8,01,C01
200500021222,0,07,000,00,2,3,11,A01
200500021222,0,04,000,00,2,2,01,B01
200500021223,0,07,000,00,2,1,02,A01
200500021223,0,07,000,00,2,4,02,B01
200500021223,0,07,000,00,2,1,02,C01
200500021223,0,07,000,00,2,4,02,D01
200500021224,0,05,000,00,2,1,01,A01
200500021224,0,07,000,00,2,2,12,B01
200500021225,1,07,000,00,2,3,00,A01
200500021225,0,05,000,00,2,2,03,B01
200500021225,0,07,000,00,2,3,01,C01
200500021226,0,07,000,04,0,2,01,A01
200500021227,0,05,000,00,2,3,18,A01
200500021227,1,07,000,00,2,2,00,B01
200500021228,0,10,000,00,2,1,01,A01
200500021228,0,07,000,00,2,4,23,B01
200500021229,0,07,000,00,2,2,12,A01
200500021229,0,05,000,00,2,3,01,B01
200500021230,0,05,000,00,0,2,01,A01
200500021231,0,07,000,00,2,6,11,A01
200500021231,0,05,000,00,2,2,01,B01
200500021232,0,07,000,00,2,2,12,A01
200500021232,0,05,000,00,2,3,03,B01
200500021232,0,07,000,00,2,4,01,C01
200500021233,0,07,000,00,2,1,02,A01
200500021233,0,07,000,00,2,4,02,B01
200500021233,0,07,000,00,2,4,02,C01
200500021234,0,05,000,00,2,2,17,A01
200500021234,0,10,000,00,2,8,01,B01
200500021235,0,07,000,00,2,8,22,A01
200500021235,0,05,000,01,2,2,01,B01
200500021236,0,07,000,00,2,2,15,A01
200500021236,0,07,000,00,2,1,01,B01
200500021237,0,07,000,00,2,2,15,A01
200500021237,0,02,000,00,2,1,01,B01
200500021238,0,07,000,03,2,1,01,A01
200500021238,0,07,000,03,2,4,01,B01
200500021239,0,10,000,00,2,2,12,A01
200500021239,0,04,000,00,2,6,01,B01
200500021239,0,10,000,00,2,8,01,C01
200500021240,1,07,000,00,2,2,00,A01
200500021240,0,05,000,00,2,1,01,B01
200500021241,0,05,000,00,2,3,18,A01
200500021241,0,07,000,00,2,2,01,B01
200500021241,0,07,000,00,2,6,01,C01
200500021242,0,07,000,00,2,2,12,A01
200500021242,0,07,000,05,2,3,01,B01
200500021243,0,07,000,00,2,4,12,A01
200500021243,0,04,000,00,2,1,03,B01
200500021244,0,05,000,00,2,1,01,A01
200500021244,0,07,000,00,2,4,01,B01
200500021245,0,07,000,00,2,1,01,A01
200500021245,0,10,000,00,2,4,01,B01
200500021246,0,07,000,00,2,1,01,A01
200500021246,0,07,000,00,2,4,01,B01
200500021247,0,05,000,00,2,1,01,A01
200500021247,0,10,000,00,2,4,01,B01
200500021248,0,07,000,00,2,2,12,A01
200500021248,0,05,000,00,2,3,03,B01
200500021249,0,02,000,00,2,3,01,A01
200500021249,0,07,000,00,2,5,01,B01
200500021250,0,07,000,00,2,1,09,A01
200500021250,0,07,000,00,2,4,09,B01
200500021251,0,10,000,00,1,5,15,A01
200500021252,0,07,000,00,2,3,19,A01
200500021252,0,07,000,00,2,1,09,B01
200500021253,0,07,000,00,2,1,13,A01
200500021253,0,07,000,00,2,1,09,B01
200500021254,0,07,000,00,2,4,19,A01
200500021254,0,02,000,00,2,1,14,B01
200500021255,0,07,000,00,0,0,15,A01
200500021256,0,07,000,06,0,9,01,A01
200500021257,0,07,000,00,1,1,01,A01
200500021258,0,07,000,00,1,2,19,A01
200500021259,0,07,000,00,2,2,19,B01
200500021259,0,07,000,00,2,3,19,A01
200500021260,0,04,000,00,2,1,09,A01
200500021260,0,07,000,00,9,4,15,B01
200500021261,0,07,000,00,2,3,15,A01
200500021261,0,02,000,00,2,1,01,B01
200500021261,0,07,000,01,2,3,23,C01
200500021262,0,01,000,00,2,7,19,A01
200500021262,0,07,000,00,2,3,01,B01
200500021263,0,02,000,08,0,1,02,A01
200500021264,0,07,000,00,2,4,20,A01
200500021264,0,02,000,00,2,1,14,B01
200500021265,0,07,000,00,1,1,01,A01
200500021266,0,07,000,04,0,3,01,A01
200500021267,0,07,000,00,1,2,15,A01
200500021268,0,07,000,00,0,0,02,A01
200500021268,0,05,000,00,2,1,02,B01
200500021268,0,07,000,00,2,7,02,C01
200500021269,0,07,000,00,1,1,04,A01
200500021270,0,18,000,00,1,1,07,A01
200500021271,0,02,000,12,0,8,13,A01
200500021272,0,07,000,01,0,2,13,A01
200500021273,0,07,000,00,1,1,02,A01
200500021274,0,07,000,00,2,2,02,A01
200500021274,0,07,000,00,2,1,02,B01
200500021275,0,05,000,01,2,1,19,A01
200500021276,0,07,000,00,2,1,02,A01
200500021276,0,07,000,00,2,4,02,B01
200500021276,0,07,000,00,2,4,02,C01
200500021277,0,05,000,00,2,1,15,A01
200500021277,0,10,000,00,2,8,02,B01
200500021278,0,02,000,00,0,1,02,A01
200500021279,0,07,000,00,9,1,15,A01
200500021279,0,05,000,00,2,2,02,B01
200500021280,0,07,000,04,0,9,02,A01
200500021281,0,05,000,00,2,8,09,A01
200500021281,0,07,000,00,9,5,09,B01
200500021282,0,18,001,00,1,0,07,A01
200500021283,0,07,000,00,2,3,02,A01
200500021283,0,07,000,00,2,1,02,B01
200500021284,1,99,000,00,0,0,00,A01
200500021285,0,07,000,00,2,3,05,A01
200500021285,0,07,000,00,2,1,02,B01
200500021286,2,07,000,00,2,2,15,A01
200500021286,0,05,000,00,2,1,02,B01
200500021287,0,05,000,03,0,3,02,A01
200500021288,0,05,000,00,2,3,02,A01
200500021288,0,07,000,00,2,2,02,B01
200500021289,0,02,000,00,2,1,02,A01
200500021289,0,07,000,00,2,4,02,B01
200500021290,0,07,000,00,1,1,02,A01
200500021291,0,05,000,00,0,7,02,A01
200500021292,0,07,000,07,0,1,13,A01
200500021293,0,07,000,01,0,1,02,A01
200500021294,0,07,000,00,2,1,14,A01
200500021294,0,07,000,00,2,6,24,B01
200500021294,0,07,000,00,0,0,02,C01
200500021295,0,05,000,00,1,1,02,A01
200500021296,0,04,000,00,2,1,21,A01
200500021296,0,07,000,00,2,5,23,B01
200500021297,0,07,000,00,4,3,15,A01
200500021297,0,19,000,00,2,1,07,B01
200500021298,0,07,000,01,0,2,13,A01
200500021299,0,07,000,00,2,4,02,A01
200500021299,0,07,000,00,2,1,02,B01
200500021300,0,07,000,00,2,3,09,A01
200500021300,0,07,000,00,2,2,02,B01
200500021301,0,03,000,00,1,1,19,A01
200500021302,0,07,000,00,1,1,21,A01
200500021303,0,18,027,00,1,0,20,A01
200500021304,0,05,000,00,2,7,17,A01
200500021304,0,99,000,00,9,3,21,B01
200500021305,0,07,000,00,1,3,21,A01
200500021306,0,07,000,00,9,8,10,A01
200500021306,0,05,000,00,2,1,17,B01
200500021307,0,07,000,00,1,2,21,A01
200500021308,0,05,000,00,0,0,01,A01
200500021309,0,07,000,00,2,1,13,A01
200500021309,0,07,000,00,2,1,21,B01
200500021310,0,07,000,00,2,3,03,A01
200500021310,0,10,000,00,2,3,03,B01
200500021311,0,02,000,00,2,1,02,A01
200500021311,0,07,000,00,0,4,01,B01
200500021312,0,07,000,00,2,2,01,B01
200500021312,0,07,000,00,2,4,01,C01
200500021312,0,02,000,00,2,3,15,A01
200500021313,0,04,000,14,0,1,02,A01
200500021313,0,07,000,00,0,4,23,B01
200500021314,0,07,000,00,0,1,13,A01
200500021314,0,15,000,00,0,4,15,B01
200500021314,0,07,000,00,0,1,01,C01
200500021315,0,07,000,00,1,1,01,A01
200500021316,0,07,000,00,1,3,02,A01
200500021317,0,07,000,00,0,0,00,A01
200500021318,0,07,000,00,2,8,13,A01
200500021318,0,07,000,00,2,6,01,B01
200500021319,0,07,000,01,1,2,01,A01
200500021320,0,07,000,10,9,3,14,A01
200500021320,0,01,000,00,0,1,02,B01
200500021321,0,07,000,00,2,2,19,A01
200500021321,0,07,000,00,2,1,19,B01
200500021322,0,07,000,00,2,2,02,B01
200500021322,0,07,000,00,2,3,19,A01
200500021323,0,05,000,07,0,1,02,A01
200500021324,0,07,000,00,2,1,02,A01
200500021324,0,07,000,00,0,4,23,B01
200500021325,0,05,000,00,0,7,01,A01
200500021326,0,07,000,00,2,3,13,A01
200500021326,0,05,000,00,2,1,01,B01
200500021327,0,07,000,00,2,1,02,A01
200500021327,0,07,000,00,2,4,02,B01
200500021327,0,07,000,00,0,4,01,C01
200500021328,0,07,000,07,2,2,01,B01
200500021328,0,07,000,00,2,1,15,A01
200500021329,0,07,000,00,1,7,01,A01
200500021330,0,02,000,00,0,7,02,A01
200500021331,0,07,000,00,2,3,01,A01
200500021331,0,07,000,00,2,3,01,B01
200500021332,0,07,000,00,2,8,01,A01
200500021332,0,07,000,00,2,2,01,B01
200500021333,0,02,000,00,2,6,11,A01
200500021333,0,07,000,00,2,2,01,B01
200500021334,0,07,000,00,0,9,01,A01
200500021335,0,07,000,00,2,1,01,B01
200500021335,0,07,000,00,2,8,15,A01
200500021336,0,07,000,00,2,3,01,A01
200500021336,0,10,000,00,2,1,01,B01
200500021337,0,07,000,00,2,1,15,A01
200500021337,0,07,000,00,2,3,01,B01
200500021338,0,05,000,01,0,7,01,A01
200500021339,0,04,000,01,0,1,14,A01
200500021340,0,07,000,00,2,3,15,A01
200500021340,0,02,000,00,2,1,02,B01
200500021341,0,07,000,00,1,2,15,A01
200500021342,0,07,000,09,0,1,02,A01
200500021342,0,07,000,00,0,4,15,B01
200500021343,0,07,000,00,2,6,02,A01
200500021343,0,05,000,00,2,1,16,B01
200500021344,0,05,000,01,0,1,14,A01
200500021344,0,07,000,00,0,6,23,B01
200500021345,0,03,000,00,2,2,02,A01
200500021345,0,03,000,00,0,6,02,B01
200500021346,0,05,000,13,0,8,15,A01
200500021347,0,07,000,00,0,0,15,A01
200500021348,0,07,000,02,0,1,14,A01
200500021349,0,07,000,00,2,3,15,A01
200500021349,0,05,000,00,2,1,21,B01
200500021350,1,05,000,00,1,1,01,A01
200500021351,1,07,000,00,2,8,13,A01
200500021351,0,05,000,00,2,8,02,B01
200500021352,0,07,000,00,2,7,02,A01
200500021353,0,07,000,00,2,1,15,A01
200500021353,0,07,000,00,2,3,01,B01
200500021354,1,07,000,00,0,1,15,A01
200500021354,0,05,000,00,0,1,02,B01
200500021355,0,02,000,04,0,1,02,A01
200500021356,0,07,000,00,2,1,05,A01
200500021356,0,07,000,00,2,1,05,B01
200500021356,0,07,000,00,2,1,02,C01
200500021357,0,07,000,00,0,1,02,B01
200500021357,0,07,000,00,0,7,15,A01
200500021358,0,02,000,00,0,7,02,A01
200500021359,0,07,000,00,1,2,02,A01
200500021360,0,02,000,00,2,3,02,A01
200500021360,0,07,000,00,2,2,02,B01
200500021361,0,18,000,00,1,2,08,A01
200500021362,0,07,000,01,0,1,02,A01
200500021362,0,14,000,00,0,4,02,B01
200500021363,0,07,000,00,9,7,17,A01
200500021363,0,01,000,00,2,8,02,B01
200500021364,0,02,000,00,0,7,02,A01
200500021365,0,99,000,00,2,1,19,A01
200500021365,0,07,000,00,0,2,02,B01
200500021366,0,07,000,00,2,1,02,A01
200500021366,0,07,000,00,2,1,02,B01
200500021366,0,07,000,00,2,4,02,C01
200500021367,0,07,000,00,2,1,02,A01
200500021367,0,04,000,00,2,7,02,B01
200500021368,0,04,000,00,2,1,01,A01
200500021368,0,07,000,00,2,3,19,B01
200500021369,0,07,000,02,0,1,05,A01
200500021370,0,07,000,01,0,3,13,A01
200500021371,0,07,000,00,0,9,15,A01
200500021372,0,05,000,00,0,1,18,A01
200500021373,0,07,000,00,4,8,21,A01
200500021373,0,19,000,00,2,2,01,B01
200500021374,0,07,000,00,2,1,02,A01
200500021374,0,10,000,00,2,4,23,B01
200500021374,0,07,000,00,2,4,23,C01
200500021375,0,07,000,00,2,1,02,A01
200500021375,0,07,000,00,2,4,23,B01
200500021376,0,07,000,01,0,1,14,A01
200500021377,0,05,000,00,0,8,16,A01
200500021378,0,05,000,00,2,7,17,A01
200500021379,0,07,000,00,2,1,02,A01
200500021379,0,07,000,00,2,4,02,B01
200500021379,0,07,000,00,2,4,02,C01
200500021380,0,07,000,00,1,1,15,A01
200500021381,0,01,000,06,0,1,13,A01
200500021382,0,07,000,00,2,1,02,A01
200500021382,0,07,000,00,2,4,02,B01
200500021382,0,07,000,00,2,4,02,C01
200500021382,0,07,000,00,0,4,02,D01
200500021383,0,07,000,00,2,1,01,A01
200500021383,0,07,000,00,2,8,01,B01
200500021384,0,07,000,00,2,0,01,A01
200500021384,0,07,000,00,2,3,15,B01
200500021385,0,10,000,00,2,1,02,A01
200500021385,0,07,000,00,0,4,01,B01
200500021386,0,07,000,08,0,2,13,A01
200500021387,0,07,000,00,2,4,23,A01
200500021387,1,07,000,00,2,1,02,B01
200500021388,0,15,000,00,2,1,01,A01
200500021388,0,07,000,00,2,8,01,B01
200500021389,0,10,000,00,2,7,15,A01
200500021389,0,05,000,00,2,1,01,B01
200500021390,0,10,000,04,0,9,02,A01
200500021391,0,07,000,00,2,3,02,A01
200500021391,0,07,000,00,2,2,02,B01
200500021391,0,07,000,00,2,1,02,C01
200500021392,0,07,000,00,2,1,02,A01
200500021392,0,07,000,00,2,9,02,B01
200500021392,0,07,000,00,2,4,20,C01
200500021393,0,05,000,01,0,0,21,A01
200500021394,0,07,000,00,2,8,09,A01
200500021394,0,07,000,00,2,1,01,B01
200500021395,0,05,000,00,2,1,01,A01
200500021395,0,07,000,00,2,8,19,B01
200500021396,0,07,000,00,2,7,10,A01
200500021396,0,05,000,00,2,1,01,B01
200500021397,0,07,000,07,0,4,13,A01
200500021398,0,03,000,11,0,1,15,A01
200500021399,0,07,000,13,0,1,01,A01
200500021400,0,07,000,03,0,1,01,A01
200500021401,0,07,000,00,1,3,01,A01
200500021402,0,07,000,00,1,1,01,A01
200500021403,0,13,000,00,1,4,04,A01
200500021404,0,07,000,00,1,1,01,A01
200500021405,0,07,000,00,2,1,01,A01
200500021405,0,07,000,00,0,4,15,B01
200500021406,0,07,000,00,0,1,01,B01
200500021406,0,07,000,00,2,1,09,A01
200500021407,0,05,000,00,2,1,01,B01
200500021407,0,07,000,00,2,3,19,A01
200500021408,0,07,000,00,1,1,01,A01
200500021409,0,14,000,00,2,1,01,A01
200500021409,0,10,000,00,2,4,23,B01
200500021409,0,10,000,00,0,4,23,C01
200500021410,0,05,000,00,2,1,17,A01
200500021410,0,07,000,00,2,1,05,B01
200500021410,0,10,000,00,2,6,02,C01
200500021411,0,07,000,00,2,1,01,A01
200500021411,0,07,000,00,2,8,01,B01
200500021412,0,01,000,00,2,9,19,A01
200500021412,0,15,000,00,2,3,01,B01
200500021413,0,07,000,00,1,4,04,A01
200500021414,0,07,000,00,1,5,02,A01
200500021415,0,05,000,00,0,1,01,A01
200500021416,0,07,000,02,0,1,13,A01
200500021417,0,07,000,00,1,4,04,A01
200500021418,0,07,000,00,2,1,02,A01
200500021418,0,07,000,00,0,4,01,B01