Num_Acc,senc,catv,occutc,obs,obsm,choc,manv,num_veh
200500021419,1,99,000,03,2,1,02,A01
200500021419,0,07,000,00,0,6,07,B01
200500021420,0,07,000,02,0,3,01,A01
200500021421,0,07,000,00,1,1,20,A01
200500021422,0,07,000,01,0,3,02,B01
200500021422,0,07,000,00,2,2,02,A01
200500021423,0,07,000,00,1,1,10,A01
200500021424,0,07,000,00,2,3,15,A01
200500021424,0,07,000,00,2,1,07,B01
200500021425,0,07,000,00,2,2,01,A01
200500021425,0,07,000,00,2,2,15,B01
200500021426,0,07,000,00,2,3,15,A01
200500021426,0,07,000,00,2,3,01,B01
200500021427,0,07,000,00,2,1,02,A01
200500021427,0,07,000,00,2,4,01,B01
200500021428,0,01,000,00,2,8,15,A01
200500021428,0,07,000,00,2,2,17,B01
200500021429,0,02,000,00,2,1,01,A01
200500021429,0,10,000,00,0,4,02,B01
200500021430,0,07,000,00,2,1,01,A01
200500021430,0,07,000,00,2,7,10,B01
200500021431,0,07,000,00,2,1,02,A01
200500021431,0,07,000,00,0,4,01,B01
200500021432,0,07,000,00,2,3,05,A01
200500021432,0,07,000,00,2,1,01,B01
200500021432,0,07,000,00,2,3,01,C01
200500021432,0,04,000,00,2,1,01,D01
200500021433,0,07,000,00,2,1,05,A01
200500021433,0,07,000,13,2,1,01,B01
200500021434,0,07,000,00,1,2,01,A01
200500021435,0,07,000,00,2,1,11,A01
200500021435,0,07,000,00,2,1,01,B01
200500021436,0,10,000,00,1,0,01,A01
200500021437,0,07,000,00,1,2,01,A01
200500021438,0,07,000,00,2,2,01,A01
200500021438,0,07,000,00,2,1,01,B01
200500021439,0,01,000,00,2,8,01,B01
200500021439,0,07,000,00,2,6,01,A01
200500021440,0,07,000,00,2,2,10,A01
200500021440,0,02,000,00,2,1,01,B01
200500021441,0,07,000,15,0,2,14,A01
200500021442,0,07,000,02,0,4,13,A01
200500021443,0,07,000,00,2,1,02,A01
200500021443,0,07,000,00,0,4,02,B01
200500021443,0,07,000,00,2,2,02,C01
200500021444,0,15,000,00,2,1,09,A01
200500021444,0,07,000,00,2,8,01,B01
200500021445,1,05,000,00,1,1,09,A01
200500021446,0,07,000,00,1,1,15,A01
200500021447,0,04,000,00,2,1,14,A01
200500021447,0,04,000,00,2,4,07,B01
200500021448,0,05,000,00,2,1,01,A01
200500021448,0,05,000,00,2,1,01,B01
200500021449,0,07,000,00,1,3,19,A01
200500021450,0,07,000,08,2,8,15,A01
200500021450,0,05,000,00,2,1,17,B01
200500021451,0,07,000,00,2,3,10,A01
200500021451,0,05,000,00,2,1,01,B01
200500021452,0,04,000,00,1,2,01,A01
200500021453,0,07,000,00,1,4,04,A01
200500021454,0,02,000,00,2,0,01,A01
200500021454,0,07,000,00,2,0,01,B01
200500021455,0,07,000,00,2,7,15,A01
200500021455,0,05,000,00,2,1,01,B01
200500021456,0,07,000,00,1,3,01,A01
200500021457,0,02,000,00,1,1,01,A01
200500021458,0,07,000,00,2,3,15,A01
200500021458,0,01,000,00,2,8,19,B01
200500021459,0,01,000,00,2,8,19,A01
200500021459,0,18,001,00,2,1,15,B01
200500021460,0,07,000,00,2,2,15,A01
200500021460,0,05,000,00,2,1,01,B01
200500021461,0,07,000,00,2,3,09,A01
200500021461,0,02,000,00,2,0,01,B01
200500021462,2,10,000,00,2,1,05,A01
200500021462,0,07,000,00,0,2,01,B01
200500021463,0,05,000,00,2,1,17,A01
200500021463,0,07,000,00,0,3,15,B01
200500021464,0,02,000,00,2,1,18,A01
200500021464,0,07,000,00,0,5,15,B01
200500021465,0,07,000,01,0,1,01,A01
200500021466,0,05,000,00,2,1,17,A01
200500021466,0,07,000,00,0,3,15,B01
200500021467,0,02,000,00,2,1,01,A01
200500021467,0,07,000,00,0,2,01,B01
200500021468,0,10,000,00,0,2,15,A01
200500021468,0,05,000,00,2,1,01,B01
200500021469,0,02,000,00,2,1,17,A01
200500021469,0,07,000,00,0,1,15,B01
200500021470,0,05,000,00,2,1,01,B01
200500021470,0,07,000,00,2,3,01,A01
200500021471,0,07,000,02,0,7,13,A01
200500021472,0,07,000,00,2,2,15,A01
200500021472,0,02,000,00,2,1,01,B01
200500021473,0,07,000,13,0,1,01,A01
200500021474,0,07,000,08,0,1,01,A01
200500021475,0,07,000,00,2,8,01,A01
200500021475,0,02,000,00,2,1,01,B01
200500021476,0,07,000,00,2,7,01,A01
200500021476,0,07,000,00,2,1,01,B01
200500021477,0,02,000,00,2,1,01,A01
200500021477,0,07,000,00,2,1,01,B01
200500021478,0,07,000,00,1,1,01,A01
200500021479,0,07,000,00,2,3,01,A01
200500021479,0,07,000,00,2,7,15,B01
200500021480,0,07,000,00,2,1,01,A01
200500021480,0,07,000,00,2,1,02,B01
200500021480,0,07,000,00,2,4,02,C01
200500021481,0,07,000,00,2,1,01,A01
200500021481,0,07,000,00,1,4,02,B01
200500021482,0,01,000,00,1,1,01,A01
200500021483,0,07,000,00,2,2,15,A01
200500021483,0,07,000,00,2,1,01,B01
200500021484,0,07,000,01,0,1,20,A01
200500021485,0,02,000,00,2,3,13,A01
200500021485,0,07,000,00,2,3,16,B01
200500021486,0,07,000,00,2,1,01,A01
200500021486,0,07,000,00,2,4,01,B01
200500021487,0,07,000,00,2,8,10,A01
200500021487,0,07,000,00,2,1,01,B01
200500021488,0,07,000,00,2,7,17,A01
200500021488,0,18,003,00,2,1,01,B01
200500021489,0,07,000,00,2,2,15,A01
200500021489,0,05,000,00,2,1,01,B01
200500021490,0,07,000,08,0,1,17,A01
200500021491,0,02,000,00,2,1,01,A01
200500021491,0,07,000,00,2,8,16,B01
200500021492,0,07,000,12,0,9,01,A01
200500021493,0,07,000,00,2,1,02,A01
200500021493,0,07,000,00,2,4,02,B01
200500021494,0,02,000,00,2,1,01,A01
200500021494,0,07,000,00,2,4,01,B01
200500021495,0,05,000,00,0,8,01,A01
200500021496,0,07,000,00,1,1,01,A01
200500021497,0,99,000,00,2,7,17,A01
200500021497,0,07,000,00,2,8,01,B01
200500021498,0,07,000,00,2,1,01,A01
200500021498,0,07,000,00,2,4,01,B01
200500021498,0,07,000,00,2,4,01,C01
200500021499,0,07,000,00,1,1,01,A01
200500021500,0,07,000,00,1,1,13,A01
200500021501,0,07,000,00,2,3,13,A01
200500021501,0,99,000,00,2,8,01,B01
200500021501,0,07,000,00,2,1,01,C01
200500021502,0,07,000,00,2,3,01,A01
200500021502,0,02,000,01,2,3,21,B01
200500021503,0,05,000,00,2,7,01,A01
200500021503,0,07,000,00,2,1,09,B01
200500021504,0,02,000,00,2,2,17,A01
200500021504,0,07,000,00,2,3,15,B01
200500021505,0,13,000,00,2,1,01,A01
200500021505,0,07,000,02,2,6,02,B01
200500021506,1,07,000,00,2,1,02,A01
200500021506,0,07,000,00,2,4,01,B01
200500021507,0,02,000,00,2,1,02,A01
200500021507,0,07,000,00,2,4,15,B01
200500021508,0,02,000,00,2,1,17,A01
200500021508,0,07,000,00,2,8,15,B01
200500021509,0,10,000,00,2,8,15,A01
200500021509,0,07,000,00,2,2,01,B01
200500021510,0,05,000,08,0,1,18,A01
200500021511,1,07,000,00,1,1,01,A01
200500021512,0,07,000,00,2,3,01,B01
200500021512,0,07,000,00,2,1,01,A01
200500021513,0,07,000,00,2,2,15,A01
200500021513,0,07,000,00,2,2,01,B01
200500021514,0,07,000,00,2,2,02,A01
200500021514,0,02,000,00,2,4,10,B01
200500021515,0,07,000,00,2,2,15,A01
200500021515,0,07,000,00,2,1,02,B01
200500021516,0,07,000,02,0,1,14,A01
200500021517,0,07,000,00,2,1,01,A01
200500021517,0,02,000,00,2,8,15,B01
200500021518,0,07,000,00,2,7,01,B01
200500021518,0,07,000,00,2,3,16,A01
200500021519,0,07,000,00,2,2,15,A01
200500021519,0,07,000,00,2,1,01,B01
200500021520,0,10,000,00,2,7,00,A01
200500021520,0,01,000,00,2,0,01,B01
200500021521,0,07,000,00,2,1,02,A01
200500021521,0,07,000,00,2,4,23,B01
200500021522,0,07,000,00,2,8,06,A01
200500021522,0,07,000,00,2,1,01,B01
200500021523,0,07,000,00,2,1,15,A01
200500021523,0,07,000,00,2,1,01,B01
200500021524,0,07,000,00,2,8,19,A01
200500021524,0,07,000,00,2,1,01,B01
200500021525,0,07,000,13,0,1,01,A01
200500021526,0,14,000,00,2,7,12,A01
200500021526,0,07,000,06,2,8,01,B01
200500021527,0,07,000,08,0,1,01,A01
200500021528,0,07,000,06,0,1,01,A01
200500021529,0,02,000,00,2,1,01,B01
200500021529,0,07,000,00,2,3,19,A01
200500021530,0,07,000,00,2,8,15,A01
200500021530,0,07,000,00,2,2,01,B01
200500021531,0,07,000,00,2,3,01,B01
200500021531,0,07,000,00,2,8,15,A01
200500021532,0,07,000,00,1,1,01,A01
200500021533,0,07,000,00,2,8,19,A01
200500021533,0,05,000,00,2,9,19,B01
200500021533,0,07,000,00,2,1,16,C01
200500021534,0,07,000,02,5,7,01,A01
200500021535,0,07,000,00,2,4,01,A01
200500021535,0,07,000,00,2,1,15,B01
200500021535,0,05,000,00,2,1,01,C01
200500021536,0,07,000,00,2,8,15,A01
200500021536,0,02,000,00,2,1,17,B01
200500021537,0,02,000,12,0,1,14,A01
200500021538,0,07,000,00,1,8,01,A01
200500021539,0,07,000,00,2,2,15,A01
200500021539,0,02,000,00,2,1,03,B01
200500021540,0,05,000,00,1,7,21,A01
200500021541,0,07,000,00,2,1,13,A01
200500021541,0,07,000,00,0,3,01,B01
200500021542,0,07,000,00,2,2,13,A01
200500021542,0,07,000,00,2,2,23,B01
200500021543,0,07,000,00,2,1,01,A01
200500021543,0,07,000,00,2,4,01,B01
200500021544,0,07,000,00,2,2,16,A01
200500021544,0,01,000,00,2,3,01,B01
200500021545,0,02,000,00,2,1,01,A01
200500021545,0,07,000,00,2,3,00,B01
200500021546,0,07,000,00,2,6,11,A01
200500021546,0,05,000,00,2,7,01,B01
200500021547,0,07,000,00,0,4,09,A01
200500021547,0,02,000,00,2,1,01,B01
200500021548,0,07,000,00,1,3,09,A01
200500021549,0,02,000,00,2,8,01,B01
200500021550,0,07,000,08,1,1,14,A01
200500021551,0,02,000,00,2,1,21,A01
200500021551,0,07,000,00,2,1,21,B01
200500021552,0,04,000,00,1,1,02,A01
200500021553,0,07,000,00,2,1,01,B01
200500021553,0,04,000,00,2,1,00,A01
200500021554,0,10,000,00,9,4,04,A01
200500021554,0,04,000,00,2,7,01,B01
200500021555,0,07,000,00,1,7,17,A01
200500021556,0,07,000,00,1,3,01,A01
200500021557,0,07,000,00,2,3,15,A01
200500021557,0,02,000,00,2,1,01,B01
200500021558,0,07,000,00,2,1,15,A01
200500021558,0,07,000,00,2,3,01,B01
200500021559,0,07,000,00,2,2,13,A01
200500021559,0,07,000,00,2,3,01,B01
200500021560,0,05,000,00,2,1,19,A01
200500021560,0,07,000,00,2,5,15,B01
200500021561,0,07,000,00,2,5,20,A01
200500021561,0,02,000,00,2,1,01,B01
200500021562,0,07,000,08,0,8,13,A01
200500021563,0,07,000,02,0,1,14,A01
200500021564,0,07,000,00,9,1,15,A01
200500021564,0,04,000,00,2,1,00,B01
200500021565,0,07,000,00,2,2,15,A01
200500021565,0,02,000,00,2,1,01,B01
200500021566,0,05,000,00,2,1,17,A01
200500021566,0,07,000,00,2,3,02,B01
200500021567,0,07,000,00,2,3,14,A01
200500021567,0,05,000,00,2,7,01,B01
200500021568,0,02,000,01,2,1,02,A01
200500021568,0,07,000,00,2,4,15,B01
200500021569,0,07,000,00,2,1,13,A01
200500021569,0,07,000,00,2,3,01,B01
200500021570,0,07,000,00,2,1,01,A01
200500021570,0,07,000,00,0,4,01,B01
200500021571,0,10,000,00,2,0,15,A01
200500021571,0,04,000,00,2,0,21,B01
200500021572,0,10,000,00,2,1,01,A01
200500021572,0,10,000,00,2,4,02,B01
200500021572,0,07,000,00,2,4,02,C01
200500021573,0,07,000,00,2,3,15,A01
200500021573,0,05,000,00,2,9,17,B01
200500021574,0,07,000,00,2,0,01,A01
200500021574,0,01,000,00,2,8,18,B01
200500021575,0,05,000,00,1,2,01,A01
200500021576,0,07,000,00,2,1,15,A01
200500021576,0,02,000,00,2,1,01,B01
200500021577,0,07,000,00,2,3,01,A01
200500021577,0,07,000,00,2,2,01,B01
200500021578,0,07,000,00,1,3,01,A01
200500021578,0,07,000,00,2,3,01,B01
200500021579,0,07,000,00,2,1,02,A01
200500021579,0,07,000,00,2,4,02,B01
200500021580,0,07,000,00,2,2,01,A01
200500021580,0,02,000,00,2,5,02,B01
200500021581,0,02,000,00,2,1,13,A01
200500021581,0,05,000,00,2,1,01,B01
200500021582,0,07,000,00,1,1,01,A01
200500021583,0,02,000,00,9,1,01,A01
200500021584,0,05,000,14,0,1,01,A01
200500021585,0,07,000,00,2,1,01,A01
200500021585,0,07,000,00,2,2,19,B01
200500021585,0,07,000,00,9,1,23,C01
200500021586,0,10,000,00,2,2,15,A01
200500021586,0,18,001,00,2,3,01,B01
200500021587,0,07,000,00,2,3,15,A01
200500021587,0,07,000,00,2,2,01,B01
200500021588,0,07,000,00,2,1,13,A01
200500021588,0,07,000,00,2,1,01,B01
200500021588,0,07,000,00,2,3,01,C01
200500021589,0,02,000,00,2,1,19,A01
200500021589,0,07,000,00,2,1,01,B01
200500021590,0,07,000,00,2,6,01,A01
200500021590,0,05,000,00,2,2,12,B01
200500021591,0,04,000,00,2,2,18,A01
200500021591,0,07,000,00,2,3,15,B01
200500021592,0,07,000,00,2,8,13,A01
200500021592,0,05,000,00,2,1,01,B01
200500021593,0,07,000,00,2,3,15,A01
200500021593,0,05,000,00,2,1,01,B01
200500021594,0,01,000,00,2,8,11,A01
200500021594,0,07,000,00,2,7,01,B01
200500021595,0,07,000,00,2,1,01,A01
200500021595,0,01,000,00,0,4,01,B01
200500021596,0,07,000,08,0,1,01,A01
200500021597,0,07,000,00,1,1,01,A01
200500021598,0,07,000,00,2,8,15,A01
200500021598,0,07,000,00,2,7,17,B01
200500021599,0,07,000,00,2,6,15,A01
200500021599,0,05,000,00,2,1,01,B01
200500021600,0,07,000,00,2,3,15,A01
200500021600,0,07,000,00,2,1,01,B01
200500021601,0,10,000,00,2,1,13,A01
200500021601,0,07,000,00,2,1,16,B01
200500021602,0,10,000,13,0,1,01,A01
200500021603,0,07,000,06,0,1,01,A01
200500021604,0,07,000,00,2,1,01,A01
200500021604,0,07,000,00,2,4,01,B01
200500021605,0,07,000,00,2,1,01,A01
200500021605,0,02,000,00,2,4,01,B01
200500021606,0,07,000,00,1,1,01,A01
200500021607,0,17,000,00,2,1,01,A01
200500021607,0,07,000,00,2,4,01,B01
200500021607,0,07,000,00,2,4,01,C01
200500021608,0,07,000,16,0,0,23,A01
200500021609,0,05,000,00,2,1,17,A01
200500021609,1,99,000,00,0,0,00,B01
200500021610,0,07,000,00,2,1,02,A01
200500021610,0,07,000,00,2,4,02,B01
200500021611,0,07,000,00,2,2,02,A01
200500021611,0,05,000,00,2,1,17,B01
200500021612,0,07,000,01,0,1,02,A01
200500021613,0,07,000,13,0,9,02,A01
200500021614,0,07,000,00,2,1,02,A01
200500021614,0,01,000,00,2,1,19,B01
200500021615,0,02,000,00,2,1,02,A01
200500021615,0,18,000,00,2,3,02,B01
200500021616,0,07,000,00,2,3,10,A01
200500021616,0,05,000,00,2,1,02,B01
200500021617,0,05,000,00,2,3,13,A01
200500021617,0,07,000,00,2,3,02,B01
200500021618,0,07,000,00,2,3,02,B01
200500021618,0,02,000,00,2,8,09,A01
200500021619,0,01,000,00,2,1,01,A01
200500021619,0,02,000,00,2,4,01,B01
200500021620,0,07,000,06,0,1,01,A01
200500021621,0,07,000,06,0,1,14,A01
200500021622,0,02,000,00,0,0,02,A01
200500021622,0,07,000,00,0,9,14,B01
200500021623,0,02,000,00,2,1,01,A01
200500021623,0,07,000,00,2,4,01,B01
200500021624,0,07,000,00,2,3,02,A01
200500021624,0,07,000,00,2,6,02,B01
200500021624,0,02,000,00,2,4,15,C01
200500021625,0,07,000,08,0,0,01,A01
200500021626,0,01,000,00,0,0,01,A01
200500021627,0,07,000,00,2,3,01,A01
200500021627,0,02,000,00,2,1,01,B01
200500021628,0,05,000,00,0,8,01,A01
200500021629,0,07,000,12,0,2,14,A01
200500021630,0,05,000,08,1,8,14,A01
200500021631,0,02,000,00,2,1,17,A01
200500021631,0,07,000,00,2,8,15,B01
200500021632,0,07,000,00,2,3,15,A01
200500021632,0,05,000,00,2,1,01,B01
200500021633,0,07,000,00,1,1,01,A01
200500021634,0,07,000,00,2,1,10,A01
200500021634,0,02,000,00,2,0,15,B01
200500021635,0,07,000,00,2,3,20,A01
200500021635,0,05,000,00,2,1,01,B01
200500021636,0,07,000,00,1,3,01,A01
200500021637,0,07,000,00,2,2,15,A01
200500021637,0,07,000,00,2,1,01,B01
200500021638,0,07,000,00,2,3,20,A01
200500021638,0,07,000,00,2,2,01,B01
200500021639,0,10,000,00,1,2,01,A01
200500021640,0,07,000,00,2,7,17,A01
200500021640,0,07,000,00,2,7,15,B01
200500021641,0,07,000,08,2,1,01,B01
200500021641,0,07,000,00,2,3,19,A01
200500021642,0,07,000,06,0,1,14,A01
200500021643,0,07,000,00,2,3,10,A01
200500021643,0,05,000,00,2,1,01,B01
200500021644,0,07,000,00,2,1,02,A01
200500021644,0,07,000,00,2,4,02,B01
200500021645,0,07,000,00,2,2,16,A01
200500021645,0,02,000,00,2,1,01,B01
200500021646,0,07,000,00,2,1,01,A01
200500021646,0,02,000,00,2,7,01,B01
200500021647,0,10,000,00,2,3,10,A01
200500021647,0,05,000,00,2,1,17,B01
200500021648,0,02,000,02,0,1,13,A01
200500021649,0,10,000,00,1,2,01,A01
200500021650,0,02,000,00,2,1,13,A01
200500021650,0,18,001,00,2,1,01,B01
200500021651,0,02,000,00,2,2,17,A01
200500021651,0,07,000,00,2,3,15,B01
200500021652,1,02,000,00,1,0,01,A01
200500021653,0,05,000,00,0,0,01,A01
200500021654,0,07,000,00,2,1,01,A01
200500021654,0,07,000,00,2,4,01,B01
200500021655,0,02,000,00,2,1,16,A01
200500021655,0,14,000,00,0,3,01,B01
200500021656,0,07,000,00,2,1,01,A01
200500021656,0,07,000,00,2,4,01,B01
200500021657,0,02,000,00,2,1,01,A01
200500021657,0,02,000,00,2,4,01,B01
200500021658,0,07,000,00,2,1,01,A01
200500021658,0,07,000,00,2,1,15,B01
200500021659,0,05,000,00,0,1,01,A01
200500021660,0,07,000,00,2,1,01,A01
200500021660,0,07,000,00,2,4,01,B01
200500021661,0,07,000,09,0,1,01,A01
200500021662,0,07,000,00,2,3,15,A01
200500021662,0,05,000,00,2,1,01,B01
200500021663,0,07,000,00,2,2,15,A01
200500021663,0,07,000,00,2,1,01,B01
200500021664,0,02,000,00,2,1,01,B01
200500021664,0,07,000,00,2,1,01,A01
200500021665,0,07,000,00,2,1,13,A01
200500021665,0,07,000,00,2,1,01,B01
200500021666,0,07,000,00,2,3,15,A01
200500021666,0,02,000,00,2,1,01,B01
200500021667,0,07,000,00,1,1,01,A01
200500021668,0,07,000,03,0,3,01,A01
200500021668,0,07,000,00,1,1,23,C01
200500021668,0,07,000,00,2,1,01,D01
200500021669,0,07,000,00,1,1,01,A01
200500021670,0,07,000,00,2,3,01,A01
200500021670,0,02,000,00,2,1,01,B01
200500021671,0,07,000,03,0,1,01,A01
200500021672,0,07,000,00,2,1,01,A01
200500021672,0,02,000,00,2,4,01,B01
200500021673,0,07,000,00,2,1,01,A01
200500021673,0,07,000,00,0,4,01,B01
200500021674,0,07,000,00,1,1,15,A01
200500021675,0,07,000,00,2,1,01,B01
200500021675,0,07,000,00,2,7,09,A01
200500021676,0,07,000,00,2,1,15,A01
200500021676,0,02,000,00,2,0,01,B01
200500021677,0,14,000,00,2,7,14,A01
200500021677,0,07,000,03,2,1,01,B01
200500021678,0,07,000,07,0,1,01,A01
200500021679,0,07,000,00,1,4,20,A01
200500021680,0,14,000,15,0,1,01,A01
200500021681,0,05,000,00,2,1,21,A01
200500021681,0,07,000,00,2,6,15,B01
200500021682,0,07,000,08,0,1,15,A01
200500021683,0,02,000,00,2,1,17,A01
200500021683,0,07,000,00,2,3,15,B01
200500021684,0,07,000,00,1,1,01,A01
200500021685,0,02,000,00,2,1,15,A01
200500021685,0,07,000,00,2,7,01,B01
200500021686,0,07,000,00,2,1,15,A01
200500021686,0,02,000,00,2,1,01,B01
200500021687,0,05,000,00,2,1,02,B01
200500021687,0,07,000,00,2,7,19,A01
200500021688,0,07,000,00,2,1,01,A01
200500021688,0,07,000,03,2,5,10,B01
200500021689,0,10,000,00,2,2,01,A01
200500021689,0,07,000,00,2,3,01,B01
200500021690,0,02,000,00,2,1,18,A01
200500021690,0,07,000,00,2,2,16,B01
200500021691,0,07,000,00,2,1,01,A01
200500021691,0,07,000,00,2,4,23,B01
200500021692,0,07,000,03,2,4,13,A01
200500021692,0,07,000,00,2,1,01,B01
200500021693,0,07,000,00,2,7,15,A01
200500021693,0,02,000,00,2,1,01,B01
200500021694,0,02,000,00,2,1,01,A01
200500021694,0,07,000,00,2,4,01,B01
200500021695,0,07,000,00,1,1,15,A01
200500021696,0,07,000,00,1,1,09,A01
200500021697,0,02,000,00,2,1,02,A01
200500021697,0,07,000,00,0,6,01,B01
200500021698,0,07,000,00,0,3,13,A01
200500021698,0,18,000,00,0,3,13,B01
200500021699,0,07,000,00,2,1,15,A01
200500021699,0,07,000,00,2,1,01,B01
200500021700,1,07,000,00,1,8,01,A01
200500021701,0,07,000,00,2,2,13,A01
200500021701,0,07,000,00,2,1,00,B01
200500021702,0,04,000,00,0,1,01,A01
200500021703,0,05,000,00,2,7,19,A01
200500021703,0,07,000,00,2,3,01,B01
200500021704,0,07,000,00,1,1,01,A01
200500021705,0,07,000,00,0,2,01,B01
200500021705,0,07,000,00,2,1,01,A01
200500021706,0,07,000,00,9,2,12,A01
200500021706,0,04,000,00,2,6,01,B01
200500021707,0,03,000,00,2,2,05,A01
200500021707,0,03,000,00,2,1,01,B01
200500021708,0,02,000,00,0,8,16,B01
200500021708,0,07,000,00,0,1,15,A01
200500021709,0,07,000,00,1,3,04,A01
200500021710,0,07,000,00,2,3,01,A01
200500021710,0,07,000,00,2,3,01,B01
200500021711,0,07,000,13,2,2,17,A01
200500021711,0,07,000,00,2,7,21,B01
200500021712,0,07,000,00,2,3,21,A01
200500021712,0,07,000,00,2,3,01,B01
200500021713,0,04,000,00,1,1,01,A01
200500021714,0,07,000,00,2,3,15,A01
200500021714,0,01,000,00,2,1,01,B01
200500021715,0,07,000,00,2,7,15,A01
200500021715,0,02,000,00,2,1,01,B01
200500021716,0,07,000,00,2,3,10,A01
200500021716,0,07,000,00,2,1,01,B01
200500021717,0,07,000,00,2,1,02,A01
200500021717,0,07,000,00,2,4,02,B01
200500021717,0,07,000,00,2,4,02,C01
200500021717,0,07,000,00,2,4,02,D01
200500021718,0,07,000,00,1,2,02,A01
200500021719,0,02,000,00,0,4,02,A01
200500021720,0,05,000,00,1,1,21,A01
200500021721,0,02,000,00,2,1,01,A01
200500021721,0,07,000,00,2,3,20,B01
200500021722,0,07,000,03,2,1,01,A01
200500021722,0,07,000,00,2,3,01,B01
200500021723,0,07,000,00,2,1,02,A01
200500021723,0,07,000,00,2,4,02,B01
200500021724,0,07,000,00,2,1,02,A01
200500021724,0,07,000,00,2,4,02,B01
200500021725,0,05,000,00,2,1,01,A01
200500021725,0,07,000,00,2,1,01,B01
200500021726,0,07,000,00,2,3,01,B01
200500021726,0,07,000,00,2,3,01,A01
200500021727,0,02,000,00,2,1,01,A01
200500021727,0,07,000,00,2,3,15,B01
200500021728,0,07,000,00,1,4,04,A01
200500021729,0,07,000,00,2,1,01,A01
200500021729,0,07,000,00,0,4,23,B01
200500021730,0,99,000,00,1,0,01,A01
200500021731,0,07,000,00,1,0,04,A01
200500021732,0,07,000,00,2,1,02,A01
200500021732,0,07,000,00,2,8,13,B01
200500021733,0,07,000,01,0,1,02,A01
200500021733,0,07,000,00,0,4,23,B01
200500021734,0,07,000,00,0,6,02,A01
200500021734,0,02,000,00,2,1,02,B01
200500021735,0,07,000,00,1,1,15,A01
200500021736,0,07,000,00,2,2,15,A01
200500021736,0,01,000,00,2,1,02,B01
200500021737,0,05,000,00,2,8,02,A01
200500021737,0,07,000,00,9,5,02,B01
200500021738,0,07,000,06,0,1,02,A01
200500021739,0,07,000,00,9,1,01,A01
200500021739,0,05,000,00,2,3,15,B01
200500021740,0,05,000,00,0,8,02,A01
200500021740,0,07,000,00,0,0,19,B01
200500021741,1,07,000,00,2,3,16,A01
200500021741,0,04,000,00,2,1,15,B01
200500021742,0,18,000,00,0,3,02,B01
200500021742,0,07,000,00,2,3,16,A01
200500021743,0,04,000,12,0,7,02,B01
200500021744,0,07,000,00,1,2,02,A01
200500021745,0,07,000,00,2,3,13,A01
200500021745,0,07,000,00,2,3,01,B01
200500021746,0,07,000,00,2,9,02,B01
200500021747,0,07,000,00,1,2,01,A01
200500021748,0,05,000,00,2,1,02,A01
200500021748,0,07,000,00,9,6,15,B01
200500021749,0,07,000,01,0,2,01,A01
200500021749,0,07,000,00,2,3,24,B01
200500021750,0,04,000,00,0,0,02,A01
200500021750,0,07,000,00,0,0,15,B01
200500021751,0,01,000,00,1,0,01,A01
200500021752,0,04,000,00,9,1,02,A01
200500021753,0,07,000,00,9,1,15,B01
200500021753,0,01,000,00,2,1,01,A01
200500021754,2,07,000,01,1,5,04,A01
200500021755,0,07,000,02,0,1,02,A01
200500021756,0,07,000,04,0,3,02,A01
200500021757,0,05,000,00,0,2,02,A01
200500021758,0,07,000,02,0,3,02,A01
200500021759,0,07,000,06,2,3,02,A01
200500021759,0,07,000,00,2,3,02,B01
200500021760,0,10,000,00,0,3,11,A01
200500021760,0,05,000,00,0,0,00,B01
200500021761,0,07,000,12,0,2,01,A01
200500021762,0,07,000,00,2,4,01,A01
200500021762,0,07,000,00,0,4,01,B01
200500021763,1,07,000,01,0,1,01,A01
200500021763,0,07,000,00,0,4,01,B01
200500021764,0,07,000,00,2,1,10,A01
200500021764,0,07,000,00,2,3,01,B01
200500021765,0,07,000,00,1,3,01,A01
200500021766,0,05,000,01,0,1,01,A01
200500021766,0,07,000,00,0,4,01,B01
200500021767,0,05,000,00,2,3,13,A01
200500021767,0,07,000,00,2,2,15,B01
200500021767,0,07,000,00,0,1,23,C01
200500021768,0,02,000,00,2,1,17,A01
200500021768,0,07,000,00,2,3,15,B01
200500021769,0,07,000,00,1,3,01,A01
200500021770,0,07,000,00,9,8,15,A01
200500021770,0,18,000,00,2,1,01,B01
200500021771,0,07,000,00,2,1,02,A01
200500021771,0,07,000,00,0,4,23,B01
200500021772,0,07,000,00,2,1,02,A01
200500021772,0,07,000,00,2,1,02,B01
200500021772,0,04,000,00,0,4,24,C01
200500021773,0,02,000,05,0,1,02,A01
200500021774,0,07,000,00,1,2,02,A01
200500021775,0,07,000,00,1,1,20,A01
200500021776,0,07,000,06,0,1,01,A01
200500021777,0,07,000,01,0,2,01,A01
200500021778,0,13,000,00,1,4,04,A01
200500021779,0,07,000,00,2,3,15,B01
200500021779,0,05,000,00,2,1,07,A01
200500021780,0,07,000,00,0,2,01,A01
200500021781,0,07,000,00,0,0,17,A01
200500021781,0,07,000,03,0,2,01,B01
200500021782,0,07,000,00,2,1,07,B01
200500021782,0,02,000,00,2,1,19,A01
200500021783,0,02,000,00,2,1,03,A01
200500021783,0,07,000,00,2,3,15,B01
200500021784,0,07,000,00,2,1,09,A01
200500021784,0,05,000,00,2,1,03,B01
200500021785,0,07,000,00,2,1,01,A01
200500021785,0,07,000,00,2,1,15,B01
200500021786,0,10,000,00,2,1,02,A01
200500021786,0,07,000,00,0,4,09,B01
200500021787,0,04,000,00,1,6,17,A01
200500021788,0,07,000,00,2,2,05,A01