Num_Acc,senc,catv,occutc,obs,obsm,choc,manv,num_veh
200500021788,0,07,000,00,2,3,01,B01
200500021789,0,05,000,00,1,1,01,A01
200500021790,0,07,000,00,0,2,01,A01
200500021790,0,07,000,00,2,8,10,B01
200500021791,0,07,000,00,2,1,09,A01
200500021791,0,05,000,00,2,4,09,B01
200500021792,0,07,000,00,1,2,01,A01
200500021793,0,05,000,00,2,8,01,B01
200500021793,0,07,000,00,2,1,15,A01
200500021794,0,07,000,00,2,1,01,B01
200500021794,0,07,000,07,2,7,19,A01
200500021795,0,07,000,00,2,1,09,A01
200500021795,0,01,000,00,2,4,01,B01
200500021796,0,01,000,00,2,1,05,A01
200500021796,0,07,000,00,2,1,01,B01
200500021797,0,07,000,00,2,3,01,A01
200500021797,0,04,000,00,2,2,01,B01
200500021798,0,07,000,00,1,1,01,A01
200500021799,0,07,000,00,2,7,15,A01
200500021799,0,02,000,00,2,2,17,B01
200500021800,0,07,000,00,2,3,21,A01
200500021800,0,02,000,00,2,8,01,B01
200500021801,0,07,000,00,1,1,01,A01
200500021801,0,07,000,00,1,1,23,B01
200500021802,0,07,000,14,0,1,00,A01
200500021803,0,07,000,00,1,1,14,A01
200500021803,0,01,000,00,2,6,23,B01
200500021804,0,04,000,00,2,1,01,A01
200500021804,0,07,000,00,2,8,15,B01
200500021805,1,07,000,00,2,1,02,A01
200500021805,0,07,000,00,2,4,23,B01
200500021805,0,07,000,00,0,8,23,C01
200500021806,0,07,000,00,2,3,02,A01
200500021806,0,14,000,00,2,6,02,B01
200500021807,0,07,000,00,1,7,02,A01
200500021808,0,07,000,00,2,3,12,A01
200500021808,0,07,000,00,0,6,09,B01
200500021809,0,05,000,00,2,1,02,A01
200500021809,0,07,000,00,2,2,02,B01
200500021810,0,07,000,00,9,2,01,A01
200500021810,0,01,000,00,2,1,15,B01
200500021811,0,14,000,00,2,8,13,A01
200500021811,0,04,000,00,2,7,02,B01
200500021812,0,07,000,00,2,1,01,A01
200500021812,0,07,000,00,2,8,01,B01
200500021813,0,07,000,00,1,1,21,A01
200500021814,0,07,000,00,1,2,21,A01
200500021815,0,05,000,00,1,1,21,A01
200500021816,0,05,000,00,2,3,13,A01
200500021816,0,07,000,00,9,3,09,B01
200500021817,0,07,000,00,1,3,09,A01
200500021818,0,07,000,00,2,3,15,A01
200500021818,0,04,000,00,2,2,21,B01
200500021819,0,04,000,00,2,1,21,B01
200500021819,0,07,000,00,2,5,19,A01
200500021820,0,18,000,00,1,0,21,A01
200500021821,0,05,000,00,1,3,21,A01
200500021822,0,07,000,00,2,4,23,A01
200500021822,0,07,000,00,0,1,21,B01
200500021823,0,07,000,00,2,1,09,A01
200500021823,0,01,000,00,2,0,21,B01
200500021824,0,10,000,00,1,1,21,A01
200500021825,1,07,000,00,0,0,15,A01
200500021825,0,05,000,00,2,0,17,B01
200500021826,0,07,000,00,2,3,09,A01
200500021826,0,04,000,00,2,2,09,B01
200500021827,1,02,000,00,1,0,21,A01
200500021828,0,07,000,00,2,6,11,A01
200500021828,0,14,000,00,2,2,21,B01
200500021829,0,07,000,00,1,1,09,A01
200500021830,0,04,000,01,2,7,18,A01
200500021830,0,14,000,00,2,6,24,B01
200500021830,0,07,000,00,2,7,01,C01
200500021831,0,07,000,00,9,6,14,A01
200500021831,0,01,000,00,2,1,02,B01
200500021832,0,07,000,00,2,1,02,A01
200500021832,0,04,000,00,2,4,02,B01
200500021833,0,07,000,00,0,1,02,A01
200500021833,0,02,000,00,0,4,15,B01
200500021834,0,05,000,00,2,1,17,A01
200500021834,0,07,000,00,2,8,13,B01
200500021835,0,02,000,00,0,0,00,A01
200500021836,0,05,000,00,2,5,02,B01
200500021837,0,07,000,00,0,1,09,A01
200500021838,0,07,000,01,0,1,09,A01
200500021838,0,07,000,00,2,1,02,B01
200500021839,0,07,000,00,1,1,16,A01
200500021840,0,07,000,00,0,0,02,A01
200500021840,0,05,000,00,0,7,18,B01
200500021841,0,07,000,00,2,1,02,A01
200500021841,0,07,000,00,2,0,02,B01
200500021841,0,07,000,00,2,4,02,C01
200500021842,0,05,000,00,1,0,02,A01
200500021843,0,07,000,00,2,1,15,A01
200500021843,0,02,000,00,2,1,02,B01
200500021844,0,07,000,00,1,1,02,A01
200500021845,0,07,000,00,2,1,15,A01
200500021845,0,02,000,00,2,1,02,B01
200500021846,0,05,000,00,1,1,02,A01
200500021847,0,07,000,00,1,1,02,A01
200500021848,0,07,000,00,2,4,02,A01
200500021848,0,07,000,00,9,0,02,B01
200500021849,0,07,000,00,2,6,02,A01
200500021849,0,05,000,00,2,1,02,B01
200500021850,0,05,000,04,9,1,02,A01
200500021851,0,07,000,00,1,1,02,A01
200500021852,0,05,000,00,2,1,02,B01
200500021852,0,07,000,00,2,5,02,A01
200500021853,1,07,000,00,2,8,02,A01
200500021853,0,02,000,00,2,1,02,B01
200500021854,0,02,000,00,2,1,17,A01
200500021854,0,07,000,00,9,1,15,B01
200500021855,0,02,000,00,2,1,02,A01
200500021855,0,07,000,00,9,4,02,B01
200500021856,0,07,000,00,2,8,13,A01
200500021856,0,02,000,00,2,2,02,B01
200500021857,0,09,000,00,2,6,02,A01
200500021857,0,05,000,00,2,7,02,B01
200500021858,0,07,000,00,9,1,02,A01
200500021859,0,07,000,00,2,1,02,A01
200500021859,0,07,000,00,2,6,23,B01
200500021860,0,07,000,00,2,8,10,A01
200500021860,0,05,000,00,2,1,01,B01
200500021861,0,05,000,00,1,1,01,A01
200500021862,1,07,000,00,2,8,13,A01
200500021862,0,04,000,00,2,7,17,B01
200500021862,0,07,000,00,2,1,01,C01
200500021863,0,07,000,00,1,1,16,A01
200500021864,0,02,000,00,2,1,01,A01
200500021864,0,07,000,00,2,4,20,B01
200500021865,0,04,000,00,2,1,01,A01
200500021865,0,13,000,00,2,4,09,B01
200500021866,0,07,000,00,1,2,17,A01
200500021867,0,07,000,00,2,5,15,A01
200500021867,0,04,000,00,2,1,01,B01
200500021868,0,02,000,00,2,1,01,A01
200500021868,0,07,000,00,9,3,15,B01
200500021869,0,07,000,00,1,1,01,A01
200500021870,0,07,000,00,2,1,02,A01
200500021870,0,07,000,00,0,4,02,B01
200500021871,0,07,000,00,2,7,13,A01
200500021871,0,07,000,00,2,1,01,B01
200500021872,0,07,000,00,1,3,01,A01
200500021873,0,07,000,00,2,1,02,A01
200500021873,0,07,000,00,2,4,02,B01
200500021873,0,07,000,00,0,5,02,C01
200500021874,0,04,000,00,2,1,05,A01
200500021874,0,07,000,00,2,1,01,B01
200500021875,0,10,000,00,1,1,01,A01
200500021876,0,07,000,00,9,2,15,A01
200500021876,0,02,000,00,2,2,01,B01
200500021877,0,07,000,00,9,6,01,A01
200500021877,0,05,000,00,2,1,02,B01
200500021878,0,07,000,00,1,1,01,A01
200500021879,0,05,000,00,2,1,01,B01
200500021879,0,07,000,00,9,3,15,A01
200500021880,0,07,000,00,2,1,01,A01
200500021880,0,07,000,00,2,3,15,B01
200500021881,0,05,000,14,0,7,01,A01
200500021882,0,07,000,00,1,1,01,A01
200500021883,0,07,000,00,2,2,15,A01
200500021883,0,07,000,00,2,1,01,B01
200500021884,0,07,000,00,9,4,04,A01
200500021884,0,05,000,00,2,8,01,B01
200500021885,0,04,000,00,2,1,17,A01
200500021885,0,07,000,00,2,3,01,B01
200500021885,0,99,000,00,0,0,01,C01
200500021886,0,07,000,08,0,8,14,A01
200500021887,0,07,000,08,0,3,13,A01
200500021888,0,05,000,00,1,1,01,A01
200500021889,0,07,000,00,2,1,15,A01
200500021889,0,04,000,00,2,8,01,B01
200500021890,0,07,000,00,1,1,01,A01
200500021891,0,07,000,00,2,8,15,A01
200500021891,0,05,000,00,2,3,01,B01
200500021892,0,07,000,00,2,3,15,A01
200500021892,0,05,000,00,2,1,07,B01
200500021893,0,07,000,00,2,1,01,A01
200500021893,0,07,000,00,2,4,23,B01
200500021893,0,07,000,00,0,6,23,C01
200500021894,0,07,000,09,0,1,21,A01
200500021895,0,07,000,00,2,5,16,A01
200500021895,0,18,000,00,2,3,01,B01
200500021896,0,07,000,00,1,2,01,A01
200500021897,0,10,000,00,2,1,01,A01
200500021897,0,07,000,00,0,4,23,B01
200500021898,0,07,000,00,2,2,15,A01
200500021898,0,07,000,00,2,1,01,B01
200500021899,0,10,000,15,0,3,01,A01
200500021900,0,07,000,08,0,1,00,A01
200500021901,0,04,000,00,2,1,02,A01
200500021901,0,07,000,00,2,3,15,B01
200500021902,0,05,000,00,0,0,02,A01
200500021903,0,05,000,00,2,3,02,A01
200500021903,0,07,000,00,2,1,15,B01
200500021904,0,07,000,00,9,3,02,B01
200500021904,0,01,000,00,2,2,02,A01
200500021905,0,07,000,00,9,3,01,A01
200500021905,0,04,000,00,2,1,02,B01
200500021906,0,07,000,00,2,2,02,A01
200500021906,0,02,000,00,2,4,02,B01
200500021907,0,07,000,00,2,1,13,A01
200500021907,0,07,000,00,2,1,01,B01
200500021908,0,07,000,00,2,8,01,B01
200500021908,0,04,000,00,2,1,01,A01
200500021909,0,07,000,00,1,1,15,A01
200500021910,0,07,000,00,1,5,04,A01
200500021911,0,01,000,00,2,1,02,A01
200500021911,0,07,000,00,0,4,02,B01
200500021912,0,07,000,00,2,1,02,A01
200500021912,0,07,000,00,2,1,02,B01
200500021913,0,05,000,00,2,1,05,B01
200500021914,0,07,000,00,0,0,13,A01
200500021914,0,05,000,00,0,0,21,B01
200500021915,0,01,000,00,2,8,15,A01
200500021915,0,07,000,00,9,2,02,B01
200500021916,0,07,000,00,2,7,02,A01
200500021916,0,10,000,00,2,8,02,B01
200500021917,0,07,000,00,1,1,02,A01
200500021918,0,07,000,00,2,1,02,A01
200500021918,0,07,000,00,2,3,02,B01
200500021919,0,04,000,01,0,1,02,A01
200500021920,0,14,000,00,2,0,15,A01
200500021920,0,05,000,00,2,8,02,B01
200500021921,0,07,000,00,2,2,10,A01
200500021921,0,04,000,00,2,8,02,B01
200500021922,0,07,000,00,1,4,04,A01
200500021923,0,07,000,15,0,1,21,A01
200500021924,0,02,000,00,2,1,02,B01
200500021924,0,07,000,00,2,3,16,A01
200500021925,0,07,000,00,2,7,10,A01
200500021925,0,05,000,00,2,8,02,B01
200500021926,1,02,000,00,1,1,00,A01
200500021927,0,02,000,00,0,8,01,A01
200500021928,0,02,000,00,1,1,16,A01
200500021929,0,05,000,00,2,6,01,A01
200500021929,0,07,000,00,2,1,09,B01
200500021930,0,05,000,00,2,1,01,A01
200500021930,0,07,000,00,2,2,01,B01
200500021931,0,07,000,00,0,0,20,A01
200500021931,0,05,000,00,0,7,01,B01
200500021932,0,07,000,00,2,3,15,A01
200500021932,0,02,000,00,2,5,01,B01
200500021933,0,07,000,00,1,4,20,A01
200500021934,1,04,000,00,0,0,00,A01
200500021935,0,07,000,00,1,1,01,A01
200500021936,0,07,000,00,2,4,10,A01
200500021936,0,02,000,00,2,1,01,B01
200500021937,0,05,000,00,1,1,01,A01
200500021938,0,07,000,00,9,7,15,A01
200500021938,0,01,000,00,2,1,01,B01
200500021939,0,02,000,01,0,1,01,A01
200500021940,0,04,000,00,0,0,01,A01
200500021940,0,07,000,00,0,0,13,B01
200500021941,0,07,000,00,2,1,02,A01
200500021941,0,07,000,00,2,4,23,B01
200500021941,0,07,000,00,2,4,23,C01
200500021942,0,07,000,00,1,1,01,A01
200500021943,0,04,000,00,2,1,01,A01
200500021943,0,07,000,00,2,4,23,B01
200500021944,0,07,000,00,2,8,15,A01
200500021944,0,02,000,00,2,1,01,B01
200500021945,0,18,050,00,2,1,13,A01
200500021945,0,10,000,00,2,4,17,B01
200500021946,0,07,000,00,2,1,01,B01
200500021946,0,10,000,00,2,2,01,A01
200500021947,0,07,000,00,2,6,10,A01
200500021947,0,05,000,00,2,1,01,B01
200500021948,0,10,000,00,2,1,01,A01
200500021948,0,10,000,00,2,4,01,B01
200500021948,0,10,000,00,2,4,01,C01
200500021948,0,07,000,00,2,4,01,D01
200500021948,0,07,000,00,2,4,01,E01
200500021949,0,05,000,00,1,1,01,A01
200500021950,0,07,000,03,0,4,04,A01
200500021951,0,07,000,00,1,2,01,A01
200500021952,0,05,000,00,2,1,00,A01
200500021952,0,07,000,00,2,3,15,B01
200500021953,0,02,000,00,2,3,00,A01
200500021953,0,07,000,00,2,3,00,B01
200500021954,0,02,000,00,2,3,00,A01
200500021954,0,07,000,00,2,3,00,B01
200500021955,0,07,000,00,2,1,00,A01
200500021955,0,07,000,00,2,5,00,B01
200500021956,0,07,000,00,2,6,00,B01
200500021956,0,07,000,00,2,2,00,A01
200500021957,0,01,000,00,2,1,19,A01
200500021957,0,07,000,00,9,1,01,B01
200500021958,0,07,000,00,2,4,01,A01
200500021958,0,05,000,00,2,3,01,B01
200500021959,0,07,000,00,2,3,13,A01
200500021959,0,05,000,00,2,1,01,B01
200500021960,0,05,000,00,2,8,15,A01
200500021960,0,07,000,00,2,8,15,B01
200500021961,0,05,000,01,2,1,01,B01
200500021961,0,07,000,00,2,3,01,A01
200500021962,0,04,000,00,2,1,01,B01
200500021962,0,07,000,00,2,8,15,A01
200500021963,0,07,000,00,1,1,01,A01
200500021964,0,07,000,15,0,1,01,A01
200500021965,0,07,000,00,2,4,20,A01
200500021965,0,02,000,00,2,1,01,B01
200500021966,0,07,000,00,2,1,16,A01
200500021966,0,07,000,00,2,2,01,B01
200500021967,0,07,000,00,2,1,01,A01
200500021967,0,07,000,00,2,2,01,B01
200500021968,0,07,000,00,2,2,15,A01
200500021968,0,04,000,00,2,1,01,B01
200500021969,0,05,000,00,2,1,11,A01
200500021969,0,05,000,00,2,5,01,B01
200500021970,0,07,000,00,2,2,15,A01
200500021970,0,02,000,00,2,1,01,B01
200500021971,0,04,000,00,1,1,15,A01
200500021972,0,07,000,00,2,6,01,A01
200500021972,0,05,000,00,2,1,01,B01
200500021973,0,99,000,00,1,7,09,A01
200500021974,0,02,000,00,2,1,01,A01
200500021974,0,07,000,00,2,1,23,B01
200500021975,0,10,000,00,2,1,01,A01
200500021975,0,07,000,00,2,4,23,B01
200500021976,0,07,000,00,9,8,24,A01
200500021976,0,04,000,01,2,2,18,B01
200500021976,0,07,000,00,9,5,01,C01
200500021977,0,04,000,00,2,1,01,A01
200500021977,0,07,000,00,2,3,15,B01
200500021978,0,07,000,00,2,1,15,A01
200500021978,0,05,000,01,2,3,01,B01
200500021979,0,01,000,00,0,0,00,A01
200500021980,0,07,000,00,2,5,12,A01
200500021980,0,05,000,00,2,8,01,B01
200500021981,0,07,000,00,0,1,01,A01
200500021981,0,07,000,00,2,4,23,B01
200500021982,0,07,000,00,1,2,01,A01
200500021983,0,07,000,00,2,3,16,A01
200500021983,0,02,000,00,2,1,01,B01
200500021984,0,04,000,00,2,1,00,B01
200500021984,0,07,000,00,2,6,01,A01
200500021985,0,07,000,00,1,2,17,A01
200500021986,0,10,000,00,2,1,01,A01
200500021986,0,05,000,00,0,4,23,B01
200500021987,0,07,000,00,2,4,01,A01
200500021987,0,07,000,00,2,1,01,B01
200500021988,1,99,000,00,1,0,00,A01
200500021989,0,07,000,00,2,1,17,A01
200500021989,0,07,000,00,0,6,15,B01
200500021990,0,07,000,00,1,4,00,A01
200500021991,0,07,000,00,2,1,23,A01
200500021991,0,07,000,00,0,0,00,B01
200500021992,0,07,000,00,2,1,00,A01
200500021992,0,07,000,00,2,4,23,B01
200500021993,0,07,000,15,0,1,21,A01
200500021994,0,07,000,00,0,2,15,A01
200500021994,0,07,000,00,0,3,23,B01
200500021994,0,07,000,00,0,3,19,C01
200500021995,2,07,000,00,1,0,00,A01
200500021996,0,07,000,00,2,1,02,A01
200500021996,0,07,000,00,2,1,02,B01
200500021996,0,07,000,00,2,1,02,C01
200500021996,0,07,000,00,2,1,02,D01
200500021996,0,07,000,00,0,4,02,E01
200500021997,1,04,000,00,1,0,01,A01
200500021998,0,01,000,00,2,0,00,A01
200500021998,0,07,000,00,2,0,00,B01
200500021999,0,04,000,00,1,1,01,A01
200500022000,0,18,001,01,0,1,14,A01
200500022000,0,10,000,01,0,6,24,B01
200500022001,0,02,000,00,2,0,00,A01
200500022001,0,07,000,00,2,0,00,B01
200500022002,0,07,000,00,2,1,02,B01
200500022002,0,07,000,00,2,7,02,A01
200500022003,1,04,000,00,1,1,06,A01
200500022004,0,05,000,00,2,1,02,A01
200500022004,0,07,000,00,0,8,11,B01
200500022005,0,07,000,16,1,2,16,A01
200500022006,0,07,000,00,1,7,02,A01
200500022007,0,07,000,08,2,7,19,B01
200500022007,0,07,000,00,2,1,19,A01
200500022008,0,07,000,00,1,2,02,A01
200500022009,0,05,000,00,2,1,02,A01
200500022009,0,07,000,00,0,4,23,B01
200500022010,0,04,000,00,1,1,02,A01
200500022011,0,07,000,00,2,2,19,A01
200500022011,0,07,000,00,2,3,00,B01
200500022012,0,07,000,00,2,7,01,A01
200500022012,0,05,000,00,2,8,01,B01
200500022013,0,18,000,00,2,3,01,B01
200500022013,0,07,000,00,2,2,16,A01
200500022014,1,04,000,00,0,0,00,A01
200500022015,0,02,000,00,2,1,02,A01
200500022015,0,01,000,00,0,8,19,B01
200500022016,0,07,000,00,1,1,02,A01
200500022017,0,07,000,00,1,3,02,A01
200500022018,0,05,000,00,2,1,02,A01
200500022018,0,07,000,00,2,6,15,B01
200500022019,0,07,000,00,0,1,05,A01
200500022019,0,10,000,00,2,1,02,B01
200500022020,0,07,000,00,2,3,17,A01
200500022020,0,07,000,00,2,1,16,B01
200500022021,0,02,000,00,0,1,21,A01
200500022022,0,07,000,00,2,1,21,A01
200500022022,0,07,000,00,2,4,21,B01
200500022023,0,07,000,00,2,1,19,A01
200500022023,0,07,000,00,2,1,01,B01
200500022024,0,07,000,01,0,1,11,A01
200500022024,0,07,000,00,0,6,23,B01
200500022025,0,07,000,00,1,1,20,A01
200500022026,0,07,000,00,1,2,02,A01
200500022027,0,07,000,00,1,2,07,A01
200500022028,0,07,000,00,1,1,02,A01
200500022029,0,07,000,00,2,8,18,A01
200500022030,0,07,000,01,0,1,06,A01
200500022031,0,07,000,00,1,2,02,A01
200500022032,0,07,000,00,0,1,07,A01
200500022033,0,05,000,00,2,1,17,A01
200500022033,0,07,000,00,0,8,15,B01
200500022034,1,99,000,00,0,0,00,A01
200500022035,0,02,000,00,0,2,12,A01
200500022035,0,07,000,00,2,3,00,B01
200500022036,0,18,000,00,2,8,15,A01
200500022036,0,07,000,00,2,3,00,B01
200500022037,0,07,000,00,2,3,02,A01
200500022037,0,05,000,00,2,1,02,B01
200500022038,0,02,000,00,0,3,13,A01
200500022039,0,04,000,00,2,1,19,B01
200500022039,0,07,000,00,9,3,15,A01
200500022040,0,07,000,00,1,2,02,A01
200500022041,0,05,000,00,0,1,21,A01
200500022042,0,02,000,14,0,1,02,A01
200500022043,0,15,000,00,1,5,02,A01
200500022044,0,07,000,01,0,1,15,A01
200500022044,0,99,000,00,0,3,01,B01
200500022045,0,07,000,00,2,1,23,A01
200500022045,0,07,000,00,0,4,23,B01
200500022046,0,07,000,00,1,1,02,A01
200500022047,0,07,000,00,1,7,21,A01
200500022048,0,07,000,00,1,0,19,A01
200500022049,0,02,000,00,2,2,01,A01
200500022049,0,07,000,00,2,6,15,B01
200500022050,0,07,000,00,2,1,13,A01
200500022050,0,07,000,00,2,1,13,B01
200500022051,1,02,000,00,1,0,00,A01
200500022052,0,07,000,00,1,2,11,A01
200500022053,0,13,000,14,0,1,01,A01
200500022054,0,07,000,00,2,1,01,A01
200500022054,0,07,000,00,2,4,01,B01
200500022054,0,07,000,00,2,4,01,C01
200500022055,0,07,000,00,9,3,01,A01
200500022055,0,01,000,00,2,4,01,B01
200500022056,0,07,000,00,2,8,00,A01
200500022056,0,05,000,00,2,1,02,B01
200500022057,0,02,000,09,0,2,01,A01
200500022058,0,07,000,00,1,1,01,A01
200500022059,0,04,000,00,2,2,13,A01
200500022059,0,07,000,00,2,3,21,B01
200500022060,0,07,000,01,0,3,13,A01
200500022060,0,07,000,00,2,4,24,B01
200500022061,0,07,000,00,1,0,01,A01
200500022062,0,01,000,00,2,1,02,A01
200500022062,0,07,000,00,2,4,23,B01
200500022063,2,04,000,00,0,0,00,A01
200500022064,0,02,000,00,2,1,02,B01
200500022064,0,07,000,00,2,2,15,A01
200500022065,0,07,000,00,1,2,02,A01
200500022066,0,07,000,00,1,2,02,A01
200500022067,0,07,000,00,9,5,02,A01
200500022068,0,07,000,00,1,7,01,A01
200500022069,0,07,000,00,1,3,01,A01
200500022070,0,07,000,00,2,3,01,A01
200500022070,0,02,000,00,2,1,02,B01
200500022071,0,07,000,01,2,1,01,A01
200500022071,0,07,000,00,2,6,04,B01
200500022072,0,07,000,00,1,3,01,A01
200500022073,0,05,000,00,2,1,13,A01
200500022073,0,07,000,00,0,6,15,B01
200500022074,0,07,000,00,1,3,05,A01
200500022075,0,04,000,00,2,1,02,A01
200500022075,0,07,000,00,0,8,13,B01
200500022076,0,05,000,00,2,7,21,A01
200500022076,0,03,000,00,2,4,02,B01
200500022077,0,18,004,00,2,1,02,A01
200500022077,0,07,000,00,1,4,16,B01
200500022078,0,02,000,00,2,7,01,B01
200500022078,1,07,000,00,2,3,15,A01
200500022079,0,02,000,00,0,1,05,A01
200500022079,0,07,000,00,0,3,05,B01
200500022080,0,07,000,00,1,1,02,A01
200500022081,0,07,000,00,9,3,19,B01
200500022081,0,02,000,00,2,1,19,A01
200500022082,0,07,000,01,0,1,06,A01
200500022083,0,18,001,00,0,8,23,A01
200500022083,0,05,000,01,1,7,21,B01
200500022084,0,02,000,00,0,0,21,A01
200500022084,0,07,000,00,0,2,09,B01
200500022084,0,07,000,00,0,0,09,C01
200500022085,0,10,000,00,2,3,15,A01
200500022085,0,07,000,00,2,2,15,B01
200500022086,0,07,000,00,1,1,01,A01
200500022087,0,10,000,00,1,3,11,A01
200500022088,0,02,000,00,2,1,16,B01
200500022088,0,07,000,00,2,2,15,A01
200500022089,0,07,000,00,2,4,02,A01
200500022089,0,02,000,00,2,1,02,B01
200500022090,0,07,000,00,1,1,02,A01
200500022091,0,13,000,00,2,3,01,B01
200500022091,0,13,000,00,2,6,15,A01
200500022092,0,02,000,00,2,2,17,A01
200500022092,0,07,000,00,2,3,15,B01
200500022093,0,04,000,00,1,3,00,A01
200500022094,0,07,000,00,0,8,09,A01
200500022094,0,04,000,00,2,1,01,B01
200500022095,0,07,000,00,2,7,00,B01
200500022095,2,07,000,00,2,7,19,A01
200500022096,0,07,000,00,1,3,00,A01
200500022097,0,18,001,00,2,4,02,A01
200500022097,0,07,000,00,2,1,02,B01
200500022097,0,07,000,00,2,1,02,C01
200500022098,0,07,000,00,2,3,01,B01
200500022098,0,10,000,00,2,8,01,A01
200500022099,0,07,000,00,1,7,01,A01
200500022100,0,07,000,00,2,2,02,A01
200500022100,0,07,000,00,2,8,16,B01
200500022101,0,07,000,00,2,2,16,A01
200500022101,0,05,000,00,2,8,18,B01
200500022102,0,07,000,00,2,1,01,B01
200500022102,0,07,000,00,2,8,19,A01
200500022103,0,10,000,01,0,1,13,A01
200500022104,0,07,000,00,2,1,01,A01
200500022104,0,07,000,00,2,0,02,B01
200500022104,0,07,000,00,2,3,01,C01
200500022105,0,07,000,00,2,4,02,A01
200500022105,0,07,000,00,2,4,02,B01
200500022105,0,07,000,00,2,1,02,C01
200500022106,0,07,000,00,2,1,02,A01
200500022106,0,07,000,00,2,4,02,B01
200500022107,0,07,000,00,2,1,02,B01
200500022107,0,07,000,00,2,1,02,A01
200500022108,0,02,000,00,2,1,01,A01
200500022108,0,07,000,00,0,4,23,B01
200500022109,0,07,000,00,0,6,23,A01
200500022109,0,07,000,00,2,0,02,B01
200500022110,0,05,000,00,2,1,02,A01
200500022110,0,07,000,00,2,4,23,B01
200500022111,0,02,000,00,2,1,13,A01
200500022111,0,07,000,00,2,3,01,B01
200500022112,0,07,000,00,2,1,21,B01
200500022112,0,07,000,00,0,2,13,A01
200500022113,1,07,000,00,2,3,11,A01
200500022113,0,05,000,00,2,5,19,B01
200500022114,0,07,000,00,1,0,01,A01
200500022115,0,18,000,00,1,3,19,A01
200500022116,0,07,000,14,0,3,21,A01
200500022117,0,07,000,00,2,3,01,A01
200500022117,0,07,000,06,2,3,01,B01
200500022118,0,05,000,00,0,8,01,A01
200500022119,0,07,000,00,0,8,21,A01
200500022120,0,07,000,00,2,3,19,A01
200500022120,0,04,000,00,2,1,19,B01
200500022121,0,05,000,00,2,1,19,A01
200500022121,0,07,000,00,2,2,20,B01
200500022122,0,07,000,00,0,1,02,A01
200500022122,0,07,000,00,0,4,02,B01
200500022123,0,07,000,00,9,3,15,A01
200500022123,0,18,028,00,2,2,19,B01
200500022124,0,07,000,00,2,1,02,A01
200500022124,0,07,000,00,0,4,02,B01
200500022124,0,07,000,00,0,9,02,C01
200500022125,0,05,000,00,2,7,19,A01
200500022125,0,07,000,00,2,2,02,B01
200500022126,0,07,000,00,1,5,19,A01
200500022127,0,07,000,00,2,1,19,A01
200500022127,0,07,000,00,2,8,19,B01
200500022128,0,07,000,02,0,1,00,A01
200500022129,0,04,000,00,1,7,17,A01
200500022130,0,02,000,00,1,1,01,A01
200500022131,0,07,000,00,2,8,22,A01
200500022131,0,07,000,00,0,0,21,B01
200500022131,0,99,000,00,0,0,00,C01
200500022132,0,07,000,00,9,1,01,A01
200500022133,0,04,000,00,0,1,00,A01
200500022133,0,07,000,00,0,3,00,B01
200500022134,0,05,000,00,2,3,18,A01
200500022134,0,07,000,00,2,5,15,B01
200500022135,0,07,000,00,1,2,01,A01
200500022136,0,07,000,00,2,1,15,A01
200500022136,0,07,000,00,2,1,21,B01
200500022137,0,07,000,00,1,1,09,A01
200500022138,0,02,000,00,2,1,01,B01
200500022138,0,07,000,00,2,0,15,A01
200500022139,0,07,000,00,2,1,01,A01
200500022139,0,07,000,00,2,3,01,B01
200500022140,0,07,000,00,2,1,10,A01
200500022140,0,05,000,00,2,1,01,B01
200500022141,0,07,000,06,0,1,19,A01
200500022141,1,99,000,00,0,3,24,B01
200500022142,0,07,000,00,0,1,21,A01
200500022142,0,07,000,00,2,4,21,B01
200500022143,0,02,000,00,0,0,00,A01
200500022144,0,07,000,00,2,3,00,B01
200500022144,0,04,000,00,2,7,19,A01
200500022145,0,16,000,00,0,0,00,A01
200500022146,0,07,000,00,2,1,02,A01
200500022146,0,07,000,00,2,8,16,B01
200500022147,0,02,000,00,0,0,00,A01
200500022147,0,07,000,00,0,0,00,B01
200500022148,0,05,000,00,2,3,02,A01
200500022148,0,07,000,00,2,6,15,B01
200500022149,0,07,000,00,2,3,19,A01
200500022149,0,99,000,00,0,0,00,B01
200500022150,0,07,000,00,2,1,19,B01
200500022150,0,07,000,00,2,3,19,A01
200500022151,0,07,000,00,1,2,02,A01
200500022152,0,99,000,00,2,8,09,A01
200500022152,0,07,000,00,0,0,00,B01
200500022153,0,07,000,00,0,0,00,A01
200500022153,0,07,000,00,0,0,00,B01
200500022154,0,07,000,00,0,9,13,A01
200500022155,0,02,000,00,1,1,02,A01
200500022156,0,01,000,00,2,1,02,A01
200500022156,0,07,000,00,0,4,02,B01
200500022157,0,02,000,00,2,3,19,B01
200500022157,0,07,000,00,2,2,01,A01
200500022158,1,07,000,00,2,1,15,A01
200500022158,0,07,000,00,2,4,01,B01
200500022158,0,07,000,00,2,3,01,C01
200500022159,0,07,000,00,2,1,01,A01
200500022159,0,01,000,00,2,7,19,B01
200500022160,0,07,000,00,2,1,02,A01
200500022160,0,07,000,00,2,5,02,B01
200500022160,0,07,000,00,2,4,02,C01
200500022161,0,07,000,00,0,5,00,A01
200500022161,0,07,000,00,2,1,00,B01
200500022162,0,02,000,00,0,0,00,A01
200500022163,0,05,000,00,2,1,02,A01
200500022163,0,05,000,00,0,4,02,B01
200500022164,0,07,000,00,2,1,21,B01