Num_Acc,senc,catv,occutc,obs,obsm,choc,manv,num_veh
200500022854,0,07,000,13,0,1,01,A01
200500022855,0,05,000,00,2,1,17,A01
200500022855,0,07,000,00,2,3,01,B02
200500022856,0,07,000,08,0,1,19,A01
200500022857,0,07,000,00,0,0,00,B02
200500022857,0,02,000,01,2,1,13,C03
200500022858,0,07,000,00,2,3,10,A01
200500022858,0,02,000,00,2,7,17,B02
200500022859,0,07,000,00,1,2,01,A01
200500022860,0,07,000,00,4,3,19,A01
200500022860,0,19,000,00,2,2,01,B02
200500022861,0,07,000,00,2,7,13,A01
200500022861,0,07,000,00,2,1,01,B02
200500022862,0,07,000,00,2,0,01,A01
200500022862,0,02,000,00,2,3,01,B02
200500022863,0,07,000,00,2,2,15,A01
200500022863,0,02,000,00,0,1,01,B02
200500022864,0,07,000,02,0,9,00,A01
200500022865,0,07,000,02,0,1,00,A01
200500022866,0,07,000,06,0,1,00,A01
200500022867,0,07,000,02,0,5,01,A01
200500022868,0,07,000,00,2,2,15,A01
200500022868,0,07,000,00,2,2,01,B02
200500022869,0,02,000,00,1,1,01,A01
200500022870,0,07,000,00,2,2,17,A01
200500022870,0,14,000,00,2,3,01,B02
200500022870,0,07,000,00,2,4,01,C03
200500022870,0,07,000,00,2,1,02,D04
200500022871,0,07,000,00,2,1,01,A01
200500022871,0,05,000,00,2,1,01,B02
200500022872,0,07,000,00,2,3,21,A01
200500022872,0,07,000,00,2,5,15,B02
200500022872,0,05,000,00,2,1,01,C03
200500022872,0,05,000,00,2,1,01,D04
200500022873,0,07,000,00,2,3,15,A01
200500022873,0,05,000,00,2,7,17,B02
200500022874,0,07,000,00,2,3,05,A01
200500022874,0,07,000,00,2,3,01,B02
200500022875,0,05,000,00,2,3,13,A01
200500022875,0,18,017,00,2,3,01,B02
200500022876,0,02,000,00,2,1,13,A01
200500022876,0,07,000,00,2,3,01,B02
200500022877,0,07,000,00,2,3,05,A01
200500022877,0,07,000,00,2,6,05,B02
200500022878,1,07,000,00,2,1,16,A01
200500022878,0,07,000,00,0,3,01,B02
200500022879,0,07,000,00,2,1,01,A01
200500022879,0,07,000,00,0,4,00,B02
200500022880,0,05,000,00,2,1,17,A01
200500022880,0,07,000,00,2,8,10,B02
200500022881,0,07,000,12,0,3,01,A01
200500022882,0,07,000,00,2,3,01,A01
200500022882,0,07,000,00,2,3,00,B02
200500022882,0,07,000,14,0,1,01,C03
200500022882,0,07,000,14,0,1,00,D04
200500022883,0,07,000,02,0,1,14,A01
200500022884,0,02,000,00,2,1,01,A01
200500022884,0,07,000,00,2,3,01,B02
200500022885,0,07,000,00,2,8,01,B02
200500022885,0,07,000,00,2,2,19,A01
200500022886,0,02,000,01,0,1,02,A01
200500022886,0,17,000,01,0,0,24,B02
200500022887,0,02,000,00,2,1,01,A01
200500022887,0,07,000,00,2,4,15,B02
200500022888,0,07,000,13,0,1,01,A01
200500022889,0,05,000,00,2,1,01,A01
200500022889,0,07,000,00,2,2,19,B02
200500022890,0,05,000,00,0,2,01,A01
200500022891,0,07,000,00,2,7,15,A01
200500022891,0,05,000,00,2,1,01,B02
200500022892,0,07,000,02,0,7,01,A01
200500022893,0,15,000,00,2,1,01,A01
200500022893,0,07,000,00,2,1,13,B02
200500022894,0,07,000,02,0,2,01,A01
200500022895,0,07,000,00,1,0,01,A01
200500022895,0,07,000,00,0,5,00,B02
200500022896,0,07,000,00,2,1,01,A01
200500022896,0,07,000,00,2,8,01,B02
200500022897,0,07,000,01,0,2,02,A01
200500022898,0,07,000,00,2,3,19,A01
200500022898,0,05,000,00,2,1,01,B02
200500022899,0,07,000,00,2,8,10,A01
200500022899,0,17,000,00,2,1,01,B02
200500022900,0,07,000,13,0,3,01,A01
200500022901,0,07,000,13,0,1,01,A01
200500022902,0,07,000,00,1,7,01,A01
200500022903,0,05,000,16,0,1,01,A01
200500022904,0,07,000,08,0,1,01,A01
200500022905,0,07,000,00,2,1,09,A01
200500022905,0,02,000,00,2,1,01,B02
200500022906,0,07,000,02,0,1,14,A01
200500022907,0,07,000,00,1,3,13,A01
200500022908,0,07,000,16,6,9,01,A01
200500022909,0,02,000,00,2,1,19,A01
200500022909,0,07,000,00,2,2,01,B02
200500022910,0,07,000,00,6,9,01,A01
200500022911,0,07,000,00,1,1,00,A01
200500022912,0,07,000,13,0,1,01,A01
200500022913,0,07,000,00,2,8,10,A01
200500022913,0,07,000,00,2,1,01,B02
200500022914,0,07,000,00,1,8,02,A01
200500022915,0,07,000,13,0,9,01,A01
200500022916,0,07,000,00,2,1,01,A01
200500022916,0,07,000,00,2,7,19,B02
200500022917,0,14,000,00,2,8,01,B02
200500022917,0,07,000,00,2,1,01,A01
200500022918,0,07,000,00,2,2,15,A01
200500022918,0,05,000,00,2,1,01,B02
200500022919,0,07,000,13,0,1,00,A01
200500022920,0,07,000,13,0,9,21,A01
200500022921,0,07,000,00,2,1,01,B02
200500022921,0,07,000,00,2,2,19,A01
200500022922,0,21,000,00,2,3,15,A01
200500022922,0,02,000,00,2,8,01,B02
200500022923,0,07,000,13,0,9,01,A01
200500022924,0,07,000,13,0,1,01,A01
200500022925,0,05,000,00,0,3,01,A01
200500022926,0,05,000,08,0,1,01,A01
200500022927,0,07,000,00,0,0,01,A01
200500022928,0,07,000,06,0,1,00,A01
200500022929,0,07,000,00,2,3,01,A01
200500022929,0,07,000,00,2,1,01,B02
200500022930,0,05,000,10,0,1,01,A01
200500022931,0,07,000,00,2,1,01,A01
200500022931,0,07,000,00,2,3,19,B02
200500022932,0,07,000,00,2,3,13,A01
200500022932,0,17,000,00,2,3,01,B02
200500022933,0,07,000,00,0,4,15,A01
200500022933,0,07,000,00,2,1,01,B02
200500022934,0,07,000,08,0,1,00,A01
200500022935,0,02,000,00,2,1,00,A01
200500022935,0,07,000,00,0,3,00,B02
200500022936,0,02,000,06,0,1,02,A01
200500022937,0,05,000,00,2,1,17,A01
200500022937,0,07,000,00,2,3,15,B02
200500022938,0,17,000,00,2,3,13,A01
200500022938,0,17,000,00,2,3,01,B02
200500022939,0,07,000,00,2,8,01,A01
200500022939,0,05,000,00,2,2,17,B02
200500022940,0,07,000,00,0,3,00,A01
200500022941,0,15,000,00,2,2,01,A01
200500022941,0,07,000,00,2,1,01,B02
200500022942,0,05,000,13,0,1,01,A01
200500022943,0,07,000,00,0,4,15,A01
200500022943,0,05,000,00,2,1,02,B02
200500022944,0,07,000,00,0,9,17,A01
200500022945,0,05,000,00,2,1,17,A01
200500022945,0,07,000,00,2,3,15,B02
200500022946,0,07,000,00,1,2,01,A01
200500022947,0,05,000,00,2,1,13,A01
200500022947,0,05,000,00,2,1,01,B02
200500022948,0,07,000,00,2,3,15,A01
200500022948,0,07,000,08,2,1,01,B02
200500022949,0,07,000,00,2,1,05,A01
200500022949,0,15,000,00,2,5,01,B02
200500022950,0,07,000,00,2,1,01,A01
200500022950,0,21,000,00,0,4,01,B02
200500022950,0,07,000,00,2,1,01,C03
200500022951,0,07,000,00,0,5,23,A01
200500022951,0,07,000,01,0,3,02,B02
200500022952,0,05,000,02,0,1,01,A01
200500022953,0,07,000,00,2,1,02,A01
200500022953,0,07,000,13,0,4,15,B02
200500022954,0,05,000,00,2,1,16,A01
200500022954,0,07,000,00,0,3,01,B02
200500022955,0,07,000,00,2,5,17,A01
200500022955,0,07,000,00,2,3,13,B02
200500022956,0,07,000,00,2,1,01,A01
200500022956,0,02,000,00,2,7,01,B02
200500022957,0,03,000,00,2,1,15,A01
200500022957,0,05,000,00,2,7,01,B02
200500022958,0,07,000,00,0,0,13,A01
200500022959,0,07,000,00,2,1,17,A01
200500022959,0,07,000,00,2,1,01,B02
200500022960,0,21,000,00,0,6,01,A01
200500022960,0,02,000,00,2,1,13,B02
200500022961,0,07,000,13,0,1,01,A01
200500022962,0,07,000,00,2,3,01,B02
200500022962,0,04,000,00,2,1,01,A01
200500022963,0,21,000,00,2,1,01,A01
200500022963,0,02,000,00,2,1,13,B02
200500022964,0,07,000,16,0,1,01,A01
200500022965,0,07,000,13,0,7,01,A01
200500022966,0,07,000,00,2,3,17,A01
200500022966,0,05,000,00,2,3,01,B02
200500022967,0,07,000,00,0,0,01,A01
200500022968,0,07,000,00,2,2,01,B02
200500022968,0,02,000,00,2,1,19,A01
200500022969,0,07,000,00,2,3,01,A01
200500022969,0,10,000,00,2,3,01,B02
200500022970,0,10,000,13,0,1,01,A01
200500022971,0,04,000,00,2,8,19,B02
200500022971,0,07,000,00,2,1,01,A01
200500022972,0,02,000,00,2,1,01,B02
200500022972,0,07,000,00,2,3,01,C03
200500022972,0,07,000,00,2,3,16,A01
200500022973,0,07,000,00,0,5,01,A01
200500022973,0,02,000,00,2,1,01,B02
200500022974,0,99,000,00,0,1,19,A01
200500022974,0,07,000,00,0,2,21,B02
200500022975,0,07,000,00,2,2,15,A01
200500022975,0,02,000,00,2,1,01,B02
200500022976,0,07,000,00,2,2,17,A01
200500022976,0,07,000,00,2,2,01,B02
200500022977,0,02,000,00,2,3,01,A01
200500022977,0,02,000,00,2,3,15,B02
200500022978,0,07,000,00,2,7,10,A01
200500022978,0,05,000,00,2,1,01,B02
200500022979,0,07,000,00,2,1,01,A01
200500022979,0,07,000,00,2,1,01,B02
200500022980,0,07,000,00,2,3,13,A01
200500022980,0,21,000,00,2,3,01,B02
200500022981,0,07,000,00,2,7,15,A01
200500022981,0,05,000,00,2,8,01,B02
200500022982,0,07,000,00,0,3,19,A01
200500022982,0,07,000,00,0,3,01,B02
200500022983,0,07,000,02,0,8,13,A01
200500022984,0,05,000,00,2,1,17,A01
200500022984,0,07,000,00,2,1,01,B02
200500022984,0,07,000,00,2,1,02,C03
200500022985,0,07,000,13,0,3,01,A01
200500022986,0,07,000,00,1,2,01,A01
200500022987,0,07,000,00,2,2,15,A01
200500022987,0,05,000,00,2,1,01,B02
200500022988,0,07,000,00,2,8,19,A01
200500022988,0,07,000,00,2,1,01,B02
200500022989,0,07,000,00,2,8,15,A01
200500022989,0,04,000,00,2,7,17,B02
200500022990,0,07,000,00,9,2,01,A01
200500022990,0,01,000,00,0,4,01,B02
200500022991,0,05,000,00,0,1,01,A01
200500022992,0,02,000,00,0,8,13,A01
200500022992,0,07,000,00,2,2,17,B02
200500022993,0,07,000,13,0,2,01,A01
200500022994,0,07,000,02,0,4,01,A01
200500022995,0,07,000,00,2,3,01,A01
200500022995,0,07,000,00,2,3,05,B02
200500022995,0,07,000,00,0,0,01,C03
200500022996,0,05,000,00,2,1,13,A01
200500022996,0,07,000,00,2,1,13,B02
200500022997,0,07,000,00,1,3,02,A01
200500022998,0,07,000,02,0,8,00,A01
200500022999,0,07,000,00,2,1,13,A01
200500022999,0,21,000,00,2,1,01,B02
200500023000,0,07,000,00,2,1,01,A01
200500023000,0,07,000,00,2,7,15,B02
200500023001,0,07,000,00,2,8,15,A01
200500023001,0,05,000,00,2,1,01,B02
200500023002,0,02,000,16,0,0,14,A01
200500023003,0,07,000,00,2,7,06,A01
200500023003,0,07,000,00,2,1,01,B02
200500023004,0,07,000,00,0,1,01,A01
200500023004,0,99,000,00,0,1,13,B02
200500023005,0,07,000,00,2,2,15,A01
200500023005,0,02,000,00,2,1,01,B02
200500023006,0,07,000,00,0,2,01,A01
200500023006,0,01,000,00,2,1,01,B02
200500023007,0,10,000,00,2,2,15,A01
200500023007,0,07,000,00,2,3,01,B02
200500023008,0,05,000,00,2,1,02,A01
200500023008,0,21,000,00,2,3,15,B02
200500023009,1,07,000,00,1,7,02,A01
200500023010,0,07,000,00,0,6,23,A01
200500023010,0,02,000,00,2,1,01,B02
200500023011,0,07,000,00,1,2,01,A01
200500023012,0,07,000,00,2,1,13,A01
200500023012,0,07,000,00,2,1,01,B02
200500023013,0,07,000,00,2,3,01,A01
200500023013,0,07,000,00,2,1,01,B02
200500023014,0,07,000,00,0,6,24,A01
200500023014,0,02,000,01,0,1,01,B02
200500023015,0,07,000,00,0,3,02,A01
200500023015,0,07,000,00,0,3,00,B02
200500023015,0,07,000,00,0,3,00,C03
200500023016,0,07,000,00,2,2,01,A01
200500023016,0,01,000,00,0,4,01,B02
200500023017,0,07,000,00,2,1,02,A01
200500023017,0,07,000,00,2,4,02,B02
200500023017,0,07,000,00,2,3,01,C03
200500023018,0,07,000,14,0,0,01,A01
200500023019,0,07,000,00,2,1,01,A01
200500023019,0,07,000,00,2,4,15,B02
200500023020,0,07,000,00,9,2,02,A01
200500023020,0,01,000,00,2,4,02,B02
200500023021,0,07,000,00,2,7,15,A01
200500023021,0,02,000,00,2,1,01,B02
200500023022,0,07,000,13,0,1,00,A01
200500023023,0,07,000,08,0,3,01,A01
200500023024,0,07,000,13,0,1,01,A01
200500023025,0,17,000,00,2,1,01,A01
200500023025,0,07,000,00,2,8,15,B02
200500023026,0,99,000,00,0,0,00,A01
200500023026,0,10,000,00,2,3,21,B02
200500023027,0,07,000,00,2,7,15,A01
200500023027,0,07,000,00,2,1,01,B02
200500023028,0,05,000,13,0,1,01,A01
200500023029,0,07,000,00,1,2,01,A01
200500023030,0,07,000,00,2,3,02,A01
200500023030,0,02,000,00,2,5,02,B02
200500023031,0,07,000,00,0,3,13,A01
200500023031,0,07,000,00,0,3,01,B02
200500023032,0,02,000,00,2,1,13,A01
200500023032,0,07,000,00,2,3,01,B02
200500023033,0,07,000,00,2,3,01,A01
200500023033,0,07,000,00,2,2,15,B02
200500023034,0,14,000,02,0,2,01,A01
200500023035,0,14,000,00,2,3,01,A01
200500023035,0,07,000,13,2,8,19,B02
200500023036,0,07,000,00,1,2,23,A01
200500023037,0,07,000,09,0,1,01,A01
200500023038,0,07,000,00,2,3,13,A01
200500023038,0,07,000,00,2,3,01,B02
200500023039,0,07,000,13,0,2,01,A01
200500023040,0,07,000,00,9,8,01,A01
200500023040,0,01,000,00,2,1,13,B02
200500023041,0,07,000,00,9,5,16,A01
200500023041,0,01,000,00,2,3,00,B02
200500023042,0,07,000,06,0,1,21,A01
200500023043,0,02,000,00,2,1,01,A01
200500023043,0,02,000,00,2,1,13,B02
200500023044,0,07,000,13,0,0,01,A01
200500023045,0,07,000,00,2,8,19,A01
200500023045,0,05,000,00,2,1,01,B02
200500023046,0,07,000,00,2,3,13,A01
200500023046,0,07,000,00,2,3,01,B02
200500023047,0,07,000,00,2,1,13,A01
200500023047,0,07,000,00,0,8,01,B02
200500023048,0,07,000,00,1,2,01,A01
200500023049,0,07,000,02,0,0,17,A01
200500023050,0,07,000,00,2,2,19,A01
200500023050,0,02,000,00,2,1,19,B02
200500023051,0,07,000,00,2,2,01,A01
200500023051,0,07,000,00,0,2,01,B02
200500023052,0,07,000,00,9,3,22,A01
200500023052,0,99,000,01,0,1,01,B02
200500023053,0,01,000,00,0,8,15,A01
200500023053,0,07,000,00,0,1,01,B02
200500023054,0,07,000,00,2,2,13,A01
200500023054,0,12,000,00,2,1,01,B02
200500023055,0,07,000,00,2,1,01,A01
200500023055,0,04,000,00,2,8,19,B02
200500023056,0,07,000,00,2,1,00,A01
200500023056,0,02,000,00,2,1,05,B02
200500023057,0,07,000,00,2,3,13,A01
200500023057,0,07,000,00,2,3,01,B02
200500023058,0,07,000,02,0,1,01,A01
200500023059,0,07,000,00,1,1,24,A01
200500023060,0,07,000,13,0,9,01,A01
200500023061,0,07,000,00,2,2,01,A01
200500023061,0,02,000,00,2,1,01,B02
200500023062,0,07,000,00,2,2,15,A01
200500023062,0,07,000,00,2,1,01,B02
200500023063,0,07,000,00,2,8,16,A01
200500023063,0,02,000,00,2,2,16,B02
200500023064,0,07,000,08,0,3,01,A01
200500023065,0,02,000,11,0,1,01,A01
200500023066,0,07,000,00,2,3,19,A01
200500023066,0,07,000,00,0,0,00,B02
200500023067,0,07,000,13,0,3,13,A01
200500023068,0,05,000,00,2,1,01,A01
200500023068,0,07,000,00,2,8,15,B02
200500023069,0,07,000,00,2,3,13,A01
200500023069,0,07,000,00,2,3,01,B02
200500023070,0,07,000,00,2,5,15,A01
200500023070,0,05,000,00,2,1,01,B02
200500023071,0,07,000,00,2,1,01,A01
200500023071,0,07,000,00,2,8,19,B02
200500023072,0,05,000,13,0,1,14,A01
200500023073,0,07,000,08,0,1,01,A01
200500023074,0,07,000,00,0,0,15,A01
200500023074,0,05,000,16,0,7,02,B02
200500023075,0,07,000,13,0,3,01,A01
200500023076,0,07,000,00,2,2,01,A01
200500023076,0,01,000,00,0,4,01,B02
200500023077,0,02,000,00,2,1,01,A01
200500023077,0,21,000,00,2,8,01,B02
200500023078,0,02,000,07,0,1,01,A01
200500023079,0,02,000,08,0,1,01,A01
200500023080,0,14,000,00,2,3,19,A01
200500023080,0,07,000,00,2,1,01,B02
200500023081,0,07,000,00,2,1,17,A01
200500023081,0,02,000,00,2,4,15,B02
200500023082,0,01,000,00,2,4,01,B02
200500023082,0,07,000,00,2,2,19,A01
200500023083,0,07,000,02,0,0,01,A01
200500023084,0,07,000,02,0,1,01,A01
200500023085,0,07,000,00,2,1,01,A01
200500023085,0,07,000,00,2,3,15,B02
200500023086,0,05,000,00,2,1,13,A01
200500023086,0,07,000,00,2,1,01,B02
200500023087,0,07,000,00,2,2,15,A01
200500023087,0,07,000,00,2,3,01,B02
200500023087,0,07,000,00,2,8,23,C03
200500023088,0,07,000,00,0,3,01,A01
200500023088,0,07,000,00,0,3,01,B02
200500023089,0,07,000,01,0,1,01,A01
200500023090,0,14,000,00,2,1,01,A01
200500023090,0,07,000,00,2,7,19,B02
200500023091,0,16,000,00,0,5,23,A01
200500023091,0,07,000,00,0,2,01,B02
200500023092,0,17,000,02,0,3,01,A01
200500023093,0,07,000,15,0,2,01,A01
200500023094,0,17,000,00,0,0,00,A01
200500023094,0,21,000,00,0,4,02,B02
200500023095,0,07,000,00,2,1,13,A01
200500023095,0,07,000,00,2,1,01,B02
200500023096,0,07,000,00,2,8,01,A01
200500023096,0,02,000,00,2,1,01,B02
200500023097,0,07,000,13,0,2,01,A01
200500023097,0,13,000,14,0,2,01,B02
200500023098,0,05,000,00,2,1,01,A01
200500023098,0,07,000,00,0,8,15,B02
200500023099,0,07,000,06,0,3,13,A01
200500023100,0,07,000,13,0,1,01,A01
200500023101,0,07,000,00,2,1,17,A01
200500023101,0,21,000,00,0,4,15,B02
200500023102,0,07,000,00,1,3,02,A01
200500023103,0,07,000,02,0,1,13,A01
200500023104,0,07,000,00,0,2,01,A01
200500023105,0,07,000,00,2,7,13,A01
200500023105,0,07,000,00,2,1,00,B02
200500023106,0,02,000,00,2,1,01,A01
200500023106,0,07,000,00,2,8,01,B02
200500023107,0,07,000,00,2,7,01,A01
200500023107,0,07,000,00,2,1,01,B02
200500023108,0,07,000,00,2,3,01,A01
200500023108,0,07,000,00,2,8,19,B02
200500023109,0,07,000,13,0,8,01,A01
200500023110,0,02,000,00,2,1,21,A01
200500023110,0,07,000,00,2,6,15,B02
200500023111,0,07,000,00,5,1,01,A01
200500023112,0,07,000,00,1,2,14,A01
200500023113,0,07,000,02,0,2,01,A01
200500023114,0,07,000,13,0,1,17,A01
200500023115,0,02,000,06,0,1,01,A01
200500023116,0,07,000,00,2,1,01,A01
200500023116,0,07,000,00,2,8,16,B02
200500023117,0,05,000,13,0,0,01,A01
200500023118,0,07,000,00,0,7,13,A01
200500023118,0,05,000,00,2,1,01,B02
200500023119,0,07,000,02,0,1,01,A01
200500023120,0,05,000,02,0,1,01,A01
200500023121,0,02,000,00,0,0,00,A01
200500023122,0,07,000,00,2,1,01,A01
200500023122,0,07,000,00,2,8,19,B02
200500023123,0,07,000,00,2,1,15,A01
200500023123,0,07,000,00,2,1,01,B02
200500023124,0,07,000,00,2,1,02,A01
200500023124,0,07,000,00,0,4,00,B02
200500023125,0,07,000,13,0,2,01,A01
200500023126,0,14,000,00,2,1,15,A01
200500023126,0,05,000,00,2,1,01,B02
200500023127,0,07,000,00,2,1,15,A01
200500023127,0,04,000,00,2,1,01,B02
200500023128,0,07,000,16,0,7,00,A01
200500023128,0,07,000,16,0,3,00,B02
200500023129,0,07,000,00,2,1,01,A01
200500023129,0,07,000,00,2,1,15,B02
200500023130,0,07,000,13,0,7,01,A01
200500023131,0,05,000,00,9,6,21,A01
200500023132,0,02,000,16,0,0,14,A01
200500023132,0,02,000,00,9,1,01,B02
200500023133,0,05,000,00,0,1,00,A01
200500023133,0,07,000,00,0,4,00,B02
200500023134,0,15,000,00,0,8,09,A01
200500023134,0,05,000,03,2,9,01,B02
200500023135,0,07,000,10,0,1,13,A01
200500023136,0,02,000,00,2,1,19,A01
200500023136,0,07,000,00,2,2,01,B02
200500023137,0,07,000,08,0,1,01,A01
200500023138,0,07,000,00,0,1,14,A01
200500023139,0,07,000,00,9,1,01,A01
200500023139,0,01,000,00,2,8,19,B02
200500023140,0,07,000,06,0,3,01,A01
200500023141,0,02,000,00,2,1,01,B02
200500023141,0,07,000,00,2,2,19,A01
200500023142,0,07,000,00,2,7,13,A01
200500023142,0,07,000,00,2,1,01,B02
200500023143,0,07,000,00,2,3,21,A01
200500023143,0,07,000,00,2,3,01,B02
200500023144,0,07,000,00,0,8,00,A01
200500023145,0,07,000,00,2,6,01,A01
200500023145,0,99,000,00,2,2,18,B02
200500023146,0,07,000,00,2,1,01,A01
200500023146,0,05,000,00,2,1,13,B02
200500023147,0,07,000,00,1,1,01,A01
200500023148,0,07,000,00,1,1,01,A01
200500023149,0,07,000,02,0,3,01,A01
200500023150,0,05,000,00,2,1,17,A01
200500023150,0,07,000,00,2,6,15,B02
200500023151,0,07,000,00,2,1,01,A01
200500023151,0,07,000,00,2,8,01,B02
200500023152,0,07,000,00,1,1,01,A01
200500023153,0,02,000,00,2,8,19,B02
200500023153,0,07,000,00,2,2,01,A01
200500023154,0,07,000,00,2,2,15,A01
200500023154,0,07,000,00,2,1,01,B02
200500023155,0,02,000,13,0,8,14,A01
200500023155,0,02,000,06,0,7,14,B02
200500023156,0,07,000,00,0,7,02,A01
200500023156,0,01,000,00,0,0,00,B02
200500023157,0,07,000,00,2,3,15,A01
200500023157,0,02,000,00,2,8,01,B02
200500023158,0,07,000,00,0,0,00,A01
200500023158,0,07,000,00,2,3,13,B02
200500023159,0,10,000,06,0,1,01,A01
200500023160,0,02,000,00,2,2,01,A01
200500023160,0,21,000,00,2,3,15,B02
200500023161,0,05,000,00,0,0,17,A01
200500023162,0,05,000,00,2,8,21,B02
200500023163,0,02,000,00,2,1,01,A01
200500023163,0,07,000,00,2,5,01,B02
200500023164,0,05,000,03,0,8,01,A01
200500023165,0,07,000,00,2,1,01,A01
200500023165,0,07,000,00,2,7,01,B02
200500023166,0,07,000,00,2,2,20,A01
200500023166,0,05,000,00,2,1,02,B02
200500023167,0,02,000,08,0,1,14,A01
200500023168,0,07,000,00,2,3,13,A01
200500023168,0,07,000,00,2,3,01,B02
200500023168,0,07,000,00,2,1,01,C03
200500023169,0,07,000,00,2,3,13,A01
200500023169,0,07,000,00,2,1,01,B02
200500023169,0,07,000,00,2,3,01,C03
200500023169,0,07,000,00,2,3,01,D04
200500023170,0,02,000,01,0,1,01,A01
200500023170,0,07,000,00,0,5,00,B02
200500023171,0,07,000,02,0,1,01,A01
200500023172,0,07,000,00,1,2,01,A01
200500023173,0,05,000,00,0,0,00,A01
200500023174,0,07,000,00,2,2,01,A01
200500023174,0,07,000,00,2,2,13,B02
200500023175,0,07,000,00,2,3,13,A01
200500023175,0,07,000,00,2,3,00,B02
200500023176,0,07,000,00,2,1,01,A01
200500023176,0,09,000,00,2,0,19,B02
200500023177,0,07,000,00,0,0,00,A01
200500023177,0,14,000,00,2,3,01,B02
200500023178,0,07,000,13,0,3,01,A01
200500023179,0,07,000,00,0,0,00,A01
200500023179,0,07,000,00,2,3,01,B02
200500023180,0,07,000,03,2,7,17,A01
200500023180,0,05,000,00,2,1,01,B02
200500023181,0,02,000,00,0,8,01,A01
200500023182,0,07,000,00,2,3,01,B02
200500023182,0,07,000,00,2,7,01,A01
200500023183,0,07,000,06,0,1,01,A01
200500023184,0,15,000,00,2,3,01,A01
200500023184,0,07,000,00,2,1,13,B02
200500023184,0,07,000,00,2,2,02,C03
200500023185,0,07,000,00,2,7,15,A01
200500023185,0,01,000,00,2,1,01,B02
200500023186,0,07,000,13,0,3,01,A01
200500023187,0,07,000,00,2,1,13,A01
200500023187,0,07,000,00,2,1,01,B02
200500023188,0,07,000,00,1,1,13,A01
200500023189,0,02,000,00,2,1,01,A01
200500023189,0,07,000,00,2,3,01,B02
200500023190,0,07,000,00,2,1,19,A01
200500023190,0,07,000,00,0,3,01,B02
200500023191,0,02,000,03,0,7,09,A01
200500023192,0,05,000,02,0,3,01,A01
200500023193,0,07,000,00,2,2,17,A01
200500023193,0,02,000,00,2,7,15,B02
200500023194,0,07,000,00,2,1,13,A01
200500023194,0,15,000,00,2,3,01,B02
200500023195,0,07,000,02,0,7,13,A01
200500023196,0,07,000,00,2,8,01,B02
200500023196,0,07,000,00,2,1,01,A01
200500023197,0,07,000,13,2,5,17,A01
200500023197,0,07,000,00,2,3,01,B02
200500023198,0,07,000,08,0,8,01,A01
200500023199,0,07,000,00,2,2,17,A01
200500023199,0,21,000,00,2,3,15,B02
200500023200,0,07,000,07,2,3,01,A01
200500023200,0,02,000,00,2,8,19,B02
200500023201,0,07,000,00,2,3,19,A01
200500023201,0,07,000,00,2,3,01,B02
200500023202,0,07,000,00,0,0,01,A01
200500023203,0,07,000,00,2,2,01,A01
200500023203,0,02,000,00,2,1,01,B02
200500023204,0,07,000,00,0,0,00,A01
200500023204,0,07,000,00,2,3,19,B02
200500023205,0,05,000,01,0,1,02,A01
200500023205,0,13,000,00,0,4,23,B02
200500023206,0,07,000,00,1,1,01,A01
200500023207,0,05,000,00,2,1,01,A01
200500023207,0,07,000,00,2,5,15,B02
200500023208,0,07,000,06,0,2,01,A01
200500023209,0,01,000,00,2,8,01,A01
200500023209,0,07,000,00,2,3,15,B02
200500023210,0,07,000,00,2,5,10,A01
200500023210,0,07,000,00,2,6,01,B02
200500023211,0,07,000,00,1,1,01,A01
200500023212,0,07,000,00,2,1,15,A01
200500023212,0,07,000,00,0,0,00,B02
200500023213,0,07,000,00,9,1,01,A01
200500023213,0,04,000,00,2,8,19,B02
200500023214,0,07,000,00,1,2,17,A01
200500023215,0,05,000,00,2,1,17,A01
200500023215,0,07,000,00,2,3,15,B02
200500023216,0,07,000,00,2,1,15,A01
200500023216,0,07,000,00,2,1,01,B02
200500023217,0,07,000,00,0,2,16,A01
200500023217,0,05,000,00,0,1,01,B02
200500023218,0,05,000,00,2,1,13,A01
200500023218,0,07,000,00,2,1,01,B02
200500023219,0,07,000,08,0,1,01,A01
200500023220,0,07,000,00,2,3,01,A01
200500023221,0,07,000,13,0,1,17,A01
200500023222,0,07,000,00,2,3,01,B02
200500023222,0,07,000,00,2,2,14,A01
200500023223,0,07,000,06,0,1,01,A01
200500023224,0,07,000,00,0,0,00,A01
200500023224,0,07,000,00,0,0,00,B02
200500023224,0,14,000,00,2,1,01,C03
200500023225,0,07,000,00,2,2,17,A01
200500023225,0,05,000,00,2,8,15,B02
200500023226,0,02,000,00,1,1,14,A01
200500023227,0,07,000,13,0,1,10,A01
200500023228,0,07,000,00,2,3,17,A01
200500023228,0,07,000,00,2,3,01,B02
200500023229,0,07,000,00,2,1,15,A01
200500023229,0,07,000,00,2,3,01,B02
200500023230,0,04,000,00,0,1,01,A01
200500023231,0,07,000,00,2,3,01,A01
200500023231,0,07,000,00,0,3,15,B02
200500023232,0,07,000,06,1,4,04,A01
200500023233,0,07,000,00,2,1,13,A01
200500023233,0,13,000,00,2,3,01,B02
200500023234,0,05,000,08,0,9,01,A01
200500023235,0,07,000,00,0,0,00,A01
200500023235,0,07,000,00,0,0,00,B02
200500023235,0,15,000,00,2,3,01,C03