Num_Acc,senc,catv,occutc,obs,obsm,choc,manv,num_veh
200500023236,0,07,000,05,0,1,20,A01
200500023237,0,07,000,00,2,2,01,A01
200500023237,0,07,000,00,2,3,01,B02
200500023238,0,07,000,00,1,2,01,A01
200500023239,0,07,000,00,2,6,19,A01
200500023239,0,05,000,00,2,1,01,B02
200500023240,0,07,000,00,2,3,15,A01
200500023240,0,07,000,00,2,9,01,B02
200500023240,0,14,000,00,2,1,01,C03
200500023241,0,07,000,06,0,3,01,A01
200500023242,0,07,000,00,2,7,01,A01
200500023242,0,07,000,00,2,1,15,B02
200500023243,0,07,000,13,0,0,01,A01
200500023244,0,07,000,00,2,1,01,B02
200500023244,0,07,000,00,2,8,01,A01
200500023245,0,07,000,00,2,3,15,A01
200500023245,0,02,000,00,2,1,01,B02
200500023246,0,07,000,00,2,1,13,A01
200500023246,0,07,000,00,2,1,01,B02
200500023247,0,07,000,02,0,8,01,A01
200500023248,0,07,000,02,0,3,01,A01
200500023249,0,10,000,00,9,0,01,A01
200500023249,0,10,000,00,9,3,01,B02
200500023250,0,07,000,02,0,9,01,A01
200500023251,0,07,000,00,2,2,02,A01
200500023251,0,07,000,00,2,3,15,B02
200500023252,0,02,000,06,0,3,01,A01
200500023253,0,07,000,13,0,9,14,A01
200500023254,0,07,000,00,2,1,01,A01
200500023254,0,07,000,00,2,1,01,B02
200500023255,0,07,000,06,0,3,02,A01
200500023256,0,07,000,00,2,2,01,A01
200500023256,0,04,000,00,2,1,15,B02
200500023257,0,07,000,13,0,9,01,A01
200500023258,0,02,000,00,9,4,01,A01
200500023258,0,02,000,00,2,1,02,B02
200500023259,0,07,000,06,0,1,01,A01
200500023260,0,07,000,00,2,1,13,A01
200500023260,0,07,000,00,2,1,01,B02
200500023261,0,07,000,08,0,3,13,A01
200500023262,0,07,000,00,0,7,13,A01
200500023262,0,07,000,00,2,1,01,B02
200500023263,0,07,000,00,2,1,01,A01
200500023263,0,02,000,00,2,3,19,B02
200500023264,0,07,000,08,0,3,01,A01
200500023265,0,07,000,16,0,0,01,A01
200500023266,0,07,000,00,2,1,13,A01
200500023266,0,07,000,00,2,1,01,B02
200500023267,0,07,000,00,1,3,21,A01
200500023268,0,07,000,00,0,3,00,A01
200500023268,0,09,000,00,0,8,00,B02
200500023269,0,07,000,00,0,1,01,A01
200500023270,0,07,000,00,2,3,13,A01
200500023270,0,17,000,00,2,3,01,B02
200500023271,0,07,000,00,2,2,01,A01
200500023271,0,07,000,00,2,3,15,B02
200500023272,0,07,000,13,0,1,01,A01
200500023273,0,13,000,00,2,1,02,A01
200500023273,0,07,000,00,2,4,15,B02
200500023273,0,07,000,00,2,1,01,C03
200500023274,0,07,000,00,2,3,15,A01
200500023274,0,09,000,00,2,8,01,B02
200500023275,0,07,000,08,0,1,14,A01
200500023276,0,01,000,16,0,8,13,A01
200500023277,0,07,000,00,2,1,15,A01
200500023277,0,07,000,00,2,3,01,B02
200500023278,0,07,000,13,0,1,14,A01
200500023279,0,07,000,00,2,3,13,A01
200500023279,0,07,000,00,2,3,01,B02
200500023280,0,07,000,08,0,7,01,A01
200500023281,0,07,000,02,0,1,01,A01
200500023282,0,07,000,00,0,1,15,A01
200500023282,0,07,000,00,0,3,01,B02
200500023283,0,07,000,02,0,7,01,A01
200500023284,0,07,000,00,2,7,01,B02
200500023284,0,07,000,00,2,1,01,A01
200500023285,0,07,000,02,0,1,01,A01
200500023286,0,07,000,10,0,3,13,A01
200500023287,0,07,000,00,2,1,05,A01
200500023287,0,07,000,00,2,2,01,B02
200500023288,0,07,000,00,0,7,01,B02
200500023288,0,07,000,00,2,1,19,A01
200500023289,0,01,000,00,5,1,00,A01
200500023290,0,07,000,00,0,3,01,A01
200500023291,0,02,000,12,0,8,13,A01
200500023292,0,07,000,06,0,1,01,A01
200500023293,0,07,000,00,2,7,15,A01
200500023293,0,07,000,00,2,3,01,B02
200500023294,0,07,000,00,0,6,00,A01
200500023294,0,05,000,00,0,1,02,B02
200500023295,0,07,000,02,0,1,01,A01
200500023296,0,05,000,00,0,7,14,A01
200500023297,0,07,000,01,0,6,17,A01
200500023298,0,07,000,00,2,1,13,A01
200500023298,0,07,000,00,2,8,01,B02
200500023299,0,07,000,04,2,3,21,A01
200500023299,0,07,000,00,2,1,01,B02
200500023300,0,07,000,06,0,2,01,A01
200500023301,0,07,000,08,0,1,19,A01
200500023302,0,07,000,00,0,0,00,A01
200500023302,0,05,000,00,2,1,01,B02
200500023303,0,07,000,00,2,3,15,A01
200500023303,0,02,000,00,2,1,01,B02
200500023304,0,07,000,00,2,1,01,A01
200500023304,0,21,000,00,2,1,01,B02
200500023305,0,02,000,15,0,3,01,A01
200500023306,0,07,000,00,9,3,09,A01
200500023306,0,02,000,00,2,1,01,B02
200500023307,0,07,000,00,0,7,17,A01
200500023307,0,18,003,00,0,3,01,B02
200500023308,0,07,000,06,5,1,01,A01
200500023309,0,07,000,06,0,1,01,A01
200500023310,0,07,000,06,0,1,01,A01
200500023311,0,07,000,00,2,7,01,A01
200500023311,0,02,000,00,2,1,15,B02
200500023312,0,07,000,13,0,1,01,A01
200500023313,0,07,000,02,0,8,13,A01
200500023314,0,04,000,06,0,8,01,A01
200500023315,0,07,000,00,2,1,15,A01
200500023315,0,07,000,00,2,1,01,B02
200500023316,0,07,000,00,2,1,01,A01
200500023316,0,14,000,00,2,8,15,B02
200500023317,0,07,000,00,2,8,19,A01
200500023317,0,05,000,00,2,1,01,B02
200500023318,0,07,000,00,0,2,01,B02
200500023318,0,07,000,00,2,3,01,A01
200500023319,0,07,000,00,1,2,01,A01
200500023320,0,07,000,00,2,1,01,A01
200500023320,0,07,000,00,2,7,19,B02
200500023321,0,07,000,15,0,9,00,A01
200500023322,0,07,000,00,2,3,13,A01
200500023322,0,07,000,00,2,3,01,B02
200500023323,0,05,000,13,0,1,01,A01
200500023324,0,07,000,00,0,0,00,A01
200500023324,0,07,000,00,2,3,01,B02
200500023325,0,07,000,13,0,1,01,A01
200500023326,0,07,000,00,2,1,17,A01
200500023326,0,07,000,00,2,6,15,B02
200500023327,0,02,000,00,0,7,01,A01
200500023327,0,07,000,00,0,2,24,B02
200500023328,0,07,000,00,1,1,01,A01
200500023329,0,05,000,00,2,1,02,A01
200500023329,0,07,000,00,2,6,23,B02
200500023330,0,07,000,13,0,2,00,A01
200500023331,0,07,000,00,2,5,15,A01
200500023331,0,05,000,00,2,1,01,B02
200500023332,0,07,000,02,0,8,19,A01
200500023333,0,07,000,06,0,1,13,A01
200500023334,0,17,000,00,1,2,00,A01
200500023335,0,07,000,00,9,3,01,A01
200500023335,0,01,000,00,2,1,13,B02
200500023336,0,07,000,00,0,0,01,A01
200500023337,0,07,000,00,2,1,01,A01
200500023337,0,07,000,00,2,4,02,B02
200500023338,0,07,000,00,2,1,15,A01
200500023338,0,05,000,00,0,3,01,B02
200500023339,0,01,000,00,0,0,00,B02
200500023339,0,07,000,00,0,0,16,A01
200500023340,0,07,000,00,2,5,02,A01
200500023340,0,05,000,00,2,1,02,B02
200500023341,0,07,000,08,0,8,14,A01
200500023342,0,05,000,15,0,1,06,A01
200500023343,0,07,000,00,0,2,01,A01
200500023343,0,01,000,00,0,1,14,B02
200500023344,0,07,000,02,0,3,01,A01
200500023345,0,07,000,02,0,1,01,A01
200500023346,0,07,000,00,2,1,01,A01
200500023346,0,07,000,00,2,1,01,B02
200500023347,0,07,000,00,0,0,00,A01
200500023347,0,07,000,00,0,0,00,B01
200500023347,0,07,000,08,2,1,01,C01
200500023348,0,07,000,06,0,1,01,A01
200500023349,0,07,000,13,0,1,01,A01
200500023350,0,07,000,00,2,3,01,A01
200500023350,0,07,000,00,2,3,01,B02
200500023351,0,07,000,00,2,3,19,A01
200500023351,0,02,000,01,2,3,01,B02
200500023351,0,07,000,00,2,1,24,C03
200500023352,0,07,000,00,2,8,10,A01
200500023352,0,05,000,00,2,1,01,B02
200500023353,0,07,000,00,2,1,02,A01
200500023353,0,07,000,00,0,4,01,B02
200500023353,0,07,000,00,2,6,01,C03
200500023354,0,14,000,02,0,2,00,A01
200500023355,0,07,000,00,2,3,18,A01
200500023355,0,07,000,00,2,5,23,B02
200500023355,0,17,000,00,2,1,01,C03
200500023356,0,05,000,16,0,1,01,A01
200500023357,0,07,000,00,1,2,01,A01
200500023358,0,02,000,13,0,1,01,A01
200500023359,0,07,000,13,0,9,01,A01
200500023360,0,07,000,02,0,1,01,A01
200500023361,0,07,000,06,0,2,01,A01
200500023362,0,21,000,00,1,2,01,A01
200500023363,0,07,000,13,0,3,01,A01
200500023364,0,07,000,00,0,3,15,A01
200500023364,0,02,000,00,2,1,01,B02
200500023365,0,07,000,03,2,2,17,A01
200500023365,0,07,000,00,2,8,15,B02
200500023366,0,14,000,00,0,0,00,A01
200500023367,0,07,000,08,0,9,01,A01
200500023368,0,07,000,00,9,2,15,A01
200500023368,0,01,000,00,2,1,13,B02
200500023369,0,07,000,15,0,7,01,A01
200500023370,0,07,000,02,0,1,01,A01
200500023371,0,07,000,00,0,1,01,A01
200500023372,0,07,000,00,0,7,15,A01
200500023372,0,07,000,00,2,1,01,B02
200500023373,0,02,000,09,0,1,01,A01
200500023374,0,07,000,08,0,3,01,A01
200500023375,0,07,000,00,2,2,01,A01
200500023375,0,01,000,00,2,8,15,B02
200500023376,0,07,000,00,2,1,01,A01
200500023376,0,07,000,00,2,1,01,B02
200500023377,0,07,000,00,9,7,01,A01
200500023377,0,01,000,00,2,1,01,B02
200500023378,0,05,000,01,0,1,01,A01
200500023379,0,07,000,00,2,8,01,A01
200500023379,0,10,000,00,2,3,01,B02
200500023380,0,07,000,00,2,3,13,A01
200500023380,0,07,000,00,2,3,01,B02
200500023381,0,07,000,00,2,8,13,A01
200500023381,0,07,000,00,2,3,01,B02
200500023381,0,07,000,00,2,2,21,C03
200500023382,0,07,000,00,2,5,13,A01
200500023382,0,07,000,00,2,1,01,B02
200500023383,0,07,000,02,0,1,00,A01
200500023384,0,07,000,02,0,1,01,A01
200500023385,0,07,000,02,0,1,13,A01
200500023386,0,07,000,00,5,9,01,A01
200500023387,0,05,000,00,2,1,01,A01
200500023387,0,07,000,00,2,3,15,B02
200500023388,0,02,000,15,2,1,19,A01
200500023388,0,07,000,00,2,7,01,B02
200500023389,0,07,000,02,0,3,13,A01
200500023390,0,07,000,00,1,8,01,A01
200500023391,0,07,000,02,0,1,13,A01
200500023392,0,07,000,13,0,2,14,A01
200500023393,0,07,000,06,0,2,01,A01
200500023394,0,07,000,00,2,2,13,A01
200500023394,0,10,000,00,2,2,01,B02
200500023395,0,01,000,00,0,0,01,A01
200500023396,0,07,000,12,0,1,01,A01
200500023397,0,07,000,00,0,0,01,A01
200500023398,0,05,000,08,0,1,16,A01
200500023399,0,07,000,13,2,8,01,A01
200500023399,0,17,000,00,2,3,01,B02
200500023400,0,07,000,00,0,8,19,A01
200500023400,0,07,000,00,2,1,01,B02
200500023401,0,07,000,00,2,1,19,A01
200500023401,0,07,000,00,2,6,01,B02
200500023402,0,07,000,02,0,1,14,A01
200500023403,0,07,000,00,0,3,19,B02
200500023403,0,07,000,00,2,1,01,A01
200500023404,0,07,000,06,0,7,14,A01
200500023405,0,05,000,10,0,1,01,A01
200500023406,0,99,000,00,1,1,01,C03
200500023407,0,07,000,00,2,1,01,A01
200500023407,0,07,000,00,0,4,01,B02
200500023407,0,07,000,00,2,1,01,C03
200500023408,0,05,000,07,0,8,01,A01
200500023409,0,07,000,06,0,1,01,A01
200500023410,0,07,000,00,2,1,02,A01
200500023410,0,17,000,00,0,4,02,B02
200500023411,0,07,000,02,0,2,14,A01
200500023412,0,07,000,06,0,3,01,A01
200500023413,0,07,000,02,2,1,01,A01
200500023413,0,07,000,00,2,1,01,B02
200500023414,0,01,000,00,5,1,01,A01
200500023415,0,07,000,02,0,2,01,A01
200500023416,0,01,000,00,0,0,01,A01
200500023417,0,07,000,02,0,1,01,A01
200500023418,0,05,000,00,2,1,01,A01
200500023418,0,07,000,00,2,4,01,B02
200500023419,0,07,000,01,0,1,13,A01
200500023419,0,07,000,01,0,6,24,B02
200500023420,0,07,000,13,0,7,01,A01
200500023421,0,07,000,02,0,2,14,A01
200500023422,0,05,000,00,2,1,17,A01
200500023422,0,07,000,00,2,8,15,B02
200500023423,0,07,000,10,0,3,01,A01
200500023424,0,07,000,00,2,3,13,A01
200500023424,0,07,000,00,2,3,01,B02
200500023425,0,07,000,13,0,1,01,A01
200500023426,0,07,000,00,2,3,01,A01
200500023426,0,07,000,00,2,2,01,B02
200500023427,0,07,000,00,2,1,13,A01
200500023427,0,07,000,00,2,1,01,B02
200500023428,0,07,000,00,1,2,01,A01
200500023429,0,10,000,00,2,5,15,A01
200500023429,0,07,000,00,2,2,01,B02
200500023429,0,07,000,07,0,8,01,C03
200500023430,0,07,000,00,2,1,01,A01
200500023430,0,01,000,00,2,4,11,B02
200500023431,0,14,000,13,0,8,01,A01
200500023432,0,17,000,03,0,7,01,A01
200500023433,0,07,000,00,2,7,01,A01
200500023433,0,07,000,00,2,1,01,B02
200500023434,0,07,000,02,2,1,17,A01
200500023434,0,07,000,00,2,8,02,B02
200500023435,0,07,000,13,0,1,01,A01
200500023436,0,05,000,13,0,1,01,A01
200500023437,0,07,000,13,0,3,01,A01
200500023438,0,07,000,00,2,3,01,A01
200500023438,0,07,000,00,2,3,13,B02
200500023439,0,07,000,02,2,9,13,A01
200500023439,0,07,000,00,2,1,01,B02
200500023440,0,07,000,00,2,1,01,A01
200500023440,0,14,000,00,2,1,01,B02
200500023441,0,07,000,03,2,3,13,A01
200500023441,0,14,000,00,2,2,21,B02
200500023441,0,07,000,06,0,1,21,C03
200500023442,0,05,000,06,0,2,00,A01
200500023443,0,07,000,00,2,3,15,A01
200500023443,0,04,000,00,2,1,02,B02
200500023444,1,10,000,00,2,0,05,A01
200500023444,0,07,000,13,2,0,01,B02
200500023445,0,07,000,00,2,8,15,A01
200500023445,0,05,000,00,2,1,01,B02
200500023446,0,07,000,00,0,9,01,A01
200500023447,0,05,000,00,2,1,13,A01
200500023447,0,07,000,00,2,1,01,B02
200500023448,0,07,000,11,0,2,01,A01
200500023449,0,07,000,13,0,1,21,A01
200500023450,0,07,000,00,2,3,01,A01
200500023450,0,02,000,00,2,3,15,B02
200500023451,0,07,000,06,0,2,00,A01
200500023452,0,07,000,00,0,1,00,A01
200500023453,0,02,000,12,0,1,01,A01
200500023454,0,07,000,00,5,1,01,A01
200500023455,0,07,000,02,0,1,01,A01
200500023456,0,07,000,02,0,2,01,A01
200500023457,0,07,000,08,0,2,01,A01
200500023458,0,07,000,00,2,1,01,A01
200500023458,0,07,000,00,2,7,19,B02
200500023459,0,07,000,00,2,1,01,B02
200500023459,0,07,000,00,2,8,19,A01
200500023460,0,02,000,00,2,1,16,A01
200500023460,0,07,000,00,2,3,16,B02
200500023461,0,07,000,13,2,2,17,A01
200500023461,0,14,000,00,2,8,01,B02
200500023462,0,07,000,00,2,7,19,A01
200500023462,0,05,000,00,2,1,01,B02
200500023463,0,07,000,00,2,7,17,A01
200500023463,0,01,000,00,2,8,02,B02
200500023464,0,07,000,00,2,2,00,A01
200500023464,0,07,000,00,2,3,00,B02
200500023465,0,07,000,00,2,3,13,A01
200500023465,0,17,000,00,2,2,01,B02
200500023466,0,07,000,00,2,8,15,A01
200500023466,0,07,000,00,2,1,01,B02
200500023467,0,07,000,00,0,9,01,A01
200500023468,0,07,000,00,2,1,01,A01
200500023468,0,02,000,00,2,3,15,B02
200500023469,0,07,000,16,0,2,01,A01
200500023470,0,08,000,00,2,2,15,A01
200500023470,0,07,000,00,2,1,01,B02
200500023471,0,02,000,00,2,1,01,A01
200500023471,0,07,000,00,2,4,01,B02
200500023472,0,07,000,00,2,1,01,A01
200500023472,0,02,000,00,2,3,15,B02
200500023473,0,07,000,00,0,1,01,A01
200500023474,0,07,000,00,2,5,01,A01
200500023474,0,05,000,00,2,3,16,B02
200500023474,0,05,000,00,2,3,16,C03
200500023475,0,07,000,00,2,5,15,A01
200500023475,0,07,000,00,2,2,01,B02
200500023476,0,10,000,00,2,8,19,A01
200500023476,0,02,000,00,2,1,01,B02
200500023477,0,02,000,08,0,2,01,A01
200500023478,0,07,000,06,0,3,01,A01
200500023479,0,07,000,00,2,3,13,A01
200500023479,0,07,000,00,2,3,01,B02
200500023480,0,07,000,00,2,3,17,A01
200500023480,0,07,000,00,0,8,01,B02
200500023481,0,07,000,00,2,7,15,A01
200500023481,0,02,000,00,2,1,01,B02
200500023482,0,02,000,00,2,1,11,A01
200500023482,0,07,000,00,2,1,05,B02
200500023483,0,07,000,13,0,3,01,A01
200500023484,0,07,000,00,0,1,01,A01
200500023485,0,07,000,02,0,2,13,A01
200500023486,0,05,000,03,0,1,12,A01
200500023487,0,07,000,00,2,8,00,A01
200500023487,0,07,000,00,2,8,01,C03
200500023488,0,07,000,00,0,8,09,A01
200500023488,0,15,000,00,2,1,01,B02
200500023489,0,07,000,02,0,8,01,A01
200500023490,0,07,000,00,2,6,15,A01
200500023490,0,02,000,00,2,1,17,B02
200500023491,0,07,000,00,0,8,19,A01
200500023491,0,14,000,00,2,1,01,B02
200500023492,0,07,000,02,0,2,13,A01
200500023493,0,07,000,02,0,4,14,A01
200500023494,0,07,000,03,2,7,13,A01
200500023494,0,07,000,00,2,1,01,B02
200500023494,0,07,000,00,2,1,01,C03
200500023495,0,02,000,00,2,3,13,A01
200500023495,0,18,002,00,2,3,01,B02
200500023496,0,07,000,13,0,3,13,A01
200500023497,0,07,000,00,2,3,13,A01
200500023497,0,07,000,00,2,8,01,B02
200500023498,0,07,000,02,0,1,01,A01
200500023499,0,07,000,02,0,3,13,A01
200500023500,0,21,000,00,2,8,01,A01
200500023500,0,07,000,00,2,8,13,B02
200500023501,0,07,000,00,0,0,13,A01
200500023501,0,14,000,00,0,0,01,B02
200500023502,0,07,000,00,2,1,13,A01
200500023502,0,07,000,00,2,1,01,B02
200500023503,0,07,000,00,2,8,13,A01
200500023503,0,07,000,00,2,3,01,B02
200500023504,0,07,000,00,2,3,01,A01
200500023504,0,07,000,00,2,2,01,B02
200500023505,0,07,000,06,0,1,01,A01
200500023506,0,07,000,00,2,1,19,A01
200500023506,0,07,000,00,2,1,00,B02
200500023507,0,07,000,08,0,7,01,A01
200500023508,0,07,000,00,2,2,02,A01
200500023508,0,02,000,00,2,8,15,B02
200500023509,0,07,000,08,0,3,01,A01
200500023510,0,05,000,00,2,1,01,A01
200500023510,0,07,000,00,0,7,15,B02
200500023511,0,07,000,00,0,7,15,A01
200500023511,0,05,000,00,0,1,01,B02
200500023512,0,07,000,00,2,1,01,A01
200500023512,0,07,000,00,0,8,01,B02
200500023513,0,07,000,00,1,2,01,A01
200500023514,0,02,000,00,2,3,13,A01
200500023514,0,14,000,00,2,3,01,B02
200500023515,0,05,000,00,2,1,02,A01
200500023515,0,07,000,00,2,5,02,B02
200500023516,0,02,000,00,2,5,15,A01
200500023516,0,07,000,00,2,2,01,B02
200500023517,0,07,000,00,2,3,15,A01
200500023517,0,02,000,00,2,1,01,B02
200500023518,0,07,000,00,2,3,13,A01
200500023518,0,07,000,00,2,3,01,B02
200500023519,0,07,000,00,2,3,15,A01
200500023519,0,01,000,00,2,8,01,B02
200500023520,0,07,000,00,2,1,13,A01
200500023520,0,07,000,00,2,1,02,B02
200500023521,1,02,000,00,1,1,01,A01
200500023522,0,02,000,00,0,0,01,A01
200500023523,0,05,000,06,2,1,01,A01
200500023523,0,07,000,00,2,3,15,B02
200500023524,0,07,000,00,2,2,01,A01
200500023524,0,07,000,00,2,3,15,B02
200500023525,0,02,000,00,0,7,01,A01
200500023526,0,07,000,00,0,9,01,A01
200500023527,0,02,000,01,0,1,01,A01
200500023528,0,07,000,00,2,1,01,A01
200500023528,0,07,000,00,2,4,01,B02
200500023529,0,07,000,00,2,3,00,A01
200500023529,0,05,000,00,2,0,00,B02
200500023530,0,07,000,00,1,1,01,A01
200500023531,0,07,000,02,0,1,01,A01
200500023532,0,07,000,00,0,1,01,A01
200500023532,0,07,000,00,0,3,01,B02
200500023533,0,05,000,02,0,8,01,A01
200500023534,0,07,000,00,2,7,11,A01
200500023534,0,02,000,00,2,1,01,B02
200500023535,0,05,000,08,0,0,20,A01
200500023536,0,07,000,06,0,7,01,A01
200500023537,0,02,000,00,2,1,02,A01
200500023537,0,07,000,00,0,4,15,B02
200500023538,0,02,000,00,2,1,13,A01
200500023538,0,07,000,00,9,1,01,B02
200500023539,0,07,000,00,2,8,19,A01
200500023539,0,07,000,00,2,1,21,B02
200500023540,0,07,000,00,2,3,01,A01
200500023540,0,02,000,00,2,3,11,B02
200500023541,0,01,000,00,1,1,05,A01
200500023542,0,05,000,00,2,1,01,A01
200500023542,0,07,000,00,2,8,15,B02
200500023543,0,07,000,00,2,2,15,A01
200500023543,0,05,000,00,2,7,01,B02
200500023543,0,05,000,00,2,1,01,C03
200500023544,0,07,000,16,2,3,13,A01
200500023544,0,07,000,00,2,3,01,B02
200500023545,0,05,000,03,0,1,01,A01
200500023546,0,05,000,00,0,0,01,A01
200500023547,0,07,000,00,2,3,19,A01
200500023547,0,07,000,00,2,2,01,B02
200500023548,0,07,000,00,2,1,21,A01
200500023548,0,07,000,00,2,7,13,B02
200500023549,0,07,000,06,0,1,01,A01
200500023550,0,07,000,00,2,3,01,A01
200500023550,0,02,000,00,2,1,01,B02
200500023551,0,07,000,00,2,3,01,B02
200500023551,0,07,000,00,2,7,01,A01
200500023552,0,07,000,13,0,1,21,A01
200500023553,0,07,000,00,2,7,01,A01
200500023553,0,07,000,00,2,1,01,B02
200500023554,0,07,000,08,0,8,13,A01
200500023555,0,07,000,00,0,4,01,A01
200500023555,0,07,000,00,2,4,01,B02
200500023555,0,07,000,00,2,1,01,C03
200500023555,0,07,000,00,2,4,01,D04
200500023556,0,07,000,02,0,9,01,A01
200500023557,0,07,000,00,2,3,13,A01
200500023557,0,07,000,07,2,3,01,B02
200500023557,0,07,000,00,2,3,23,C03
200500023558,0,17,000,02,0,1,01,A01
200500023559,0,07,000,02,0,2,14,A01
200500023560,0,07,000,00,0,4,04,A01
200500023560,0,02,000,00,0,1,01,B02
200500023561,0,07,000,00,0,7,19,A01
200500023561,0,05,000,00,0,1,01,B02
200500023562,0,07,000,02,0,3,01,A01
200500023563,0,07,000,13,0,7,01,A01
200500023564,0,02,000,00,2,1,01,A01
200500023564,0,18,001,00,2,1,01,B02
200500023565,0,07,000,00,2,3,00,A01
200500023565,0,07,000,00,0,8,19,B02
200500023566,0,01,000,00,2,1,01,A01
200500023566,0,07,000,00,9,8,01,B02
200500023566,0,07,000,00,2,1,01,C03
200500023567,0,01,000,06,0,1,14,A01
200500023568,0,07,000,02,0,9,01,A01
200500023569,0,07,000,16,0,1,01,A01
200500023570,0,01,000,00,2,3,09,A01
200500023570,0,07,000,00,1,7,12,B02
200500023571,0,07,000,00,2,1,23,A01
200500023572,0,02,000,02,0,1,01,A01
200500023573,0,02,000,00,2,1,17,A01
200500023573,0,07,000,00,2,8,11,B02
200500023574,0,07,000,16,0,9,01,A01
200500023575,0,07,000,02,0,1,13,A01
200500023576,0,07,000,00,2,1,17,A01
200500023576,0,07,000,00,2,1,01,B02
200500023576,0,07,000,00,2,3,01,C03
200500023577,0,07,000,00,0,2,10,A01
200500023577,0,05,000,00,0,3,01,B02
200500023578,0,05,000,02,0,1,01,A01
200500023579,0,07,000,00,2,2,01,A01
200500023579,0,01,000,00,0,4,01,B02
200500023580,0,02,000,00,2,1,19,A01
200500023580,0,07,000,00,2,2,01,B02
200500023581,0,07,000,00,2,5,06,A01
200500023581,0,05,000,00,2,1,01,B02
200500023582,0,07,000,00,2,0,01,A01
200500023582,0,14,000,00,0,0,01,B02
200500023583,0,07,000,00,2,7,02,A01
200500023583,0,07,000,00,2,8,02,B02
200500023584,0,07,000,00,2,3,01,B02
200500023584,0,07,000,00,2,2,01,A01
200500023585,0,02,000,00,0,0,01,A01
200500023586,0,07,000,00,2,1,01,A01
200500023586,0,05,000,00,2,1,13,B02
200500023587,0,07,000,00,2,1,13,A01
200500023587,0,07,000,00,2,1,01,B02
200500023588,0,07,000,00,1,2,01,A01
200500023589,0,05,000,00,2,1,01,A01
200500023589,0,07,000,06,2,3,16,B02
200500023590,0,07,000,00,2,1,13,A01
200500023590,0,07,000,00,2,1,01,B02
200500023591,0,05,000,16,0,1,01,A01
200500023592,0,02,000,00,2,1,01,A01
200500023592,0,07,000,00,2,6,11,B02
200500023593,0,07,000,00,2,8,05,A01
200500023593,0,07,000,00,2,3,15,B02
200500023594,0,07,000,06,0,1,13,A01
200500023595,0,07,000,00,2,3,09,A01
200500023595,0,07,000,00,2,2,01,B02
200500023596,0,07,000,08,0,1,01,A01
200500023597,0,07,000,11,0,3,13,A01
200500023598,0,05,000,00,2,1,13,A01
200500023598,0,07,000,00,2,2,01,B02
200500023599,0,07,000,02,0,1,01,A01
200500023600,0,07,000,00,2,3,01,A01
200500023600,0,05,000,00,2,7,19,B02
200500023601,0,07,000,00,0,2,01,A01
200500023602,0,07,000,00,1,2,02,A01
200500023603,0,07,000,00,2,7,15,A01
200500023603,0,07,000,00,2,1,01,B02
200500023604,0,07,000,00,2,3,01,A01
200500023604,0,07,000,00,2,3,01,B02
200500023605,0,07,000,00,2,1,01,A01
200500023605,1,07,000,00,2,5,19,B02
200500023606,0,07,000,13,0,2,01,A01
200500023607,0,10,000,00,9,2,15,A01
200500023607,0,01,000,00,2,1,01,B02
200500023608,0,07,000,00,0,0,00,A01
200500023609,0,07,000,00,2,5,13,A01
200500023609,0,07,000,00,2,1,00,B02
200500023610,0,07,000,08,0,2,02,A01
200500023610,0,07,000,08,0,1,01,B02
200500023611,0,07,000,00,2,1,01,A01
200500023611,0,07,000,00,2,8,15,B02
200500023612,0,07,000,00,2,1,01,A01
200500023612,0,07,000,00,2,8,19,B02
200500023613,0,05,000,00,2,1,19,A01
200500023613,0,07,000,00,2,2,02,B02
200500023614,0,07,000,00,2,1,17,A01
200500023614,0,07,000,00,2,1,01,B02
200500023615,0,07,000,00,2,3,09,A01
200500023615,0,02,000,00,2,1,01,B02
200500023616,0,07,000,00,2,1,05,A01
200500023616,0,07,000,00,2,1,01,B02
200500023617,0,07,000,00,0,1,01,A01
200500023618,0,07,000,00,0,3,11,A01
200500023618,0,02,000,00,0,1,01,B02
200500023619,0,05,000,00,2,1,02,A01
200500023619,0,05,000,00,2,1,02,B02
200500023619,0,07,000,00,2,8,15,C03
200500023620,0,07,000,02,0,8,01,A01
200500023621,0,07,000,00,2,3,01,A01
200500023621,0,02,000,00,2,8,01,B02
200500023622,0,07,000,11,0,2,14,A01
200500023623,0,07,000,00,2,3,19,A01
200500023623,0,07,000,00,2,2,01,B02
200500023624,0,07,000,13,0,1,01,A01
200500023625,0,07,000,00,2,7,15,A01
200500023625,0,05,000,00,2,1,02,B02
200500023626,0,07,000,00,2,3,01,A01
200500023626,2,07,000,00,2,3,13,B02
200500023627,0,07,000,00,6,0,01,A01
200500023628,0,07,000,00,2,1,00,A01
200500023628,0,02,000,12,2,1,00,B02
200500023629,0,07,000,00,2,3,15,A01
200500023629,0,07,000,00,2,3,01,B02
200500023630,0,07,000,06,0,3,13,A01
200500023631,0,07,000,00,1,3,01,A01
200500023632,0,07,000,13,0,1,01,A01
200500023633,0,07,000,00,2,3,13,A01
200500023633,0,14,000,00,2,8,00,B02
200500023634,0,14,000,00,2,2,09,A01
200500023634,0,02,000,00,2,1,13,B02
200500023635,0,07,000,00,2,3,17,A01
200500023635,0,07,000,00,2,3,01,B02
200500023636,0,09,000,00,2,1,01,A01
200500023636,0,07,000,00,2,2,01,B02
200500023637,0,07,000,00,1,1,01,A01
200500023638,0,07,000,00,0,4,15,A01