Num_Acc,senc,catv,occutc,obs,obsm,choc,manv,num_veh
200500024405,0,07,000,00,2,2,02,A01
200500024405,0,01,000,00,2,4,02,B02
200500024406,0,07,000,00,0,6,15,A01
200500024406,0,05,000,00,2,1,17,B02
200500024407,0,05,000,00,0,8,02,A01
200500024408,0,07,000,00,2,1,01,A01
200500024408,0,07,000,00,2,2,19,B02
200500024409,0,07,000,00,2,3,21,A01
200500024409,0,07,000,00,2,1,01,B02
200500024409,0,07,000,00,2,9,15,C03
200500024410,0,07,000,00,2,3,01,A01
200500024410,0,02,000,00,0,7,01,B02
200500024411,0,07,000,02,0,1,01,A01
200500024412,0,07,000,00,2,1,17,A01
200500024412,0,02,000,00,0,6,15,B02
200500024413,0,07,000,13,0,9,14,A01
200500024414,0,07,000,16,0,3,17,A01
200500024415,0,07,000,00,2,2,01,A01
200500024415,0,07,000,00,2,3,19,B02
200500024415,0,07,000,00,2,3,00,C03
200500024416,0,07,000,00,2,3,01,A01
200500024416,0,07,000,00,2,8,15,B02
200500024417,0,07,000,00,2,3,13,A01
200500024417,0,07,000,00,2,3,01,B02
200500024417,0,07,000,00,2,4,01,C03
200500024418,0,07,000,02,0,7,01,A01
200500024419,0,07,000,13,0,1,01,A01
200500024420,0,07,000,03,0,5,00,A01
200500024421,0,07,000,02,0,1,14,A01
200500024422,0,07,000,00,0,3,05,A01
200500024422,0,07,000,00,0,3,05,B02
200500024423,0,07,000,00,1,2,00,A01
200500024424,0,05,000,00,2,1,17,A01
200500024424,0,07,000,00,0,8,15,B02
200500024425,0,07,000,00,2,3,02,A01
200500024425,0,17,000,00,2,3,01,B02
200500024425,0,07,000,00,2,1,02,C03
200500024426,0,05,000,06,0,1,01,A01
200500024427,0,07,000,00,2,2,15,A01
200500024427,0,01,000,00,2,1,01,B02
200500024428,0,07,000,00,0,1,13,A01
200500024428,0,07,000,00,0,1,01,B02
200500024429,0,14,000,00,2,8,01,A01
200500024429,0,02,000,00,2,1,01,B02
200500024430,0,07,000,02,0,7,14,A01
200500024431,0,07,000,10,0,1,01,A01
200500024432,0,07,000,00,2,1,05,A01
200500024432,0,07,000,00,2,1,01,B02
200500024433,0,07,000,00,2,1,01,A01
200500024433,0,99,000,00,2,3,01,B02
200500024434,0,07,000,02,0,2,01,A01
200500024435,0,07,000,00,2,1,16,A01
200500024435,0,07,000,00,2,1,01,B02
200500024436,0,07,000,00,2,5,16,A01
200500024436,0,05,000,00,2,1,01,B02
200500024437,0,07,000,00,0,9,01,A01
200500024438,0,05,000,00,2,3,17,A01
200500024438,0,07,000,00,9,6,15,B02
200500024439,0,07,000,00,2,1,01,A01
200500024439,0,07,000,00,2,0,01,B02
200500024440,0,05,000,00,2,1,01,A01
200500024440,0,13,000,00,0,7,15,B02
200500024441,0,07,000,04,0,4,01,A01
200500024441,0,07,000,01,0,9,01,B02
200500024442,0,07,000,04,2,2,14,A01
200500024442,0,17,000,00,2,6,01,B02
200500024443,0,07,000,00,1,4,04,A01
200500024444,0,07,000,13,0,1,14,A01
200500024445,0,07,000,03,0,0,17,A01
200500024446,0,07,000,04,0,1,21,A01
200500024447,0,07,000,00,2,1,01,A01
200500024447,0,17,000,00,0,4,01,B02
200500024448,0,17,000,03,0,1,01,A01
200500024448,0,17,000,00,9,6,01,B02
200500024448,0,07,000,14,0,1,17,C03
200500024449,0,07,000,00,2,2,02,A01
200500024449,0,15,000,00,0,6,02,B02
200500024450,0,17,000,04,2,1,06,A01
200500024450,0,14,000,00,2,1,01,B02
200500024450,0,17,000,00,2,6,01,C03
200500024451,0,07,000,00,2,2,12,A01
200500024451,0,07,000,00,0,6,01,B02
200500024452,0,07,000,03,2,2,01,A01
200500024452,0,10,000,00,2,2,01,B02
200500024453,0,15,000,01,0,1,01,A01
200500024453,0,17,000,00,0,4,23,B02
200500024454,0,07,000,03,0,3,01,A01
200500024455,0,07,000,00,2,1,02,A01
200500024455,0,07,000,00,2,4,02,B02
200500024456,0,07,000,00,2,2,17,A01
200500024456,0,07,000,00,2,4,01,B02
200500024456,0,07,000,03,2,6,01,C03
200500024456,0,07,000,00,2,1,21,D04
200500024456,0,07,000,00,2,1,21,E05
200500024456,0,17,000,00,2,8,20,F06
200500024456,0,07,000,00,2,4,24,G07
200500024456,0,17,000,00,2,4,20,H08
200500024456,0,17,000,00,2,1,01,I09
200500024457,0,07,000,03,0,1,01,A01
200500024458,0,07,000,00,2,1,02,A01
200500024458,0,17,000,00,2,6,01,B02
200500024458,0,07,000,14,0,7,12,C03
200500024458,0,07,000,14,0,1,01,D04
200500024458,0,07,000,14,0,1,01,E05
200500024458,0,07,000,14,0,1,01,F06
200500024459,0,07,000,02,0,1,13,A01
200500024460,0,17,000,00,0,4,02,A01
200500024460,0,17,000,00,2,1,02,B02
200500024461,0,15,000,00,0,5,01,A01
200500024461,0,07,000,00,2,3,01,B02
200500024462,0,07,000,00,2,0,01,B02
200500024462,0,17,000,00,2,0,01,A01
200500024463,0,05,000,16,0,7,01,A01
200500024463,0,05,000,00,0,7,21,B02
200500024464,0,07,000,00,2,1,14,A01
200500024464,0,15,000,00,0,4,01,B02
200500024465,0,07,000,11,0,1,01,A01
200500024466,0,07,000,04,0,1,01,A01
200500024467,0,07,000,03,0,1,14,A01
200500024468,0,07,000,03,2,2,01,A01
200500024468,0,07,000,03,2,4,17,B02
200500024469,0,07,000,03,0,2,01,A01
200500024470,0,17,000,00,1,2,01,A01
200500024470,0,17,000,00,0,0,00,B02
200500024471,0,07,000,00,2,2,14,A01
200500024471,0,17,000,00,2,6,02,B02
200500024472,0,07,000,00,2,2,17,A01
200500024472,0,15,000,00,2,6,01,B02
200500024473,0,07,000,00,2,2,01,A01
200500024473,0,07,000,00,2,5,01,B02
200500024474,0,05,000,00,2,1,01,A01
200500024474,0,07,000,00,2,2,15,B02
200500024475,0,05,000,00,2,1,01,A01
200500024475,0,07,000,00,2,3,00,B02
200500024476,1,07,000,00,1,1,02,A01
200500024477,2,02,000,00,0,1,01,A01
200500024478,0,07,000,13,0,7,01,A01
200500024479,0,07,000,00,1,3,01,A01
200500024480,0,07,000,04,0,1,01,A01
200500024481,0,07,000,04,0,3,00,A01
200500024482,0,07,000,04,0,1,13,A01
200500024483,0,17,000,00,2,2,02,A01
200500024483,0,17,000,00,0,6,02,B02
200500024484,0,07,000,04,0,1,01,A01
200500024485,0,07,000,00,2,7,01,A01
200500024485,0,07,000,00,0,8,01,B02
200500024486,0,07,000,04,2,8,13,A01
200500024486,0,15,000,00,1,1,01,B02
200500024486,0,07,000,00,1,1,01,C03
200500024487,0,07,000,04,0,1,01,A01
200500024488,0,07,000,03,2,1,14,A01
200500024488,0,07,000,00,2,1,01,B02
200500024488,0,07,000,00,9,1,01,C03
200500024489,0,07,000,06,0,2,17,A01
200500024490,0,07,000,00,2,1,05,A01
200500024490,0,07,000,00,2,1,01,B02
200500024491,0,07,000,00,6,1,01,A01
200500024492,0,05,000,00,0,7,01,A01
200500024493,0,07,000,00,2,1,01,A01
200500024493,0,07,000,00,2,1,00,B02
200500024494,0,07,000,13,0,8,13,A01
200500024495,0,10,000,00,2,2,17,A01
200500024495,0,15,000,00,0,6,01,B02
200500024496,0,07,000,13,0,1,21,A01
200500024497,0,17,000,03,0,1,06,A01
200500024498,0,07,000,00,0,1,17,A01
200500024499,0,07,000,00,2,1,09,A01
200500024499,0,07,000,00,2,7,01,B02
200500024500,0,07,000,02,0,3,01,A01
200500024501,0,05,000,00,2,1,13,A01
200500024501,0,07,000,00,2,2,01,B02
200500024502,0,02,000,01,0,1,02,A01
200500024502,0,07,000,00,0,5,23,B02
200500024503,0,07,000,00,0,8,15,A01
200500024503,0,07,000,00,0,1,01,B02
200500024504,0,07,000,00,2,6,10,A01
200500024504,0,05,000,00,2,1,01,B02
200500024505,0,07,000,13,2,1,17,A01
200500024506,0,07,000,00,2,1,15,A01
200500024506,0,07,000,00,2,1,01,B02
200500024507,0,07,000,00,0,4,23,A01
200500024507,0,07,000,01,0,1,09,B02
200500024508,0,07,000,03,0,3,14,A01
200500024509,0,07,000,04,0,7,14,A01
200500024509,0,07,000,03,2,1,21,B02
200500024510,0,05,000,00,0,7,01,A01
200500024511,0,07,000,06,0,1,01,A01
200500024512,0,07,000,08,0,9,00,A01
200500024513,0,05,000,00,2,1,01,A01
200500024513,0,05,000,00,2,1,01,B02
200500024514,0,01,000,00,2,1,13,A01
200500024514,0,07,000,00,2,3,01,B02
200500024515,0,07,000,13,0,1,01,A01
200500024516,0,07,000,13,0,2,01,A01
200500024517,0,07,000,04,0,9,01,A01
200500024518,0,07,000,00,2,2,14,A01
200500024518,0,05,000,00,2,8,01,B02
200500024519,0,05,000,00,2,1,02,A01
200500024519,0,18,020,00,2,6,02,B02
200500024520,0,07,000,00,0,0,02,A01
200500024520,0,01,000,00,0,0,02,B02
200500024521,0,07,000,13,0,1,01,A01
200500024522,1,99,000,00,0,0,00,A01
200500024523,0,07,000,16,0,8,11,A01
200500024524,0,07,000,03,0,8,01,A01
200500024525,0,07,000,03,2,3,01,A01
200500024525,0,07,000,03,2,3,01,B02
200500024526,0,07,000,00,2,1,23,A01
200500024526,0,07,000,00,2,4,23,B02
200500024526,0,07,000,00,2,4,23,C03
200500024526,0,07,000,00,2,4,23,D04
200500024526,0,07,000,00,2,4,23,E05
200500024527,0,07,000,00,2,1,02,A01
200500024527,0,07,000,01,0,1,02,B02
200500024527,0,07,000,00,0,4,02,C03
200500024528,0,07,000,03,0,3,13,A01
200500024528,0,07,000,00,9,3,01,B02
200500024529,0,15,000,00,2,1,02,A01
200500024529,0,07,000,00,0,4,01,B02
200500024530,0,07,000,00,2,2,02,A01
200500024530,0,07,000,00,2,1,02,B02
200500024530,0,18,000,00,2,6,02,C03
200500024531,0,07,000,04,0,1,01,A01
200500024532,0,07,000,03,0,1,17,A01
200500024533,0,08,000,03,0,1,01,A01
200500024534,0,07,000,03,0,1,21,A01
200500024535,0,07,000,00,0,4,02,A01
200500024535,0,07,000,00,2,1,02,B02
200500024536,0,07,000,14,0,2,01,A01
200500024537,0,07,000,00,2,2,01,A01
200500024537,0,07,000,00,0,6,00,B02
200500024538,0,17,000,03,0,8,16,B02
200500024539,0,07,000,00,2,1,02,A01
200500024539,0,07,000,00,0,4,23,B02
200500024540,0,07,000,03,0,2,01,A01
200500024541,0,02,000,00,0,8,00,A01
200500024542,0,07,000,00,0,8,01,A01
200500024543,0,07,000,00,0,0,00,A01
200500024543,0,17,000,00,2,4,01,B02
200500024544,0,07,000,00,0,0,00,A01
200500024544,0,17,000,00,0,0,00,B02
200500024545,0,05,000,00,2,7,06,A01
200500024545,0,07,000,00,2,2,00,B02
200500024546,0,15,000,03,0,2,00,B02
200500024547,0,07,000,00,0,6,02,A01
200500024547,0,07,000,00,0,2,00,B02
200500024548,0,07,000,03,0,0,17,A01
200500024549,0,07,000,03,0,1,01,A01
200500024550,0,07,000,00,2,1,01,A01
200500024550,0,07,000,00,0,4,01,B02
200500024551,0,07,000,02,0,3,13,A01
200500024552,0,07,000,00,0,8,19,A01
200500024552,0,05,000,00,2,1,01,B02
200500024553,0,07,000,00,0,6,01,A01
200500024553,0,07,000,00,2,1,01,B02
200500024554,0,07,000,00,2,8,13,A01
200500024554,0,07,000,00,2,2,01,B02
200500024555,0,07,000,00,2,1,02,A01
200500024555,0,13,000,00,2,1,02,B02
200500024555,0,07,000,00,2,1,02,C03
200500024556,0,07,000,04,0,3,01,A01
200500024557,0,07,000,13,0,2,01,A01
200500024557,0,07,000,13,0,4,01,B02
200500024557,0,07,000,00,2,1,01,C03
200500024558,0,17,000,13,0,3,01,A01
200500024559,0,07,000,00,0,3,09,A01
200500024559,0,07,000,00,2,2,01,B02
200500024560,0,05,000,00,2,1,01,A01
200500024560,0,07,000,00,0,0,00,B02
200500024561,0,07,000,00,1,3,01,A01
200500024562,0,07,000,00,2,2,00,A01
200500024562,0,17,000,00,0,6,00,B02
200500024563,0,07,000,02,2,1,01,A01
200500024564,0,07,000,00,2,4,02,A01
200500024564,0,07,000,01,0,1,02,B02
200500024565,0,07,000,00,0,3,01,A01
200500024565,0,07,000,00,0,4,01,B02
200500024566,0,07,000,00,0,1,01,A01
200500024566,0,02,000,00,0,7,01,B02
200500024567,0,07,000,00,0,3,10,A01
200500024567,0,05,000,00,2,1,01,B02
200500024568,0,07,000,00,2,2,15,A01
200500024568,0,02,000,00,2,1,01,B02
200500024569,0,07,000,00,1,2,01,A01
200500024570,0,05,000,00,0,0,01,A01
200500024571,0,07,000,00,2,3,13,A01
200500024571,0,07,000,00,2,3,01,B02
200500024572,0,02,000,00,2,1,13,A01
200500024572,0,07,000,00,2,3,01,B02
200500024573,0,10,000,00,2,1,19,A01
200500024573,0,07,000,00,0,8,15,B02
200500024574,0,07,000,00,1,2,01,A01
200500024575,0,07,000,00,2,1,01,A01
200500024575,0,02,000,00,2,8,19,B02
200500024576,0,09,000,00,2,6,19,A01
200500024576,0,05,000,00,2,1,01,B02
200500024577,0,18,058,00,2,3,01,A01
200500024577,0,17,000,00,0,0,01,B02
200500024578,0,07,000,00,9,1,01,A01
200500024578,0,01,000,00,0,8,19,B02
200500024579,0,07,000,00,2,3,15,A01
200500024579,0,05,000,00,2,1,01,B02
200500024580,0,07,000,00,2,1,02,A01
200500024580,0,99,000,00,2,4,02,B02
200500024580,0,07,000,00,2,8,05,C03
200500024581,0,07,000,00,2,8,01,A01
200500024581,0,07,000,00,2,3,13,B02
200500024582,0,07,000,00,2,3,15,A01
200500024582,0,05,000,00,2,1,01,B02
200500024583,0,14,000,00,5,1,01,A01
200500024584,0,07,000,13,0,1,01,A01
200500024585,0,02,000,00,0,2,01,A01
200500024586,0,07,000,00,2,3,13,A01
200500024586,0,07,000,00,2,3,01,B02
200500024587,0,13,000,00,9,1,02,A01
200500024587,0,17,000,10,0,2,02,B02
200500024587,0,07,000,00,9,1,02,C03
200500024588,0,07,000,13,0,2,01,A01
200500024589,0,18,024,13,0,7,01,A01
200500024590,0,07,000,02,0,1,01,A01
200500024591,0,07,000,03,0,1,01,A01
200500024591,0,07,000,01,0,1,01,B02
200500024592,0,07,000,08,0,7,01,A01
200500024593,0,02,000,00,0,7,01,A01
200500024594,0,07,000,00,2,2,01,A01
200500024595,0,07,000,03,0,3,13,A01
200500024595,0,07,000,00,2,3,13,B02
200500024596,0,02,000,00,2,7,19,A01
200500024596,0,07,000,00,2,3,01,B02
200500024597,0,07,000,00,0,8,00,A01
200500024598,0,07,000,00,0,7,00,A01
200500024599,0,07,000,00,0,0,01,A01
200500024600,0,07,000,01,2,6,16,A01
200500024600,0,07,000,00,2,2,01,B02
200500024600,0,10,000,00,2,3,23,C03
200500024601,0,07,000,00,0,0,00,A01
200500024601,0,02,000,00,2,1,01,B02
200500024602,0,02,000,00,2,1,16,A01
200500024602,0,10,000,00,2,1,01,B02
200500024603,0,07,000,00,2,2,01,A01
200500024603,0,17,000,00,0,6,01,B02
200500024604,0,07,000,00,0,4,23,A01
200500024604,0,01,000,00,2,1,02,B02
200500024605,0,07,000,00,2,3,15,A01
200500024605,0,05,000,00,2,1,01,B02
200500024606,0,14,000,01,0,2,00,A01
200500024607,0,07,000,00,0,0,00,A01
200500024607,0,07,000,00,2,3,01,B02
200500024608,0,07,000,04,0,3,01,A01
200500024609,0,07,000,00,2,8,17,A01
200500024609,0,17,000,00,0,6,01,B02
200500024610,0,07,000,00,2,4,02,A01
200500024610,0,07,000,00,2,1,02,B02
200500024610,0,07,000,00,2,4,02,C03
200500024611,0,05,000,03,0,8,01,A01
200500024612,0,07,000,03,0,3,01,A01
200500024613,0,07,000,04,0,6,01,A01
200500024614,0,07,000,16,0,7,14,A01
200500024615,0,07,000,00,2,2,19,A01
200500024615,0,07,000,00,2,7,01,B02
200500024616,0,02,000,00,2,1,01,A01
200500024616,0,07,000,00,2,3,19,B02
200500024617,0,07,000,12,0,9,14,A01
200500024618,0,99,000,00,0,8,17,A01
200500024619,0,07,000,00,0,8,01,A01
200500024619,0,07,000,01,0,1,02,B02
200500024619,0,07,000,03,0,1,00,C03
200500024620,0,07,000,13,0,1,01,A01
200500024621,0,07,000,00,2,1,02,A01
200500024621,0,17,000,00,2,5,02,B02
200500024622,0,17,000,03,0,1,01,A01
200500024623,0,17,000,00,0,1,14,A01
200500024624,0,07,000,00,2,1,02,A01
200500024624,0,15,000,00,2,4,02,B02
200500024625,0,07,000,04,0,1,14,A01
200500024626,0,07,000,02,0,2,00,A01
200500024627,0,07,000,03,0,3,01,A01
200500024628,0,17,000,03,0,3,06,A01
200500024629,0,07,000,13,0,9,17,A01
200500024630,0,07,000,02,0,2,01,A01
200500024631,0,07,000,13,0,2,01,A01
200500024632,0,05,000,00,2,1,01,A01
200500024632,0,07,000,00,2,3,15,B02
200500024633,0,17,000,03,0,0,01,B02
200500024634,0,07,000,00,2,8,01,A01
200500024634,0,17,000,00,0,4,01,B02
200500024635,0,07,000,00,2,8,21,A01
200500024635,0,07,000,00,2,7,01,B02
200500024636,0,10,000,03,0,6,00,A01
200500024637,0,07,000,13,0,7,14,A01
200500024638,0,07,000,00,2,8,16,A01
200500024638,0,07,000,00,2,1,01,B02
200500024638,0,07,000,00,2,4,21,C03
200500024639,0,07,000,00,9,3,19,A01
200500024639,0,01,000,00,2,2,01,B02
200500024640,0,15,000,00,0,0,01,A01
200500024640,0,07,000,00,2,0,01,C03
200500024641,0,07,000,13,0,2,14,A01
200500024642,0,07,000,00,2,1,01,A01
200500024642,0,07,000,00,2,6,15,B02
200500024643,0,07,000,00,0,1,00,A01
200500024644,0,07,000,00,2,6,01,A01
200500024644,0,07,000,00,2,4,13,B02
200500024644,0,15,000,00,2,1,21,C03
200500024645,0,07,000,00,0,2,17,A01
200500024645,0,04,000,00,2,3,15,B02
200500024646,0,07,000,00,2,2,17,A01
200500024646,0,15,000,00,0,6,01,B02
200500024647,0,07,000,13,0,2,01,A01
200500024648,0,07,000,13,0,3,01,A01
200500024649,0,05,000,03,0,0,15,A01
200500024650,0,05,000,12,0,7,21,A01
200500024651,0,07,000,02,0,9,01,A01
200500024652,0,07,000,01,0,3,15,A01
200500024652,0,02,000,00,0,1,13,B02
200500024653,0,07,000,00,2,1,13,A01
200500024653,0,17,000,03,0,3,01,B02
200500024654,0,07,000,03,0,2,14,A01
200500024655,0,15,000,03,0,2,01,A01
200500024656,0,07,000,00,2,2,01,A01
200500024656,0,01,000,00,2,1,15,B02
200500024657,0,17,000,06,0,3,01,A01
200500024658,0,07,000,00,2,3,01,A01
200500024658,0,07,000,00,2,3,13,B02
200500024659,0,07,000,00,2,7,01,A01
200500024659,0,07,000,00,2,2,15,B02
200500024659,0,07,000,00,2,1,01,C03
200500024660,0,07,000,00,1,6,04,A01
200500024661,0,02,000,00,2,1,01,A01
200500024661,0,02,000,00,2,1,01,B02
200500024662,0,07,000,00,2,7,02,A01
200500024662,0,07,000,00,2,8,13,B02
200500024663,0,07,000,00,1,1,11,A01
200500024664,0,05,000,00,0,0,01,A01
200500024665,0,07,000,00,2,1,01,A01
200500024665,0,02,000,00,2,7,15,B02
200500024666,0,02,000,00,2,7,01,A01
200500024666,0,21,000,00,2,8,19,B02
200500024667,0,05,000,09,0,1,01,A01
200500024668,0,07,000,00,2,1,13,A01
200500024668,0,17,000,00,2,1,01,B02
200500024668,0,07,000,00,2,1,01,C03
200500024668,0,07,000,00,2,1,01,D04
200500024669,0,07,000,13,0,0,01,A01
200500024670,0,01,000,00,2,1,19,A01
200500024670,0,07,000,00,2,3,01,B02
200500024671,0,07,000,02,2,3,13,A01
200500024671,0,20,000,00,2,6,01,B02
200500024672,0,07,000,00,2,3,01,A01
200500024672,0,07,000,00,2,2,19,C03
200500024672,0,07,000,00,2,1,23,B02
200500024673,0,07,000,00,2,1,00,A01
200500024673,0,07,000,00,2,1,01,B02
200500024674,0,07,000,00,2,2,01,A01
200500024674,0,02,000,00,2,1,13,B02
200500024675,0,07,000,00,1,1,01,A01
200500024676,0,05,000,00,0,8,01,A01
200500024677,0,07,000,06,0,1,01,A01
200500024678,0,07,000,00,0,2,00,A01
200500024679,0,13,000,00,1,3,21,A01
200500024680,0,07,000,00,2,2,15,A01
200500024681,0,07,000,00,2,2,01,A01
200500024681,0,07,000,00,2,3,01,B02
200500024682,0,07,000,00,2,1,15,A01
200500024682,0,02,000,00,2,7,01,B02
200500024683,0,07,000,06,0,3,00,A01
200500024684,0,07,000,00,2,1,01,A01
200500024684,0,07,000,00,0,8,15,B02
200500024685,0,07,000,00,1,1,01,A01
200500024686,0,07,000,00,2,3,19,B02
200500024686,0,07,000,00,2,2,01,A01
200500024687,0,07,000,01,0,4,24,A01
200500024688,0,07,000,00,2,5,10,A01
200500024688,0,05,000,00,2,1,02,B02
200500024689,0,07,000,00,0,4,01,A01
200500024689,0,05,000,00,0,1,00,B02
200500024690,0,07,000,00,2,2,17,A01
200500024690,0,07,000,00,2,5,01,B02
200500024691,0,07,000,00,2,3,15,A01
200500024691,0,07,000,00,2,2,01,B02
200500024692,0,07,000,02,0,3,01,A01
200500024693,0,07,000,00,2,1,11,A01
200500024693,0,07,000,05,0,3,01,B02
200500024694,0,07,000,00,2,3,01,A01
200500024694,0,07,000,00,2,2,19,B02
200500024695,0,07,000,00,0,0,00,A01
200500024695,0,07,000,00,2,2,01,B02
200500024696,0,07,000,00,2,2,15,A01
200500024696,0,02,000,00,2,1,01,B02
200500024697,0,05,000,12,0,1,01,A01
200500024698,0,05,000,06,0,1,01,A01
200500024699,0,07,000,00,9,1,01,A01
200500024699,0,01,000,00,2,8,15,B02
200500024700,0,07,000,00,2,8,15,A01
200500024700,0,07,000,00,2,1,01,B02
200500024701,0,05,000,00,2,0,05,A01
200500024701,0,07,000,00,2,3,00,B02
200500024702,0,02,000,06,0,1,01,A01
200500024703,0,02,000,00,2,1,01,A01
200500024703,0,02,000,00,2,1,05,B02
200500024704,0,05,000,01,0,1,13,A01
200500024705,1,07,000,00,1,0,01,A01
200500024706,0,07,000,00,2,8,01,A01
200500024706,0,17,000,00,2,2,00,B02
200500024707,0,07,000,00,0,9,14,A01
200500024708,0,05,000,13,0,1,01,A01
200500024709,0,07,000,00,2,1,19,A01
200500024709,0,07,000,00,2,8,01,B02
200500024710,0,07,000,02,0,2,01,A01
200500024711,0,07,000,00,2,3,01,A01
200500024711,0,07,000,00,2,2,01,B02
200500024712,0,07,000,00,2,7,01,A01
200500024712,0,07,000,00,2,1,01,B02
200500024713,0,02,000,00,2,1,02,A01
200500024713,0,07,000,00,9,8,10,B02
200500024714,0,04,000,00,9,1,01,A01
200500024714,0,01,000,00,9,4,01,B02
200500024715,0,07,000,00,1,5,20,A01
200500024716,0,05,000,00,2,1,13,A01
200500024716,0,07,000,00,2,3,19,B02
200500024717,0,07,000,00,2,1,01,A01
200500024717,0,07,000,00,2,4,01,B02
200500024718,0,07,000,12,0,1,01,A01
200500024719,0,02,000,00,2,8,13,A01
200500024719,0,07,000,00,2,3,01,B02
200500024720,0,07,000,00,0,9,01,A01
200500024721,0,05,000,00,0,7,01,A01
200500024721,0,05,000,00,2,1,01,B02
200500024721,0,07,000,00,2,1,19,C03
200500024722,0,07,000,00,2,8,19,A01
200500024722,0,07,000,00,2,1,01,B02
200500024723,0,07,000,00,2,3,10,A01
200500024723,0,02,000,00,2,1,01,B02
200500024724,0,02,000,00,2,8,15,A01
200500024724,0,07,000,00,2,2,17,B02
200500024725,0,05,000,00,2,8,13,A01
200500024725,0,07,000,00,2,8,01,B02
200500024726,0,07,000,06,0,1,01,A01
200500024727,0,07,000,00,1,1,13,A01
200500024728,0,07,000,00,0,8,01,A01
200500024728,0,02,000,00,0,7,00,B02
200500024729,0,07,000,13,0,8,01,A01
200500024730,0,05,000,08,2,3,01,A01
200500024730,0,07,000,00,2,1,19,B02
200500024731,0,07,000,00,2,7,15,A01
200500024731,0,04,000,00,2,1,17,B02
200500024732,0,07,000,08,0,7,01,A01
200500024733,0,07,000,00,2,2,15,A01
200500024733,0,05,000,00,2,8,01,B02
200500024734,0,02,000,01,0,1,01,A01
200500024735,0,07,000,00,0,7,01,A01
200500024736,0,07,000,00,2,1,15,A01
200500024736,0,07,000,00,2,3,01,B02
200500024737,0,07,000,00,2,3,01,A01
200500024737,0,07,000,00,0,3,00,B02
200500024738,0,07,000,15,0,9,01,A01
200500024739,0,07,000,00,2,3,13,A01
200500024740,0,07,000,01,0,7,01,A01
200500024741,0,07,000,00,2,3,01,A01
200500024741,0,02,000,00,2,1,15,B02
200500024742,0,02,000,00,2,1,17,A01
200500024742,0,21,000,00,2,3,15,B02
200500024743,0,02,000,00,2,2,17,A01
200500024743,0,07,000,00,2,8,15,B02
200500024744,0,07,000,00,2,1,17,A01
200500024744,0,07,000,00,2,1,01,B02
200500024745,0,07,000,02,0,8,17,A01
200500024746,0,08,000,02,0,8,01,A01
200500024747,0,07,000,00,2,1,00,A01
200500024747,0,10,000,00,2,3,19,B02
200500024748,0,07,000,00,2,1,01,A01
200500024748,0,07,000,00,2,4,15,B02
200500024749,0,05,000,13,0,7,01,A01
200500024750,0,07,000,00,1,3,01,A01
200500024751,0,10,000,00,2,3,15,A01
200500024751,0,05,000,00,2,1,01,B02
200500024752,0,10,000,00,1,4,04,A01
200500024753,0,07,000,00,2,4,02,A01
200500024753,0,02,000,00,2,1,02,B02
200500024754,0,07,000,13,0,1,00,A01
200500024755,0,02,000,03,0,7,01,A01
200500024756,0,07,000,08,0,6,01,A01
200500024757,0,15,000,00,2,2,01,A01
200500024757,0,07,000,00,2,3,19,B02
200500024758,0,07,000,00,2,7,17,A01
200500024758,0,01,000,00,0,8,01,B02
200500024759,0,07,000,00,9,3,01,A01
200500024759,0,01,000,00,2,8,19,B02
200500024760,0,07,000,00,2,8,15,A01
200500024760,0,07,000,00,2,1,01,B02
200500024761,0,07,000,00,0,9,01,A01
200500024762,0,07,000,02,0,9,01,A01
200500024763,0,07,000,00,1,2,01,A01
200500024764,1,07,000,00,1,2,02,A01
200500024765,0,02,000,12,0,3,13,A01
200500024766,0,07,000,16,0,9,01,A01
200500024767,0,07,000,06,0,2,01,A01
200500024768,0,07,000,02,0,3,13,A01
200500024769,0,02,000,00,2,1,17,A01
200500024769,0,07,000,00,2,8,15,B02
200500024770,0,05,000,13,0,0,01,A01
200500024771,0,05,000,08,0,1,14,A01
200500024772,0,99,000,15,0,1,02,A01
200500024773,0,07,000,16,0,9,14,A01
200500024774,0,07,000,06,0,1,02,A01
200500024775,0,05,000,00,6,1,01,A01
200500024776,0,07,000,00,1,2,01,A01
200500024777,0,14,000,00,2,7,01,A01
200500024777,0,07,000,00,2,3,16,B02
200500024778,0,07,000,06,0,6,05,A01
200500024779,0,07,000,00,2,3,15,A01
200500024779,0,07,000,00,2,2,17,B02
200500024780,0,07,000,00,2,1,17,A01
200500024780,0,07,000,00,2,1,01,B02
200500024781,0,07,000,00,2,1,13,A01
200500024781,0,07,000,00,2,1,01,B02
200500024782,0,07,000,00,2,1,13,A01
200500024782,0,07,000,00,2,3,01,B02
200500024783,0,17,000,00,0,4,00,A01
200500024783,0,17,000,00,2,1,02,B02
200500024784,0,05,000,00,2,2,17,A01
200500024784,0,07,000,00,2,8,15,B02
200500024785,0,07,000,00,2,3,01,A01
200500024785,0,07,000,00,2,3,05,B02
200500024786,0,07,000,13,0,0,13,A01
200500024787,0,07,000,00,2,2,15,A01
200500024787,0,07,000,00,2,7,01,B02
200500024788,0,02,000,00,2,1,13,A01
200500024788,0,07,000,00,2,1,01,B02
200500024789,0,07,000,00,1,2,01,A01
200500024790,0,07,000,00,2,1,15,A01
200500024790,0,05,000,00,2,1,01,B02
200500024791,0,07,000,00,1,2,02,A01
200500024792,0,07,000,00,2,3,09,A01
200500024792,0,02,000,00,2,1,01,B02