Num_Acc,senc,catv,occutc,obs,obsm,choc,manv,num_veh
200500025940,0,07,000,00,2,2,13,A01
200500025940,0,07,000,00,2,3,01,B02
200500025941,0,07,000,00,2,3,01,A01
200500025941,0,02,000,00,2,6,09,B02
200500025942,0,07,000,00,1,1,01,A01
200500025943,0,10,000,13,0,1,00,A01
200500025944,0,07,000,13,0,3,01,A01
200500025945,0,07,000,00,2,3,13,A01
200500025945,0,07,000,00,2,3,01,B02
200500025946,0,05,000,00,0,2,01,A01
200500025947,0,07,000,00,2,1,01,A01
200500025947,0,18,014,00,2,4,01,B02
200500025948,0,07,000,03,0,1,00,A01
200500025949,0,07,000,00,0,0,01,A01
200500025950,0,21,000,00,0,0,01,A01
200500025951,0,07,000,00,2,3,01,A01
200500025951,0,01,000,00,2,3,17,B02
200500025952,0,02,000,00,0,8,15,A01
200500025952,0,02,000,00,0,5,13,B02
200500025953,0,07,000,12,0,1,17,A01
200500025954,0,03,000,00,2,1,15,B02
200500025954,0,05,000,00,2,7,01,A01
200500025955,0,07,000,00,2,8,15,A01
200500025955,0,05,000,00,2,2,17,B02
200500025956,0,07,000,00,0,3,01,A01
200500025956,0,04,000,00,0,1,13,B02
200500025957,0,07,000,00,0,8,01,A01
200500025957,0,10,000,00,0,3,15,B02
200500025958,0,07,000,00,2,3,13,A01
200500025958,0,07,000,00,2,3,01,B02
200500025959,0,05,000,00,2,1,01,A01
200500025959,0,07,000,00,2,3,15,B02
200500025960,0,07,000,00,2,2,17,A01
200500025960,0,21,000,00,2,6,15,B02
200500025961,0,02,000,00,2,1,01,A01
200500025961,0,07,000,00,2,3,19,B02
200500025962,0,05,000,16,0,0,01,A01
200500025963,0,07,000,00,2,1,15,A01
200500025963,0,02,000,00,2,3,01,B02
200500025964,0,07,000,00,1,3,01,A01
200500025965,0,07,000,00,2,6,15,A01
200500025965,0,07,000,00,2,1,01,B02
200500025966,0,07,000,00,0,1,14,A01
200500025967,0,07,000,00,2,4,02,A01
200500025967,0,07,000,00,2,1,01,B02
200500025968,0,05,000,00,0,2,16,A01
200500025969,0,07,000,00,0,0,19,B02
200500025969,0,05,000,00,2,0,01,A01
200500025970,0,07,000,00,0,9,00,A01
200500025971,0,07,000,00,6,1,14,A01
200500025972,0,05,000,08,0,0,01,A01
200500025973,0,05,000,13,0,1,21,A01
200500025974,1,99,000,00,0,0,00,A01
200500025975,0,07,000,00,2,3,01,A01
200500025975,0,18,025,00,2,2,01,B02
200500025976,0,02,000,00,2,2,01,A01
200500025976,0,07,000,00,2,3,19,B02
200500025977,0,07,000,00,2,2,19,A01
200500025977,0,07,000,00,2,3,01,B02
200500025978,0,04,000,06,0,1,01,A01
200500025979,0,07,000,02,0,1,01,A01
200500025980,0,07,000,00,1,2,01,A01
200500025981,0,05,000,00,2,3,15,A01
200500025981,0,05,000,00,2,1,01,B02
200500025982,0,07,000,00,2,5,15,B02
200500025982,0,07,000,00,2,3,01,A01
200500025983,0,07,000,02,0,8,01,A01
200500025984,0,07,000,00,0,7,21,A01
200500025984,0,01,000,00,2,8,01,B02
200500025985,0,07,000,00,2,2,01,A01
200500025985,0,07,000,00,2,3,01,B02
200500025986,0,07,000,00,2,1,19,A01
200500025986,0,07,000,00,2,8,01,B02
200500025987,0,02,000,00,2,8,19,A01
200500025987,0,07,000,00,2,7,01,B02
200500025988,0,02,000,00,2,1,01,A01
200500025988,0,10,000,00,2,7,01,B02
200500025989,0,07,000,00,1,0,01,A01
200500025990,0,01,000,00,0,2,01,A01
200500025991,0,05,000,00,2,2,13,A01
200500025991,0,18,035,00,2,1,01,B02
200500025992,0,01,000,00,0,0,00,A01
200500025993,0,05,000,00,2,1,17,A01
200500025993,0,07,000,00,2,1,01,B02
200500025994,0,13,000,00,2,7,19,A01
200500025994,0,99,000,00,2,1,01,B02
200500025995,0,02,000,00,2,8,15,A01
200500025995,0,07,000,00,2,7,17,B02
200500025996,0,07,000,00,2,3,01,A01
200500025996,0,13,000,00,2,2,19,B02
200500025997,0,05,000,00,2,8,01,A01
200500025997,0,05,000,00,2,8,01,B02
200500025998,0,07,000,02,0,3,01,A01
200500025999,0,07,000,00,0,8,15,A01
200500025999,0,05,000,00,2,1,01,B02
200500026000,0,05,000,00,2,1,01,A01
200500026000,0,14,000,00,2,8,15,B02
200500026001,0,02,000,00,2,9,19,A01
200500026001,0,07,000,00,2,1,01,B02
200500026002,0,07,000,10,0,1,15,A01
200500026003,0,07,000,13,0,1,01,A01
200500026004,0,02,000,00,0,3,01,A01
200500026005,0,01,000,00,0,2,01,A01
200500026006,0,05,000,00,2,5,02,A01
200500026006,0,07,000,00,0,3,15,B02
200500026007,0,07,000,00,2,1,02,A01
200500026007,0,07,000,00,1,4,01,B02
200500026008,0,07,000,00,0,5,15,A01
200500026008,0,02,000,00,2,1,01,B02
200500026009,0,04,000,00,2,1,01,A01
200500026009,0,10,000,00,2,1,20,B02
200500026010,0,05,000,00,2,1,02,A01
200500026010,0,07,000,00,0,4,15,B02
200500026011,0,07,000,16,0,9,01,A01
200500026012,0,07,000,00,2,1,15,A01
200500026012,0,07,000,00,2,1,01,B02
200500026013,0,05,000,00,2,0,21,A01
200500026013,1,10,000,00,2,0,17,B02
200500026014,0,02,000,15,2,1,17,A01
200500026014,0,07,000,00,2,3,15,B02
200500026015,0,07,000,00,9,6,01,A01
200500026015,0,01,000,00,2,1,13,B02
200500026016,0,10,000,02,2,1,13,A01
200500026016,0,05,000,02,2,8,01,B02
200500026017,0,05,000,00,2,8,18,A01
200500026017,0,17,000,00,2,2,02,B02
200500026018,0,02,000,00,2,1,09,A01
200500026018,0,07,000,00,2,2,01,B02
200500026019,0,07,000,06,0,2,14,A01
200500026020,0,07,000,02,0,6,01,A01
200500026021,0,07,000,00,2,3,17,A01
200500026021,0,07,000,00,2,3,01,B02
200500026022,0,07,000,00,2,1,13,A01
200500026022,0,07,000,00,2,9,15,B02
200500026023,0,07,000,00,0,3,01,A01
200500026024,0,07,000,00,2,8,19,A01
200500026024,0,13,000,00,2,1,01,B02
200500026025,0,07,000,00,2,2,21,A01
200500026025,0,07,000,00,2,6,01,B02
200500026026,0,07,000,00,2,2,00,A01
200500026026,0,07,000,00,2,1,01,B02
200500026027,0,05,000,00,0,8,14,A01
200500026028,0,07,000,00,0,6,01,A01
200500026028,0,02,000,00,0,1,11,B02
200500026029,0,05,000,00,0,7,01,A01
200500026029,0,15,000,00,0,8,18,B02
200500026030,0,15,000,00,0,8,13,A01
200500026030,0,15,000,00,0,3,01,B02
200500026031,0,07,000,00,1,2,01,A01
200500026032,0,07,000,13,0,9,13,A01
200500026033,0,07,000,00,0,0,01,A01
200500026034,0,07,000,00,2,1,01,A01
200500026034,0,03,000,00,2,6,19,B02
200500026035,0,07,000,00,0,2,01,A01
200500026035,0,07,000,00,0,3,15,B02
200500026036,0,07,000,00,9,3,01,A01
200500026036,0,01,000,00,2,5,01,B02
200500026037,0,05,000,00,0,8,01,A01
200500026038,0,07,000,00,2,6,01,A01
200500026039,0,07,000,00,2,1,01,A01
200500026039,0,07,000,00,2,1,17,B02
200500026040,0,10,000,00,2,3,01,A01
200500026040,0,07,000,00,2,8,15,B02
200500026041,0,05,000,00,2,1,13,A01
200500026041,0,07,000,00,2,3,01,B02
200500026042,0,02,000,00,0,8,13,A01
200500026042,0,07,000,00,0,8,01,B02
200500026043,0,07,000,00,9,2,02,A01
200500026043,0,01,000,00,0,4,01,B02
200500026044,0,07,000,00,2,3,01,A01
200500026044,0,07,000,00,2,3,01,B02
200500026045,0,02,000,00,2,1,13,A01
200500026045,0,07,000,00,2,1,01,B02
200500026046,0,07,000,00,1,2,01,A01
200500026047,0,07,000,00,1,1,01,A01
200500026048,0,07,000,00,2,1,01,A01
200500026048,0,02,000,00,2,8,15,B02
200500026049,0,07,000,00,1,2,01,A01
200500026050,0,07,000,00,2,1,01,A01
200500026050,0,07,000,00,2,8,15,B02
200500026051,0,07,000,02,0,8,01,A01
200500026052,0,07,000,06,1,3,13,A01
200500026053,0,02,000,16,6,1,21,A01
200500026054,0,07,000,02,6,1,01,A01
200500026055,0,02,000,08,0,1,01,A01
200500026056,0,07,000,00,2,1,17,A01
200500026056,0,07,000,00,2,1,01,B02
200500026057,0,07,000,02,0,1,01,A01
200500026058,0,07,000,00,2,2,15,B02
200500026058,0,07,000,06,2,3,01,A01
200500026059,0,07,000,13,2,1,13,A01
200500026059,0,08,000,13,2,1,01,B02
200500026059,0,08,000,00,2,6,01,C03
200500026060,0,07,000,02,0,9,13,A01
200500026061,0,07,000,00,2,3,13,A01
200500026061,0,07,000,00,2,3,01,B02
200500026062,0,02,000,12,0,1,00,A01
200500026063,0,07,000,00,2,3,01,B02
200500026063,0,07,000,00,2,2,01,A01
200500026064,0,07,000,00,0,6,12,A01
200500026064,0,02,000,00,0,0,01,B02
200500026065,0,07,000,00,2,7,01,A01
200500026065,0,07,000,00,2,8,15,B02
200500026066,0,07,000,00,2,3,13,A01
200500026067,0,17,000,02,0,8,01,A01
200500026068,0,07,000,00,0,7,01,A01
200500026068,0,01,000,00,0,1,01,B02
200500026069,0,07,000,13,0,1,01,A01
200500026070,0,07,000,16,0,9,01,A01
200500026071,0,07,000,00,0,9,01,A01
200500026072,0,07,000,00,0,2,01,A01
200500026072,0,07,000,00,0,1,01,B02
200500026073,0,07,000,00,0,1,01,A01
200500026074,0,07,000,00,1,8,01,A01
200500026075,0,07,000,00,0,1,14,A01
200500026076,0,05,000,08,0,0,01,A01
200500026077,0,02,000,12,0,1,17,A01
200500026078,0,07,000,00,2,3,13,A01
200500026078,0,07,000,00,2,3,01,B02
200500026079,0,07,000,00,2,7,19,A01
200500026079,0,07,000,00,2,1,01,B02
200500026080,0,07,000,06,0,1,01,A01
200500026081,0,02,000,00,0,7,01,A01
200500026082,0,07,000,00,9,3,09,A01
200500026082,0,02,000,00,2,1,01,B02
200500026083,0,07,000,00,2,2,01,B02
200500026083,0,07,000,00,2,3,19,A01
200500026084,0,07,000,02,0,1,14,A01
200500026085,0,07,000,02,0,3,13,A01
200500026086,0,07,000,13,0,9,14,A01
200500026087,0,07,000,16,0,7,14,A01
200500026088,0,07,000,00,2,5,17,A01
200500026088,0,15,000,00,2,3,01,B02
200500026089,0,07,000,00,2,5,15,A01
200500026089,0,02,000,00,2,1,01,B02
200500026090,0,07,000,00,2,2,17,A01
200500026090,0,07,000,00,2,6,01,B02
200500026091,0,04,000,06,0,1,01,A01
200500026092,0,02,000,00,2,1,01,B02
200500026092,0,02,000,00,2,1,15,A01
200500026093,0,07,000,00,2,6,15,A01
200500026093,0,05,000,00,2,1,01,B02
200500026094,0,07,000,00,0,7,15,A01
200500026094,0,07,000,00,0,2,01,B02
200500026095,0,07,000,06,0,1,01,A01
200500026096,0,07,000,13,0,2,01,A01
200500026097,0,05,000,00,2,1,13,A01
200500026097,0,13,000,00,2,3,01,B02
200500026098,0,07,000,00,0,1,01,A01
200500026099,0,07,000,02,0,1,13,A01
200500026100,0,07,000,11,0,3,01,A01
200500026101,0,05,000,00,2,8,01,A01
200500026101,0,07,000,00,2,8,15,B02
200500026102,0,05,000,12,0,1,21,A01
200500026103,0,05,000,02,0,1,14,A01
200500026104,0,07,000,00,0,2,01,A01
200500026104,0,02,000,00,0,2,00,B02
200500026105,0,07,000,13,0,1,16,A01
200500026106,0,02,000,00,2,1,01,A01
200500026106,0,10,000,00,2,6,01,B02
200500026107,0,05,000,14,0,7,21,A01
200500026107,0,07,000,00,2,8,23,B02
200500026108,0,07,000,13,0,1,13,A01
200500026109,0,07,000,00,0,0,00,A01
200500026109,0,07,000,00,0,0,00,B02
200500026109,0,07,000,00,2,1,00,C03
200500026110,0,07,000,08,0,9,13,A01
200500026111,0,07,000,02,0,7,01,A01
200500026112,0,07,000,00,2,2,13,A01
200500026112,0,07,000,00,2,3,01,B02
200500026113,0,07,000,13,0,2,01,A01
200500026114,0,05,000,00,2,9,13,A01
200500026114,0,21,000,00,2,6,01,B02
200500026115,0,07,000,13,0,1,17,A01
200500026116,0,02,000,00,2,1,01,A01
200500026116,0,07,000,00,2,3,01,B02
200500026116,0,07,000,00,2,8,19,C03
200500026117,0,09,000,03,0,1,02,A01
200500026117,0,15,000,00,2,1,02,B02
200500026117,0,15,000,00,2,4,02,C03
200500026118,0,18,006,00,2,8,15,A01
200500026118,0,05,000,00,2,1,01,B02
200500026119,0,07,000,00,1,1,15,A01
200500026120,0,10,000,13,0,2,01,A01
200500026121,0,07,000,00,0,0,22,A01
200500026121,0,01,000,01,0,1,01,B02
200500026122,0,07,000,00,0,8,19,A01
200500026122,0,07,000,00,2,1,01,B02
200500026123,0,07,000,00,0,1,00,A01
200500026124,0,07,000,00,2,3,01,A01
200500026124,0,18,048,00,2,3,00,B02
200500026125,0,07,000,13,0,3,11,A01
200500026126,0,07,000,00,2,1,13,A01
200500026126,0,07,000,00,0,6,01,B02
200500026126,0,07,000,00,2,1,01,C03
200500026127,0,01,000,03,0,1,01,A01
200500026128,0,20,000,00,2,1,00,A01
200500026128,0,05,000,00,2,1,01,B02
200500026129,0,07,000,00,2,8,19,A01
200500026129,0,05,000,00,2,1,01,B02
200500026130,0,07,000,00,2,2,01,A01
200500026130,0,02,000,00,2,1,19,B02
200500026131,0,07,000,00,0,1,01,A01
200500026132,0,07,000,00,0,1,00,A01
200500026133,0,20,000,00,1,7,01,A01
200500026134,0,07,000,00,0,2,01,A01
200500026134,0,02,000,00,0,1,16,B02
200500026135,0,07,000,02,0,1,01,A01
200500026136,0,07,000,06,0,3,16,A01
200500026137,0,07,000,00,2,3,01,A01
200500026137,0,05,000,00,2,1,13,B02
200500026138,0,07,000,00,2,1,01,B02
200500026138,0,07,000,00,2,2,01,A01
200500026139,0,07,000,00,2,1,01,A01
200500026139,0,07,000,00,2,1,13,B02
200500026140,0,07,000,00,2,1,13,A01
200500026140,0,17,000,00,2,3,01,B02
200500026141,0,07,000,00,2,1,01,A01
200500026141,0,17,000,00,2,1,01,B02
200500026142,0,07,000,08,0,1,13,A01
200500026143,0,02,000,00,2,1,13,A01
200500026143,0,07,000,00,2,2,01,B02
200500026144,0,15,000,00,2,3,01,A01
200500026144,0,07,000,00,2,3,11,B02
200500026145,0,07,000,00,2,1,11,A01
200500026145,0,09,000,00,2,1,01,B02
200500026146,0,05,000,00,2,1,17,A01
200500026146,0,07,000,00,2,8,15,B02
200500026147,0,02,000,00,6,8,01,A01
200500026148,0,17,000,13,0,1,01,A01
200500026149,0,07,000,00,2,2,19,A01
200500026149,0,02,000,00,2,3,01,B02
200500026150,0,07,000,00,2,3,15,A01
200500026150,0,05,000,00,2,1,17,B02
200500026151,0,05,000,16,0,8,01,A01
200500026152,0,07,000,00,0,1,01,B02
200500026152,0,07,000,00,0,1,19,A01
200500026153,0,07,000,06,0,1,01,A01
200500026154,0,02,000,00,0,8,16,A01
200500026154,0,07,000,00,0,8,15,B02
200500026155,0,07,000,00,2,5,01,A01
200500026155,0,07,000,00,2,2,01,B02
200500026156,0,07,000,02,0,1,00,A01
200500026157,0,05,000,00,2,1,17,A01
200500026157,0,07,000,00,2,6,01,B02
200500026158,0,05,000,00,2,0,02,A01
200500026159,0,07,000,00,2,3,01,A01
200500026159,0,99,000,00,0,0,00,B02
200500026160,0,05,000,00,0,0,01,A01
200500026161,0,07,000,00,2,7,09,A01
200500026161,0,07,000,00,2,3,01,B02
200500026162,0,07,000,00,0,4,13,A01
200500026163,0,07,000,00,2,8,01,A01
200500026163,0,02,000,00,2,1,19,B02
200500026164,0,07,000,08,0,8,01,A01
200500026165,0,07,000,00,2,3,15,A01
200500026165,0,07,000,00,2,1,01,B02
200500026166,0,07,000,00,2,1,00,A01
200500026166,0,07,000,00,2,3,01,B02
200500026167,0,01,000,00,0,4,13,A01
200500026167,0,01,000,00,0,4,01,B02
200500026167,0,01,000,00,0,0,01,C03
200500026167,0,07,000,00,9,4,17,D04
200500026167,0,07,000,00,2,1,17,E05
200500026167,0,07,000,00,2,1,17,F06
200500026168,0,07,000,00,2,1,13,A01
200500026168,0,02,000,00,2,1,01,B02
200500026169,0,07,000,00,2,1,19,A01
200500026169,0,05,000,00,2,8,01,B02
200500026170,0,05,000,00,0,0,01,A01
200500026171,0,13,000,00,0,6,22,A01
200500026171,0,07,000,00,0,8,00,B02
200500026171,0,07,000,00,2,2,00,C03
200500026172,0,07,000,00,2,1,13,A01
200500026172,0,02,000,00,2,1,01,B02
200500026173,0,07,000,00,9,4,23,A01
200500026173,0,01,000,00,2,1,02,B02
200500026174,1,02,000,00,1,2,01,A01
200500026175,0,07,000,00,2,7,01,A01
200500026175,0,05,000,00,2,1,01,B02
200500026176,0,07,000,16,0,0,01,A01
200500026177,0,07,000,06,0,1,14,A01
200500026178,0,07,000,02,0,3,13,A01
200500026179,0,07,000,13,0,1,00,A01
200500026180,0,02,000,00,2,1,01,A01
200500026180,0,07,000,00,2,6,01,B02
200500026181,0,07,000,13,0,3,13,A01
200500026182,0,07,000,16,0,9,01,A01
200500026183,0,07,000,06,0,0,00,A01
200500026184,0,02,000,08,0,1,01,A01
200500026185,0,02,000,00,0,0,00,A01
200500026186,0,05,000,00,2,1,21,A01
200500026186,0,07,000,00,2,8,15,B02
200500026187,0,07,000,00,2,3,17,A01
200500026187,0,05,000,00,2,1,01,B02
200500026188,0,05,000,00,0,7,01,A01
200500026189,0,01,000,00,2,1,02,A01
200500026189,0,01,000,00,2,4,02,B02
200500026190,0,07,000,08,0,2,21,A01
200500026191,0,07,000,02,0,3,14,A01
200500026192,0,07,000,00,0,3,00,A01
200500026192,0,07,000,00,0,3,01,B02
200500026192,0,07,000,00,0,3,00,C03
200500026193,0,07,000,00,1,1,00,A01
200500026194,0,07,000,00,2,2,15,A01
200500026194,0,02,000,00,2,2,13,B02
200500026195,0,07,000,00,9,0,02,A01
200500026195,0,01,000,00,2,0,02,B02
200500026196,0,07,000,00,1,0,00,A01
200500026197,0,07,000,02,0,1,01,A01
200500026198,0,07,000,00,2,7,15,A01
200500026198,0,02,000,00,2,1,01,B02
200500026199,0,05,000,00,2,1,17,A01
200500026199,0,07,000,00,2,6,15,B02
200500026200,0,05,000,12,0,7,01,A01
200500026201,0,07,000,00,2,3,01,A01
200500026201,0,01,000,00,2,1,19,B02
200500026202,0,02,000,06,0,1,01,A01
200500026203,0,07,000,00,2,8,10,A01
200500026203,0,05,000,00,2,1,01,B02
200500026204,0,07,000,00,2,6,13,A01
200500026204,0,07,000,00,2,3,01,B02
200500026205,0,05,000,00,0,7,01,A01
200500026206,0,17,000,00,2,1,01,A01
200500026206,0,07,000,00,2,4,23,B02
200500026206,0,10,000,00,2,4,23,C03
200500026206,0,17,000,00,2,4,23,D04
200500026207,0,07,000,13,0,9,01,A01
200500026208,0,07,000,00,2,1,01,A01
200500026208,0,07,000,00,2,8,16,B02
200500026209,0,02,000,00,2,1,15,A01
200500026209,0,07,000,00,0,3,01,B02
200500026210,0,07,000,00,0,5,15,A01
200500026210,0,02,000,00,0,1,02,B02
200500026211,0,07,000,00,2,3,00,A01
200500026211,0,02,000,00,0,1,17,B02
200500026211,0,07,000,00,0,0,00,C03
200500026212,0,07,000,06,0,3,15,A01
200500026213,0,05,000,03,0,1,01,A01
200500026214,0,02,000,16,0,0,00,A01
200500026215,0,07,000,13,0,2,01,A01
200500026216,0,07,000,06,0,2,01,A01
200500026217,0,07,000,06,0,1,01,A01
200500026218,0,07,000,00,2,5,19,A01
200500026218,0,07,000,00,2,1,01,B02
200500026219,0,02,000,00,0,1,01,A01
200500026219,0,21,000,00,0,3,15,B02
200500026220,0,07,000,13,0,3,13,A01
200500026221,0,05,000,00,2,7,09,A01
200500026221,0,07,000,00,2,3,09,B02
200500026222,0,07,000,13,0,1,01,A01
200500026223,0,05,000,03,0,8,02,A01
200500026224,0,07,000,00,2,2,14,A01
200500026224,0,17,000,00,0,3,00,B02
200500026225,0,07,000,03,0,2,01,A01
200500026226,0,07,000,06,0,1,01,A01
200500026227,0,07,000,00,6,1,13,A01
200500026227,0,07,000,00,2,3,01,B02
200500026227,0,07,000,00,0,3,01,C03
200500026227,0,07,000,03,0,1,21,D04
200500026228,0,05,000,00,2,0,17,A01
200500026228,0,07,000,00,2,3,01,B02
200500026228,0,07,000,00,0,8,02,C03
200500026229,0,07,000,00,1,2,01,A01
200500026230,0,07,000,00,9,1,01,A01
200500026230,0,01,000,00,2,7,21,B02
200500026231,0,07,000,00,2,4,02,A01
200500026231,0,07,000,00,2,1,02,B02
200500026232,0,07,000,04,0,1,01,A01
200500026233,0,07,000,00,2,1,02,A01
200500026233,0,07,000,00,2,4,02,B02
200500026234,0,07,000,00,9,2,01,A01
200500026234,0,01,000,00,2,1,05,B02
200500026235,0,07,000,00,2,5,15,A01
200500026235,0,05,000,00,2,1,01,B02
200500026236,0,07,000,00,0,8,10,A01
200500026236,0,07,000,00,2,1,01,B02
200500026237,0,07,000,00,0,0,01,A01
200500026238,0,07,000,00,2,3,00,A01
200500026239,0,04,000,00,0,3,10,A01
200500026239,0,07,000,00,2,3,01,B02
200500026240,0,10,000,00,2,2,17,A01
200500026240,0,07,000,00,2,3,01,B02
200500026241,0,07,000,02,0,1,01,A01
200500026242,0,07,000,03,0,8,01,A01
200500026243,0,05,000,00,2,0,01,A01
200500026244,0,07,000,13,0,3,01,A01
200500026245,0,04,000,00,0,1,01,A01
200500026246,0,05,000,00,2,7,17,A01
200500026246,0,07,000,08,2,1,01,B02
200500026247,0,01,000,00,0,8,01,A01
200500026248,0,07,000,00,2,3,01,A01
200500026248,0,07,000,00,2,3,01,B02
200500026249,0,05,000,12,0,7,01,A01
200500026250,0,07,000,13,0,3,01,A01
200500026251,0,04,000,00,2,1,17,A01
200500026251,0,07,000,00,0,7,19,B02
200500026252,0,07,000,00,1,1,01,A01
200500026253,0,07,000,00,2,0,13,A01
200500026253,0,05,000,00,2,0,01,B02
200500026254,0,07,000,00,2,1,15,A01
200500026254,0,05,000,00,2,1,00,B02
200500026254,0,07,000,00,2,3,00,C03
200500026255,0,07,000,00,2,3,13,A01
200500026255,0,07,000,00,2,3,01,B02
200500026256,0,07,000,08,0,7,13,A01
200500026257,0,05,000,00,2,1,17,A01
200500026257,0,07,000,00,2,3,01,B02
200500026257,0,07,000,00,1,3,01,C03
200500026257,0,09,000,00,2,1,01,D04
200500026258,0,07,000,08,0,3,01,A01
200500026259,0,07,000,08,0,1,14,A01
200500026260,0,07,000,13,0,7,01,A01
200500026261,0,07,000,00,2,1,00,A01
200500026261,0,07,000,00,2,8,00,B02
200500026262,0,05,000,10,0,1,01,A01
200500026263,0,07,000,00,2,3,15,A01
200500026263,0,07,000,00,2,3,01,B02
200500026264,0,07,000,00,2,2,15,A01
200500026264,0,05,000,00,2,1,01,B02
200500026265,0,07,000,00,2,1,13,A01
200500026265,0,07,000,00,2,3,01,B02
200500026266,0,02,000,00,6,1,01,A01
200500026267,0,07,000,02,0,7,13,A01
200500026268,0,07,000,13,0,7,01,A01
200500026269,0,05,000,00,2,1,13,A01
200500026269,0,07,000,00,2,3,00,B02
200500026270,0,07,000,00,2,8,10,A01
200500026270,0,02,000,00,2,1,01,B02
200500026271,0,07,000,00,2,8,01,A01
200500026271,0,07,000,00,2,1,00,B02
200500026272,0,07,000,00,9,2,19,A01
200500026272,0,01,000,00,2,8,00,B02
200500026273,0,07,000,02,0,3,13,A01
200500026274,0,05,000,06,0,1,01,A01
200500026275,0,05,000,00,0,8,01,A01
200500026276,0,07,000,00,2,1,01,A01
200500026276,0,07,000,00,2,7,01,B02
200500026277,0,07,000,00,2,3,15,A01
200500026277,0,01,000,00,2,1,00,B02
200500026278,0,07,000,00,2,1,01,A01
200500026278,0,07,000,00,2,8,01,B02
200500026278,0,07,000,00,2,1,01,C03
200500026279,0,07,000,00,2,3,15,A01
200500026279,0,05,000,00,2,1,01,B02
200500026280,0,03,000,00,2,1,01,A01
200500026280,0,07,000,00,2,1,01,B02
200500026281,0,05,000,00,2,3,13,A01
200500026281,0,10,000,00,0,3,01,B02
200500026282,0,14,000,00,0,3,01,A01
200500026282,0,07,000,08,0,3,01,B02
200500026283,0,05,000,00,2,1,13,A01
200500026283,0,07,000,00,2,1,01,B02
200500026284,0,05,000,00,0,1,01,A01
200500026285,0,07,000,00,0,0,00,A01
200500026285,0,02,000,00,2,1,01,B02
200500026286,0,07,000,00,2,6,15,A01
200500026286,0,05,000,00,2,1,01,B02
200500026287,0,07,000,00,2,7,05,A01
200500026287,0,07,000,00,2,1,01,B02
200500026288,0,05,000,00,2,8,17,A01
200500026288,0,07,000,00,2,3,02,B02
200500026289,0,07,000,13,0,2,01,A01
200500026290,0,02,000,00,0,1,15,A01
200500026291,0,07,000,00,2,2,01,A01
200500026291,0,07,000,00,2,3,01,B02
200500026292,0,07,000,00,9,3,00,A01
200500026292,0,01,000,00,2,3,00,B02
200500026293,0,07,000,00,9,3,01,A01
200500026293,0,01,000,00,0,3,11,B02
200500026294,0,07,000,00,2,8,01,A01
200500026294,0,02,000,00,2,0,17,B02
200500026295,0,07,000,00,2,3,17,A01
200500026295,0,07,000,00,2,3,01,B02
200500026296,0,07,000,00,2,2,01,A01
200500026296,0,07,000,00,2,7,19,B02
200500026296,0,07,000,00,0,6,01,C03
200500026297,0,07,000,00,2,4,23,A01
200500026297,0,07,000,00,0,1,01,B02
200500026298,0,10,000,00,2,1,15,A01
200500026298,0,07,000,00,2,1,01,B02
200500026299,0,07,000,00,0,3,10,A01
200500026299,0,05,000,00,2,1,13,B02
200500026300,0,05,000,00,2,8,01,A01
200500026301,0,01,000,00,5,8,01,A01
200500026302,0,05,000,04,0,3,01,A01
200500026303,0,07,000,00,2,1,01,A01
200500026303,0,02,000,00,2,1,11,B02
200500026304,0,05,000,00,0,1,01,A01
200500026305,0,07,000,00,1,1,01,A01
200500026306,0,07,000,00,2,1,01,A01
200500026306,0,02,000,00,2,1,13,B02
200500026307,0,01,000,00,2,7,01,A01
200500026307,0,07,000,00,2,3,16,B02
200500026308,0,07,000,08,0,1,01,A01
200500026309,0,07,000,00,2,2,13,A01
200500026309,0,05,000,00,2,1,01,B02
200500026309,0,07,000,00,2,3,01,C03
200500026310,0,07,000,02,0,7,14,A01
200500026311,0,07,000,00,0,8,15,A01
200500026311,0,07,000,00,2,1,01,B02
200500026312,0,07,000,00,2,3,01,A01
200500026312,0,07,000,00,2,3,01,B02
200500026313,0,02,000,00,2,1,13,A01
200500026313,0,07,000,00,2,1,01,B02
200500026314,0,07,000,00,2,3,13,A01
200500026314,0,17,000,00,2,3,01,B02
200500026314,0,07,000,00,2,1,01,C03
200500026315,0,01,000,00,2,8,15,A01
200500026315,0,05,000,00,9,3,01,B02
200500026316,0,07,000,00,2,7,15,A01
200500026316,0,04,000,00,2,1,01,B02
200500026317,0,07,000,06,0,2,01,A01
200500026318,0,07,000,00,2,5,15,A01
200500026318,0,05,000,00,2,1,01,B02
200500026318,0,07,000,00,2,0,01,C03
200500026319,0,07,000,00,1,3,01,A01
200500026320,0,07,000,00,1,3,01,A01
200500026321,0,07,000,00,2,8,15,A01
200500026321,0,07,000,00,2,1,01,B02
200500026322,0,07,000,00,2,3,13,A01
200500026322,0,05,000,00,2,1,01,B02
200500026323,0,07,000,02,0,7,14,A01
200500026324,0,14,000,00,0,0,13,A01
200500026324,0,07,000,00,9,1,01,B02
200500026325,0,07,000,00,2,3,13,A01
200500026325,0,05,000,00,2,3,01,B02
200500026326,0,05,000,00,2,1,01,A01
200500026326,0,07,000,00,2,4,15,B02
200500026327,0,05,000,00,2,8,01,A01
200500026327,0,07,000,00,2,2,16,B02
200500026328,1,07,000,00,1,1,00,A01
200500026329,0,07,000,00,2,3,15,A01
200500026329,0,05,000,00,2,1,01,B02