Num_Acc,senc,catv,occutc,obs,obsm,choc,manv,num_veh
200500026330,0,07,000,00,2,8,15,A01
200500026330,0,05,000,00,2,2,17,B02
200500026331,0,07,000,00,0,0,00,A01
200500026331,0,02,000,00,2,1,09,B02
200500026332,0,07,000,00,2,3,15,A01
200500026332,0,04,000,00,2,1,17,B02
200500026333,0,07,000,00,2,8,01,A01
200500026333,0,05,000,00,2,1,19,B02
200500026333,0,05,000,00,2,1,01,C03
200500026334,0,07,000,00,2,3,01,A01
200500026334,0,07,000,00,2,3,01,B02
200500026335,0,07,000,06,0,1,21,A01
200500026336,0,07,000,00,2,5,01,A01
200500026336,0,05,000,00,2,1,01,B02
200500026337,0,07,000,00,2,2,09,A01
200500026337,0,05,000,00,2,1,17,B02
200500026338,0,07,000,00,2,2,00,A01
200500026338,0,04,000,00,2,1,17,B02
200500026339,0,07,000,00,2,1,13,A01
200500026339,0,07,000,00,2,3,01,B02
200500026340,0,07,000,00,2,2,19,A01
200500026340,0,02,000,00,2,2,01,B02
200500026341,0,07,000,00,1,3,01,A01
200500026342,0,02,000,04,0,7,01,A01
200500026343,1,07,000,00,1,0,00,A01
200500026344,0,07,000,01,0,8,22,A01
200500026344,0,01,000,01,0,1,21,B02
200500026345,0,05,000,00,2,1,01,A01
200500026345,0,07,000,00,2,4,01,B02
200500026346,0,14,000,02,2,1,00,A01
200500026347,0,07,000,00,9,3,02,A01
200500026347,0,01,000,00,2,8,19,B02
200500026348,0,08,000,00,2,6,01,A01
200500026348,0,07,000,00,1,6,15,B02
200500026349,0,17,000,00,2,3,19,A01
200500026349,0,07,000,00,2,1,01,B02
200500026350,0,05,000,00,0,1,00,B02
200500026351,0,02,000,00,2,1,01,A01
200500026351,0,07,000,00,2,3,15,B02
200500026352,0,07,000,00,2,1,01,A01
200500026352,0,07,000,00,2,4,00,B02
200500026353,0,07,000,00,2,2,15,A01
200500026353,0,07,000,00,2,2,01,B02
200500026354,0,07,000,00,2,8,15,A01
200500026354,0,05,000,00,2,1,17,B02
200500026355,0,07,000,00,2,1,02,A01
200500026355,0,05,000,00,2,4,02,B02
200500026355,0,07,000,00,2,4,02,C03
200500026356,0,07,000,00,9,1,01,A01
200500026356,0,01,000,00,2,7,19,B02
200500026357,0,02,000,14,0,7,13,A01
200500026358,0,05,000,00,2,1,01,A01
200500026358,0,07,000,00,2,3,15,B02
200500026359,0,07,000,00,1,2,01,A01
200500026360,0,05,000,00,0,5,15,A01
200500026360,0,05,000,00,0,1,01,B02
200500026361,0,07,000,00,2,1,15,A01
200500026361,0,05,000,01,2,1,01,B02
200500026362,0,07,000,00,2,3,01,A01
200500026362,0,05,000,00,2,3,13,B02
200500026363,0,07,000,00,2,1,01,A01
200500026363,0,07,000,00,2,7,15,B02
200500026364,0,07,000,00,2,1,01,A01
200500026364,0,02,000,00,2,7,19,B02
200500026365,0,07,000,08,0,2,01,A01
200500026366,0,07,000,00,2,8,01,A01
200500026366,0,07,000,00,2,1,01,B02
200500026366,0,07,000,00,2,7,01,C03
200500026366,0,05,000,00,0,0,13,D04
200500026367,0,07,000,00,2,8,19,A01
200500026367,0,05,000,00,2,8,01,B02
200500026368,0,07,000,00,2,1,15,A01
200500026368,0,07,000,00,2,3,01,B02
200500026369,0,05,000,16,0,0,15,A01
200500026370,0,07,000,00,2,2,19,A01
200500026370,0,07,000,00,2,8,01,B02
200500026371,0,07,000,00,0,4,20,A01
200500026372,0,07,000,00,2,1,01,A01
200500026372,0,07,000,00,0,8,19,B02
200500026373,0,07,000,00,2,3,19,A01
200500026373,0,02,000,00,2,1,01,B02
200500026374,0,07,000,00,2,1,02,A01
200500026374,0,07,000,00,0,6,15,B02
200500026375,0,10,000,00,2,2,01,A01
200500026375,0,01,000,00,0,4,01,B02
200500026376,0,02,000,03,0,3,13,A01
200500026377,0,07,000,00,2,3,15,A01
200500026377,0,05,000,00,2,1,17,B02
200500026378,0,07,000,00,0,0,13,A01
200500026379,0,02,000,00,0,0,00,A01
200500026379,0,01,000,00,2,4,02,B02
200500026380,0,04,000,12,0,2,01,A01
200500026381,0,07,000,00,2,3,01,A01
200500026381,0,07,000,00,2,1,00,B02
200500026382,0,07,000,02,0,7,13,A01
200500026383,0,05,000,00,2,1,13,A01
200500026383,0,07,000,00,2,1,01,B02
200500026384,0,07,000,06,0,1,13,A01
200500026385,0,07,000,00,2,3,19,A01
200500026385,0,07,000,00,2,3,01,B02
200500026386,0,02,000,00,0,4,15,A01
200500026386,0,07,000,00,0,1,01,B02
200500026387,0,02,000,08,0,2,01,A01
200500026388,0,07,000,00,2,2,17,A01
200500026388,0,07,000,10,0,8,15,B02
200500026389,0,04,000,00,0,7,01,A01
200500026390,0,07,000,00,2,3,01,A01
200500026390,0,07,000,00,0,3,13,B02
200500026391,0,07,000,00,1,1,15,A01
200500026392,0,07,000,00,2,1,13,A01
200500026392,0,07,000,00,2,1,01,B02
200500026393,0,07,000,00,2,2,15,A01
200500026393,0,05,000,00,2,1,01,B02
200500026394,0,07,000,00,2,2,01,A01
200500026394,0,02,000,00,2,8,19,B02
200500026395,0,07,000,02,0,2,14,A01
200500026396,0,07,000,13,0,9,01,A01
200500026397,0,02,000,00,2,8,17,A01
200500026397,0,07,000,00,2,8,01,B02
200500026398,0,05,000,00,2,1,17,A01
200500026398,0,07,000,00,2,6,15,B02
200500026399,0,07,000,08,0,8,01,A01
200500026400,0,07,000,00,2,1,01,A01
200500026400,0,07,000,00,2,1,13,B02
200500026401,0,05,000,13,0,1,14,A01
200500026402,0,02,000,13,0,1,01,A01
200500026403,0,07,000,02,0,1,17,A01
200500026404,0,07,000,02,2,3,17,A01
200500026404,0,07,000,00,2,8,01,B02
200500026404,0,07,000,00,2,6,01,C03
200500026405,0,07,000,00,0,0,01,A01
200500026406,0,07,000,00,2,3,01,A01
200500026406,0,07,000,00,2,4,13,B02
200500026406,0,07,000,00,2,1,01,C03
200500026407,0,07,000,00,2,3,13,A01
200500026407,0,07,000,00,0,8,01,B02
200500026408,0,07,000,00,2,6,13,A01
200500026408,0,01,000,00,2,8,01,B02
200500026409,0,13,000,00,1,1,23,A01
200500026410,0,07,000,02,0,1,14,A01
200500026411,0,07,000,15,0,2,00,A01
200500026412,0,07,000,00,2,2,17,A01
200500026412,0,07,000,00,2,3,01,B02
200500026412,0,07,000,00,2,1,23,C03
200500026412,0,07,000,00,2,3,23,D04
200500026413,0,01,000,00,0,6,01,A01
200500026413,0,07,000,00,2,7,02,B02
200500026413,0,10,000,00,2,2,01,C03
200500026413,0,07,000,00,2,5,04,D04
200500026414,0,07,000,00,2,2,01,A01
200500026414,0,07,000,00,2,1,16,B02
200500026415,0,02,000,00,2,1,01,A01
200500026415,0,07,000,00,0,4,01,B02
200500026416,0,07,000,02,0,1,01,A01
200500026417,0,07,000,06,2,1,00,A01
200500026417,0,07,000,00,2,1,00,B02
200500026418,0,07,000,08,0,5,21,A01
200500026419,0,07,000,01,1,3,01,A01
200500026419,0,07,000,00,2,8,23,B02
200500026420,0,07,000,00,0,2,15,A01
200500026420,0,07,000,00,0,2,01,B02
200500026421,0,07,000,07,2,1,01,A01
200500026421,0,07,000,00,2,7,01,B02
200500026422,0,07,000,00,2,7,19,A01
200500026422,0,07,000,00,2,1,01,B02
200500026423,0,07,000,00,2,1,00,A01
200500026423,0,07,000,00,2,1,09,B02
200500026424,0,07,000,02,0,2,01,A01
200500026425,0,05,000,02,0,8,17,A01
200500026426,2,07,000,13,0,9,14,A01
200500026426,0,05,000,00,2,7,21,B02
200500026427,0,07,000,00,1,7,01,A01
200500026428,0,07,000,00,0,7,15,A01
200500026428,0,05,000,00,2,1,02,B02
200500026429,0,07,000,13,0,1,01,A01
200500026430,0,07,000,00,2,1,16,A01
200500026430,0,07,000,00,2,5,01,B02
200500026431,0,07,000,13,0,1,01,A01
200500026432,0,07,000,00,1,2,01,A01
200500026433,0,02,000,00,2,1,01,A01
200500026433,0,07,000,00,2,3,15,B02
200500026434,0,07,000,02,0,2,01,A01
200500026435,0,10,000,00,2,1,02,A01
200500026435,0,07,000,00,0,4,02,B02
200500026436,0,07,000,00,2,2,11,A01
200500026436,0,07,000,00,2,3,14,B02
200500026437,0,07,000,00,2,3,13,A01
200500026437,0,07,000,00,2,3,01,B02
200500026438,0,02,000,14,0,7,01,A01
200500026439,0,02,000,00,0,7,00,A01
200500026440,0,07,000,02,0,1,14,A01
200500026441,0,07,000,09,0,1,01,A01
200500026442,0,05,000,13,0,1,14,A01
200500026443,0,07,000,00,2,1,02,A01
200500026443,0,07,000,00,0,4,01,B02
200500026444,0,07,000,04,0,3,01,A01
200500026445,0,13,000,00,2,8,13,A01
200500026445,0,05,000,00,2,8,01,B02
200500026446,0,07,000,13,0,2,00,A01
200500026447,0,07,000,00,2,1,01,A01
200500026447,0,01,000,16,0,7,01,B02
200500026448,0,07,000,00,0,3,01,A01
200500026448,0,05,000,00,0,0,00,B02
200500026449,0,02,000,00,5,1,01,A01
200500026450,0,05,000,00,0,4,23,A01
200500026450,0,07,000,00,0,1,02,B02
200500026451,0,07,000,02,0,2,01,A01
200500026452,0,07,000,13,0,2,14,A01
200500026453,0,07,000,00,1,7,01,A01
200500026454,0,07,000,13,0,3,13,A01
200500026455,0,18,026,00,2,1,01,A01
200500026455,0,02,000,00,2,8,15,B02
200500026456,0,07,000,00,0,1,00,A01
200500026457,0,07,000,00,0,0,00,A01
200500026458,0,07,000,02,0,3,00,A01
200500026459,0,07,000,02,0,1,00,A01
200500026460,0,07,000,00,2,1,15,A01
200500026460,0,07,000,00,2,1,23,B02
200500026460,0,07,000,00,2,3,01,C03
200500026461,0,05,000,00,2,1,02,A01
200500026461,0,07,000,00,0,7,16,B02
200500026462,0,07,000,00,0,2,01,A01
200500026463,0,99,000,16,0,7,01,A01
200500026464,0,05,000,14,2,3,13,A01
200500026464,0,07,000,00,0,3,01,B02
200500026465,0,07,000,00,2,1,01,A01
200500026465,0,07,000,00,2,3,00,B02
200500026465,0,07,000,00,2,7,01,C03
200500026466,0,07,000,00,2,1,01,A01
200500026466,0,07,000,00,2,7,01,B02
200500026467,0,07,000,06,0,1,01,A01
200500026468,0,07,000,10,0,2,14,A01
200500026469,0,07,000,00,2,1,01,A01
200500026469,0,07,000,00,2,2,05,B02
200500026470,0,07,000,00,0,0,00,A01
200500026471,0,07,000,02,0,1,01,A01
200500026472,0,07,000,02,0,1,01,A01
200500026473,0,07,000,13,0,1,01,A01
200500026474,0,07,000,06,0,1,13,A01
200500026475,0,05,000,16,0,7,01,A01
200500026476,0,05,000,05,0,1,14,A01
200500026477,0,07,000,04,0,9,01,A01
200500026478,0,05,000,00,2,3,01,A01
200500026478,0,07,000,00,2,3,01,B02
200500026479,0,07,000,00,2,6,13,A01
200500026479,0,01,000,00,2,3,01,B02
200500026480,0,05,000,00,0,8,21,A01
200500026481,0,05,000,00,0,1,01,A01
200500026482,0,05,000,00,0,4,02,A01
200500026482,0,07,000,04,0,3,02,B02
200500026482,0,07,000,00,2,1,02,C03
200500026482,0,07,000,00,2,1,02,D04
200500026483,0,07,000,00,2,3,01,A01
200500026483,0,02,000,00,2,1,15,B02
200500026484,0,07,000,00,2,3,09,A01
200500026484,0,05,000,00,2,1,17,B02
200500026485,0,07,000,00,0,2,17,A01
200500026485,0,07,000,00,0,3,01,B02
200500026486,0,07,000,00,2,1,01,A01
200500026486,0,07,000,00,2,2,19,B02
200500026487,0,07,000,00,0,8,16,A01
200500026488,0,07,000,00,2,5,01,A01
200500026488,0,05,000,00,2,1,01,B02
200500026489,0,07,000,06,0,2,02,A01
200500026490,0,07,000,00,2,1,02,A01
200500026490,0,02,000,00,2,4,23,B02
200500026491,0,05,000,13,0,1,01,A01
200500026492,0,07,000,00,0,6,02,A01
200500026492,0,02,000,00,0,1,02,B02
200500026493,0,07,000,00,2,1,15,A01
200500026493,0,07,000,00,2,8,01,B02
200500026494,0,07,000,00,2,4,02,A01
200500026494,0,01,000,00,2,1,02,B02
200500026495,0,07,000,00,2,1,01,A01
200500026495,0,07,000,00,2,3,13,B02
200500026495,0,07,000,03,2,3,01,C03
200500026496,0,07,000,00,2,1,13,A01
200500026496,0,07,000,00,2,1,01,B02
200500026496,0,07,000,00,2,1,01,C03
200500026497,0,07,000,06,0,2,01,A01
200500026498,0,01,000,00,2,3,01,A01
200500026498,0,07,000,00,9,1,15,B02
200500026499,0,05,000,00,2,1,17,A01
200500026499,0,07,000,00,2,8,15,B02
200500026500,0,07,000,00,0,2,01,A01
200500026501,0,02,000,00,2,1,13,A01
200500026501,0,07,000,00,2,3,01,B02
200500026502,0,07,000,00,2,1,13,A01
200500026502,0,07,000,00,2,1,01,B02
200500026503,0,05,000,13,0,2,01,A01
200500026504,0,07,000,00,2,3,13,A01
200500026504,0,15,000,00,0,6,01,B02
200500026505,0,07,000,08,0,2,13,A01
200500026506,0,05,000,00,2,8,13,A01
200500026506,0,07,000,00,2,7,17,B02
200500026507,0,07,000,00,2,3,19,A01
200500026507,0,05,000,00,2,2,01,B02
200500026508,0,07,000,00,2,1,13,A01
200500026508,0,07,000,00,2,1,01,B02
200500026509,0,07,000,00,2,1,17,A01
200500026509,0,07,000,00,2,8,15,B02
200500026510,0,07,000,02,0,7,01,A01
200500026511,0,07,000,00,2,1,09,A01
200500026511,0,05,000,00,2,7,01,B02
200500026512,0,05,000,16,0,1,01,A01
200500026513,0,07,000,00,2,7,15,A01
200500026513,0,05,000,00,2,1,01,B02
200500026514,0,07,000,00,2,1,17,A01
200500026514,0,07,000,00,0,8,15,B02
200500026515,0,07,000,16,0,7,01,A01
200500026516,0,07,000,00,2,4,15,A01
200500026516,0,05,000,00,2,1,01,B02
200500026517,0,07,000,00,2,1,01,A01
200500026517,0,07,000,00,2,4,15,B02
200500026518,1,07,000,00,1,3,13,A01
200500026519,0,05,000,00,2,8,02,A01
200500026519,0,07,000,00,0,6,01,B02
200500026520,0,07,000,00,2,3,19,A01
200500026520,0,05,000,00,2,1,21,B02
200500026521,0,07,000,00,2,8,13,A01
200500026521,0,07,000,00,2,3,01,B02
200500026522,0,07,000,00,2,3,03,A01
200500026522,0,07,000,00,2,3,01,B02
200500026523,0,07,000,00,1,8,01,A01
200500026524,0,02,000,06,0,1,01,A01
200500026525,0,07,000,00,1,2,03,A01
200500026526,0,07,000,13,0,9,01,A01
200500026527,0,07,000,00,2,2,01,A01
200500026527,0,01,000,00,2,4,01,B02
200500026528,0,07,000,02,0,0,01,A01
200500026529,0,07,000,00,2,6,19,A01
200500026529,0,07,000,00,2,3,01,B02
200500026530,0,07,000,06,0,2,00,A01
200500026531,0,07,000,02,0,1,00,A01
200500026532,0,18,001,00,2,3,02,A01
200500026532,0,15,000,00,2,1,01,B02
200500026533,0,07,000,13,0,1,14,A01
200500026534,0,07,000,00,2,3,01,A01
200500026534,0,07,000,00,2,1,05,B02
200500026535,0,07,000,00,2,3,05,A01
200500026535,0,07,000,00,2,3,01,B02
200500026536,0,07,000,00,2,7,15,A01
200500026536,0,07,000,00,2,1,01,B02
200500026537,0,07,000,00,2,8,19,A01
200500026537,0,05,000,00,2,1,01,B02
200500026538,0,07,000,00,2,3,19,A01
200500026538,0,07,000,00,0,3,01,B02
200500026539,0,07,000,15,0,7,01,A01
200500026540,0,07,000,00,1,2,01,A01
200500026541,0,05,000,00,2,1,15,A01
200500026541,0,07,000,00,2,5,02,B02
200500026541,0,07,000,00,2,3,13,C03
200500026542,0,10,000,00,2,2,17,A01
200500026542,0,07,000,00,0,8,15,B02
200500026543,0,07,000,00,1,3,01,A01
200500026544,0,07,000,00,0,1,13,A01
200500026544,0,07,000,00,2,1,01,B02
200500026545,0,07,000,00,0,1,00,A01
200500026545,0,01,000,00,0,1,00,B02
200500026546,0,05,000,00,2,8,01,A01
200500026546,0,07,000,00,2,8,01,B02
200500026547,0,07,000,00,2,2,01,A01
200500026547,0,02,000,00,2,3,01,B02
200500026548,0,07,000,00,2,1,02,A01
200500026548,0,07,000,00,2,4,02,B02
200500026549,0,07,000,00,0,1,12,A01
200500026550,0,07,000,00,2,1,13,A01
200500026550,0,07,000,00,2,1,01,B02
200500026551,0,07,000,00,2,1,13,A01
200500026551,0,07,000,00,2,1,01,B02
200500026552,0,05,000,14,0,1,17,A01
200500026553,0,09,000,13,0,3,13,A01
200500026554,0,07,000,15,0,0,01,A01
200500026555,0,07,000,00,2,7,15,A01
200500026555,0,07,000,00,2,2,01,B02
200500026556,0,07,000,00,0,0,01,A01
200500026557,0,07,000,00,0,6,02,A01
200500026557,0,07,000,00,2,2,02,B02
200500026558,0,07,000,00,2,6,02,A01
200500026558,0,05,000,00,2,1,02,B02
200500026559,0,05,000,00,2,1,13,A01
200500026559,0,07,000,00,0,1,00,B02
200500026560,0,07,000,00,0,7,05,A01
200500026560,0,07,000,00,2,1,01,B02
200500026561,0,02,000,06,0,2,01,A01
200500026562,0,05,000,00,2,1,01,A01
200500026562,0,07,000,00,2,5,02,B02
200500026563,0,05,000,16,0,0,14,A01
200500026564,0,07,000,00,2,1,13,A01
200500026564,0,07,000,00,2,1,01,B02
200500026565,0,07,000,00,0,3,01,A01
200500026565,0,07,000,00,0,3,01,B02
200500026566,0,05,000,00,2,1,01,A01
200500026566,0,07,000,00,0,4,12,B02
200500026567,0,02,000,00,2,1,17,A01
200500026567,0,07,000,00,2,6,15,B02
200500026568,0,07,000,01,2,7,15,A01
200500026568,0,07,000,00,2,2,01,B02
200500026568,0,10,000,00,2,1,23,C03
200500026569,0,05,000,00,2,1,01,A01
200500026569,0,07,000,00,2,8,01,B02
200500026570,0,02,000,00,2,1,01,A01
200500026570,0,07,000,00,2,8,19,B02
200500026571,0,02,000,00,2,7,01,A01
200500026571,0,07,000,00,2,3,19,B02
200500026572,0,07,000,00,0,1,01,A01
200500026572,0,04,000,00,0,1,00,B02
200500026573,0,07,000,00,2,1,01,A01
200500026573,0,07,000,00,2,4,15,B02
200500026573,0,07,000,00,2,1,01,C03
200500026574,0,07,000,00,0,0,00,A01
200500026575,0,07,000,00,2,5,13,A01
200500026575,0,07,000,00,0,1,01,B02
200500026575,0,07,000,00,0,1,00,C03
200500026576,0,05,000,00,2,1,01,A01
200500026576,0,02,000,00,0,6,15,B02
200500026577,0,07,000,00,0,1,01,A01
200500026577,0,07,000,00,0,1,17,B02
200500026578,0,05,000,00,2,1,17,A01
200500026578,0,07,000,00,2,3,15,B02
200500026579,0,07,000,00,0,1,01,A01
200500026580,0,05,000,00,2,1,02,A01
200500026580,0,07,000,00,0,8,15,B02
200500026581,0,07,000,00,2,1,15,A01
200500026581,0,07,000,00,2,1,01,B02
200500026582,0,07,000,00,2,3,19,B02
200500026582,0,07,000,00,2,1,01,A01
200500026583,0,07,000,00,2,1,19,A01
200500026583,0,02,000,00,2,8,01,B02
200500026584,0,07,000,13,0,8,01,A01
200500026585,0,07,000,16,9,7,13,A01
200500026586,0,07,000,00,2,3,01,A01
200500026586,0,02,000,00,0,1,13,B02
200500026587,0,07,000,00,2,3,16,A01
200500026587,0,07,000,00,0,5,01,B02
200500026587,0,07,000,00,0,4,24,C03
200500026588,0,05,000,00,6,1,01,A01
200500026589,0,07,000,00,2,1,13,A01
200500026589,0,07,000,00,2,1,01,B02
200500026590,0,02,000,00,2,1,02,A01
200500026590,0,07,000,00,0,4,02,B02
200500026591,0,05,000,00,2,1,01,A01
200500026591,0,07,000,00,0,4,01,B02
200500026592,0,07,000,00,0,3,01,A01
200500026592,0,07,000,00,0,3,01,B02
200500026593,0,07,000,00,2,1,01,A01
200500026593,0,07,000,00,2,1,01,B02
200500026594,0,07,000,16,0,9,14,A01
200500026595,0,07,000,14,2,1,01,A01
200500026595,0,07,000,00,2,4,02,B02
200500026596,0,07,000,00,2,1,19,A01
200500026596,0,05,000,00,2,8,17,B02
200500026597,0,07,000,00,2,1,01,A01
200500026597,0,07,000,00,2,3,01,B02
200500026598,0,07,000,00,1,3,01,A01
200500026599,0,07,000,02,0,3,01,A01
200500026600,0,07,000,00,2,3,02,A01
200500026600,0,07,000,00,2,1,02,B02
200500026601,0,07,000,00,2,1,01,A01
200500026601,0,07,000,00,2,1,01,B02
200500026602,0,07,000,00,2,8,13,A01
200500026603,0,05,000,00,0,4,16,A01
200500026603,0,05,000,00,9,1,02,B02
200500026604,0,17,000,00,2,1,02,A01
200500026604,0,07,000,00,2,4,23,B02
200500026604,0,17,000,00,2,4,23,C03
200500026604,0,17,000,00,2,4,00,D04
200500026604,0,07,000,00,0,4,23,E05
200500026605,0,07,000,00,2,1,01,B02
200500026605,0,07,000,00,2,7,19,A01
200500026606,0,10,000,00,2,1,17,A01
200500026606,0,15,000,00,2,1,01,B02
200500026607,0,07,000,01,2,2,14,A01
200500026607,0,16,000,00,0,6,24,B02
200500026607,0,17,000,00,2,1,00,C03
200500026608,0,05,000,00,2,8,01,A01
200500026608,0,07,000,00,2,7,15,B02
200500026609,0,07,000,11,0,8,01,A01
200500026610,0,07,000,00,2,6,17,A01
200500026610,0,07,000,00,2,2,17,B02
200500026611,0,05,000,00,2,3,01,A01
200500026611,0,07,000,00,2,1,15,B02
200500026612,0,07,000,00,2,1,13,A01
200500026612,0,14,000,00,2,1,01,B02
200500026613,0,05,000,00,2,0,01,A01
200500026614,0,07,000,00,2,1,13,A01
200500026614,0,07,000,00,2,1,01,B02
200500026615,0,04,000,14,0,9,01,A01
200500026616,0,07,000,00,0,7,00,A01
200500026617,0,21,000,00,2,5,04,A01
200500026617,0,07,000,00,2,2,01,B02
200500026618,0,07,000,00,0,0,01,A01
200500026619,0,07,000,00,2,3,13,A01
200500026619,0,07,000,00,2,3,01,B02
200500026620,0,07,000,00,2,1,13,A01
200500026620,0,07,000,00,2,1,01,B02
200500026621,0,02,000,00,0,4,02,A01
200500026621,0,02,000,14,2,1,02,B02
200500026622,0,05,000,02,0,1,01,A01
200500026623,0,05,000,00,2,1,17,A01
200500026623,0,07,000,00,0,8,15,B02
200500026624,0,01,000,00,2,2,19,A01
200500026624,0,07,000,00,9,1,01,B02
200500026625,0,07,000,00,1,3,01,A01
200500026626,0,07,000,00,0,2,15,A01
200500026626,0,05,000,00,0,1,01,B02
200500026627,0,07,000,00,2,1,01,B02
200500026628,0,07,000,00,2,7,01,A01
200500026628,0,02,000,00,2,1,19,B02
200500026629,0,01,000,00,2,7,15,A01
200500026629,0,05,000,00,9,1,01,B02
200500026630,0,07,000,00,2,3,05,A01
200500026630,0,07,000,00,2,3,01,B02
200500026631,0,07,000,00,2,1,21,A01
200500026631,0,07,000,00,2,2,13,B02
200500026632,0,07,000,00,2,1,00,A01
200500026632,0,10,000,00,0,3,01,B02
200500026633,0,05,000,00,2,1,02,A01
200500026633,0,07,000,00,2,3,15,B02
200500026634,0,10,000,00,2,7,15,A01
200500026634,0,10,000,00,2,1,01,B02
200500026634,0,10,000,14,0,1,01,C03
200500026635,0,07,000,00,2,3,01,A01
200500026635,0,15,000,00,2,8,01,B02
200500026636,0,05,000,06,0,1,01,A01
200500026637,0,07,000,00,2,1,11,A01
200500026637,0,07,000,00,2,1,01,B02
200500026638,0,05,000,00,2,1,01,A01
200500026638,0,07,000,00,0,4,01,B02
200500026639,0,07,000,00,0,4,01,A01
200500026640,0,07,000,00,1,1,13,A01
200500026641,0,02,000,00,0,7,16,A01
200500026642,0,07,000,06,0,3,19,A01
200500026643,0,05,000,00,0,0,00,A01
200500026644,0,07,000,13,0,0,00,A01
200500026645,0,07,000,02,0,3,01,A01
200500026646,0,07,000,13,0,6,01,A01
200500026646,0,07,000,00,2,9,02,B02
200500026647,0,07,000,00,9,7,21,A01
200500026647,0,01,000,00,2,1,17,B02
200500026648,0,07,000,00,2,1,01,A01
200500026648,0,01,000,00,2,1,13,B02
200500026649,0,07,000,00,0,2,15,A01
200500026649,0,07,000,00,2,1,01,B02
200500026650,0,07,000,00,2,0,00,A01
200500026650,0,07,000,00,0,0,00,B02
200500026651,0,02,000,00,0,1,01,A01
200500026652,0,07,000,08,0,6,01,A01
200500026653,0,07,000,00,2,3,01,B02
200500026653,0,07,000,00,2,2,01,A01
200500026654,0,07,000,06,0,1,01,A01
200500026655,0,07,000,00,0,3,01,A01
200500026655,0,02,000,00,2,1,16,B02
200500026656,0,07,000,02,0,1,13,A01
200500026657,0,07,000,00,0,3,13,A01
200500026657,0,07,000,00,0,3,01,B02
200500026658,0,02,000,00,2,1,19,A01
200500026658,0,07,000,00,2,8,01,B02
200500026659,0,14,000,00,1,4,04,A01
200500026660,0,07,000,00,2,3,15,A01
200500026660,0,05,000,00,2,1,01,B02
200500026661,0,07,000,00,2,3,13,A01
200500026661,0,07,000,00,2,3,01,B02
200500026662,0,05,000,00,0,1,01,A01
200500026663,0,15,000,00,2,1,02,A01
200500026663,0,21,000,00,0,4,02,B02
200500026663,0,07,000,00,2,4,02,C03
200500026664,0,07,000,00,2,1,19,A01
200500026664,0,17,000,00,2,1,01,B02
200500026665,0,07,000,00,0,3,19,A01
200500026665,0,07,000,00,2,2,01,B02
200500026666,0,17,000,00,0,7,15,A01
200500026666,0,07,000,00,0,1,01,B02
200500026667,0,07,000,00,0,2,13,A01
200500026667,0,07,000,00,2,1,01,B02
200500026668,0,07,000,02,0,1,00,A01
200500026669,0,07,000,08,0,3,01,A01
200500026670,0,05,000,00,2,4,01,A01
200500026671,0,07,000,00,2,3,13,A01
200500026671,0,17,000,00,2,3,01,B02
200500026672,0,05,000,16,0,8,00,A01
200500026673,0,14,000,00,2,1,01,A01
200500026673,0,02,000,00,2,7,01,B02
200500026674,0,07,000,02,0,1,15,A01
200500026675,0,07,000,00,2,3,01,A01
200500026676,0,07,000,00,2,2,01,A01
200500026676,0,07,000,00,2,2,01,B02
200500026677,0,07,000,00,2,3,19,A01
200500026677,0,07,000,00,2,2,01,B02
200500026678,0,07,000,00,0,7,00,A01
200500026679,0,07,000,00,0,0,01,A01
200500026680,0,07,000,00,0,8,01,A01
200500026680,0,07,000,00,0,7,17,B02
200500026681,0,07,000,13,0,3,01,A01
200500026682,0,01,000,00,2,1,01,A01
200500026682,0,07,000,00,2,3,15,B02
200500026683,0,02,000,13,0,1,01,A01
200500026684,0,02,000,00,2,6,01,A01
200500026684,0,07,000,00,2,3,01,B02
200500026685,0,02,000,00,0,8,17,A01
200500026685,0,07,000,00,2,3,15,B02
200500026686,0,05,000,00,0,3,13,A01
200500026686,0,05,000,13,0,3,14,B02
200500026687,0,02,000,16,0,2,01,A01
200500026688,0,05,000,00,0,0,00,A01
200500026689,0,02,000,00,2,8,18,A01
200500026689,0,07,000,00,2,1,01,B02
200500026690,0,07,000,06,0,2,13,A01
200500026691,0,07,000,00,2,1,02,A01
200500026691,0,05,000,00,0,4,23,B02
200500026691,0,05,000,00,0,4,23,C03
200500026692,0,07,000,00,2,1,19,A01
200500026692,0,07,000,00,0,3,01,B02
200500026693,0,07,000,13,0,1,01,A01
200500026694,0,07,000,00,0,2,14,A01
200500026695,0,07,000,00,2,2,19,A01
200500026695,0,07,000,00,2,8,01,B02
200500026696,0,07,000,00,2,8,11,A01
200500026696,0,07,000,00,2,3,01,B02
200500026696,0,05,000,00,2,1,01,C03
200500026697,0,07,000,16,0,2,01,A01
200500026698,0,05,000,00,2,2,11,A01
200500026698,0,07,000,00,0,3,11,B02
200500026699,0,07,000,00,0,3,13,A01
200500026699,0,07,000,00,0,3,00,B02
200500026699,2,07,000,00,0,2,01,C03
200500026700,0,07,000,06,0,1,01,A01
200500026701,0,07,000,13,0,2,01,A01
200500026702,0,07,000,00,0,9,01,A01
200500026703,0,04,000,13,0,0,01,A01
200500026704,0,07,000,02,0,1,01,A01
200500026705,0,07,000,00,2,1,02,A01
200500026705,0,07,000,00,0,4,23,B02
200500026706,0,07,000,00,2,3,01,A01
200500026706,0,18,001,00,2,2,15,B02