Num_Acc,senc,catv,occutc,obs,obsm,choc,manv,num_veh
200500027088,0,05,000,03,0,1,00,A01
200500027089,0,07,000,00,2,6,01,B01
200500027089,0,13,000,00,2,2,12,A01
200500027090,0,07,000,00,2,1,01,B01
200500027090,0,01,000,00,2,8,05,A01
200500027091,0,02,000,00,2,2,17,A01
200500027091,0,07,000,00,2,1,19,B01
200500027092,0,07,000,00,1,1,02,A01
200500027093,0,07,000,00,1,3,01,B01
200500027093,0,07,000,00,2,1,01,A01
200500027094,0,07,000,06,0,1,02,A01
200500027095,0,01,000,00,2,4,13,A01
200500027095,0,07,000,00,2,2,01,B01
200500027096,0,07,000,00,2,1,15,A01
200500027096,0,04,000,00,2,6,15,B01
200500027097,0,07,000,00,1,1,01,A01
200500027098,0,07,000,08,0,1,06,A01
200500027099,0,10,000,00,1,3,01,A01
200500027100,0,17,000,00,2,1,02,A01
200500027100,0,07,000,03,2,4,02,B01
200500027101,0,07,000,07,2,5,13,A01
200500027101,0,07,000,00,2,1,02,B01
200500027102,0,07,000,00,2,3,01,B01
200500027102,0,07,000,00,2,2,01,A01
200500027103,0,04,000,00,2,2,17,A01
200500027103,0,14,000,00,2,3,15,B01
200500027104,0,05,000,00,0,1,01,A01
200500027104,0,05,000,00,2,4,13,B01
200500027105,0,07,000,13,0,9,01,A01
200500027106,0,07,000,00,1,2,21,A01
200500027107,0,10,000,00,1,6,04,A01
200500027108,0,07,000,00,1,3,01,A01
200500027108,0,18,000,00,0,0,24,B01
200500027109,0,05,000,00,2,1,01,A01
200500027109,0,07,000,00,2,5,01,B01
200500027110,2,10,000,06,0,1,01,A01
200500027111,0,07,000,00,1,1,01,A01
200500027112,0,02,000,00,1,1,17,A01
200500027113,0,10,000,00,2,2,15,A01
200500027113,0,07,000,00,2,1,01,B01
200500027114,0,02,000,00,1,2,01,A01
200500027115,0,07,000,00,2,1,01,A01
200500027115,0,07,000,00,2,3,15,B01
200500027116,0,07,000,00,1,3,01,A01
200500027117,0,07,000,00,9,2,10,A01
200500027117,0,05,000,00,2,1,01,B01
200500027118,0,05,000,00,0,0,02,A01
200500027118,0,07,000,01,0,0,02,B01
200500027119,0,05,000,03,2,1,17,A01
200500027119,0,07,000,00,0,4,09,B01
200500027120,0,07,000,00,9,8,10,A01
200500027120,0,05,000,00,2,1,02,B01
200500027121,0,02,000,00,2,1,17,A01
200500027121,0,07,000,00,9,8,15,B01
200500027122,0,02,000,00,2,1,02,B01
200500027122,0,07,000,00,2,8,01,A01
200500027123,0,02,000,01,1,5,17,A01
200500027124,0,07,000,00,0,1,19,B01
200500027124,0,07,000,00,2,1,19,A01
200500027125,0,07,000,15,0,1,16,A01
200500027126,0,07,000,00,2,6,15,A01
200500027126,0,05,000,00,2,1,02,B01
200500027127,0,07,000,14,0,1,13,A01
200500027128,0,07,000,00,2,3,19,B01
200500027128,0,07,000,00,2,5,19,A01
200500027129,0,07,000,00,2,3,13,A01
200500027129,0,02,000,00,2,1,01,B01
200500027130,0,02,000,00,2,3,18,A01
200500027130,0,02,000,00,2,7,01,B01
200500027131,0,02,000,06,2,1,17,A01
200500027131,0,10,000,00,2,0,15,B01
200500027132,0,07,000,00,2,8,01,A01
200500027132,0,07,000,00,2,1,01,B01
200500027133,0,02,000,00,2,1,17,A01
200500027133,0,07,000,00,2,6,15,B01
200500027134,0,02,000,00,2,1,02,A01
200500027134,0,07,000,00,0,4,23,B01
200500027135,0,07,000,00,1,1,01,A01
200500027136,1,07,000,00,1,1,01,A01
200500027137,1,17,000,00,2,1,17,A01
200500027137,0,02,000,00,2,8,02,B01
200500027138,0,07,000,08,0,1,14,A01
200500027139,0,07,000,00,2,2,09,A01
200500027139,0,02,000,00,2,1,01,B01
200500027140,0,02,000,00,2,1,01,B01
200500027140,0,07,000,00,2,3,15,A01
200500027141,0,10,000,00,2,8,01,B01
200500027141,0,10,000,00,2,1,09,A01
200500027142,0,07,000,00,2,1,01,B01
200500027142,0,07,000,00,2,3,09,A01
200500027143,0,07,000,00,2,1,15,A01
200500027143,0,05,000,00,2,1,01,B01
200500027144,0,07,000,07,2,2,02,B01
200500027144,0,07,000,00,2,1,02,A01
200500027145,0,07,000,00,0,0,23,A01
200500027145,0,04,000,00,2,0,21,B01
200500027145,0,07,000,01,0,0,24,C01
200500027146,0,05,000,00,0,0,01,B01
200500027146,0,07,000,00,0,0,15,A01
200500027147,0,07,000,00,2,1,02,A01
200500027147,0,07,000,00,2,6,02,B01
200500027147,0,07,000,00,0,6,02,C01
200500027148,0,07,000,03,2,1,02,A01
200500027148,0,07,000,00,2,4,23,B01
200500027148,0,07,000,00,0,8,01,C01
200500027149,0,07,000,00,2,1,01,B01
200500027149,0,02,000,01,2,1,15,A01
200500027150,0,07,000,00,1,0,16,A01
200500027151,0,07,000,00,1,0,00,A01
200500027152,0,07,000,00,1,2,01,A01
200500027153,0,07,000,01,2,2,01,A01
200500027153,0,07,000,00,2,2,01,C01
200500027154,0,02,000,00,0,0,00,B01
200500027154,0,07,000,01,2,2,19,A01
200500027155,0,07,000,00,0,0,00,A01
200500027155,0,02,000,00,0,0,00,B01
200500027156,0,05,000,00,0,0,00,A01
200500027156,0,01,000,00,0,0,00,B01
200500027156,0,01,000,00,0,0,00,C01
200500027156,0,01,000,00,0,0,00,D01
200500027156,0,01,000,00,0,0,00,E01
200500027157,0,07,000,00,9,3,15,A01
200500027157,0,04,000,00,2,3,01,B01
200500027158,0,02,000,00,0,0,00,A01
200500027158,0,07,000,00,2,0,00,B01
200500027159,0,07,000,00,2,3,10,A01
200500027159,0,04,000,00,0,0,00,B01
200500027160,0,02,000,00,1,1,00,A01
200500027161,0,07,000,00,2,3,13,A01
200500027161,0,07,000,00,2,3,01,B01
200500027162,0,07,000,00,2,5,15,A01
200500027162,0,02,000,00,2,1,00,B01
200500027163,0,05,000,00,2,1,21,A01
200500027163,0,07,000,00,2,3,15,B01
200500027163,0,07,000,00,2,1,01,C01
200500027163,0,07,000,00,2,6,01,D01
200500027164,0,07,000,00,0,0,00,A01
200500027164,0,04,000,00,0,0,00,B01
200500027165,0,07,000,06,0,1,14,A01
200500027166,0,07,000,00,2,8,15,A01
200500027166,0,05,000,00,2,0,17,B01
200500027167,0,07,000,00,1,1,21,A01
200500027168,0,07,000,00,1,0,15,A01
200500027169,0,07,000,00,2,3,19,A01
200500027169,0,05,000,00,2,1,01,B01
200500027170,0,07,000,00,0,0,00,A01
200500027170,0,07,000,00,2,1,01,B01
200500027171,0,04,000,12,0,7,01,A01
200500027172,0,05,000,00,0,0,00,A01
200500027172,0,07,000,00,0,0,00,B01
200500027173,0,05,000,00,2,1,00,A01
200500027173,0,07,000,00,0,6,00,B01
200500027174,0,07,000,00,2,2,15,A01
200500027174,0,05,000,00,2,8,01,B01
200500027174,0,10,000,00,2,8,23,C01
200500027175,0,07,000,00,2,1,02,A01
200500027175,0,02,000,00,2,4,01,B01
200500027176,0,07,000,00,2,3,01,A01
200500027176,0,07,000,00,2,5,15,B01
200500027177,0,02,000,00,1,1,01,A01
200500027178,0,07,000,00,2,2,16,A01
200500027178,0,02,000,00,2,1,01,B01
200500027179,0,07,000,00,2,3,15,A01
200500027179,0,02,000,00,2,1,01,B01
200500027180,1,07,000,00,2,1,02,A01
200500027180,0,05,000,00,2,4,23,B01
200500027181,0,07,000,00,2,3,01,A01
200500027181,0,05,000,00,2,7,02,B01
200500027182,0,07,000,00,2,1,01,B01
200500027182,0,07,000,00,2,7,15,A01
200500027183,0,07,000,00,2,1,02,A01
200500027183,0,05,000,00,2,4,01,B01
200500027184,0,07,000,00,2,1,02,A01
200500027184,0,07,000,00,1,4,01,B01
200500027185,0,02,000,00,2,7,15,A01
200500027185,0,07,000,00,2,2,01,B01
200500027186,0,02,000,01,2,8,17,A01
200500027186,0,07,000,00,2,3,15,B01
200500027187,0,07,000,00,2,8,15,A01
200500027187,0,05,000,00,2,3,01,B01
200500027188,0,02,000,00,2,1,15,A01
200500027188,0,10,000,00,2,2,01,B01
200500027189,0,07,000,00,1,2,01,A01
200500027190,0,07,000,00,1,1,01,A01
200500027191,0,05,000,00,2,1,01,B01
200500027191,0,07,000,00,2,3,15,A01
200500027192,0,02,000,00,0,1,01,A01
200500027192,0,07,000,00,0,4,15,B01
200500027193,0,02,000,00,0,1,01,A01
200500027193,0,07,000,00,0,6,00,B01
200500027194,0,07,000,00,2,1,15,A01
200500027194,0,05,000,01,2,1,01,B01
200500027194,0,07,000,00,9,8,23,E01
200500027195,0,07,000,00,2,1,02,A01
200500027195,0,05,000,00,2,4,02,B01
200500027196,0,07,000,00,2,3,15,A01
200500027196,0,04,000,00,2,1,17,B01
200500027197,0,05,000,00,2,1,01,A01
200500027198,0,02,000,00,2,1,01,A01
200500027198,0,07,000,00,2,4,01,B01
200500027199,0,02,000,00,2,1,02,A01
200500027199,0,07,000,00,2,5,16,B01
200500027200,0,07,000,00,2,3,09,A01
200500027200,0,05,000,00,2,1,17,B01
200500027201,0,02,000,00,2,1,18,A01
200500027201,0,07,000,00,2,2,20,B01
200500027202,0,07,000,00,2,3,13,A01
200500027202,0,07,000,00,2,3,01,B01
200500027203,0,07,000,09,2,7,01,A01
200500027203,0,07,000,00,2,1,01,B01
200500027204,0,07,000,00,2,1,02,A01
200500027204,0,07,000,00,2,4,02,B01
200500027205,0,07,000,00,0,3,01,A01
200500027205,0,02,000,00,2,1,01,B01
200500027206,0,07,000,00,2,7,17,B01
200500027206,0,02,000,00,2,1,15,A01
200500027207,2,02,000,00,1,1,03,A01
200500027208,0,07,000,00,2,3,10,A01
200500027208,0,02,000,00,2,1,17,B01
200500027209,0,07,000,00,0,0,02,A01
200500027210,0,02,000,00,2,1,01,A01
200500027211,0,07,000,00,2,7,12,A01
200500027211,0,02,000,00,2,8,01,B01
200500027212,0,07,000,00,2,1,02,A01
200500027212,0,02,000,00,2,4,02,B01
200500027213,0,07,000,00,2,3,09,A01
200500027213,0,07,000,00,2,0,01,B01
200500027214,0,07,000,00,2,1,16,A01
200500027214,0,07,000,00,2,3,01,B01
200500027215,0,07,000,00,2,3,15,A01
200500027215,0,05,000,00,2,1,01,B01
200500027216,0,07,000,00,2,2,01,A01
200500027216,0,07,000,00,2,3,15,B01
200500027217,0,07,000,00,1,4,20,A01
200500027218,0,05,000,01,1,1,01,A01
200500027219,0,02,000,00,0,1,02,A01
200500027219,0,07,000,00,2,4,01,B01
200500027220,0,07,000,01,0,1,01,A01
200500027220,0,07,000,00,2,4,24,B01
200500027221,1,07,000,00,1,1,01,A01
200500027222,0,07,000,00,2,1,02,A01
200500027222,0,07,000,00,2,4,02,B01
200500027223,0,02,000,00,2,3,16,A01
200500027223,0,07,000,00,2,3,01,B01
200500027224,0,07,000,00,2,1,01,A01
200500027224,0,07,000,00,2,8,01,B01
200500027225,0,04,000,00,0,1,01,A01
200500027225,0,02,000,00,2,4,13,B01
200500027226,0,04,000,00,2,8,01,B01
200500027226,0,07,000,00,2,1,01,A01
200500027227,0,07,000,00,2,1,01,A01
200500027227,0,07,000,00,2,4,02,B01
200500027228,0,02,000,00,2,4,01,A01
200500027228,0,07,000,00,2,7,01,B01
200500027229,0,07,000,00,2,1,02,A01
200500027229,0,07,000,00,2,4,02,B01
200500027229,0,07,000,00,0,4,02,C01
200500027230,0,07,000,00,1,4,01,A01
200500027231,0,02,000,00,2,1,01,A01
200500027231,0,07,000,00,2,3,15,B01
200500027232,0,02,000,00,2,2,01,A01
200500027232,0,07,000,00,2,1,01,B01
200500027233,0,07,000,00,2,1,01,A01
200500027233,0,01,000,00,0,1,12,B01
200500027234,0,07,000,00,2,1,15,A01
200500027234,0,04,000,00,2,7,01,B01
200500027235,0,07,000,00,1,1,01,A01
200500027236,0,07,000,00,2,1,02,A01
200500027236,0,07,000,00,2,4,02,B01
200500027237,0,07,000,01,0,1,14,A01
200500027238,0,07,000,00,1,2,01,A01
200500027239,0,05,000,00,2,8,09,B01
200500027239,0,07,000,00,2,2,09,A01
200500027240,0,07,000,00,2,3,01,B01
200500027240,0,07,000,00,2,2,15,A01
200500027241,0,04,000,00,2,1,02,A01
200500027241,0,07,000,00,0,4,02,B01
200500027242,0,07,000,00,2,1,09,A01
200500027242,0,04,000,00,2,1,01,B01
200500027243,0,07,000,00,2,4,09,A01
200500027243,0,05,000,00,2,1,01,B01
200500027244,0,04,000,00,2,1,01,A01
200500027244,0,07,000,00,2,3,11,B01
200500027245,0,07,000,00,0,1,01,A01
200500027246,0,07,000,00,2,3,09,A01
200500027246,0,02,000,00,2,0,09,B01
200500027247,0,02,000,00,2,1,01,A01
200500027247,0,07,000,00,2,6,01,B01
200500027248,0,01,000,00,0,0,02,A01
200500027249,0,02,000,00,2,8,03,A01
200500027249,0,07,000,00,2,7,01,B01
200500027250,1,02,000,00,1,1,05,A01
200500027251,0,07,000,06,0,1,14,A01
200500027252,0,07,000,00,2,8,15,A01
200500027252,0,02,000,00,2,1,17,B01
200500027253,0,05,000,00,2,1,01,A01
200500027253,0,07,000,00,2,2,15,B01
200500027254,0,05,000,00,1,1,01,A01
200500027255,0,10,000,00,2,1,01,A01
200500027255,0,10,000,00,2,4,23,B01
200500027255,0,07,000,00,0,4,23,C01
200500027256,0,02,000,00,2,1,17,A01
200500027256,0,07,000,00,0,3,15,B01
200500027257,0,07,000,00,2,1,01,A01
200500027257,0,07,000,00,0,4,01,B01
200500027258,0,07,000,00,2,1,01,A01
200500027258,0,05,000,00,2,4,01,B01
200500027258,0,07,000,00,0,4,01,C01
200500027259,0,07,000,00,2,3,15,A01
200500027259,0,02,000,00,2,1,17,B01
200500027260,0,02,000,06,2,1,17,A01
200500027260,0,02,000,00,0,0,15,B01
200500027261,0,07,000,00,2,1,10,A01
200500027261,0,01,000,00,0,1,01,B01
200500027262,0,07,000,00,1,2,01,A01
200500027263,0,02,000,04,0,7,13,A01
200500027263,0,07,000,00,0,8,01,B01
200500027264,0,07,000,00,2,3,13,A01
200500027264,0,05,000,00,0,8,01,B01
200500027265,0,07,000,02,2,3,17,A01
200500027265,0,07,000,00,0,3,01,B01
200500027265,0,07,000,13,0,8,01,C01
200500027265,0,07,000,00,0,1,01,D01
200500027266,0,07,000,00,1,1,01,A01
200500027267,0,07,000,06,0,8,09,A01
200500027267,0,07,000,00,2,1,01,B01
200500027268,0,07,000,00,2,1,01,A01
200500027268,0,07,000,00,0,4,01,B01
200500027268,0,07,000,00,2,6,01,C01
200500027269,0,02,000,00,2,7,01,A01
200500027269,0,02,000,00,2,2,01,B01
200500027270,2,07,000,00,2,1,01,A01
200500027270,0,07,000,00,2,1,01,B01
200500027271,0,07,000,00,2,1,21,A01
200500027271,0,07,000,00,2,4,21,B01
200500027272,0,02,000,00,1,1,01,A01
200500027273,0,07,000,00,1,1,15,A01
200500027274,0,05,000,00,2,1,01,A01
200500027274,0,02,000,00,2,4,01,B01
200500027275,0,15,000,00,1,1,01,A01
200500027275,0,07,000,00,2,8,01,B01
200500027276,0,07,000,00,2,4,09,A01
200500027276,0,07,000,00,2,1,01,B01
200500027277,0,07,000,00,2,1,01,A01
200500027277,0,13,000,00,2,7,01,B01
200500027278,0,07,000,00,2,1,01,A01
200500027278,0,07,000,00,2,4,02,B01
200500027278,0,07,000,00,2,4,02,C01
200500027279,0,07,000,00,2,2,01,A01
200500027279,0,07,000,00,2,6,01,B01
200500027280,0,07,000,00,2,3,01,B01
200500027280,0,02,000,00,2,1,00,A01
200500027281,0,07,000,00,2,2,13,A01
200500027281,0,07,000,00,2,1,01,B01
200500027282,0,07,000,00,2,3,15,A01
200500027282,0,05,000,00,2,5,01,B01
200500027283,0,18,035,00,2,7,15,A01
200500027284,0,07,000,00,2,1,16,A01
200500027284,0,02,000,00,2,1,01,B01
200500027285,0,07,000,00,2,8,01,B01
200500027285,0,07,000,00,2,1,01,A01
200500027286,0,07,000,00,2,6,15,A01
200500027286,0,05,000,00,2,1,01,B01
200500027287,0,02,000,00,2,3,06,A01
200500027287,0,07,000,00,2,2,01,B01
200500027288,0,02,000,00,2,3,00,A01
200500027288,0,07,000,00,2,5,23,B01
200500027289,0,07,000,00,1,1,01,A01
200500027290,0,07,000,06,0,1,01,A01
200500027291,0,07,000,14,0,1,01,A01
200500027291,0,07,000,14,2,4,02,B01
200500027291,0,07,000,14,2,4,02,C01
200500027291,0,07,000,00,2,4,02,D01
200500027292,0,02,000,00,1,1,01,A01
200500027293,0,07,000,01,0,3,13,A01
200500027294,0,05,000,00,2,1,01,A01
200500027294,0,14,000,00,2,3,01,B01
200500027295,0,02,000,00,2,1,01,A01
200500027295,0,07,000,00,2,1,09,B01
200500027296,0,02,000,01,0,1,12,A01
200500027297,0,07,000,00,2,1,01,A01
200500027297,0,07,000,00,2,7,01,B01
200500027298,0,02,000,00,2,1,01,A01
200500027298,0,02,000,00,2,1,01,B01
200500027299,0,02,000,00,2,1,05,A01
200500027299,0,07,000,00,2,1,15,B01
200500027300,0,07,000,00,2,1,01,A01
200500027300,0,05,000,00,2,0,00,B01
200500027301,0,07,000,00,2,8,15,A01
200500027301,0,18,022,00,2,3,15,B01
200500027302,1,07,000,00,2,0,19,A01
200500027302,0,18,000,00,2,0,21,B01
200500027303,0,07,000,00,2,1,01,A01
200500027303,0,02,000,00,2,1,09,B01
200500027304,0,07,000,00,2,1,00,A01
200500027304,0,07,000,00,2,8,01,B01
200500027305,0,07,000,13,0,1,00,A01
200500027305,0,07,000,00,0,0,01,B01
200500027306,0,02,000,00,2,1,21,B01
200500027306,0,07,000,00,2,2,15,A01
200500027307,0,18,012,00,2,6,13,A01
200500027307,0,05,000,00,2,7,21,B01
200500027308,0,07,000,00,2,4,04,A01
200500027308,0,05,000,00,2,1,21,B01
200500027309,0,07,000,14,0,1,02,A01
200500027309,0,07,000,00,2,4,01,B01
200500027310,0,07,000,00,2,8,00,A01
200500027310,0,07,000,00,2,2,00,B01
200500027311,0,05,000,00,2,1,01,B01
200500027311,0,07,000,00,2,3,15,A01
200500027312,0,07,000,00,1,1,15,A01
200500027313,0,15,000,00,2,7,14,A01
200500027313,0,07,000,08,2,8,01,B01
200500027314,0,02,000,00,2,1,01,A01
200500027314,0,10,000,00,2,4,16,B01
200500027315,0,07,000,00,0,0,01,A01
200500027315,0,01,000,00,0,0,01,B01
200500027316,0,07,000,00,2,3,10,A01
200500027316,0,05,000,00,2,1,01,B01
200500027317,0,07,000,00,1,4,20,A01
200500027318,0,02,000,00,2,1,01,A01
200500027318,0,07,000,00,2,4,01,B01
200500027319,0,07,000,00,2,3,15,A01
200500027319,0,02,000,00,2,1,01,B01
200500027320,0,07,000,00,2,1,00,A01
200500027320,0,07,000,00,2,4,00,B01
200500027321,0,07,000,00,2,5,15,A01
200500027321,0,05,000,00,2,1,01,B01
200500027322,0,07,000,00,2,3,20,A01
200500027322,0,05,000,01,2,1,21,B01
200500027323,0,02,000,00,2,7,17,A01
200500027323,0,07,000,00,2,3,15,B01
200500027324,0,07,000,00,2,2,14,A01
200500027324,0,02,000,00,2,3,21,B01
200500027325,0,02,000,00,2,1,01,A01
200500027325,0,02,000,00,2,6,02,B01
200500027326,0,07,000,00,2,1,02,A01
200500027326,0,07,000,00,2,4,01,B01
200500027327,0,05,000,00,2,1,00,A01
200500027327,0,07,000,00,2,4,23,B01
200500027328,0,02,000,00,2,1,21,A01
200500027328,0,07,000,00,2,2,15,B01
200500027329,0,05,000,00,2,1,19,A01
200500027329,0,07,000,00,2,1,19,B01
200500027330,0,07,000,00,2,3,13,A01
200500027330,0,02,000,00,2,5,01,B01
200500027331,0,07,000,00,2,3,13,A01
200500027331,0,05,000,00,2,1,01,B01
200500027331,0,07,000,00,2,3,01,C01
200500027332,0,07,000,00,2,1,02,A01
200500027332,0,07,000,00,2,4,23,B01
200500027333,0,07,000,00,2,8,15,A01
200500027333,0,05,000,00,2,1,00,B01
200500027334,0,07,000,06,0,1,13,A01
200500027335,0,07,000,03,0,1,14,A01
200500027336,0,07,000,00,2,8,24,A01
200500027336,0,01,000,01,0,0,00,B01
200500027337,0,07,000,00,2,1,01,A01
200500027337,0,05,000,00,2,2,01,B01
200500027338,0,07,000,00,2,1,15,A01
200500027338,0,05,000,00,2,8,21,B01
200500027339,0,07,000,00,1,2,21,A01
200500027340,0,07,000,14,0,1,01,A01
200500027340,0,07,000,00,2,4,23,B01
200500027341,0,07,000,12,0,1,01,A01
200500027342,0,07,000,00,2,1,01,A01
200500027342,0,07,000,00,2,1,01,B01
200500027343,0,02,000,00,2,7,00,A01
200500027343,0,14,000,00,2,2,15,B01
200500027344,0,07,000,00,2,6,20,A01
200500027344,0,02,000,00,2,1,21,B01
200500027345,0,05,000,00,2,1,01,A01
200500027345,0,07,000,00,2,4,02,B01
200500027346,0,07,000,00,2,2,19,B01
200500027346,0,01,000,00,2,0,19,A01
200500027347,0,02,000,00,0,7,21,A01
200500027348,0,07,000,00,2,0,21,A01
200500027348,0,07,000,00,2,3,21,B01
200500027349,0,02,000,14,0,0,00,A01
200500027350,0,05,000,00,0,7,21,A01
200500027351,0,02,000,14,0,1,02,A01
200500027351,0,07,000,00,2,4,23,B01
200500027352,0,07,000,00,2,1,21,A01
200500027352,0,07,000,00,2,4,23,B01
200500027353,0,05,000,00,2,1,00,B01
200500027353,0,07,000,00,2,3,00,A01
200500027354,0,07,000,00,2,3,15,A01
200500027354,0,01,000,00,2,1,01,B01
200500027355,0,07,000,00,1,3,15,A01
200500027356,0,07,000,00,2,1,02,A01
200500027356,0,07,000,00,2,4,02,B01
200500027356,0,07,000,00,2,1,02,C01
200500027357,0,07,000,00,2,1,21,A01
200500027357,0,07,000,00,2,4,23,B01
200500027358,0,07,000,00,1,1,01,A01
200500027359,0,05,000,00,2,8,01,A01
200500027359,0,07,000,00,2,8,15,B01
200500027360,0,02,000,14,0,1,01,A01
200500027360,0,07,000,00,2,6,23,B01
200500027361,0,05,000,10,0,1,01,A01
200500027362,0,07,000,00,2,1,19,A01
200500027362,0,07,000,00,2,9,19,B01
200500027363,0,07,000,02,0,1,13,A01
200500027364,0,07,000,00,2,1,01,A01
200500027364,0,05,000,00,2,8,01,B01
200500027365,0,18,012,00,2,6,23,A01
200500027365,0,02,000,00,2,1,00,B01
200500027366,0,07,000,00,1,3,01,A01
200500027367,0,07,000,14,0,3,01,A01
200500027367,0,07,000,00,2,5,23,B01
200500027368,0,07,000,00,2,7,16,A01
200500027368,0,05,000,00,2,7,07,B01
200500027369,0,07,000,00,2,3,15,A01
200500027369,0,01,000,00,2,1,07,B01
200500027370,1,02,000,00,1,1,13,A01
200500027371,0,02,000,00,2,1,21,B01
200500027371,0,07,000,00,2,7,19,A01
200500027372,0,07,000,00,1,1,15,A01
200500027373,0,07,000,01,0,2,14,A01
200500027374,0,07,000,00,2,3,15,A01
200500027374,0,02,000,00,2,1,01,B01
200500027375,0,05,000,00,2,2,17,A01
200500027375,0,07,000,00,2,1,15,B01
200500027376,0,07,000,00,1,1,01,A01
200500027377,0,05,000,00,0,0,00,A01
200500027377,0,07,000,00,2,7,15,B01
200500027378,0,07,000,00,1,3,01,A01
200500027379,0,07,000,00,2,1,21,A01
200500027379,0,07,000,00,2,4,23,B01
200500027379,0,07,000,00,2,1,23,C01
200500027379,0,07,000,00,2,4,23,D01
200500027380,0,02,000,00,0,1,01,A01
200500027381,0,07,000,00,1,1,01,A01
200500027382,0,02,000,00,2,1,03,A01
200500027382,0,07,000,00,2,8,01,B01
200500027382,0,07,000,00,2,5,23,C01
200500027383,0,02,000,00,2,1,07,A01
200500027383,0,07,000,00,2,3,15,B01
200500027384,0,07,000,00,1,1,01,A01
200500027385,2,07,000,08,0,1,01,A01
200500027386,0,07,000,00,2,2,15,A01
200500027386,0,05,000,00,2,8,21,B01
200500027387,0,14,000,00,2,1,21,A01
200500027387,0,07,000,00,2,4,23,B01
200500027387,0,07,000,00,2,4,23,C01
200500027388,0,05,000,00,2,4,15,A01
200500027388,0,07,000,00,2,2,01,B01
200500027389,0,07,000,00,1,2,01,A01
200500027390,0,07,000,00,1,6,01,A01
200500027391,0,07,000,00,2,3,16,A01
200500027391,0,05,000,00,2,1,01,B01
200500027392,0,05,000,16,0,8,21,A01
200500027392,0,05,000,00,2,8,21,B01
200500027393,0,07,000,00,1,7,01,A01
200500027394,0,07,000,00,2,2,15,A01
200500027394,0,02,000,00,2,1,01,B01
200500027395,0,02,000,00,2,1,21,A01
200500027395,0,07,000,00,2,5,21,B01
200500027396,0,02,000,14,0,0,01,A01
200500027397,0,07,000,00,2,1,17,A01
200500027397,0,02,000,00,2,2,01,B01
200500027398,0,07,000,00,2,3,15,A01
200500027398,0,05,000,00,2,1,17,B01
200500027399,0,10,000,00,1,7,12,A01
200500027400,0,14,000,00,2,3,15,A01
200500027400,0,05,000,00,2,3,01,B01
200500027401,0,07,000,00,1,1,01,A01
200500027402,0,07,000,00,2,7,19,A01
200500027402,0,02,000,00,2,1,19,B01
200500027403,0,18,015,08,1,5,07,A01
200500027404,0,07,000,06,0,1,13,A01
200500027405,0,07,000,00,0,0,15,A01
200500027405,0,05,000,00,0,1,01,B01
200500027406,0,07,000,00,1,1,15,A01
200500027407,0,07,000,01,0,1,00,A01
200500027408,0,07,000,00,2,1,15,B01
200500027408,0,05,000,00,2,1,17,A01
200500027409,0,05,000,00,2,1,01,B01
200500027409,1,07,000,00,2,0,15,A01
200500027410,0,07,000,05,0,1,15,A01
200500027411,0,07,000,00,1,1,01,A01
200500027412,0,07,000,00,2,7,17,A01
200500027412,0,02,000,00,2,8,01,B01
200500027413,0,07,000,00,2,8,01,B01
200500027413,0,07,000,00,2,1,01,A01
200500027414,0,02,000,00,2,8,15,A01
200500027414,0,07,000,00,2,1,01,B01
200500027415,0,07,000,00,2,2,19,A01
200500027415,0,07,000,00,2,3,01,B01
200500027416,0,07,000,00,2,2,19,A01
200500027416,0,07,000,00,2,3,02,B01
200500027417,0,05,000,00,0,1,02,A01
200500027418,0,01,000,00,2,0,21,A01
200500027418,0,17,000,00,2,8,02,B01
200500027419,0,02,000,00,2,1,02,A01
200500027419,0,07,000,00,2,5,20,B01
200500027420,0,07,000,00,2,6,15,A01
200500027420,0,02,000,00,2,1,01,B01
200500027421,0,07,000,00,1,1,01,A01
200500027422,0,07,000,00,1,1,01,A01
200500027423,0,05,000,00,1,1,01,A01
200500027424,0,07,000,00,2,1,13,A01
200500027424,0,07,000,00,2,1,01,B01
200500027425,0,03,000,00,2,2,15,A01
200500027425,0,07,000,01,2,1,01,B01
200500027426,0,07,000,00,2,1,13,A01
200500027426,0,07,000,00,2,1,01,B01
200500027427,0,05,000,00,2,7,17,A01
200500027427,0,07,000,00,2,1,15,B01
200500027428,0,07,000,03,2,3,16,A01
200500027428,0,07,000,00,2,3,15,B01
200500027429,0,05,000,00,2,1,01,A01
200500027429,0,05,000,00,2,1,01,B01
200500027429,0,07,000,00,2,4,01,C01
200500027430,0,07,000,00,2,3,01,A01
200500027430,0,05,000,00,2,0,01,B01
200500027431,0,04,000,01,0,7,14,A01
200500027432,0,07,000,00,1,3,21,B01
200500027433,0,07,000,00,2,1,21,A01
200500027433,0,07,000,00,2,2,15,B01
200500027434,0,09,000,06,0,3,01,A01
200500027435,0,02,000,00,0,3,21,A01
200500027436,0,02,000,00,2,1,13,A01
200500027436,0,13,000,00,0,1,01,B01
200500027437,0,07,000,02,0,1,14,A01
200500027438,0,02,000,00,2,1,01,B01
200500027438,0,07,000,00,0,3,13,A01
200500027439,0,07,000,00,1,4,04,A01
200500027440,0,10,000,00,2,1,16,A01
200500027440,0,07,000,00,0,5,01,B01
200500027441,0,07,000,00,2,3,13,A01
200500027441,0,07,000,00,0,0,04,B01
200500027441,0,07,000,00,0,3,01,C01
200500027442,1,99,000,00,0,0,00,B01
200500027442,0,05,000,00,2,1,01,A01