Num_Acc,senc,catv,occutc,obs,obsm,choc,manv,num_veh
200500027443,0,05,000,00,2,1,15,A01
200500027443,0,10,000,00,2,2,01,B01
200500027444,0,07,000,00,2,8,17,A01
200500027444,0,05,000,00,2,7,17,B01
200500027445,0,02,000,00,2,1,02,B01
200500027445,0,07,000,00,2,7,02,A01
200500027446,0,05,000,00,2,1,02,A01
200500027446,0,07,000,00,2,6,02,B01
200500027447,0,07,000,00,2,1,21,A01
200500027447,0,07,000,06,0,6,01,B01
200500027447,0,14,000,00,2,3,01,C01
200500027448,0,07,000,00,2,3,13,A01
200500027448,0,07,000,00,2,8,21,B01
200500027448,0,07,000,00,2,3,21,C01
200500027449,0,05,000,00,2,1,13,A01
200500027449,0,07,000,00,2,1,21,B01
200500027450,0,05,000,00,2,1,17,A01
200500027450,0,07,000,00,2,3,15,B01
200500027451,0,07,000,00,2,7,10,A01
200500027451,0,05,000,00,2,1,01,B01
200500027452,0,05,000,00,2,8,08,A01
200500027452,0,07,000,00,2,2,15,B01
200500027453,0,07,000,00,2,1,02,A01
200500027453,0,07,000,00,2,6,01,B01
200500027454,0,07,000,00,2,1,13,A01
200500027454,0,07,000,00,2,1,01,B01
200500027455,0,07,000,00,2,4,16,A01
200500027455,0,05,000,00,2,1,01,B01
200500027456,0,07,000,00,2,1,01,A01
200500027456,0,01,000,00,2,7,19,B01
200500027457,0,07,000,08,0,1,14,A01
200500027458,0,05,000,00,2,1,01,A01
200500027458,0,07,000,00,2,3,09,B01
200500027459,0,07,000,00,2,1,01,A01
200500027459,0,07,000,00,2,9,02,C01
200500027459,0,07,000,00,2,4,01,D01
200500027460,0,07,000,00,2,2,15,A01
200500027460,0,07,000,00,2,1,01,B01
200500027460,0,07,000,00,2,1,23,C01
200500027460,0,07,000,00,2,1,23,D01
200500027461,0,07,000,00,2,0,01,A01
200500027461,0,03,000,00,2,0,01,B01
200500027462,1,07,000,00,2,1,02,A01
200500027462,0,07,000,00,2,4,01,B01
200500027463,0,02,000,00,2,1,09,A01
200500027463,0,07,000,00,2,8,01,B01
200500027464,0,07,000,00,2,2,13,A01
200500027464,0,07,000,00,2,5,01,B01
200500027465,0,02,000,00,1,1,01,A01
200500027466,0,07,000,00,2,3,09,A01
200500027466,0,07,000,00,2,2,09,B01
200500027467,0,07,000,00,1,2,01,A01
200500027468,0,07,000,00,1,2,01,A01
200500027469,2,04,000,00,1,1,14,A01
200500027470,0,07,000,00,2,8,17,A01
200500027470,0,07,000,00,2,4,02,B01
200500027471,1,07,000,00,9,1,01,A01
200500027471,0,01,000,00,2,4,01,B01
200500027472,0,07,000,00,0,0,16,A01
200500027472,0,05,000,00,0,1,01,B01
200500027473,0,07,000,00,2,3,09,A01
200500027473,0,07,000,00,2,1,01,B01
200500027474,0,07,000,00,1,1,16,A01
200500027475,0,07,000,00,2,1,02,A01
200500027475,0,07,000,00,2,4,23,B01
200500027476,0,07,000,00,2,1,01,A01
200500027476,0,07,000,00,2,1,01,B01
200500027476,0,07,000,00,2,4,23,C01
200500027477,0,07,000,00,1,1,01,A01
200500027478,0,07,000,01,2,1,13,A01
200500027478,0,07,000,00,2,6,15,B01
200500027479,0,02,000,00,2,1,17,A01
200500027479,0,07,000,00,2,3,01,B01
200500027479,0,07,000,00,2,3,01,C01
200500027480,0,05,000,00,2,1,01,A01
200500027480,0,07,000,00,2,4,01,B01
200500027481,0,07,000,02,0,9,14,A01
200500027482,0,05,000,00,2,8,17,A01
200500027482,0,07,000,00,2,8,01,B01
200500027483,0,05,000,00,2,2,17,A01
200500027483,0,07,000,00,2,8,15,B01
200500027484,0,07,000,00,2,5,15,A01
200500027484,0,02,000,00,2,1,01,B01
200500027485,0,07,000,00,0,8,23,A01
200500027485,0,05,000,14,0,1,17,B01
200500027486,0,05,000,00,2,7,16,A01
200500027486,0,07,000,00,2,3,15,B01
200500027487,0,02,000,00,2,1,15,A01
200500027487,0,07,000,00,2,1,01,B01
200500027488,0,07,000,00,1,2,15,A01
200500027489,0,07,000,00,1,3,17,A01
200500027490,0,07,000,00,2,5,15,A01
200500027490,0,05,000,00,2,1,01,B01
200500027491,0,05,000,00,2,1,17,B01
200500027491,0,07,000,00,2,3,15,A01
200500027492,0,07,000,00,2,1,02,A01
200500027492,0,07,000,00,2,1,02,B01
200500027493,0,05,000,00,2,1,02,A01
200500027493,0,07,000,00,0,4,23,B01
200500027494,0,02,000,00,2,1,02,A01
200500027494,0,07,000,00,2,2,15,B01
200500027495,0,05,000,00,2,1,02,A01
200500027495,0,07,000,00,0,4,02,B01
200500027495,0,07,000,00,0,6,02,C01
200500027496,0,05,000,03,0,1,02,A01
200500027497,0,07,000,00,2,2,02,A01
200500027497,0,07,000,00,0,4,02,B01
200500027498,0,07,000,00,2,3,01,B01
200500027498,0,07,000,00,2,6,19,A01
200500027499,0,07,000,11,2,3,15,A01
200500027499,0,07,000,00,2,1,01,B01
200500027500,0,18,001,00,2,1,02,A01
200500027500,0,10,000,00,2,9,23,B01
200500027500,0,10,000,00,2,4,23,C01
200500027501,0,04,000,00,2,2,17,A01
200500027501,0,07,000,00,2,3,15,B01
200500027502,0,07,000,00,2,7,01,A01
200500027502,0,07,000,00,0,8,15,B01
200500027503,0,07,000,06,0,8,00,A01
200500027504,0,07,000,00,2,3,15,A01
200500027504,0,04,000,00,2,3,01,B01
200500027505,0,99,000,00,0,0,00,A01
200500027505,1,99,000,00,0,0,00,B01
200500027506,0,07,000,00,2,1,00,B01
200500027506,0,05,000,00,2,3,15,A01
200500027507,1,07,000,00,2,7,13,A01
200500027507,0,07,000,00,2,8,01,B01
200500027508,0,05,000,00,2,1,02,A01
200500027508,0,07,000,00,2,6,00,B01
200500027509,0,04,000,00,2,1,02,A01
200500027509,0,07,000,00,0,6,15,B01
200500027510,0,07,000,15,0,1,14,A01
200500027511,0,07,000,00,2,3,02,A01
200500027511,0,07,000,00,2,5,02,B01
200500027512,0,07,000,00,0,0,21,A01
200500027512,0,07,000,15,0,1,21,B01
200500027513,0,07,000,01,0,1,07,A01
200500027513,0,07,000,00,2,6,23,B01
200500027514,0,07,000,00,1,1,00,A01
200500027515,0,07,000,04,0,2,14,A01
200500027516,0,07,000,00,2,1,02,A01
200500027516,0,07,000,00,0,4,01,B01
200500027517,0,01,000,00,2,3,16,A01
200500027517,0,07,000,00,2,3,01,B01
200500027518,0,07,000,00,1,4,00,A01
200500027519,0,07,000,00,2,2,12,A01
200500027519,0,04,000,00,2,3,01,B01
200500027520,0,07,000,00,2,1,01,A01
200500027521,0,07,000,00,2,2,16,A01
200500027521,0,07,000,00,2,6,16,B01
200500027522,0,07,000,00,2,3,10,A01
200500027522,0,04,000,00,2,1,00,B01
200500027523,0,05,000,00,1,1,07,A01
200500027524,0,07,000,00,1,3,00,A01
200500027525,0,04,000,16,0,0,00,A01
200500027526,0,02,000,00,2,0,17,A01
200500027526,0,07,000,00,2,0,02,B01
200500027527,0,07,000,00,1,1,00,A01
200500027528,0,07,000,00,2,7,16,A01
200500027528,0,04,000,00,2,8,00,B01
200500027529,0,05,000,00,0,0,00,A01
200500027530,1,07,000,00,2,1,02,A01
200500027530,0,07,000,00,2,4,02,B01
200500027531,0,05,000,15,0,2,02,A01
200500027532,0,07,000,00,2,8,16,A01
200500027532,0,07,000,00,2,2,00,B01
200500027533,0,13,000,11,2,7,15,A01
200500027533,0,07,000,00,2,1,00,B01
200500027534,1,02,000,00,2,1,01,A01
200500027534,0,07,000,00,2,4,01,B01
200500027535,0,07,000,00,2,2,15,A01
200500027535,0,07,000,00,2,1,00,B01
200500027536,0,07,000,00,9,4,23,A01
200500027536,0,07,000,00,2,1,02,B01
200500027537,0,07,000,00,2,0,00,A01
200500027537,0,07,000,00,2,0,00,B01
200500027538,1,07,000,00,9,0,00,A01
200500027538,0,05,000,00,2,1,01,B01
200500027539,0,07,000,00,1,0,01,A01
200500027540,0,07,000,00,2,2,01,A01
200500027540,0,07,000,00,2,6,01,B01
200500027541,0,04,000,00,2,8,15,A01
200500027541,0,04,000,00,2,7,02,B01
200500027542,0,04,000,00,1,1,13,A01
200500027543,0,07,000,00,2,1,09,A01
200500027543,0,07,000,00,2,7,21,B01
200500027544,1,05,000,00,0,0,00,A01
200500027545,0,07,000,00,2,7,19,A01
200500027545,0,05,000,00,2,3,01,B01
200500027546,0,07,000,14,0,1,02,A01
200500027546,0,07,000,00,0,4,23,B01
200500027547,0,07,000,00,2,2,01,A01
200500027547,0,04,000,00,2,3,00,B01
200500027548,0,07,000,00,2,0,00,A01
200500027548,0,04,000,00,2,1,01,B01
200500027549,0,07,000,00,0,1,05,A01
200500027549,0,07,000,00,0,1,05,B01
200500027550,0,07,000,00,0,0,00,A01
200500027551,0,07,000,00,2,8,01,B01
200500027551,0,02,000,00,2,1,01,A01
200500027552,0,07,000,15,0,1,00,A01
200500027553,0,07,000,00,1,4,04,A01
200500027554,0,04,000,00,2,8,01,A01
200500027554,1,07,000,00,9,0,13,B01
200500027555,0,07,000,00,2,3,02,A01
200500027555,0,07,000,00,0,0,02,B01
200500027556,0,07,000,00,0,1,07,A01
200500027556,0,07,000,00,0,1,15,B01
200500027557,0,05,000,00,2,6,21,B01
200500027557,0,07,000,00,2,2,15,A01
200500027558,0,07,000,00,0,0,00,A01
200500027558,0,05,000,00,2,8,21,B01
200500027559,0,07,000,00,2,2,09,A01
200500027559,0,07,000,00,2,3,01,B01
200500027560,0,07,000,00,0,0,00,A01
200500027560,0,07,000,00,0,1,00,B01
200500027561,0,07,000,00,0,0,00,A01
200500027561,0,05,000,00,2,1,17,B01
200500027562,1,07,000,00,2,6,01,A01
200500027562,0,07,000,00,2,6,01,B01
200500027563,0,07,000,00,2,4,02,A01
200500027563,0,07,000,00,2,4,02,B01
200500027563,0,07,000,00,2,1,02,C01
200500027564,1,07,000,00,0,0,00,A01
200500027565,2,07,000,00,2,3,10,A01
200500027565,0,07,000,00,2,1,21,B01
200500027566,0,04,000,00,0,8,21,A01
200500027567,1,07,000,00,2,1,02,A01
200500027567,0,02,000,00,2,4,02,B01
200500027568,0,05,000,00,2,3,17,A01
200500027568,0,07,000,00,2,3,01,B01
200500027569,0,07,000,15,0,1,00,A01
200500027570,0,07,000,00,1,1,01,A01
200500027571,0,04,000,00,2,1,01,B01
200500027571,0,07,000,00,0,6,19,A01
200500027572,0,07,000,00,0,0,15,A01
200500027572,0,04,000,00,0,0,01,B01
200500027573,0,07,000,00,1,4,20,A01
200500027574,0,07,000,00,2,3,15,A01
200500027574,0,02,000,00,2,1,01,B01
200500027575,0,07,000,00,2,1,01,A01
200500027575,0,07,000,00,2,1,01,B01
200500027576,0,07,000,00,2,1,23,A01
200500027576,0,07,000,00,2,4,23,B01
200500027577,0,13,000,00,9,2,19,A01
200500027577,0,05,000,00,2,2,21,B01
200500027578,0,07,000,00,9,3,13,A01
200500027578,0,01,000,00,2,1,00,B01
200500027579,0,07,000,00,2,3,01,A01
200500027579,0,07,000,00,2,2,01,B01
200500027580,0,07,000,00,1,2,00,A01
200500027581,0,07,000,00,2,1,02,A01
200500027581,0,01,000,00,0,7,19,B01
200500027582,0,07,000,00,0,0,00,A01
200500027583,0,07,000,00,2,0,02,A01
200500027583,0,07,000,00,2,0,02,B01
200500027584,0,07,000,00,1,1,00,A01
200500027585,1,07,000,00,2,1,01,A01
200500027585,0,07,000,00,2,4,01,B01
200500027586,0,07,000,00,2,1,00,A01
200500027586,0,07,000,00,2,0,00,B01
200500027586,0,07,000,00,0,4,00,C01
200500027587,0,02,000,00,2,3,15,A01
200500027587,0,04,000,00,2,3,00,B01
200500027588,0,07,000,00,2,8,20,A01
200500027588,0,05,000,00,2,1,00,B01
200500027589,0,05,000,00,2,1,17,A01
200500027589,0,07,000,00,2,1,09,B01
200500027590,0,05,000,00,1,1,18,A01
200500027591,0,07,000,01,0,1,01,A01
200500027592,0,07,000,00,2,5,05,A01
200500027592,0,07,000,00,2,1,01,B01
200500027593,0,07,000,00,2,1,01,A01
200500027593,0,07,000,00,2,0,01,B01
200500027593,0,07,000,00,0,4,01,C01
200500027594,0,05,000,00,1,1,03,A01
200500027595,0,07,000,00,2,1,00,A01
200500027595,0,07,000,00,2,1,01,B01
200500027596,0,07,000,00,2,1,02,A01
200500027596,0,07,000,00,2,4,02,B01
200500027597,0,07,000,00,1,1,01,A01
200500027598,0,04,000,00,2,8,19,A01
200500027598,0,02,000,00,2,1,01,B01
200500027599,0,02,000,00,2,2,17,A01
200500027599,0,18,000,00,2,3,00,B01
200500027600,0,02,000,00,2,2,00,A01
200500027600,0,07,000,00,2,1,01,B01
200500027601,0,07,000,00,2,1,01,A01
200500027601,0,07,000,00,2,7,01,B01
200500027602,0,05,000,00,0,7,21,A01
200500027603,0,07,000,00,2,0,19,A01
200500027603,0,04,000,00,2,0,00,B01
200500027604,1,07,000,00,2,0,00,A01
200500027604,0,05,000,00,2,2,17,B01
200500027605,0,07,000,00,1,0,15,A01
200500027606,0,05,000,00,0,0,09,A01
200500027606,0,07,000,00,0,0,01,B01
200500027607,0,04,000,00,2,3,01,A01
200500027607,0,07,000,00,2,4,02,B01
200500027607,0,07,000,00,2,1,02,C01
200500027608,0,07,000,00,2,8,20,A01
200500027608,0,05,000,00,2,7,00,B01
200500027609,0,05,000,00,2,2,01,A01
200500027609,0,07,000,00,2,1,01,B01
200500027610,0,07,000,00,2,0,01,A01
200500027610,0,07,000,00,2,0,09,B01
200500027611,0,07,000,00,1,0,01,A01
200500027612,0,07,000,00,2,7,15,A01
200500027612,0,05,000,00,1,1,01,B01
200500027613,0,07,000,00,2,2,15,A01
200500027613,0,07,000,00,2,3,01,B01
200500027614,1,02,000,00,2,8,10,A01
200500027614,0,02,000,00,0,0,00,B01
200500027615,0,07,000,00,2,7,02,A01
200500027615,0,01,000,00,2,8,18,B01
200500027616,0,04,000,00,0,8,01,B01
200500027616,0,07,000,00,0,2,15,A01
200500027617,0,07,000,00,1,1,15,A01
200500027618,0,07,000,00,0,0,00,A01
200500027618,0,07,000,00,0,0,00,B01
200500027619,0,07,000,00,0,4,01,A01
200500027619,0,02,000,00,2,1,03,B01
200500027620,0,07,000,00,2,1,00,A01
200500027620,0,07,000,00,2,7,00,B01
200500027621,0,07,000,00,2,1,01,A01
200500027621,0,02,000,00,0,4,01,B01
200500027622,0,07,000,00,2,1,01,A01
200500027622,0,07,000,00,2,4,01,B01
200500027623,0,07,000,00,0,0,00,A01
200500027624,0,07,000,00,2,3,10,A01
200500027624,0,02,000,00,2,1,02,B01
200500027625,0,07,000,00,1,3,01,A01
200500027626,0,07,000,00,2,3,22,A01
200500027626,0,02,000,01,2,1,02,B01
200500027627,1,07,000,00,2,3,19,A01
200500027627,0,05,000,00,2,1,01,B01
200500027628,0,02,000,00,2,1,01,B01
200500027628,0,07,000,00,2,8,01,A01
200500027629,0,07,000,00,2,2,01,A01
200500027629,0,05,000,00,0,1,01,B01
200500027630,0,07,000,00,2,1,23,B01
200500027630,0,07,000,00,2,1,23,C01
200500027630,2,07,000,00,2,1,15,A01
200500027631,0,07,000,00,0,0,00,A01
200500027631,0,05,000,00,0,0,00,B01
200500027632,0,07,000,14,0,3,02,A01
200500027632,0,07,000,00,0,5,15,B01
200500027633,0,07,000,06,0,1,00,A01
200500027634,0,17,000,00,2,8,11,A01
200500027634,0,07,000,00,0,2,00,B01
200500027635,0,07,000,00,0,0,00,A01
200500027636,0,07,000,00,2,7,01,A01
200500027636,0,07,000,00,2,2,15,B01
200500027637,0,05,000,00,2,1,17,A01
200500027637,0,07,000,00,2,1,00,B01
200500027638,0,07,000,00,2,3,13,A01
200500027638,0,04,000,00,0,0,00,B01
200500027639,0,02,000,01,0,1,01,A01
200500027640,0,15,000,01,0,5,07,A01
200500027640,0,07,000,00,0,3,24,B01
200500027641,1,07,000,00,2,0,09,A01
200500027641,0,04,000,00,2,7,00,B01
200500027642,1,07,000,00,0,0,00,A01
200500027643,0,07,000,00,2,8,19,A01
200500027643,0,07,000,00,2,1,01,B01
200500027644,0,05,000,00,2,8,01,A01
200500027644,0,07,000,00,2,0,15,B01
200500027645,0,07,000,00,2,5,15,A01
200500027645,0,05,000,00,2,0,02,B01
200500027646,0,07,000,00,1,0,00,A01
200500027647,1,04,000,00,0,0,00,A01
200500027647,0,05,000,00,0,4,02,B01
200500027648,0,07,000,00,0,0,00,A01
200500027649,0,07,000,00,1,2,02,A01
200500027650,0,07,000,00,2,8,07,A01
200500027650,0,04,000,00,0,0,00,B01
200500027651,0,07,000,00,2,1,02,A01
200500027651,0,10,000,00,2,4,23,B01
200500027651,0,07,000,00,2,4,23,C01
200500027652,1,07,000,00,2,1,01,A01
200500027652,0,07,000,00,0,4,23,B01
200500027653,1,07,000,00,2,1,02,A01
200500027653,0,07,000,01,2,6,02,B01
200500027654,0,05,000,00,2,2,21,A01
200500027654,1,07,000,00,2,2,15,B01
200500027655,1,02,000,00,1,1,01,A01
200500027656,0,07,000,00,0,0,00,B01
200500027656,0,07,000,00,0,0,00,A01
200500027657,1,07,000,00,0,0,00,A01
200500027657,0,05,000,00,0,0,00,B01
200500027658,0,07,000,00,1,1,01,A01
200500027659,0,01,000,01,0,1,01,A01
200500027659,0,18,012,00,0,4,23,B01
200500027660,0,07,000,00,1,3,01,A01
200500027661,0,07,000,00,2,1,01,A01
200500027661,0,07,000,00,0,0,00,B01
200500027661,0,18,000,00,2,4,01,C01
200500027661,0,07,000,00,2,2,01,D01
200500027662,1,07,000,00,0,0,00,A01
200500027663,0,04,000,00,0,7,01,A01
200500027664,0,07,000,00,0,5,23,A01
200500027664,0,05,000,00,2,1,02,B01
200500027665,0,01,000,00,0,0,09,A01
200500027666,0,07,000,00,1,1,00,A01
200500027667,1,07,000,00,0,0,00,A01
200500027667,0,10,000,00,2,4,00,B01
200500027668,0,04,000,01,2,1,01,A01
200500027668,0,07,000,00,2,6,15,B01
200500027669,0,10,000,00,2,1,02,A01
200500027669,0,10,000,00,2,4,23,B01
200500027670,0,05,000,00,2,1,02,A01
200500027670,0,07,000,00,2,4,23,B01
200500027671,1,07,000,00,2,1,15,A01
200500027671,0,02,000,00,2,7,00,B01
200500027672,0,07,000,00,2,6,11,A01
200500027672,0,05,000,00,2,9,17,B01
200500027673,0,07,000,00,2,8,15,A01
200500027673,0,02,000,00,2,1,17,B01
200500027674,0,05,000,00,2,7,02,A01
200500027674,0,05,000,00,2,8,02,B01
200500027675,0,10,000,00,1,2,02,A01
200500027676,0,07,000,00,2,3,15,A01
200500027676,0,04,000,00,2,6,01,B01
200500027677,0,05,000,13,0,1,00,A01
200500027678,0,02,000,00,2,1,02,A01
200500027678,0,07,000,00,2,5,02,B01
200500027679,0,01,000,00,2,3,18,A01
200500027679,0,01,000,00,2,2,01,B01
200500027680,0,07,000,00,2,1,01,A01
200500027680,0,07,000,00,0,4,23,B01
200500027681,0,05,000,00,2,1,09,A01
200500027681,0,07,000,00,0,8,15,B01
200500027682,0,05,000,00,2,1,17,A01
200500027682,0,02,000,00,2,1,01,B01
200500027683,0,07,000,00,0,0,00,A01
200500027683,0,05,000,00,0,0,00,B01
200500027684,0,04,000,00,0,1,00,A01
200500027685,0,07,000,00,2,3,15,A01
200500027685,0,07,000,15,2,2,15,B01
200500027686,2,04,000,00,2,8,15,A01
200500027686,0,05,000,00,2,1,01,B01
200500027687,0,07,000,00,2,2,21,A01
200500027687,0,03,000,00,2,2,21,B01
200500027688,2,07,000,00,1,1,14,A01
200500027688,0,07,000,01,2,4,00,B01
200500027688,0,07,000,01,2,5,00,C01
200500027689,0,07,000,00,2,8,09,A01
200500027689,0,05,000,00,2,7,01,B01
200500027690,0,04,000,00,1,1,00,A01
200500027691,0,05,000,00,1,1,01,A01
200500027692,0,07,000,00,2,3,01,A01
200500027692,0,07,000,00,0,2,23,B01
200500027693,0,07,000,12,0,8,00,A01
200500027694,0,07,000,00,0,3,13,A01
200500027694,0,07,000,00,0,3,00,B01
200500027695,0,07,000,00,2,3,01,A01
200500027695,0,02,000,00,2,1,01,B01
200500027696,0,07,000,00,2,3,02,B01
200500027696,0,07,000,00,2,1,09,A01
200500027697,0,18,044,00,1,2,02,A01
200500027698,0,07,000,00,2,7,14,A01
200500027698,0,07,000,00,2,8,16,B01
200500027699,0,07,000,00,2,3,15,A01
200500027699,0,05,000,00,2,1,01,B01
200500027700,0,07,000,00,2,7,15,A01
200500027700,0,07,000,00,2,1,16,B01
200500027701,0,02,000,00,0,1,00,A01
200500027702,0,05,000,00,1,0,01,A01
200500027703,0,07,000,00,1,0,04,A01
200500027704,0,07,000,00,1,0,01,A01
200500027705,0,02,000,00,0,0,00,A01
200500027706,1,04,000,00,0,0,00,A01
200500027707,0,07,000,00,2,8,10,A01
200500027707,0,05,000,00,2,1,02,B01
200500027708,0,07,000,01,0,3,13,A01
200500027708,0,07,000,00,2,3,00,B01
200500027709,0,15,000,00,2,2,01,A01
200500027709,0,07,000,00,0,6,01,B01
200500027710,0,07,000,00,2,1,09,A01
200500027710,0,05,000,00,2,7,01,B01
200500027711,0,07,000,00,2,3,15,A01
200500027711,0,04,000,00,2,1,01,B01
200500027712,0,04,000,00,1,0,00,A01
200500027713,0,07,000,00,2,1,02,A01
200500027713,0,07,000,00,0,4,02,B01
200500027714,0,04,000,00,2,6,02,A01
200500027714,0,07,000,00,0,0,02,B01
200500027715,0,07,000,00,2,2,15,A01
200500027715,0,07,000,00,2,3,00,B01
200500027716,0,02,000,12,0,1,21,A01
200500027717,0,07,000,00,2,8,15,A01
200500027717,0,05,000,00,2,0,01,B01
200500027718,0,07,000,00,2,1,02,A01
200500027718,0,05,000,00,2,4,02,B01
200500027719,0,07,000,00,2,1,02,A01
200500027719,0,07,000,00,0,4,23,B01
200500027720,0,07,000,08,0,1,16,A01
200500027721,0,02,000,00,2,1,09,A01
200500027721,0,07,000,00,2,7,15,B01
200500027722,0,07,000,00,2,0,00,A01
200500027722,0,04,000,00,2,0,00,B01
200500027723,0,07,000,00,2,6,23,A01
200500027723,0,04,000,00,0,1,00,B01
200500027724,0,07,000,00,2,2,01,A01
200500027724,0,07,000,00,2,8,01,B01
200500027725,0,02,000,00,2,8,17,A01
200500027725,0,07,000,00,9,8,15,B01
200500027726,0,07,000,00,2,3,15,A01
200500027726,0,02,000,00,2,7,11,B01
200500027727,0,07,000,00,2,1,15,A01
200500027727,0,02,000,00,2,3,02,B01
200500027728,0,05,000,12,0,1,01,A01
200500027729,0,02,000,01,2,4,01,B01
200500027729,0,07,000,00,2,1,15,A01
200500027730,0,05,000,00,2,9,01,A01
200500027730,0,07,000,00,2,6,01,B01
200500027730,0,07,000,00,2,6,01,C01
200500027730,0,15,000,00,2,8,01,D01
200500027731,0,07,000,14,0,1,21,A01
200500027732,0,05,000,00,2,3,21,B01
200500027732,0,07,000,00,0,8,15,A01
200500027733,0,05,000,00,2,1,02,A01
200500027733,0,07,000,00,9,4,02,B01
200500027734,0,07,000,00,0,0,00,A01
200500027735,0,07,000,00,2,4,23,A01
200500027735,0,07,000,00,2,1,00,B01
200500027735,0,07,000,00,2,0,00,C01
200500027736,0,04,000,00,2,7,00,A01
200500027736,0,07,000,00,2,3,00,B01
200500027737,0,07,000,00,2,1,15,A01
200500027737,0,07,000,00,2,3,01,B01
200500027737,0,02,000,00,2,1,02,C01
200500027738,0,07,000,00,1,1,17,A01
200500027739,0,07,000,00,1,2,00,A01
200500027739,0,07,000,00,0,0,00,B01
200500027740,0,07,000,00,1,2,00,A01
200500027741,0,07,000,00,2,2,15,A01
200500027741,0,07,000,00,2,3,00,B01
200500027742,0,07,000,00,2,7,15,A01
200500027742,0,02,000,00,2,7,01,B01
200500027743,0,07,000,15,0,1,14,A01
200500027744,0,07,000,00,2,1,02,A01
200500027744,0,07,000,00,0,4,02,B01
200500027745,0,02,000,00,1,0,01,A01
200500027746,0,07,000,00,1,1,16,A01
200500027747,0,07,000,00,1,3,02,A01
200500027748,0,07,000,00,2,8,19,A01
200500027748,0,10,000,00,2,1,21,B01
200500027749,1,02,000,00,1,0,00,A01
200500027750,0,07,000,00,2,1,02,A01
200500027750,0,07,000,00,2,4,02,B01
200500027750,0,07,000,00,2,4,02,C01
200500027751,0,14,000,00,2,1,02,A01
200500027751,0,07,000,00,2,4,02,B01
200500027751,0,07,000,00,2,4,02,C01
200500027752,0,07,000,00,2,0,00,B01
200500027752,0,05,000,00,2,1,00,A01
200500027753,0,01,000,00,2,1,00,A01
200500027753,0,07,000,00,2,8,15,B01
200500027754,0,02,000,00,2,1,21,A01
200500027754,0,07,000,00,2,3,21,B01
200500027755,0,07,000,00,2,1,01,A01
200500027755,0,05,000,00,2,4,00,B01
200500027756,1,07,000,00,0,0,00,A01
200500027756,0,02,000,00,2,4,01,B01
200500027757,0,05,000,00,2,1,00,A01
200500027757,0,07,000,00,0,5,00,B01
200500027758,0,07,000,00,1,0,00,A01
200500027759,0,07,000,00,2,1,02,A01
200500027759,0,07,000,00,0,4,23,B01
200500027760,1,99,000,00,0,0,00,A01
200500027760,0,05,000,01,0,0,00,B01
200500027760,0,07,000,00,2,0,00,C01
200500027761,0,07,000,00,2,2,15,A01
200500027761,0,05,000,00,2,1,00,B01
200500027762,0,07,000,00,2,3,15,A01
200500027762,0,07,000,00,2,2,01,B01
200500027763,0,07,000,00,2,1,23,A01
200500027763,0,07,000,00,2,7,21,B01
200500027764,0,07,000,00,0,0,00,B01
200500027764,0,07,000,00,0,0,00,A01
200500027765,0,07,000,00,2,1,02,A01
200500027765,0,07,000,00,2,4,02,B01
200500027766,0,07,000,11,0,1,13,A01
200500027767,0,07,000,00,2,5,19,A01
200500027767,0,07,000,00,2,1,19,B01
200500027768,0,17,000,00,2,8,14,A01
200500027768,0,07,000,00,2,7,00,B01
200500027769,0,07,000,00,2,7,15,A01
200500027769,0,05,000,00,2,0,01,B01
200500027770,0,07,000,00,2,1,09,A01
200500027770,0,07,000,00,2,3,15,B01
200500027771,0,07,000,00,2,0,15,A01
200500027771,0,04,000,00,2,7,17,B01
200500027772,0,07,000,00,1,1,00,A01
200500027773,0,07,000,00,2,1,05,A01
200500027773,0,07,000,00,2,8,02,B01
200500027773,0,07,000,00,2,1,14,C01
200500027774,0,07,000,00,0,0,00,A01
200500027774,0,07,000,00,2,4,23,B01
200500027775,0,07,000,00,2,7,15,A01
200500027775,0,05,000,00,2,9,01,B01
200500027776,0,05,000,00,2,1,17,A01
200500027776,0,07,000,00,0,6,15,B01
200500027777,0,07,000,00,0,0,00,A01
200500027777,0,07,000,00,0,0,00,B01
200500027778,0,07,000,00,0,0,00,A01
200500027778,0,02,000,00,2,0,17,B01
200500027778,0,07,000,00,0,5,00,C01
200500027779,0,07,000,08,0,2,01,A01
200500027780,0,18,026,00,1,2,20,A01
200500027781,0,07,000,00,2,7,23,A01
200500027781,0,04,000,01,0,8,14,B01
200500027782,0,20,000,00,0,0,00,A01
200500027782,0,07,000,00,0,0,00,B01
200500027783,0,07,000,00,0,3,15,A01
200500027783,0,04,000,00,0,0,00,B01
200500027784,0,04,000,00,2,8,18,A01
200500027784,0,07,000,00,2,7,16,B01
200500027785,0,07,000,00,2,3,01,A01
200500027785,0,07,000,00,2,2,09,B01
200500027786,0,07,000,00,2,0,00,A01
200500027786,0,07,000,00,0,0,00,B01
200500027787,0,05,000,00,2,1,01,B01
200500027787,0,07,000,00,2,3,19,A01
200500027788,0,07,000,00,0,1,19,A01
200500027788,0,07,000,00,0,8,15,B01
200500027789,0,07,000,00,2,8,10,A01
200500027789,0,05,000,00,2,1,01,B01
200500027790,0,07,000,00,2,1,15,A01
200500027790,0,07,000,00,2,3,00,B01
200500027791,0,04,000,00,2,1,01,B01
200500027791,1,07,000,00,2,8,15,A01
200500027792,0,07,000,00,2,0,00,A01