Num_Acc,senc,catv,occutc,obs,obsm,choc,manv,num_veh
200500028150,0,05,000,00,2,1,01,B01
200500028151,0,10,000,08,0,3,15,A01
200500028151,0,02,000,08,0,1,16,B01
200500028152,0,07,000,00,2,3,09,A01
200500028152,0,07,000,00,2,5,02,B01
200500028153,0,07,000,00,2,3,24,A01
200500028153,0,02,000,00,2,3,13,B01
200500028154,0,07,000,00,2,1,15,A01
200500028154,0,07,000,00,2,3,01,B01
200500028155,0,07,000,00,2,2,15,A01
200500028155,0,07,000,00,2,3,02,B01
200500028156,0,13,000,00,2,2,02,A01
200500028156,0,07,000,00,2,3,02,B01
200500028157,0,07,000,13,0,7,02,A01
200500028158,0,07,000,00,2,1,01,B01
200500028158,0,07,000,00,2,2,01,A01
200500028159,0,07,000,00,2,7,02,B01
200500028159,0,07,000,00,2,1,16,A01
200500028160,0,07,000,00,1,1,02,A01
200500028161,0,07,000,00,1,1,02,A01
200500028162,0,07,000,00,2,8,01,B01
200500028162,0,07,000,00,2,1,01,A01
200500028163,0,07,000,00,2,3,10,A01
200500028163,0,07,000,00,2,2,02,B01
200500028164,0,04,000,06,0,1,02,A01
200500028165,0,07,000,00,2,1,02,A01
200500028165,0,07,000,00,2,2,02,B01
200500028166,0,07,000,01,2,9,05,A01
200500028166,0,07,000,00,2,1,02,B01
200500028166,0,07,000,00,2,8,02,C01
200500028166,0,07,000,00,2,3,02,D01
200500028166,0,07,000,00,2,3,16,G01
200500028167,1,07,000,00,2,1,02,A01
200500028167,0,02,000,00,2,8,02,B01
200500028168,1,07,000,00,2,0,02,A01
200500028168,0,05,000,00,2,7,02,B01
200500028169,0,07,000,00,2,3,02,A01
200500028169,0,07,000,00,2,4,02,B01
200500028170,0,02,000,00,2,1,02,A01
200500028170,0,07,000,00,2,1,02,B01
200500028171,0,02,000,08,0,1,02,A01
200500028172,0,07,000,00,1,2,02,A01
200500028173,0,07,000,00,1,4,04,A01
200500028174,0,07,000,00,1,1,02,A01
200500028175,0,07,000,00,2,1,02,A01
200500028175,0,07,000,00,2,7,19,B01
200500028176,0,07,000,00,1,1,02,A01
200500028177,0,07,000,00,2,1,02,A01
200500028177,0,07,000,09,2,7,02,B01
200500028178,0,07,000,00,0,0,02,B01
200500028178,0,05,000,00,9,9,02,A01
200500028179,0,07,000,00,2,2,15,A01
200500028179,0,02,000,00,2,1,02,B01
200500028180,0,07,000,00,2,1,01,A01
200500028180,0,07,000,00,2,1,01,B01
200500028181,0,07,000,04,0,1,13,A01
200500028182,0,07,000,00,2,1,02,A01
200500028182,0,05,000,00,2,7,02,B01
200500028183,0,07,000,00,1,3,02,A01
200500028184,0,07,000,00,2,7,15,A01
200500028184,0,04,000,00,2,1,02,B01
200500028185,0,20,000,06,0,1,02,A01
200500028186,0,07,000,00,2,8,02,A01
200500028186,0,07,000,00,2,6,02,B01
200500028186,0,07,000,00,2,3,02,C01
200500028187,0,07,000,00,2,1,01,A01
200500028187,0,07,000,00,2,3,02,B01
200500028188,0,07,000,00,2,1,19,A01
200500028188,0,02,000,00,2,7,02,B01
200500028189,0,07,000,00,2,2,02,A01
200500028189,0,05,000,00,2,3,02,B01
200500028190,0,07,000,00,1,2,02,A01
200500028191,0,07,000,00,2,3,00,B01
200500028191,0,05,000,00,2,1,16,A01
200500028192,0,07,000,00,2,3,02,B01
200500028192,0,02,000,06,2,1,15,A01
200500028193,0,07,000,00,2,2,10,A01
200500028193,0,02,000,00,2,1,21,B01
200500028194,0,02,000,00,2,7,21,A01
200500028194,1,07,000,00,2,1,16,B01
200500028195,0,05,000,14,0,1,21,B01
200500028195,0,07,000,00,0,0,15,A01
200500028196,0,02,000,00,2,7,19,A01
200500028196,0,07,000,00,2,1,19,B01
200500028197,0,10,000,00,2,1,19,A01
200500028197,0,01,000,00,2,1,15,B01
200500028198,0,07,000,00,0,1,02,A01
200500028198,0,07,000,00,0,1,05,B01
200500028199,0,10,000,01,1,4,23,A01
200500028200,0,07,000,00,2,1,13,A01
200500028200,0,07,000,00,2,1,08,B01
200500028201,0,07,000,00,9,7,19,A01
200500028201,0,05,000,00,2,7,21,B01
200500028202,0,07,000,00,2,7,21,B01
200500028202,0,07,000,00,2,1,19,A01
200500028203,0,07,000,06,0,1,01,A01
200500028204,0,07,000,00,2,1,15,A01
200500028204,0,07,000,00,2,1,01,B01
200500028205,0,02,000,00,2,2,13,A01
200500028205,0,07,000,00,2,2,01,B01
200500028206,0,05,000,00,2,1,01,A01
200500028206,0,07,000,00,2,7,15,B01
200500028207,0,07,000,00,1,3,01,A01
200500028208,0,07,000,08,0,9,01,A01
200500028209,1,07,000,00,0,0,00,A01
200500028210,0,07,000,00,1,2,02,A01
200500028211,0,07,000,00,2,1,01,B01
200500028211,0,07,000,00,2,8,01,A01
200500028212,0,07,000,00,2,1,02,A01
200500028212,0,07,000,00,2,4,01,B01
200500028213,0,07,000,03,0,9,01,A01
200500028214,0,07,000,06,0,7,14,A01
200500028215,0,07,000,00,2,2,02,A01
200500028215,0,07,000,00,2,4,01,B01
200500028216,0,07,000,00,1,0,01,A01
200500028217,0,05,000,00,0,9,01,A01
200500028218,0,07,000,00,2,1,05,A01
200500028218,0,07,000,00,2,1,01,B01
200500028219,1,07,000,00,2,3,01,A01
200500028220,0,07,000,00,1,7,01,A01
200500028221,0,07,000,00,2,1,02,A01
200500028221,0,07,000,00,2,4,02,B01
200500028221,0,07,000,00,0,4,02,C01
200500028222,0,07,000,00,2,1,02,A01
200500028222,0,07,000,00,2,4,02,B01
200500028222,0,07,000,00,2,4,02,C01
200500028222,0,07,000,00,2,4,23,D01
200500028223,0,04,000,00,2,1,01,A01
200500028223,0,07,000,00,2,7,15,B01
200500028224,0,04,000,00,0,8,01,A01
200500028225,0,05,000,00,2,7,05,A01
200500028225,0,07,000,00,2,3,01,B01
200500028226,0,07,000,00,2,0,14,A01
200500028226,0,05,000,00,0,1,01,B01
200500028227,0,07,000,00,2,1,21,A01
200500028227,0,07,000,00,0,4,23,B01
200500028228,0,07,000,00,2,1,21,A01
200500028228,0,07,000,00,2,4,02,B01
200500028228,0,07,000,00,0,3,01,C01
200500028228,0,07,000,00,0,0,02,D01
200500028229,0,02,000,15,0,0,14,A01
200500028230,0,07,000,00,2,2,02,A01
200500028230,0,02,000,00,0,8,02,B01
200500028231,0,07,000,00,2,8,15,A01
200500028231,0,05,000,00,2,8,17,B01
200500028232,1,07,000,00,0,0,00,A01
200500028233,0,07,000,00,2,1,01,A01
200500028233,0,07,000,00,0,4,23,B01
200500028233,0,07,000,00,2,1,01,C01
200500028234,0,05,000,00,2,1,02,A01
200500028234,0,07,000,00,0,7,02,B01
200500028235,0,04,000,00,0,8,01,A01
200500028236,0,07,000,00,2,2,15,A01
200500028236,0,05,000,00,0,9,01,B01
200500028237,0,07,000,00,0,2,01,B01
200500028237,0,07,000,00,2,3,01,A01
200500028238,0,04,000,00,0,0,01,A01
200500028239,0,07,000,00,2,1,13,A01
200500028239,0,07,000,00,2,1,01,B01
200500028240,0,07,000,00,0,7,20,A01
200500028240,0,02,000,00,2,7,01,B01
200500028241,0,07,000,00,2,2,15,A01
200500028241,0,07,000,00,2,1,01,B01
200500028242,0,07,000,00,2,1,02,A01
200500028242,0,07,000,00,2,4,23,B01
200500028243,0,07,000,06,0,1,01,A01
200500028244,0,02,000,00,1,1,01,A01
200500028245,0,07,000,00,2,1,02,A01
200500028245,0,07,000,00,0,4,23,B01
200500028246,0,10,000,00,2,8,15,A01
200500028246,0,05,000,00,2,2,13,B01
200500028247,0,01,000,00,1,1,21,A01
200500028248,0,07,000,08,0,1,01,A01
200500028249,0,02,000,00,2,0,17,A01
200500028249,0,07,000,00,2,3,01,B01
200500028250,0,07,000,00,2,1,02,A01
200500028250,0,07,000,00,2,1,02,B01
200500028250,0,07,000,00,2,4,01,C01
200500028251,0,07,000,06,0,9,01,A01
200500028252,0,05,000,00,2,1,01,A01
200500028252,0,18,001,00,2,7,01,B01
200500028253,0,07,000,00,2,1,02,A01
200500028253,0,07,000,00,2,0,02,B01
200500028254,0,07,000,00,2,8,10,A01
200500028254,0,07,000,00,2,1,01,B01
200500028255,0,07,000,00,2,8,05,A01
200500028255,0,07,000,00,2,3,01,B01
200500028256,0,07,000,00,0,5,04,A01
200500028256,0,02,000,00,2,1,01,B01
200500028257,0,10,000,00,2,1,02,A01
200500028257,0,07,000,00,2,4,02,B01
200500028257,0,10,000,00,2,4,02,C01
200500028257,0,07,000,00,2,4,01,D01
200500028258,0,07,000,00,2,8,11,A01
200500028258,0,05,000,00,2,7,17,B01
200500028259,1,07,000,00,1,0,00,A01
200500028260,1,07,000,00,0,0,00,A01
200500028261,0,07,000,00,2,2,15,A01
200500028261,0,04,000,00,2,1,01,B01
200500028262,0,07,000,00,1,3,01,A01
200500028263,0,02,000,00,2,7,15,A01
200500028263,1,99,000,00,0,0,00,B01
200500028264,0,04,000,00,2,7,17,A01
200500028264,0,07,000,00,2,7,15,B01
200500028265,0,07,000,00,2,3,09,A01
200500028265,0,01,000,00,2,1,15,B01
200500028266,0,04,000,00,2,8,01,A01
200500028266,0,07,000,00,2,7,01,B01
200500028267,2,05,000,00,0,0,00,A01
200500028268,0,05,000,00,2,1,12,A01
200500028268,0,05,000,00,2,0,12,B01
200500028268,0,99,000,00,2,4,01,C01
200500028269,0,07,000,00,2,1,01,A01
200500028269,0,07,000,00,2,4,02,B01
200500028270,0,07,000,00,2,7,15,A01
200500028270,0,05,000,00,2,1,01,B01
200500028271,0,02,000,00,0,0,00,A01
200500028272,0,18,000,00,1,2,01,A01
200500028273,0,01,000,00,2,1,01,A01
200500028273,0,07,000,00,2,5,01,B01
200500028274,0,04,000,00,2,1,02,A01
200500028274,0,07,000,00,2,7,02,B01
200500028275,0,07,000,00,2,2,01,A01
200500028275,0,05,000,00,2,1,01,B01
200500028276,0,02,000,00,2,1,01,A01
200500028276,0,07,000,00,2,4,02,B01
200500028276,0,07,000,00,2,4,02,C01
200500028277,0,05,000,00,2,1,02,A01
200500028277,0,07,000,00,2,4,01,B01
200500028278,0,07,000,00,2,1,13,A01
200500028278,0,07,000,00,2,1,01,B01
200500028279,0,02,000,00,2,1,01,A01
200500028279,0,07,000,00,2,7,01,B01
200500028280,0,02,000,00,0,3,01,A01
200500028281,0,01,000,00,2,0,15,A01
200500028281,0,02,000,00,2,3,01,B01
200500028282,0,07,000,00,2,2,01,A01
200500028282,0,07,000,00,2,6,22,B01
200500028283,0,07,000,00,2,3,16,A01
200500028283,0,07,000,00,2,0,01,B01
200500028284,0,07,000,00,2,8,15,A01
200500028284,0,01,000,00,0,1,01,B01
200500028285,0,07,000,00,2,8,01,A01
200500028285,1,99,000,00,2,0,02,B01
200500028286,0,02,000,00,0,4,13,A01
200500028286,0,07,000,00,0,1,01,B01
200500028287,0,07,000,00,2,1,15,A01
200500028287,0,05,000,00,2,9,01,B01
200500028288,0,07,000,00,2,1,02,A01
200500028288,0,07,000,00,0,4,01,B01
200500028289,0,02,000,00,2,1,02,A01
200500028289,0,07,000,00,2,8,02,C01
200500028289,0,07,000,00,2,8,15,B01
200500028290,0,07,000,06,0,8,14,A01
200500028291,0,07,000,00,2,1,19,A01
200500028291,0,05,000,00,2,8,19,B01
200500028292,1,07,000,00,1,2,02,A01
200500028293,0,13,000,00,2,1,02,A01
200500028293,0,07,000,00,2,4,15,B01
200500028293,0,15,000,00,2,3,05,C01
200500028294,0,02,000,00,2,1,13,A01
200500028294,0,07,000,00,2,3,05,B01
200500028295,0,07,000,00,2,1,02,A01
200500028295,0,07,000,00,1,4,23,B01
200500028296,0,01,000,00,2,4,05,A01
200500028296,0,07,000,00,2,2,15,B01
200500028297,0,07,000,00,2,3,15,A01
200500028297,0,01,000,00,2,1,05,B01
200500028298,0,01,000,00,2,1,02,A01
200500028298,0,07,000,00,2,4,15,B01
200500028299,0,07,000,00,2,1,02,A01
200500028299,0,21,000,00,2,4,02,B01
200500028300,0,04,000,00,2,1,02,B01
200500028300,0,07,000,00,2,1,15,A01
200500028301,0,05,000,00,2,1,13,A01
200500028301,0,07,000,00,2,3,05,B01
200500028302,0,07,000,00,1,1,01,A01
200500028303,0,07,000,00,2,1,01,A01
200500028303,0,01,000,00,2,1,01,B01
200500028304,0,04,000,00,2,1,01,A01
200500028304,0,07,000,00,2,3,01,B01
200500028305,0,07,000,00,2,8,15,A01
200500028305,0,05,000,00,2,7,16,B01
200500028306,0,07,000,00,2,1,01,A01
200500028306,2,07,000,08,2,7,01,B01
200500028307,0,10,000,00,2,1,15,A01
200500028307,0,07,000,15,2,7,01,B01
200500028308,0,01,000,00,2,0,01,A01
200500028308,1,07,000,00,2,1,15,B01
200500028309,0,04,000,00,1,2,01,A01
200500028310,0,07,000,00,2,5,16,A01
200500028310,0,02,000,00,2,1,18,B01
200500028311,0,02,000,00,2,0,00,A01
200500028311,0,01,000,00,2,0,00,B01
200500028312,0,07,000,00,2,1,15,A01
200500028312,0,07,000,00,2,1,01,B01
200500028313,0,05,000,08,2,2,01,A01
200500028313,0,07,000,00,2,8,15,B01
200500028314,0,07,000,08,0,1,00,A01
200500028315,0,07,000,00,2,7,05,A01
200500028315,0,07,000,00,2,1,01,B01
200500028316,0,05,000,00,2,1,01,A01
200500028316,0,07,000,00,2,5,02,B01
200500028317,0,07,000,00,1,3,01,A01
200500028318,0,07,000,00,2,1,15,A01
200500028318,0,02,000,00,2,1,01,B01
200500028319,0,07,000,01,2,1,09,A01
200500028319,0,07,000,01,2,1,01,B01
200500028320,0,01,000,00,1,1,01,A01
200500028321,0,07,000,00,2,7,09,A01
200500028321,0,05,000,00,2,7,23,B01
200500028322,1,07,000,00,1,0,00,A01
200500028323,0,07,000,00,1,1,01,A01
200500028324,0,07,000,00,2,8,01,A01
200500028324,0,07,000,00,2,1,01,B01
200500028325,0,07,000,00,2,2,15,A01
200500028325,0,07,000,00,2,1,01,B01
200500028326,0,10,000,00,2,3,13,A01
200500028326,0,05,000,00,2,1,02,B01
200500028327,0,07,000,00,2,7,15,A01
200500028327,0,02,000,00,2,1,01,B01
200500028328,0,15,000,00,2,7,17,A01
200500028328,0,01,000,00,2,8,01,B01
200500028329,0,07,000,00,2,8,20,A01
200500028329,0,05,000,00,2,1,01,B01
200500028330,0,07,000,00,2,3,01,A01
200500028330,0,19,000,00,4,1,01,B01
200500028331,0,07,000,14,0,1,02,A01
200500028331,0,07,000,00,2,4,23,B01
200500028332,0,01,000,00,2,7,19,A01
200500028332,0,07,000,00,2,1,02,B01
200500028333,0,07,000,00,2,8,15,A01
200500028333,0,18,020,00,2,1,01,B01
200500028334,0,07,000,00,2,3,01,A01
200500028334,0,07,000,00,2,4,02,B01
200500028335,0,07,000,01,0,1,01,A01
200500028336,0,07,000,00,2,1,01,A01
200500028336,0,07,000,00,2,4,16,B01
200500028337,0,07,000,00,2,3,01,A01
200500028337,0,05,000,00,2,1,01,B01
200500028338,0,18,005,00,1,0,09,A01
200500028339,0,05,000,00,1,8,01,A01
200500028340,0,07,000,00,2,1,01,A01
200500028340,0,07,000,00,2,1,16,B01
200500028341,0,01,000,00,2,2,01,A01
200500028341,0,07,000,00,2,1,01,B01
200500028342,0,07,000,14,0,1,01,A01
200500028342,0,07,000,00,0,4,23,B01
200500028343,0,07,000,01,2,4,00,A01
200500028343,0,07,000,01,2,1,01,B01
200500028344,0,07,000,00,2,7,01,A01
200500028344,0,07,000,00,2,1,01,B01
200500028345,0,05,000,01,2,9,18,A01
200500028345,0,07,000,00,2,7,23,B01
200500028346,0,20,000,00,2,3,01,A01
200500028346,0,07,000,00,2,1,01,B01
200500028347,0,07,000,00,2,1,11,A01
200500028347,0,07,000,12,0,1,01,B01
200500028347,0,20,000,00,0,4,02,C01
200500028348,0,07,000,00,2,2,01,B01
200500028348,0,01,000,00,2,1,01,A01
200500028349,0,02,000,15,0,1,06,A01
200500028350,0,07,000,00,1,1,01,A01
200500028351,0,01,000,00,2,1,01,A01
200500028351,0,07,000,00,2,1,01,B01
200500028352,0,10,000,00,2,3,21,A01
200500028352,0,07,000,00,2,8,01,B01
200500028353,0,07,000,08,0,3,16,A01
200500028354,0,07,000,00,2,1,16,A01
200500028354,0,05,000,00,2,8,01,B01
200500028355,0,19,000,00,4,1,01,A01
200500028355,0,19,000,00,4,1,01,B01
200500028356,0,07,000,00,2,1,01,A01
200500028356,0,07,000,00,2,4,02,B01
200500028357,0,07,000,00,1,2,01,A01
200500028358,0,10,000,14,0,1,01,A01
200500028358,0,07,000,14,0,4,23,B01
200500028358,0,07,000,00,0,4,23,C01
200500028359,0,07,000,00,2,1,10,A01
200500028359,0,05,000,00,2,8,01,B01
200500028360,0,07,000,00,2,7,16,A01
200500028360,0,02,000,00,2,8,01,B01
200500028361,0,07,000,00,2,5,20,A01
200500028361,0,05,000,00,2,8,01,B01
200500028362,0,07,000,15,0,1,01,A01
200500028363,0,05,000,15,0,9,01,A01
200500028364,0,02,000,00,2,1,01,A01
200500028364,0,07,000,00,2,6,15,B01
200500028365,0,02,000,00,2,5,15,A01
200500028365,0,07,000,00,2,2,01,B01
200500028366,0,10,000,00,2,8,01,A01
200500028366,0,07,000,00,2,1,01,B01
200500028367,0,07,000,00,2,1,01,A01
200500028367,0,10,000,00,2,0,01,B01
200500028368,0,05,000,00,2,1,01,A01
200500028368,0,07,000,00,2,8,01,B01
200500028369,0,07,000,00,2,3,01,A01
200500028369,0,01,000,00,2,4,02,B01
200500028370,0,07,000,00,2,1,01,A01
200500028370,0,07,000,00,2,4,02,B01
200500028370,0,07,000,00,2,4,02,C01
200500028370,0,07,000,00,2,4,02,D01
200500028371,0,01,000,00,2,4,16,A01
200500028371,0,01,000,00,2,1,01,B01
200500028372,0,07,000,00,1,3,01,A01
200500028373,0,07,000,00,1,3,01,A01
200500028374,0,07,000,00,2,7,01,A01
200500028374,0,07,000,00,2,3,16,B01
200500028375,0,07,000,00,2,1,01,A01
200500028375,0,07,000,00,2,2,01,B01
200500028376,0,01,000,00,2,8,16,A01
200500028376,0,07,000,00,2,7,14,B01
200500028377,0,07,000,00,2,1,01,A01
200500028377,0,01,000,00,2,1,14,B01
200500028378,0,07,000,00,2,1,00,A01
200500028378,0,07,000,01,2,1,01,B01
200500028379,0,01,000,00,2,1,01,A01
200500028379,0,07,000,00,0,4,01,B01
200500028380,0,07,000,00,2,1,01,A01
200500028380,0,07,000,00,0,5,01,B01
200500028381,0,07,000,00,2,8,01,A01
200500028381,0,05,000,00,2,1,01,B01
200500028382,0,14,000,00,2,2,16,A01
200500028382,0,02,000,00,2,1,01,B01
200500028383,0,07,000,00,2,2,15,A01
200500028383,0,05,000,00,2,1,01,B01
200500028384,0,01,000,00,2,8,01,A01
200500028384,0,18,470,00,2,1,01,B01
200500028385,0,07,000,00,2,3,15,A01
200500028385,0,07,000,00,2,3,01,B01
200500028386,0,07,000,00,2,1,01,A01
200500028386,0,07,000,00,2,9,02,B01
200500028386,0,07,000,00,2,4,02,C01
200500028387,0,07,000,00,2,8,15,A01
200500028387,0,07,000,00,2,2,01,B01
200500028388,0,07,000,00,2,8,15,A01
200500028388,0,07,000,00,2,1,01,B01
200500028389,0,07,000,00,2,8,01,A01
200500028389,0,07,000,00,2,1,01,B01
200500028390,0,07,000,00,2,3,15,A01
200500028390,0,05,000,00,2,1,01,B01
200500028391,0,02,000,00,2,1,01,A01
200500028391,0,07,000,00,2,8,17,B01
200500028392,0,07,000,01,2,5,01,A01
200500028392,0,07,000,01,2,1,01,B01
200500028393,0,07,000,00,2,0,16,A01
200500028393,0,02,000,00,2,1,01,B01
200500028394,0,07,000,00,1,3,01,A01
200500028395,0,07,000,00,2,3,01,A01
200500028395,0,01,000,00,2,0,01,B01
200500028396,0,05,000,01,0,1,04,A01
200500028397,0,07,000,08,0,1,08,A01
200500028398,0,02,000,00,2,1,01,A01
200500028398,0,07,000,00,2,2,01,B01
200500028399,0,15,000,00,2,3,15,A01
200500028399,0,10,000,00,2,1,01,B01
200500028400,0,03,000,00,5,1,01,A01
200500028401,0,02,000,00,2,3,16,A01
200500028401,0,07,000,00,2,1,15,B01
200500028402,0,07,000,00,1,7,21,A01
200500028403,0,07,000,04,0,1,06,A01
200500028404,1,07,000,00,1,1,01,A01
200500028405,2,07,000,00,2,1,05,A01
200500028405,0,02,000,00,2,1,16,B01
200500028406,0,07,000,00,2,1,01,A01
200500028406,0,07,000,00,2,1,01,B01
200500028407,0,07,000,00,2,9,01,A01
200500028407,0,07,000,00,2,2,01,B01
200500028408,0,07,000,01,2,9,14,A01
200500028408,0,19,000,00,2,2,01,B01
200500028408,0,07,000,00,2,8,23,C01
200500028409,0,07,000,00,1,4,04,A01
200500028410,0,05,000,00,2,7,01,A01
200500028410,0,07,000,00,2,8,15,B01
200500028411,0,05,000,00,1,7,01,A01
200500028412,0,07,000,00,2,2,16,A01
200500028412,0,05,000,00,2,8,01,B01
200500028413,0,07,000,00,2,7,15,A01
200500028413,0,07,000,00,2,1,01,B01
200500028414,0,07,000,00,1,1,02,A01
200500028415,0,07,000,00,2,1,02,A01
200500028415,0,07,000,00,2,4,02,B01
200500028416,0,10,000,00,2,8,15,A01
200500028416,0,02,000,00,2,1,01,B01
200500028417,0,02,000,11,0,1,01,A01
200500028418,0,05,000,14,0,4,00,A01
200500028418,0,07,000,00,2,1,00,B01
200500028419,0,02,000,00,2,8,00,A01
200500028419,0,07,000,00,2,3,15,B01
200500028420,0,07,000,00,1,1,01,A01
200500028421,0,07,000,00,2,1,13,A01
200500028421,0,07,000,00,2,1,01,B01
200500028421,0,07,000,00,2,1,02,C01
200500028422,0,05,000,00,2,1,01,A01
200500028422,0,07,000,00,2,4,01,B01
200500028423,0,07,000,05,1,1,17,A01
200500028424,0,07,000,01,2,1,01,A01
200500028424,0,07,000,00,2,1,01,B01
200500028425,0,07,000,00,1,2,01,A01
200500028426,0,07,000,02,0,2,14,A01
200500028427,0,07,000,11,1,3,02,A01
200500028428,0,07,000,00,0,4,02,A01
200500028428,0,07,000,00,2,1,02,B01
200500028429,0,07,000,12,1,2,02,A01
200500028430,2,07,000,15,0,1,01,A01
200500028431,0,07,000,00,2,8,10,A01
200500028431,0,05,000,15,2,1,02,B01
200500028432,0,07,000,00,1,1,01,A01
200500028433,0,05,000,00,2,2,09,A01
200500028433,0,07,000,00,2,3,11,B01
200500028434,0,01,000,00,2,8,01,A01
200500028434,0,07,000,00,9,1,01,B01
200500028435,0,05,000,00,2,1,02,A01
200500028435,0,07,000,00,2,1,23,B01
200500028436,0,07,000,00,2,1,02,A01
200500028436,0,07,000,00,0,4,02,B01
200500028437,0,07,000,00,2,1,16,A01
200500028437,0,07,000,00,2,8,16,B01
200500028438,0,13,000,00,2,1,01,A01
200500028438,2,07,000,00,2,1,01,B01
200500028439,2,07,000,00,2,9,05,A01
200500028439,0,07,000,06,2,1,21,B01
200500028440,0,05,000,00,2,1,00,B01
200500028440,0,07,000,00,2,6,00,A01
200500028441,0,07,000,00,1,3,01,A01
200500028442,0,07,000,00,2,1,01,A01
200500028442,0,07,000,00,2,3,00,B01
200500028443,0,07,000,00,2,1,12,A01
200500028443,0,02,000,00,2,8,01,B01
200500028444,0,07,000,00,2,3,15,A01
200500028444,0,07,000,00,2,3,01,B01
200500028445,0,07,000,00,2,5,15,A01
200500028445,1,10,000,00,2,5,02,B01
200500028446,0,02,000,00,2,2,17,A01
200500028446,0,07,000,00,2,8,15,B01
200500028447,0,07,000,02,0,8,00,A01
200500028448,0,07,000,00,2,1,01,A01
200500028448,0,07,000,00,0,4,01,B01
200500028449,0,05,000,00,2,1,01,A01
200500028449,0,07,000,00,0,2,16,B01
200500028450,0,07,000,00,1,1,15,A01
200500028451,0,07,000,00,1,3,01,A01
200500028452,0,07,000,00,2,6,15,A01
200500028452,0,05,000,00,2,1,01,B01
200500028453,0,07,000,00,2,3,10,A01
200500028453,0,05,000,00,0,2,01,B01
200500028454,0,07,000,13,0,1,03,A01
200500028455,0,07,000,07,0,3,16,A01
200500028456,0,07,000,00,2,1,02,A01
200500028456,0,07,000,00,2,5,00,B01
200500028456,0,07,000,00,0,0,01,C01
200500028457,0,07,000,00,2,1,02,A01
200500028457,0,07,000,00,0,4,02,B01
200500028458,0,07,000,00,1,2,01,A01
200500028459,0,07,000,00,2,3,01,B01
200500028459,0,07,000,00,2,1,15,A01
200500028460,0,07,000,00,2,1,15,A01
200500028460,0,05,000,00,2,1,01,B01
200500028461,0,01,000,00,2,2,00,A01
200500028461,0,07,000,00,2,1,01,B01
200500028462,0,07,000,00,1,2,01,A01
200500028463,0,07,000,08,2,1,01,A01
200500028463,0,10,000,00,2,8,01,B01
200500028464,0,04,000,00,0,1,17,A01
200500028464,0,07,000,00,0,8,15,B01
200500028465,0,19,000,00,1,7,13,A01
200500028466,0,07,000,00,2,2,15,A01
200500028466,0,05,000,00,2,1,01,B01
200500028467,0,05,000,00,0,8,01,B01
200500028467,0,07,000,00,2,2,01,A01
200500028468,0,07,000,00,2,1,01,A01
200500028468,0,07,000,00,0,4,01,B01
200500028469,0,07,000,01,0,2,01,A01
200500028469,0,07,000,00,0,1,24,B01
200500028470,0,07,000,00,2,8,11,A01
200500028470,0,02,000,00,2,1,01,B01
200500028471,0,05,000,00,2,2,01,A01
200500028471,0,07,000,00,2,3,15,B01
200500028472,0,07,000,00,1,1,01,A01
200500028473,0,07,000,00,2,1,13,A01
200500028473,0,10,000,00,2,1,01,B01
200500028474,0,07,000,00,1,2,01,A01
200500028475,0,02,000,00,2,1,01,A01
200500028475,0,07,000,00,2,4,01,B01
200500028476,0,07,000,00,2,7,16,A01
200500028476,0,02,000,00,2,8,01,B01
200500028477,0,02,000,00,1,1,05,A01
200500028478,0,07,000,00,2,2,15,A01
200500028478,0,02,000,00,2,1,01,B01
200500028479,0,02,000,00,2,1,17,A01
200500028479,0,07,000,00,2,3,15,B01
200500028480,0,07,000,00,2,3,15,A01
200500028480,0,07,000,00,2,1,01,B01
200500028481,0,07,000,00,2,3,13,A01
200500028481,0,07,000,00,2,3,01,B01
200500028482,0,07,000,00,1,2,01,A01
200500028483,0,10,000,00,2,3,16,A01
200500028483,0,05,000,00,2,7,01,B01
200500028484,0,02,000,00,2,1,00,A01
200500028484,0,07,000,00,2,7,15,B01
200500028485,0,07,000,00,2,3,00,A01
200500028485,0,02,000,00,2,1,00,B01
200500028486,0,07,000,00,1,6,04,A01
200500028487,0,07,000,00,2,1,00,A01
200500028487,0,07,000,00,2,4,23,B01
200500028488,0,07,000,00,1,8,15,A01
200500028489,0,07,000,00,2,0,01,A01
200500028489,0,07,000,00,2,4,23,B01
200500028490,0,02,000,00,0,0,01,A01
200500028491,0,07,000,00,2,1,00,A01
200500028491,0,14,000,00,2,4,23,B01
200500028492,0,02,000,00,0,0,00,A01
200500028493,0,02,000,00,0,0,00,A01
200500028494,0,01,000,00,0,0,00,A01
200500028495,0,07,000,00,2,8,00,A01
200500028495,0,05,000,00,2,1,00,B01
200500028496,0,07,000,00,2,3,15,A01
200500028496,0,02,000,00,2,1,17,B01
200500028497,0,07,000,14,0,1,00,A01
200500028498,0,07,000,00,2,3,00,A01
200500028498,0,05,000,00,2,1,02,B01
200500028499,0,07,000,00,2,7,15,A01
200500028499,0,02,000,00,2,1,01,B01
200500028500,0,07,000,00,1,0,00,A01
200500028501,0,07,000,00,2,1,15,A01
200500028501,0,02,000,00,2,7,01,B01
200500028502,0,07,000,00,2,7,01,A01
200500028502,0,05,000,00,2,1,16,B01
200500028503,0,07,000,03,0,9,01,A01
200500028504,0,05,000,00,0,3,00,A01
200500028505,0,07,000,00,2,7,16,A01
200500028505,0,02,000,00,2,1,01,B01
200500028506,0,02,000,00,0,7,00,A01
200500028507,0,07,000,00,2,7,00,A01
200500028507,0,02,000,00,2,0,00,B01