Num_Acc,senc,catv,occutc,obs,obsm,choc,manv,num_veh
200500028508,1,07,000,00,2,0,15,A01
200500028508,0,07,000,00,2,1,02,C01
200500028508,0,07,000,00,2,1,02,D01
200500028509,0,02,000,00,2,0,17,A01
200500028509,0,07,000,00,2,8,15,B01
200500028510,0,07,000,00,2,8,10,A01
200500028510,0,05,000,00,2,4,00,B01
200500028511,0,02,000,00,1,1,01,A01
200500028512,0,05,000,00,2,1,03,A01
200500028512,0,07,000,00,2,9,01,B01
200500028513,0,02,000,00,2,8,01,A01
200500028513,0,14,000,00,1,0,17,B01
200500028514,0,07,000,00,1,7,16,A01
200500028515,0,07,000,00,1,1,16,A01
200500028516,0,07,000,00,2,0,00,A01
200500028516,0,13,000,00,2,0,00,B01
200500028517,1,07,000,00,1,0,01,A01
200500028518,0,07,000,00,2,7,15,A01
200500028518,0,01,000,00,2,8,01,B01
200500028519,0,07,000,01,0,1,01,A01
200500028520,0,07,000,00,2,2,15,A01
200500028520,0,01,000,00,2,1,00,B01
200500028521,0,07,000,00,2,7,10,A01
200500028521,0,07,000,00,2,1,01,B01
200500028522,0,07,000,00,2,0,15,A01
200500028522,0,02,000,00,2,0,01,B01
200500028523,0,07,000,00,2,7,17,A01
200500028523,0,07,000,00,2,8,13,B01
200500028524,0,01,000,00,2,0,00,A01
200500028524,0,07,000,07,2,9,21,B01
200500028525,0,02,000,00,0,0,01,A01
200500028526,0,02,000,00,0,0,00,A01
200500028527,0,07,000,00,1,1,15,A01
200500028528,0,07,000,00,2,1,01,B01
200500028528,0,09,000,00,2,7,01,A01
200500028529,0,07,000,00,2,6,02,B01
200500028529,0,07,000,00,2,1,19,A01
200500028530,0,07,000,00,2,5,15,A01
200500028530,0,02,000,00,2,1,02,B01
200500028531,0,07,000,00,2,5,15,A01
200500028531,0,02,000,00,2,1,01,B01
200500028532,0,07,000,00,2,2,15,A01
200500028532,0,07,000,00,2,1,02,B01
200500028533,0,07,000,00,2,3,16,A01
200500028533,0,04,000,00,2,1,01,B01
200500028534,0,02,000,00,2,1,17,A01
200500028534,0,07,000,00,9,3,15,B01
200500028535,0,07,000,00,2,3,15,A01
200500028535,0,02,000,00,2,7,17,B01
200500028536,0,02,000,00,2,2,01,A01
200500028536,0,07,000,00,2,3,15,B01
200500028537,0,07,000,01,0,2,01,A01
200500028538,0,05,000,00,2,8,01,A01
200500028538,0,07,000,00,2,6,01,B01
200500028539,0,07,000,00,2,2,01,A01
200500028539,0,02,000,00,2,1,01,B01
200500028540,0,07,000,00,1,1,01,A01
200500028541,0,07,000,00,2,3,01,A01
200500028541,0,07,000,00,0,4,23,B01
200500028542,0,02,000,14,0,1,01,A01
200500028542,0,07,000,00,2,4,23,B01
200500028543,0,07,000,00,2,8,20,A01
200500028543,0,07,000,00,2,2,01,B01
200500028544,0,01,000,00,2,1,01,A01
200500028544,0,07,000,00,2,3,15,B01
200500028545,0,07,000,00,2,2,16,A01
200500028545,0,02,000,00,2,1,01,B01
200500028546,0,07,000,00,1,1,01,A01
200500028547,0,07,000,00,1,1,01,A01
200500028548,0,07,000,00,2,3,16,A01
200500028548,0,01,000,00,2,7,01,B01
200500028549,0,07,000,00,2,2,01,A01
200500028549,0,07,000,00,2,3,01,B01
200500028550,1,07,000,00,1,0,00,A01
200500028551,0,07,000,00,2,7,15,A01
200500028551,0,05,000,00,2,1,01,B01
200500028552,1,07,000,00,2,3,01,A01
200500028552,0,07,000,00,2,5,23,B01
200500028553,0,07,000,00,2,1,01,A01
200500028553,0,07,000,01,2,6,01,B01
200500028554,0,02,000,00,2,0,00,A01
200500028554,0,07,000,00,0,0,00,B01
200500028555,0,02,000,00,2,1,01,A01
200500028555,0,07,000,00,2,2,19,B01
200500028556,0,08,000,00,2,3,01,A01
200500028556,0,07,000,00,2,8,15,B01
200500028557,0,07,000,00,1,1,01,A01
200500028558,0,07,000,00,2,3,19,A01
200500028558,0,07,000,00,2,1,01,B01
200500028559,0,07,000,00,2,1,02,A01
200500028559,0,07,000,00,2,4,00,B01
200500028560,0,07,000,00,2,2,15,A01
200500028560,0,05,000,00,2,1,01,B01
200500028561,0,07,000,00,1,2,01,A01
200500028562,0,07,000,00,2,8,24,A01
200500028562,0,01,000,01,0,1,01,B01
200500028563,0,07,000,00,1,3,15,A01
200500028564,0,02,000,00,2,1,17,A01
200500028564,0,07,000,00,2,6,23,B01
200500028564,0,07,000,00,2,3,01,C01
200500028565,0,05,000,00,2,0,18,A01
200500028565,0,01,000,00,0,0,15,B01
200500028566,0,07,000,00,2,3,10,A01
200500028566,0,02,000,00,2,2,17,B01
200500028567,0,07,000,00,2,8,20,A01
200500028567,0,05,000,00,2,1,01,B01
200500028568,0,07,000,00,2,5,12,A01
200500028568,0,05,000,00,2,3,01,B01
200500028569,0,07,000,00,2,3,16,A01
200500028569,0,01,000,00,2,8,15,B01
200500028570,0,07,000,00,2,1,02,A01
200500028570,0,07,000,03,2,4,02,B01
200500028571,0,07,000,00,2,1,02,A01
200500028571,0,07,000,00,0,1,02,B01
200500028571,0,07,000,00,0,4,01,C01
200500028572,0,07,000,00,2,3,16,A01
200500028572,0,07,000,00,2,2,01,B01
200500028573,0,07,000,00,1,1,01,A01
200500028574,2,07,000,00,2,1,16,A01
200500028574,0,07,000,00,2,1,01,B01
200500028575,0,07,000,00,2,1,02,A01
200500028575,0,07,000,00,2,4,02,B01
200500028576,0,02,000,00,2,3,02,A01
200500028576,0,11,000,00,2,5,17,B01
200500028577,0,07,000,00,2,1,02,A01
200500028577,0,07,000,00,2,4,02,B01
200500028577,0,07,000,00,2,4,01,C01
200500028578,0,07,000,00,1,8,01,A01
200500028579,0,07,000,00,2,1,02,A01
200500028579,0,07,000,00,2,4,23,B01
200500028579,0,07,000,00,2,4,23,C01
200500028580,0,07,000,00,2,1,01,A01
200500028580,0,01,000,00,2,1,01,B01
200500028581,0,01,000,00,2,3,01,A01
200500028581,1,07,000,00,2,2,16,B01
200500028582,0,05,000,00,2,3,01,A01
200500028582,0,07,000,00,2,7,16,B01
200500028583,0,01,000,00,2,1,16,A01
200500028583,0,18,040,00,2,5,20,B01
200500028584,0,07,000,00,1,1,15,A01
200500028585,0,07,000,00,2,3,01,A01
200500028585,0,01,000,00,2,2,19,B01
200500028586,0,07,000,00,2,1,02,A01
200500028586,0,07,000,00,2,4,02,B01
200500028587,0,07,000,01,2,1,14,A01
200500028588,0,07,000,00,2,3,22,A01
200500028588,0,02,000,00,2,1,02,B01
200500028589,0,07,000,00,1,7,01,A01
200500028590,0,07,000,00,2,1,02,A01
200500028590,0,07,000,00,2,4,02,B01
200500028591,0,07,000,00,2,1,01,A01
200500028591,0,07,000,00,2,2,09,B01
200500028592,0,07,000,00,1,4,04,A01
200500028593,0,07,000,00,2,1,02,A01
200500028593,0,05,000,00,2,4,02,B01
200500028594,0,07,000,00,2,8,22,A01
200500028594,0,01,000,01,0,1,01,B01
200500028595,0,05,000,00,1,1,01,A01
200500028596,0,10,000,00,2,8,10,A01
200500028596,0,07,000,00,2,1,17,B01
200500028597,0,07,000,00,1,1,01,A01
200500028598,0,07,000,00,2,1,02,A01
200500028598,0,07,000,00,2,4,02,B01
200500028598,0,07,000,00,2,4,02,C01
200500028598,0,07,000,00,2,4,02,D01
200500028599,0,07,000,00,2,1,02,A01
200500028599,0,07,000,00,2,4,02,B01
200500028599,0,07,000,00,2,4,02,C01
200500028600,0,04,000,00,2,5,01,A01
200500028600,0,07,000,00,2,3,15,B01
200500028601,0,05,000,15,0,1,02,A01
200500028602,0,07,000,00,2,1,02,A01
200500028602,0,07,000,00,2,4,02,B01
200500028602,0,07,000,00,2,4,02,C01
200500028603,0,07,000,00,2,8,22,A01
200500028603,0,02,000,00,2,1,01,B01
200500028604,0,07,000,00,1,2,01,A01
200500028605,0,07,000,09,2,3,02,A01
200500028605,0,07,000,00,2,2,10,B01
200500028606,0,05,000,00,1,1,01,A01
200500028607,0,02,000,00,0,0,00,A01
200500028608,0,02,000,00,2,1,05,A01
200500028608,0,07,000,00,2,1,01,B01
200500028609,0,07,000,00,2,5,15,A01
200500028609,0,05,000,00,2,1,01,B01
200500028610,0,07,000,00,2,3,15,A01
200500028610,0,02,000,00,2,7,01,B01
200500028611,0,05,000,00,1,1,01,A01
200500028611,0,07,000,00,2,8,23,C01
200500028612,0,07,000,03,2,1,05,A01
200500028612,0,07,000,03,2,1,01,B01
200500028613,0,02,000,00,2,1,13,A01
200500028613,0,07,000,00,2,8,23,B01
200500028614,0,01,000,00,2,7,10,A01
200500028614,0,07,000,00,2,1,01,B01
200500028615,0,05,000,00,0,1,01,A01
200500028616,0,07,000,00,1,1,01,A01
200500028617,0,18,000,00,2,4,23,A01
200500028617,0,18,000,00,2,1,02,B01
200500028617,0,18,000,00,2,1,02,C01
200500028618,0,07,000,00,2,3,15,A01
200500028618,0,07,000,00,2,3,01,B01
200500028619,0,05,000,00,2,1,17,A01
200500028619,0,07,000,00,2,8,15,B01
200500028620,0,02,000,08,0,1,01,A01
200500028621,0,07,000,00,2,1,02,A01
200500028621,0,07,000,00,2,4,01,B01
200500028622,0,07,000,00,2,1,02,A01
200500028622,0,07,000,00,2,4,01,B01
200500028623,0,05,000,00,1,1,01,A01
200500028624,0,07,000,00,2,1,01,A01
200500028624,0,02,000,00,2,4,23,B01
200500028625,0,07,000,00,2,3,15,A01
200500028625,0,01,000,00,2,1,01,B01
200500028626,0,07,000,00,1,1,01,A01
200500028627,0,05,000,00,2,1,02,A01
200500028627,0,07,000,00,2,4,01,B01
200500028628,0,07,000,00,2,1,13,A01
200500028628,0,07,000,00,2,1,01,B01
200500028629,0,07,000,00,2,2,01,B01
200500028629,0,07,000,00,2,3,15,A01
200500028630,0,07,000,00,0,4,04,A01
200500028630,0,01,000,00,2,1,23,B01
200500028631,0,07,000,00,1,3,01,A01
200500028632,0,05,000,00,2,2,17,B01
200500028632,0,07,000,00,2,3,15,A01
200500028633,0,07,000,00,2,1,02,A01
200500028633,0,05,000,00,2,4,02,B01
200500028633,0,07,000,00,2,4,02,C01
200500028634,0,07,000,00,2,3,16,B01
200500028634,0,07,000,00,2,2,01,A01
200500028635,0,07,000,00,1,1,00,A01
200500028636,0,07,000,00,1,1,00,A01
200500028637,0,07,000,00,1,4,00,A01
200500028638,0,07,000,00,2,7,17,A01
200500028638,0,01,000,00,2,8,01,B01
200500028639,0,07,000,00,2,2,00,A01
200500028639,0,07,000,00,2,6,00,B01
200500028640,0,07,000,00,1,1,00,A01
200500028641,0,02,000,00,2,1,00,A01
200500028641,0,07,000,00,9,6,00,B01
200500028642,0,07,000,00,1,1,00,A01
200500028643,0,07,000,00,2,7,15,A01
200500028643,0,07,000,00,2,1,01,B01
200500028644,0,07,000,00,2,1,00,A01
200500028644,0,07,000,00,2,4,00,B01
200500028645,0,07,000,00,2,8,13,A01
200500028645,0,07,000,00,2,3,01,B01
200500028645,0,07,000,00,0,0,01,C01
200500028646,0,07,000,00,2,2,15,A01
200500028646,0,02,000,00,2,1,21,B01
200500028647,0,02,000,01,0,1,21,A01
200500028648,0,07,000,00,2,2,14,A01
200500028648,0,02,000,00,2,8,18,B01
200500028649,0,07,000,00,1,1,01,A01
200500028650,0,07,000,00,2,1,13,A01
200500028650,0,07,000,00,2,1,01,B01
200500028651,0,07,000,00,2,7,15,A01
200500028651,0,02,000,00,2,1,01,B01
200500028652,0,07,000,00,2,2,20,A01
200500028652,0,02,000,00,2,3,01,B01
200500028653,0,07,000,00,2,1,15,A01
200500028653,0,07,000,00,2,6,24,B01
200500028654,0,02,000,00,2,1,11,A01
200500028654,0,07,000,00,2,6,15,B01
200500028655,0,05,000,00,2,1,01,B01
200500028655,0,07,000,00,2,2,15,A01
200500028656,0,20,000,00,2,3,01,B01
200500028656,0,07,000,00,2,1,19,A01
200500028657,0,02,000,00,2,1,17,A01
200500028657,0,07,000,00,2,8,23,B01
200500028658,0,07,000,00,2,3,15,A01
200500028658,0,02,000,00,2,2,17,B01
200500028659,0,07,000,00,1,1,01,A01
200500028660,0,07,000,00,2,1,01,A01
200500028660,0,07,000,00,2,1,01,B01
200500028660,0,07,000,00,2,4,23,C01
200500028661,0,07,000,00,2,1,15,A01
200500028661,0,02,000,00,2,1,15,B01
200500028662,0,07,000,00,9,0,15,A01
200500028662,0,07,000,00,2,1,01,B01
200500028662,0,07,000,00,2,1,23,C01
200500028663,0,07,000,00,2,1,01,A01
200500028663,0,02,000,00,2,1,01,B01
200500028664,0,07,000,00,1,1,01,A01
200500028665,0,02,000,00,2,8,13,A01
200500028665,0,07,000,08,2,3,21,B01
200500028666,0,99,000,00,0,0,09,A01
200500028667,0,07,000,08,0,1,01,A01
200500028668,0,07,000,00,0,0,15,A01
200500028668,0,05,000,00,2,2,21,B01
200500028668,0,07,000,00,2,2,21,C01
200500028669,0,07,000,00,1,7,01,A01
200500028670,0,02,000,00,2,1,21,A01
200500028670,0,07,000,00,0,4,15,B01
200500028671,0,07,000,00,2,3,15,A01
200500028671,0,05,000,00,2,1,01,B01
200500028672,0,05,000,00,2,7,21,A01
200500028672,0,07,000,00,2,4,23,B01
200500028673,0,02,000,00,2,5,17,A01
200500028673,0,07,000,00,2,3,15,B01
200500028674,0,10,000,00,1,3,01,A01
200500028675,0,07,000,00,1,1,01,A01
200500028676,0,07,000,00,1,2,15,A01
200500028677,0,07,000,00,0,2,15,A01
200500028677,0,05,000,00,2,1,01,B01
200500028678,0,07,000,00,1,1,01,A01
200500028679,0,07,000,08,2,1,16,A01
200500028679,0,07,000,00,0,3,23,B01
200500028680,0,07,000,08,0,1,01,A01
200500028681,0,07,000,00,2,1,02,A01
200500028681,0,07,000,00,0,4,02,B01
200500028682,0,07,000,03,2,9,17,A01
200500028682,0,07,000,03,2,1,21,B01
200500028683,0,07,000,00,2,1,21,A01
200500028683,0,07,000,00,2,4,23,B01
200500028683,0,07,000,00,2,4,15,C01
200500028684,0,07,000,00,1,4,20,A01
200500028685,0,07,000,00,2,1,01,A01
200500028685,0,07,000,00,2,4,23,B01
200500028686,0,07,000,00,1,1,01,A01
200500028687,0,07,000,00,2,3,09,A01
200500028687,0,07,000,00,2,2,21,B01
200500028688,0,20,000,00,1,7,15,A01
200500028689,0,07,000,00,1,4,04,A01
200500028690,0,04,000,00,2,1,01,A01
200500028690,0,07,000,00,2,6,01,B01
200500028691,0,07,000,00,2,1,01,A01
200500028691,0,07,000,00,2,4,23,B01
200500028691,0,07,000,00,0,4,23,C01
200500028692,0,07,000,00,2,6,15,A01
200500028692,0,05,000,00,2,1,02,B01
200500028693,0,07,000,02,0,1,13,A01
200500028694,1,07,000,00,2,1,02,A01
200500028694,0,07,000,00,2,4,23,B01
200500028695,0,07,000,01,2,3,13,A01
200500028695,0,02,000,01,0,2,01,B01
200500028696,0,07,000,00,2,2,01,A01
200500028696,0,07,000,00,2,3,01,B01
200500028697,0,07,000,00,2,1,15,A01
200500028697,0,02,000,00,2,1,01,B01
200500028698,0,07,000,00,2,2,15,A01
200500028698,0,07,000,00,2,3,01,B01
200500028699,0,07,000,00,1,1,01,A01
200500028700,0,07,000,00,2,8,22,A01
200500028700,0,07,000,01,0,7,01,B01
200500028701,0,07,000,00,1,7,01,A01
200500028702,0,07,000,06,0,1,14,A01
200500028703,0,07,000,00,1,0,02,A01
200500028704,0,07,000,00,4,8,01,A01
200500028704,0,19,000,00,2,8,01,B01
200500028705,0,07,000,00,1,1,01,A01
200500028706,0,07,000,00,1,2,15,A01
200500028707,0,07,000,00,2,2,15,A01
200500028707,0,02,000,00,2,1,01,B01
200500028708,0,07,000,00,1,2,15,A01
200500028709,0,07,000,00,1,1,01,A01
200500028710,0,05,000,00,2,1,13,A01
200500028710,0,07,000,00,2,1,01,B01
200500028711,0,19,000,00,1,2,01,A01
200500028712,1,07,000,00,2,1,11,A01
200500028712,0,07,000,01,2,4,07,B01
200500028713,0,07,000,14,0,1,02,A01
200500028714,0,07,000,00,2,5,20,A01
200500028714,0,02,000,00,2,1,01,B01
200500028715,0,02,000,00,2,2,17,A01
200500028715,0,07,000,00,2,3,15,B01
200500028716,1,07,000,00,2,1,02,A01
200500028716,0,07,000,00,2,4,02,B01
200500028716,0,07,000,00,2,4,02,C01
200500028717,0,10,000,00,2,6,10,A01
200500028717,0,05,000,00,2,1,21,B01
200500028718,0,07,000,00,2,1,02,A01
200500028718,0,07,000,00,2,4,02,B01
200500028718,0,07,000,00,2,4,02,C01
200500028718,0,07,000,00,2,5,02,D01
200500028718,0,07,000,00,2,4,02,E01
200500028719,0,07,000,00,2,1,01,A01
200500028719,0,07,000,00,2,4,01,B01
200500028720,0,10,000,00,2,2,16,A01
200500028720,0,02,000,00,2,1,01,B01
200500028721,0,01,000,00,0,0,15,B01
200500028721,0,07,000,00,0,0,09,A01
200500028722,0,07,000,00,1,5,04,A01
200500028723,0,07,000,00,2,1,02,A01
200500028723,0,07,000,00,2,4,00,B01
200500028723,0,07,000,00,2,4,02,C01
200500028724,0,02,000,12,0,1,17,A01
200500028725,0,07,000,00,2,3,16,A01
200500028725,0,05,000,00,2,3,01,B01
200500028726,0,02,000,00,2,1,01,A01
200500028726,0,07,000,00,2,6,01,B01
200500028727,0,02,000,00,2,1,17,A01
200500028727,0,07,000,00,2,8,15,B01
200500028728,0,10,000,00,2,3,15,A01
200500028728,0,02,000,00,2,1,01,B01
200500028729,0,07,000,00,2,3,15,A01
200500028729,0,01,000,00,2,4,15,B01
200500028730,0,07,000,00,2,2,15,A01
200500028730,0,05,000,00,2,1,01,B01
200500028731,1,07,000,00,2,1,02,A01
200500028731,0,02,000,00,2,0,02,B01
200500028732,0,07,000,00,2,1,09,A01
200500028732,0,02,000,00,2,0,01,B01
200500028733,1,07,000,00,2,0,14,A01
200500028733,0,07,000,08,2,8,01,B01
200500028734,0,07,000,00,1,3,17,A01
200500028735,0,02,000,00,2,1,01,A01
200500028735,0,07,000,00,2,7,15,B01
200500028736,0,14,000,00,2,1,01,A01
200500028736,0,07,000,00,2,4,23,B01
200500028737,0,07,000,00,2,2,15,A01
200500028737,0,05,000,00,2,3,01,B01
200500028738,0,07,000,00,4,3,01,A01
200500028738,0,19,000,00,2,1,01,B01
200500028739,0,07,000,00,1,2,01,A01
200500028740,0,07,000,00,2,5,15,A01
200500028740,0,07,000,00,2,1,21,B01
200500028740,0,07,000,00,2,1,01,C01
200500028741,0,02,000,00,2,1,01,B01
200500028741,0,07,000,00,2,3,15,A01
200500028742,0,07,000,00,2,8,01,A01
200500028742,0,07,000,00,2,1,01,B01
200500028743,0,05,000,00,2,1,01,B01
200500028743,0,07,000,00,2,1,01,A01
200500028744,0,01,000,00,2,0,01,B01
200500028744,0,07,000,00,2,0,00,A01
200500028745,0,02,000,00,2,1,07,B01
200500028745,0,07,000,00,2,2,09,A01
200500028746,0,07,000,00,2,3,01,A01
200500028746,0,05,000,00,2,1,01,B01
200500028747,1,99,000,00,0,0,02,A01
200500028747,0,01,000,00,2,1,02,B01
200500028748,0,05,000,01,2,3,01,A01
200500028748,0,07,000,00,2,1,01,B01
200500028749,0,07,000,00,2,1,09,A01
200500028749,0,05,000,00,0,7,15,B01
200500028750,0,07,000,00,1,3,01,A01
200500028751,0,05,000,00,2,1,03,A01
200500028751,0,07,000,00,2,5,02,B01
200500028751,0,07,000,00,2,6,01,C01
200500028751,0,07,000,00,2,5,01,D01
200500028751,0,07,000,00,2,5,01,E01
200500028752,0,02,000,01,0,1,14,A01
200500028753,0,07,000,00,2,1,01,A01
200500028753,0,01,000,00,2,8,19,B01
200500028754,0,07,000,00,2,7,07,A01
200500028754,0,07,000,00,2,1,09,B01
200500028755,0,01,000,00,2,8,19,A01
200500028755,0,05,000,00,2,1,07,B01
200500028756,0,07,000,00,1,3,02,A01
200500028757,0,07,000,00,2,1,13,A01
200500028757,0,02,000,00,2,1,01,B01
200500028758,0,07,000,00,2,3,17,A01
200500028758,0,10,000,00,2,3,15,B01
200500028759,0,07,000,01,0,9,01,A01
200500028760,0,07,000,00,1,3,01,A01
200500028761,1,99,000,00,1,0,02,A01
200500028762,0,07,000,00,1,2,02,A01
200500028763,0,07,000,00,1,1,01,A01
200500028764,0,07,000,02,0,1,13,A01
200500028765,0,07,000,00,2,3,02,A01
200500028765,0,07,000,00,2,5,23,B01
200500028766,0,07,000,01,0,1,14,A01
200500028767,0,04,000,00,2,1,02,B01
200500028767,0,07,000,00,2,8,09,A01
200500028768,0,02,000,12,0,1,00,A01
200500028769,0,07,000,00,2,1,13,A01
200500028769,0,07,000,00,2,1,02,B01
200500028770,0,02,000,00,2,1,02,A01
200500028770,0,07,000,00,2,7,20,B01
200500028771,0,07,000,04,0,3,19,A01
200500028772,0,07,000,00,2,1,13,A01
200500028772,0,14,000,00,2,1,01,B01
200500028772,0,07,000,00,2,1,01,C01
200500028773,0,07,000,00,2,8,15,A01
200500028773,0,05,000,00,2,7,01,B01
200500028774,0,07,000,00,1,3,01,A01
200500028775,0,07,000,00,2,3,13,A01
200500028775,0,07,000,00,0,3,02,B01
200500028775,0,07,000,00,9,1,02,C01
200500028776,0,07,000,00,2,8,01,B01
200500028776,0,07,000,00,2,1,15,A01
200500028777,0,07,000,00,1,3,01,A01
200500028778,0,07,000,06,0,1,02,A01
200500028779,0,07,000,14,0,1,01,A01
200500028779,0,07,000,00,2,0,23,B01
200500028780,0,01,000,00,0,1,01,A01
200500028781,0,07,000,00,2,2,12,A01
200500028781,0,05,000,00,2,8,01,B01
200500028782,0,07,000,00,2,7,15,A01
200500028782,2,07,000,00,2,1,01,B01
200500028783,1,01,000,00,1,1,00,A01
200500028784,0,07,000,00,2,3,02,A01
200500028784,0,05,000,00,2,3,02,B01
200500028785,0,02,000,00,2,8,11,A01
200500028785,0,14,000,00,2,0,01,B01
200500028786,0,05,000,00,2,1,01,A01
200500028786,0,07,000,00,2,2,15,B01
200500028787,0,07,000,00,2,0,15,A01
200500028787,0,04,000,00,2,0,16,B01
200500028788,0,07,000,00,2,0,15,A01
200500028788,0,05,000,00,2,0,02,B01
200500028789,0,01,000,00,2,1,19,A01
200500028789,0,07,000,00,2,3,02,B01
200500028790,0,07,000,00,1,3,02,A01
200500028791,0,07,000,00,2,5,16,A01
200500028791,0,01,000,00,0,1,01,B01
200500028792,0,07,000,08,0,9,14,A01
200500028793,0,04,000,00,1,4,02,A01
200500028793,0,07,000,00,2,5,15,B01
200500028794,1,07,000,00,1,1,00,A01
200500028795,0,07,000,00,2,3,15,A01
200500028795,0,05,000,00,2,2,17,B01
200500028796,0,05,000,00,2,0,00,A01
200500028796,0,07,000,00,2,0,00,B01
200500028797,0,15,000,03,0,0,00,A01
200500028798,0,07,000,00,1,0,00,A01
200500028799,0,02,000,00,2,0,00,A01
200500028799,0,02,000,00,2,0,00,B01
200500028800,0,07,000,00,1,7,01,A01
200500028801,0,07,000,00,1,3,02,A01
200500028802,0,07,000,00,2,7,17,A01
200500028802,0,01,000,00,2,8,01,B01
200500028803,0,05,000,08,0,1,06,A01
200500028804,0,07,000,00,2,2,01,A01
200500028804,0,07,000,00,2,1,01,B01
200500028805,0,02,000,00,2,1,02,A01
200500028805,0,07,000,00,0,5,15,B01
200500028806,0,07,000,13,0,2,01,A01
200500028807,0,05,000,00,0,8,17,A01
200500028808,0,07,000,00,2,1,13,A01
200500028808,0,07,000,06,2,1,01,B01
200500028809,0,02,000,00,2,3,01,A01
200500028809,0,07,000,00,2,1,01,B01
200500028810,0,02,000,01,0,1,13,A01
200500028811,0,05,000,00,2,1,05,A01
200500028811,0,07,000,00,2,3,21,B01
200500028812,0,07,000,00,2,2,02,A01
200500028812,0,01,000,00,2,4,02,B01
200500028813,0,07,000,00,2,1,15,A01
200500028813,0,07,000,01,2,1,02,B01
200500028814,0,07,000,00,2,1,02,A01
200500028814,0,07,000,00,2,4,23,B01
200500028814,0,07,000,00,2,4,23,C01
200500028814,0,07,000,00,2,4,23,D01
200500028815,0,07,000,00,2,2,02,A01
200500028815,0,07,000,00,2,8,02,B01
200500028816,0,02,000,00,1,1,02,A01
200500028817,0,07,000,00,1,2,02,A01
200500028818,0,02,000,00,2,1,02,A01
200500028818,0,07,000,00,2,1,05,B01
200500028819,0,02,000,00,2,3,13,A01
200500028819,0,07,000,00,2,3,02,B01
200500028820,0,02,000,00,2,1,17,B01
200500028820,0,07,000,00,2,3,15,A01
200500028821,0,07,000,00,9,2,19,A01
200500028821,0,04,000,00,2,8,16,B01
200500028822,0,07,000,00,9,7,16,A01
200500028822,0,01,000,00,2,8,16,B01
200500028823,0,02,000,00,2,1,17,A01
200500028823,0,07,000,00,0,8,09,B01
200500028824,0,18,000,00,2,3,15,A01
200500028824,0,07,000,00,2,2,01,B01
200500028825,0,07,000,00,2,1,02,A01
200500028825,0,07,000,00,1,4,23,B01
200500028826,0,07,000,00,2,1,01,A01
200500028826,0,01,000,00,2,8,19,B01
200500028827,0,07,000,00,2,3,01,A01
200500028827,0,02,000,00,2,1,01,B01
200500028828,0,07,000,00,2,2,01,A01
200500028828,0,07,000,00,2,6,01,B01
200500028829,0,07,000,00,2,3,01,B01
200500028829,0,07,000,00,2,2,15,A01
200500028830,0,07,000,01,0,1,01,A01
200500028830,0,07,000,00,2,8,24,B01
200500028831,0,07,000,00,1,4,20,A01
200500028832,0,07,000,00,2,4,04,A01
200500028832,0,07,000,00,2,1,01,B01
200500028833,0,07,000,00,2,1,01,A01
200500028833,0,07,000,00,0,1,01,B01
200500028834,0,02,000,00,0,2,01,A01
200500028835,0,07,000,00,2,1,01,A01
200500028835,0,07,000,00,2,4,01,B01
200500028835,0,07,000,00,2,4,01,C01
200500028836,0,02,000,00,0,0,01,A01
200500028837,0,07,000,00,2,1,15,A01
200500028837,0,07,000,00,2,1,01,B01
200500028838,0,18,001,00,1,1,01,A01
200500028839,0,01,000,00,0,0,01,A01
200500028840,0,01,000,14,0,0,01,A01
200500028841,0,02,000,00,2,8,01,B01
200500028841,0,07,000,00,2,1,01,A01
200500028842,0,18,000,00,1,1,01,A01
200500028843,0,07,000,00,2,1,01,B01
200500028843,0,07,000,00,2,1,01,A01
200500028844,0,07,000,00,1,1,01,A01
200500028845,0,07,000,00,2,1,01,B01
200500028845,0,07,000,00,2,1,15,A01
200500028846,0,07,000,00,2,8,15,A01
200500028846,0,07,000,00,2,2,01,B01
200500028847,0,07,000,00,2,3,01,A01
200500028847,0,01,000,00,2,1,00,B01
200500028848,0,02,000,08,0,1,01,A01
200500028849,0,07,000,00,2,6,15,A01
200500028849,0,05,000,00,2,1,01,B01
200500028850,0,05,000,00,2,1,17,A01
200500028850,0,07,000,00,2,1,01,B01
200500028850,0,07,000,00,2,1,01,C01
200500028850,0,07,000,00,2,1,01,D01
200500028851,0,02,000,00,0,0,00,A01
200500028852,0,15,000,00,2,1,12,A01
200500028852,0,14,000,00,2,3,01,B01
200500028853,0,02,000,00,2,1,01,A01
200500028853,0,07,000,00,2,5,01,B01
200500028854,0,07,000,00,2,1,01,A01
200500028854,0,07,000,00,2,4,01,B01
200500028854,0,07,000,00,2,4,01,C01
200500028855,0,10,000,00,2,2,16,A01
200500028855,0,02,000,00,2,1,01,B01
200500028856,0,18,000,00,1,2,01,A01
200500028857,0,07,000,08,0,1,01,A01
200500028858,0,07,000,00,2,6,11,A01
200500028858,0,13,000,00,2,2,01,B01
200500028859,0,07,000,00,2,2,16,A01
200500028859,0,01,000,00,2,3,01,B01
200500028860,0,07,000,00,2,1,01,A01
200500028860,0,07,000,00,2,4,01,B01
200500028861,0,07,000,04,0,1,01,A01
200500028862,0,07,000,00,2,1,01,B01
200500028862,0,07,000,00,2,2,10,A01
200500028863,0,07,000,00,2,4,01,A01
200500028863,0,02,000,00,2,1,01,B01
200500028864,0,07,000,00,2,1,01,A01