Num_Acc,senc,catv,occutc,obs,obsm,choc,manv,num_veh
200500028864,0,05,000,00,2,4,23,B01
200500028865,0,07,000,00,2,1,01,A01
200500028865,0,07,000,00,2,1,01,B01
200500028866,0,07,000,00,2,1,01,A01
200500028866,0,07,000,00,2,4,23,B01
200500028866,0,07,000,00,2,4,23,C01
200500028867,0,02,000,00,0,1,01,A01
200500028868,0,01,000,00,0,0,01,A01
200500028869,0,07,000,00,2,3,15,A01
200500028869,0,02,000,00,0,1,01,B01
200500028870,0,20,000,00,0,0,01,A01
200500028871,0,02,000,00,2,1,01,A01
200500028871,0,07,000,00,2,8,01,B01
200500028872,0,07,000,00,2,1,01,A01
200500028872,0,07,000,00,2,4,01,B01
200500028873,0,02,000,00,2,1,01,B01
200500028873,0,07,000,00,2,3,15,A01
200500028874,0,07,000,09,0,1,01,A01
200500028875,0,07,000,00,2,1,01,A01
200500028875,0,07,000,00,2,5,01,B01
200500028876,0,07,000,00,1,1,01,A01
200500028877,0,07,000,00,2,1,16,A01
200500028877,0,02,000,00,2,1,01,B01
200500028878,0,07,000,00,2,2,15,A01
200500028878,0,07,000,06,2,1,01,B01
200500028879,0,05,000,00,2,1,01,A01
200500028879,0,07,000,00,2,6,01,B01
200500028879,0,07,000,00,2,6,01,C01
200500028880,0,02,000,00,2,1,01,A01
200500028880,0,07,000,00,2,1,01,B01
200500028881,0,07,000,00,2,1,01,A01
200500028881,0,07,000,00,2,4,23,B01
200500028881,0,02,000,00,2,1,23,C01
200500028882,0,07,000,00,2,4,23,A01
200500028882,0,02,000,00,2,1,01,B01
200500028883,0,07,000,00,2,1,02,A01
200500028883,0,07,000,00,2,4,02,B01
200500028884,0,07,000,00,2,1,13,A01
200500028884,0,07,000,13,2,1,01,B01
200500028885,0,07,000,08,0,1,01,A01
200500028886,0,07,000,00,2,3,09,A01
200500028886,0,05,000,00,2,1,01,B01
200500028887,0,02,000,00,2,1,09,A01
200500028887,0,07,000,00,2,1,02,B01
200500028888,1,07,000,00,2,0,17,A01
200500028888,0,02,000,00,2,8,15,B01
200500028889,0,10,000,00,0,0,02,A01
200500028889,0,07,000,03,0,0,02,B01
200500028890,0,05,000,00,2,1,02,A01
200500028890,0,07,000,00,2,5,23,B01
200500028891,0,07,000,00,2,3,01,A01
200500028891,0,02,000,00,2,7,01,B01
200500028892,0,07,000,00,2,8,15,A01
200500028892,0,02,000,00,2,1,01,B01
200500028893,0,02,000,01,0,1,01,A01
200500028894,0,05,000,00,0,1,01,A01
200500028895,1,99,000,00,0,0,00,A01
200500028896,0,07,000,06,0,1,17,A01
200500028897,0,03,000,08,0,2,01,A01
200500028898,0,01,000,00,1,1,01,A01
200500028899,0,07,000,00,2,2,15,A01
200500028899,0,07,000,00,2,1,01,B01
200500028900,0,07,000,00,2,3,09,A01
200500028900,0,05,000,00,2,1,01,B01
200500028901,0,02,000,00,2,1,15,A01
200500028901,0,07,000,00,2,8,16,B01
200500028902,0,07,000,00,0,0,13,A01
200500028902,0,05,000,14,0,0,16,B01
200500028903,0,07,000,00,2,1,01,B01
200500028903,0,07,000,00,2,3,15,A01
200500028904,0,02,000,00,2,1,01,B01
200500028904,0,07,000,00,2,5,15,A01
200500028905,0,02,000,00,2,1,01,A01
200500028905,0,07,000,00,2,8,01,B01
200500028906,0,02,000,12,0,7,01,A01
200500028907,0,07,000,00,2,1,01,B01
200500028907,0,07,000,00,2,3,09,A01
200500028908,0,02,000,12,0,0,13,A01
200500028909,0,07,000,00,2,1,23,B01
200500028909,0,07,000,07,2,1,16,A01
200500028910,0,09,000,00,2,3,01,A01
200500028910,0,09,000,00,2,1,01,B01
200500028911,0,01,000,00,2,1,19,A01
200500028911,0,07,000,00,2,1,00,B01
200500028912,0,07,000,00,2,1,01,A01
200500028912,0,07,000,00,2,4,23,B01
200500028913,0,07,000,06,0,1,13,A01
200500028914,0,05,000,00,2,1,17,A01
200500028914,0,07,000,00,2,3,15,B01
200500028915,0,07,000,00,2,8,22,A01
200500028915,0,18,006,01,0,2,01,B01
200500028916,0,02,000,00,5,1,01,B01
200500028917,0,02,000,00,0,0,01,A01
200500028918,0,07,000,13,0,1,14,A01
200500028919,0,02,000,00,2,1,01,A01
200500028919,0,02,000,00,2,1,01,B01
200500028920,0,04,000,00,2,2,17,A01
200500028920,0,07,000,00,0,3,15,B01
200500028921,0,02,000,00,2,3,17,A01
200500028921,0,07,000,00,0,3,15,B01
200500028922,0,07,000,00,1,3,09,A01
200500028923,0,07,000,00,2,1,13,A01
200500028923,0,07,000,13,2,1,00,B01
200500028924,0,02,000,09,0,1,13,A01
200500028925,0,07,000,00,2,2,15,A01
200500028925,0,05,000,00,2,1,01,B01
200500028926,0,07,000,00,2,3,01,B01
200500028926,0,07,000,00,2,7,01,A01
200500028927,0,07,000,00,9,3,01,B01
200500028927,0,01,000,00,2,1,01,A01
200500028928,0,07,000,00,2,1,15,A01
200500028928,0,07,000,00,2,1,07,B01
200500028929,0,05,000,12,0,0,13,A01
200500028930,1,07,000,00,1,6,04,A01
200500028931,0,07,000,00,1,2,02,A01
200500028932,0,18,000,00,1,7,20,A01
200500028933,0,02,000,00,2,3,05,A01
200500028933,0,07,000,00,9,3,09,B01
200500028934,0,13,000,00,1,1,01,A01
200500028935,0,04,000,00,2,1,05,A01
200500028935,0,07,000,00,2,2,15,B01
200500028936,0,07,000,00,1,1,01,A01
200500028937,0,07,000,00,1,1,01,A01
200500028938,0,02,000,00,2,1,09,A01
200500028938,0,07,000,00,2,3,01,B01
200500028939,0,03,000,01,0,1,15,A01
200500028940,0,07,000,00,1,1,01,A01
200500028941,1,02,000,00,1,0,00,A01
200500028942,0,10,000,00,2,1,13,A01
200500028942,0,07,000,00,2,1,21,B01
200500028943,0,07,000,03,0,3,02,A01
200500028944,0,07,000,00,2,2,01,A01
200500028944,0,02,000,00,2,8,13,B01
200500028945,0,07,000,00,1,0,02,A01
200500028946,0,07,000,00,2,4,01,A01
200500028946,0,07,000,00,2,1,21,B01
200500028947,0,07,000,00,2,1,01,A01
200500028947,0,07,000,00,2,4,23,B01
200500028947,0,07,000,00,2,4,23,C01
200500028948,0,07,000,15,0,6,02,A01
200500028948,0,15,000,00,2,2,12,B01
200500028949,0,15,000,00,2,1,00,A01
200500028949,0,15,000,00,2,1,21,B01
200500028949,0,10,000,00,2,0,02,C01
200500028949,0,07,000,00,0,4,00,D01
200500028950,0,18,003,00,2,1,02,A01
200500028950,0,07,000,00,2,1,23,B01
200500028950,0,07,000,00,0,4,23,C01
200500028951,0,18,011,00,1,5,01,A01
200500028952,0,07,000,00,1,2,01,A01
200500028953,0,02,000,00,2,1,01,B01
200500028953,0,07,000,00,2,8,15,A01
200500028954,0,07,000,00,2,1,01,A01
200500028954,0,07,000,00,2,4,23,B01
200500028955,0,15,000,13,0,7,14,A01
200500028956,0,07,000,06,0,1,14,A01
200500028957,0,01,000,00,2,8,15,A01
200500028957,1,07,000,00,2,7,21,B01
200500028958,0,07,000,08,0,1,13,A01
200500028959,0,07,000,01,0,1,21,A01
200500028959,0,07,000,01,0,4,23,B01
200500028959,0,10,000,01,0,4,23,C01
200500028959,0,07,000,00,2,4,01,D01
200500028959,0,08,000,00,0,0,02,E01
200500028960,0,07,000,00,2,6,15,A01
200500028960,0,07,000,00,2,1,01,B01
200500028961,0,02,000,00,0,0,21,A01
200500028962,0,07,000,00,2,8,15,A01
200500028962,0,07,000,00,2,1,21,B01
200500028963,0,07,000,00,1,3,21,A01
200500028964,0,07,000,14,0,1,13,A01
200500028965,0,07,000,00,0,4,23,A01
200500028965,0,05,000,00,2,1,02,B01
200500028966,0,07,000,00,1,1,21,A01
200500028967,0,07,000,00,2,2,21,A01
200500028968,0,05,000,00,2,7,17,A01
200500028968,0,07,000,00,2,3,15,B01
200500028969,0,07,000,00,1,2,01,A01
200500028970,0,02,000,00,2,1,01,A01
200500028970,0,07,000,00,0,6,23,B01
200500028971,0,07,000,00,2,8,02,A01
200500028971,0,02,000,00,2,1,01,B01
200500028972,0,07,000,00,1,3,15,A01
200500028973,0,07,000,00,1,3,19,A01
200500028974,0,07,000,00,2,1,05,A01
200500028974,0,07,000,00,2,1,02,B01
200500028975,0,07,000,00,1,3,01,A01
200500028976,0,07,000,00,2,2,15,A01
200500028976,0,05,000,00,2,1,01,B01
200500028977,0,14,000,13,2,8,13,A01
200500028977,0,07,000,02,0,8,02,B01
200500028978,0,15,000,05,2,7,13,A01
200500028978,0,07,000,14,2,1,01,B01
200500028978,0,07,000,00,2,1,02,C01
200500028978,0,07,000,00,2,1,02,D01
200500028979,0,07,000,00,2,1,15,A01
200500028979,0,07,000,00,2,3,01,B01
200500028980,0,07,000,05,2,3,13,A01
200500028980,0,07,000,00,2,0,01,B01
200500028980,0,07,000,00,2,0,00,C01
200500028981,0,07,000,00,1,2,01,A01
200500028982,0,99,000,00,2,1,01,A01
200500028982,0,07,000,00,2,1,01,B01
200500028983,0,01,000,12,1,1,15,A01
200500028984,0,07,000,00,2,1,01,B01
200500028984,0,07,000,00,1,3,07,A01
200500028985,0,07,000,00,2,1,01,A01
200500028985,0,07,000,00,2,4,01,B01
200500028985,0,07,000,00,2,4,23,C01
200500028986,0,99,000,00,2,0,00,A01
200500028986,0,02,000,15,1,1,01,B01
200500028987,0,07,000,00,2,1,02,A01
200500028987,0,07,000,15,9,9,02,B01
200500028988,0,07,000,00,2,2,10,A01
200500028988,0,04,000,00,2,1,01,B01
200500028989,0,07,000,00,2,8,01,B01
200500028989,0,07,000,00,2,1,01,A01
200500028990,2,02,000,00,1,0,00,A01
200500028991,0,02,000,00,2,1,01,A01
200500028991,0,07,000,00,2,8,01,B01
200500028992,0,07,000,00,2,2,15,A01
200500028992,0,07,000,00,2,1,01,B01
200500028993,0,07,000,00,2,8,15,A01
200500028993,0,05,000,00,2,1,17,B01
200500028994,0,07,000,00,2,4,01,A01
200500028994,0,07,000,00,2,4,23,B01
200500028995,0,07,000,00,1,3,01,A01
200500028996,0,07,000,00,2,4,04,A01
200500028996,0,07,000,00,2,2,23,B01
200500028997,0,01,000,00,2,1,00,A01
200500028997,0,07,000,00,2,7,00,B01
200500028998,0,07,000,00,1,2,01,A01
200500028999,0,04,000,00,2,1,17,A01
200500028999,0,07,000,00,2,8,15,B01
200500029000,0,07,000,00,2,1,01,A01
200500029000,0,07,000,00,2,4,23,B01
200500029000,0,07,000,00,2,4,23,C01
200500029001,0,07,000,00,2,5,10,A01
200500029001,0,05,000,00,2,1,01,B01
200500029002,0,07,000,00,2,1,01,A01
200500029002,0,07,000,00,2,7,01,B01
200500029003,0,07,000,00,2,3,01,A01
200500029003,0,07,000,00,0,5,15,B01
200500029004,0,07,000,01,0,1,02,A01
200500029004,0,07,000,00,0,6,23,B01
200500029005,0,07,000,11,0,9,01,A01
200500029006,2,02,000,00,2,0,17,A01
200500029006,0,02,000,00,2,8,15,B01
200500029007,0,07,000,00,2,1,01,A01
200500029007,0,07,000,00,2,4,23,B01
200500029007,0,07,000,00,2,4,23,C01
200500029008,0,07,000,01,0,9,01,A01
200500029008,0,07,000,00,2,1,01,B01
200500029009,0,07,000,00,2,1,01,A01
200500029009,0,07,000,00,0,4,01,B01
200500029010,0,10,000,00,2,8,01,A01
200500029010,0,10,000,00,2,1,01,B01
200500029011,0,07,000,00,0,0,20,A01
200500029011,0,19,000,00,0,0,01,B01
200500029012,0,05,000,00,5,1,01,A01
200500029013,0,07,000,00,2,7,15,A01
200500029013,0,05,000,00,2,1,01,B01
200500029014,0,01,000,00,2,1,01,A01
200500029014,0,07,000,00,2,1,01,B01
200500029015,0,04,000,00,2,1,05,A01
200500029015,0,07,000,00,2,1,01,B01
200500029016,0,07,000,00,2,7,15,A01
200500029016,0,07,000,00,2,2,01,B01
200500029017,0,02,000,15,0,1,01,A01
200500029018,0,07,000,08,1,1,01,A01
200500029018,0,07,000,00,0,0,15,B01
200500029019,0,15,000,00,2,1,02,A01
200500029019,0,07,000,00,0,4,23,B01
200500029020,0,02,000,08,0,1,17,A01
200500029020,0,07,000,00,0,0,15,B01
200500029021,0,07,000,00,1,0,01,A01
200500029022,0,07,000,00,2,1,02,A01
200500029022,0,07,000,00,2,7,02,B01
200500029022,0,07,000,00,0,7,23,C01
200500029023,0,02,000,00,2,1,01,A01
200500029023,0,10,000,00,2,7,01,B01
200500029024,0,07,000,00,1,3,01,A01
200500029025,0,07,000,00,1,7,01,A01
200500029026,0,07,000,00,1,3,01,A01
200500029027,0,07,000,00,2,4,01,A01
200500029027,0,07,000,00,2,1,01,B01
200500029028,0,07,000,00,2,3,02,A01
200500029028,0,07,000,00,2,3,23,B01
200500029028,0,07,000,00,2,1,23,C01
200500029028,0,07,000,00,0,4,23,D01
200500029028,0,07,000,00,0,4,23,E01
200500029029,0,02,000,00,1,1,01,A01
200500029030,0,01,000,00,2,1,01,A01
200500029030,0,01,000,00,2,1,01,B01
200500029031,0,02,000,00,2,8,13,A01
200500029031,0,07,000,00,2,7,01,B01
200500029032,0,07,000,01,0,5,01,A01
200500029032,0,07,000,00,2,1,21,B01
200500029033,0,01,000,00,2,1,01,A01
200500029033,1,07,000,00,0,2,07,B01
200500029034,0,07,000,00,2,1,15,A01
200500029034,0,07,000,00,2,3,01,B01
200500029035,0,07,000,00,1,1,01,A01
200500029036,0,07,000,00,1,1,01,A01
200500029037,0,10,000,00,1,1,01,A01
200500029038,0,02,000,12,0,1,01,A01
200500029039,0,07,000,00,2,7,01,A01
200500029039,0,05,000,00,2,1,01,B01
200500029040,0,07,000,00,2,7,15,A01
200500029040,0,05,000,00,2,1,01,B01
200500029041,0,02,000,06,0,1,13,A01
200500029042,0,02,000,00,2,1,09,A01
200500029042,0,05,000,00,2,1,01,B01
200500029042,0,07,000,00,2,1,01,D01
200500029043,0,99,000,00,2,3,09,A01
200500029043,0,05,000,00,2,7,17,B01
200500029044,0,07,000,00,2,1,01,B01
200500029044,0,01,000,00,2,2,15,A01
200500029045,0,05,000,16,0,2,01,A01
200500029046,0,05,000,00,2,1,01,A01
200500029047,0,07,000,00,2,5,16,A01
200500029047,0,01,000,00,2,1,01,B01
200500029048,0,07,000,00,2,1,01,A01
200500029048,0,07,000,00,0,4,23,B01
200500029049,0,02,000,00,2,1,01,A01
200500029049,0,02,000,00,2,1,01,B01
200500029050,0,07,000,00,2,2,15,A01
200500029050,0,02,000,00,2,1,01,B01
200500029051,0,07,000,00,1,4,04,A01
200500029052,0,07,000,07,0,1,01,A01
200500029053,0,07,000,08,0,1,01,A01
200500029054,0,07,000,00,2,1,01,A01
200500029054,0,07,000,00,2,4,23,B01
200500029054,0,07,000,00,0,4,23,C01
200500029055,0,07,000,00,2,1,01,B01
200500029055,0,01,000,00,2,3,01,A01
200500029056,0,07,000,00,2,1,01,A01
200500029056,0,07,000,00,0,4,23,B01
200500029057,0,07,000,00,1,1,01,A01
200500029058,0,02,000,00,2,1,01,A01
200500029058,0,07,000,00,2,4,23,B01
200500029059,0,07,000,00,2,1,15,A01
200500029059,0,07,000,00,2,1,01,B01
200500029060,0,07,000,00,1,1,15,A01
200500029061,0,07,000,00,2,7,16,A01
200500029061,0,02,000,00,2,1,01,B01
200500029062,0,07,000,02,0,1,01,A01
200500029063,1,07,000,00,2,0,16,A01
200500029063,0,05,000,00,2,1,01,B01
200500029064,0,07,000,00,1,1,01,A01
200500029065,0,02,000,00,2,1,01,A01
200500029065,0,07,000,00,0,4,23,B01
200500029066,0,07,000,12,0,1,01,A01
200500029067,0,07,000,00,2,3,15,A01
200500029067,0,02,000,00,2,1,01,B01
200500029068,0,07,000,00,2,1,01,A01
200500029068,0,07,000,00,2,1,01,B01
200500029069,0,07,000,00,2,1,01,A01
200500029069,0,07,000,00,2,4,23,B01
200500029069,0,07,000,00,0,4,23,C01
200500029070,0,07,000,00,2,2,01,B01
200500029070,0,07,000,00,2,3,19,A01
200500029071,0,02,000,00,2,1,21,A01
200500029071,0,10,000,00,2,2,16,B01
200500029072,0,02,000,00,0,1,01,B01
200500029072,0,07,000,00,2,3,15,A01
200500029073,0,07,000,00,2,2,15,A01
200500029073,0,02,000,00,2,1,01,B01
200500029074,0,02,000,00,2,1,01,A01
200500029074,0,07,000,00,2,3,09,B01
200500029075,0,07,000,03,2,9,14,A01
200500029076,0,07,000,00,2,1,01,A01
200500029076,0,02,000,00,2,1,01,B01
200500029077,0,07,000,00,0,9,14,A01
200500029078,0,07,000,00,1,1,01,A01
200500029079,0,02,000,14,0,1,01,A01
200500029079,0,07,000,00,2,4,23,B01
200500029080,0,07,000,00,2,1,01,A01
200500029080,0,07,000,00,2,2,01,B01
200500029081,1,07,000,00,1,7,14,A01
200500029082,0,02,000,00,0,1,01,A01
200500029083,0,07,000,14,0,1,02,A01
200500029083,0,07,000,00,2,4,23,B01
200500029084,0,07,000,14,2,1,01,A01
200500029084,0,07,000,00,2,4,23,B01
200500029085,0,07,000,00,2,1,01,A01
200500029085,0,07,000,00,2,4,15,B01
200500029085,0,07,000,00,2,4,15,C01
200500029086,0,07,000,00,2,7,09,A01
200500029086,0,05,000,01,2,1,01,B01
200500029087,0,07,000,00,2,1,01,A01
200500029087,0,07,000,00,2,4,01,B01
200500029087,0,07,000,00,0,0,05,C01
200500029088,0,07,000,00,1,1,15,A01
200500029089,0,07,000,00,2,1,01,A01
200500029089,0,07,000,00,2,4,23,B01
200500029089,0,07,000,14,2,4,23,C01
200500029090,0,07,000,00,2,1,17,A01
200500029090,0,07,000,00,2,3,01,B01
200500029091,0,02,000,00,2,1,01,A01
200500029091,0,07,000,00,2,1,01,B01
200500029092,0,07,000,00,1,2,01,A01
200500029093,0,07,000,00,2,3,01,A01
200500029093,0,07,000,00,2,7,01,B01
200500029094,0,07,000,00,2,7,01,A01
200500029094,1,99,000,00,2,1,01,B01
200500029095,0,17,000,00,9,7,15,A01
200500029095,0,05,000,00,9,1,01,B01
200500029096,0,07,000,00,9,5,15,A01
200500029096,0,05,000,00,2,1,01,B01
200500029097,0,07,000,00,1,1,01,A01
200500029098,0,07,000,00,2,1,01,A01
200500029098,0,07,000,00,2,1,01,B01
200500029099,0,07,000,00,2,3,15,A01
200500029099,0,07,000,00,2,1,01,B01
200500029100,0,07,000,00,2,3,16,A01
200500029100,0,02,000,00,2,7,01,B01
200500029101,0,07,000,14,0,1,01,A01
200500029101,0,07,000,00,0,4,23,B01
200500029102,0,07,000,00,2,8,09,A01
200500029102,0,02,000,00,2,1,01,B01
200500029103,0,07,000,00,9,1,15,A01
200500029103,0,02,000,00,2,2,01,B01
200500029104,0,07,000,00,2,8,01,A01
200500029104,0,18,030,00,2,1,01,B01
200500029105,1,99,000,00,1,1,01,A01
200500029106,0,07,000,00,2,1,01,A01
200500029106,0,07,000,00,2,3,01,B01
200500029107,0,07,000,00,2,2,01,B01
200500029107,0,07,000,00,2,3,15,A01
200500029108,0,07,000,00,2,3,01,A01
200500029108,0,07,000,00,2,3,01,B01
200500029109,0,07,000,00,9,3,15,A01
200500029109,0,02,000,00,2,1,01,B01
200500029110,0,07,000,14,0,1,01,A01
200500029110,0,07,000,00,0,4,23,B01
200500029111,0,07,000,00,9,2,01,A01
200500029111,0,02,000,00,0,6,23,B01
200500029112,0,07,000,14,0,1,01,A01
200500029112,0,07,000,14,0,4,23,B01
200500029112,0,07,000,00,0,4,23,C01
200500029113,0,07,000,00,9,6,04,A01
200500029113,0,05,000,00,2,7,01,B01
200500029114,0,07,000,00,1,4,04,A01
200500029115,0,07,000,00,1,2,01,A01
200500029116,0,07,000,00,9,2,15,A01
200500029116,0,02,000,00,2,7,01,B01
200500029117,0,07,000,00,2,7,15,A01
200500029117,0,07,000,00,2,1,01,B01
200500029118,0,07,000,02,0,1,13,A01
200500029119,0,07,000,00,0,1,19,A01
200500029120,0,07,000,00,0,7,09,A01
200500029120,0,10,000,14,0,8,19,B01
200500029120,0,07,000,00,2,8,15,C01
200500029121,0,04,000,14,9,1,01,A01
200500029122,1,07,000,00,1,1,00,A01
200500029123,0,07,000,06,0,1,13,A01
200500029124,0,07,000,00,2,3,01,A01
200500029124,0,02,000,00,2,4,01,B01
200500029125,0,07,000,00,1,2,01,A01
200500029126,0,07,000,00,0,9,12,A01
200500029127,0,07,000,00,1,2,01,A01
200500029128,0,01,000,00,2,4,21,A01
200500029128,0,05,000,00,9,4,01,B01
200500029129,0,07,000,00,9,7,16,A01
200500029129,0,01,000,00,2,8,19,B01
200500029130,0,07,000,00,1,1,01,A01
200500029131,0,07,000,00,2,1,01,A01
200500029131,0,07,000,00,2,7,01,B01
200500029132,0,07,000,00,2,1,10,A01
200500029132,0,07,000,00,2,3,01,B01
200500029132,0,07,000,00,2,1,01,C01
200500029133,0,02,000,00,2,6,01,A01
200500029133,0,07,000,00,0,6,01,B01
200500029134,0,07,000,00,1,7,01,A01
200500029135,0,07,000,09,0,1,14,A01
200500029136,0,01,000,00,2,1,01,A01
200500029136,0,07,000,00,2,3,01,B01
200500029137,0,07,000,00,2,3,01,A01
200500029137,0,05,000,00,2,1,01,B01
200500029138,0,05,000,00,2,7,01,A01
200500029138,0,07,000,00,0,6,01,B01
200500029139,0,07,000,00,2,8,15,A01
200500029139,0,07,000,00,2,3,01,B01
200500029140,0,07,000,15,0,1,01,A01
200500029141,0,07,000,00,1,2,01,A01
200500029142,0,07,000,00,1,4,04,A01
200500029143,0,07,000,00,2,1,01,A01
200500029143,0,07,000,00,2,1,01,B01
200500029143,0,07,000,00,0,4,16,C01
200500029144,0,02,000,00,2,3,09,A01
200500029144,0,07,000,00,2,1,01,B01
200500029145,0,05,000,00,2,1,17,A01
200500029145,0,07,000,00,2,8,13,B01
200500029146,0,07,000,00,2,7,14,A01
200500029146,0,01,000,00,2,3,01,B01
200500029147,0,07,000,00,1,1,01,A01
200500029148,0,02,000,01,0,1,01,A01
200500029149,0,01,000,00,0,1,01,A01
200500029150,0,02,000,00,2,1,02,A01
200500029150,0,07,000,00,2,4,01,B01
200500029151,0,07,000,00,2,7,12,A01
200500029151,0,02,000,00,2,3,01,B01
200500029152,0,02,000,00,1,1,02,A01
200500029153,0,05,000,14,0,1,01,A01
200500029154,0,07,000,00,2,7,16,A01
200500029154,0,02,000,00,2,8,01,B01
200500029155,0,07,000,00,2,1,15,A01
200500029155,0,07,000,00,2,1,01,B01
200500029156,0,05,000,00,1,8,01,A01
200500029157,0,02,000,00,0,7,14,A01
200500029158,0,07,000,00,2,1,13,A01
200500029158,0,07,000,00,2,1,21,B01
200500029159,0,07,000,00,2,8,13,A01
200500029159,0,05,000,00,2,8,01,B01
200500029160,1,07,000,00,1,0,14,A01
200500029161,1,07,000,00,1,2,19,A01
200500029162,0,02,000,00,2,1,05,A01
200500029162,0,07,000,00,2,1,01,B01
200500029163,0,10,000,00,2,1,21,B01
200500029163,0,17,000,00,2,3,15,A01
200500029164,0,07,000,00,2,4,01,B01
200500029164,0,07,000,00,2,1,15,A01
200500029165,0,07,000,08,0,7,13,A01
200500029166,0,07,000,00,1,2,02,A01
200500029167,0,07,000,00,1,1,21,A01
200500029168,0,05,000,00,2,1,01,B01
200500029168,0,07,000,00,2,3,15,A01
200500029169,0,07,000,00,2,2,01,B01
200500029169,0,07,000,00,2,3,01,A01
200500029170,0,01,000,00,2,1,01,A01
200500029170,0,01,000,00,2,1,14,B01
200500029171,0,07,000,00,2,1,01,B01
200500029171,0,02,000,00,2,4,15,A01
200500029172,0,07,000,00,2,7,15,A01
200500029172,0,07,000,00,2,1,01,B01
200500029173,0,07,000,00,2,2,01,A01
200500029173,0,07,000,09,2,3,01,B01
200500029174,0,05,000,01,0,1,01,A01
200500029175,0,07,000,00,2,3,01,A01
200500029175,0,07,000,00,2,1,01,B01
200500029176,0,07,000,00,2,2,01,A01
200500029176,0,02,000,00,2,1,01,B01
200500029177,0,07,000,00,1,1,21,A01
200500029178,0,07,000,00,1,2,14,A01
200500029179,0,02,000,08,2,1,17,A01
200500029179,0,07,000,00,2,3,15,B01
200500029180,0,01,000,00,2,1,17,B01
200500029180,0,07,000,00,2,6,15,A01
200500029181,0,07,000,00,1,2,01,A01
200500029182,0,05,000,12,2,1,01,A01
200500029182,0,07,000,00,2,5,02,B01
200500029183,0,02,000,00,2,1,01,A01
200500029183,0,07,000,00,2,3,15,B01
200500029184,0,07,000,00,1,4,04,A01
200500029185,0,07,000,00,4,9,01,A01
200500029185,0,19,000,00,4,3,01,B01
200500029186,0,07,000,00,1,1,01,A01
200500029187,0,07,000,00,1,1,15,A01
200500029188,0,07,000,00,2,1,01,A01
200500029188,0,07,000,00,2,3,01,B01
200500029189,2,07,000,00,2,1,01,A01
200500029189,0,03,000,00,2,4,01,B01
200500029190,0,05,000,00,2,1,01,A01
200500029190,0,07,000,00,2,2,15,B01
200500029191,0,02,000,02,0,1,01,A01
200500029192,0,07,000,00,1,2,01,A01
200500029193,0,02,000,00,0,1,17,A01
200500029193,0,07,000,00,0,8,15,B01
200500029194,0,07,000,00,1,8,17,A01
200500029195,0,07,000,06,0,8,21,A01
200500029196,0,07,000,00,2,3,01,B01
200500029196,0,07,000,00,2,1,15,A01
200500029197,0,07,000,00,2,4,10,A01
200500029197,0,05,000,00,2,1,02,B01
200500029198,0,01,000,00,2,1,19,A01
200500029198,0,07,000,00,2,1,02,B01
200500029199,0,07,000,00,1,3,01,A01
200500029200,1,07,000,00,2,1,15,A01
200500029200,0,04,000,00,2,2,01,B01
200500029201,0,07,000,00,2,3,01,A01
200500029201,0,10,000,00,2,3,01,B01
200500029202,0,07,000,00,2,1,15,A01
200500029202,0,01,000,00,2,4,02,B01
200500029203,0,05,000,06,2,2,17,A01
200500029203,0,07,000,00,9,3,15,B01
200500029204,0,07,000,09,0,1,01,A01
200500029205,0,18,010,00,2,1,07,B01
200500029205,0,07,000,00,2,1,19,A01
200500029206,0,07,000,00,2,1,01,A01
200500029206,0,07,000,00,2,3,01,B01
200500029206,0,07,000,00,2,2,02,C01
200500029207,0,07,000,00,1,1,02,A01
200500029208,0,07,000,00,2,1,01,A01
200500029208,0,02,000,00,2,3,01,B01
200500029209,0,18,001,00,2,1,01,A01
200500029209,0,01,000,00,0,4,01,B01
200500029210,0,05,000,00,2,2,01,A01
200500029210,0,07,000,00,9,1,01,B01
200500029211,0,07,000,00,2,1,02,A01
200500029211,0,07,000,00,2,4,23,B01
200500029212,0,01,000,00,2,3,21,A01
200500029212,0,07,000,00,9,2,01,B01
200500029213,0,05,000,00,2,1,02,A01
200500029213,0,07,000,00,2,6,02,B01
200500029214,0,01,000,00,1,1,01,B01
200500029215,0,07,000,00,2,4,03,A01
200500029215,0,02,000,00,2,1,02,B01
200500029216,0,07,000,00,2,1,01,B01
200500029216,0,02,000,00,2,1,01,A01
200500029217,0,07,000,00,2,2,02,A01
200500029217,0,05,000,00,2,6,20,B01
200500029218,0,07,000,00,1,1,02,A01
200500029219,0,07,000,00,2,3,10,A01
200500029219,0,05,000,00,2,8,17,B01
200500029220,0,02,000,00,2,1,01,A01
200500029220,0,07,000,00,9,3,01,B01
200500029221,0,07,000,01,2,1,16,A01
200500029221,0,07,000,00,2,1,23,B01
200500029222,0,01,000,00,1,1,01,A01
200500029223,0,07,000,00,1,0,11,A01
200500029224,0,02,000,00,2,1,01,A01
200500029224,0,07,000,00,2,5,16,B01
200500029225,0,02,000,00,1,1,17,B01
200500029226,0,05,000,00,2,1,01,B01
200500029226,0,07,000,00,9,6,01,A01
200500029227,0,07,000,00,2,3,01,B01
200500029227,0,07,000,00,2,2,01,A01
200500029228,0,07,000,00,1,1,02,A01
200500029228,0,01,000,00,2,2,19,B01
200500029229,0,07,000,00,1,3,02,B01
200500029230,0,07,000,00,1,1,01,A01
200500029231,0,07,000,00,1,1,01,A01
200500029232,0,07,000,00,1,1,15,A01
200500029233,0,02,000,00,2,1,02,B01