Num_Acc,senc,catv,occutc,obs,obsm,choc,manv,num_veh
200500029595,0,07,000,00,2,4,23,C01
200500029596,0,07,000,00,2,2,16,A01
200500029596,0,18,036,00,2,3,07,B01
200500029597,0,02,000,00,2,1,02,A01
200500029597,0,10,000,00,2,4,02,B01
200500029598,0,07,000,00,2,3,15,A01
200500029598,0,01,000,00,2,1,01,B01
200500029599,0,07,000,00,1,1,15,A01
200500029600,0,01,000,00,2,1,19,A01
200500029600,0,07,000,00,2,2,01,B01
200500029601,0,07,000,00,1,2,01,A01
200500029602,0,07,000,00,2,1,02,A01
200500029602,0,07,000,00,2,4,02,B01
200500029603,0,07,000,08,1,1,13,A01
200500029604,0,02,000,00,2,1,17,A01
200500029604,0,07,000,00,2,6,15,B01
200500029605,0,07,000,00,2,3,15,A01
200500029605,0,02,000,00,2,1,17,B01
200500029606,0,05,000,00,2,1,13,A01
200500029606,0,07,000,00,2,3,01,B01
200500029607,1,02,000,00,1,1,01,A01
200500029608,0,07,000,00,1,4,09,A01
200500029609,0,07,000,00,2,1,01,A01
200500029609,0,01,000,00,2,1,15,B01
200500029610,0,07,000,00,2,3,01,A01
200500029610,0,01,000,00,2,7,19,B01
200500029611,2,07,000,15,2,2,19,A01
200500029611,0,07,000,00,2,1,01,B01
200500029612,0,01,000,00,2,1,01,A01
200500029612,0,01,000,00,2,1,01,B01
200500029613,0,07,000,14,0,4,04,A01
200500029613,0,07,000,00,0,1,01,B01
200500029614,0,07,000,00,2,2,15,A01
200500029614,0,07,000,00,2,1,01,B01
200500029615,0,01,000,00,4,3,15,A01
200500029615,0,19,000,00,2,1,01,B01
200500029616,0,02,000,00,2,8,13,A01
200500029616,0,18,001,00,2,7,01,B01
200500029617,1,02,000,00,1,1,01,A01
200500029618,0,07,000,00,2,1,09,A01
200500029618,0,07,000,00,2,5,01,B01
200500029619,0,07,000,06,0,1,01,A01
200500029620,0,15,000,00,2,3,10,A01
200500029620,0,02,000,00,2,1,01,B01
200500029621,0,07,000,00,2,2,15,A01
200500029621,0,07,000,00,2,1,01,B01
200500029622,0,07,000,00,2,1,23,A01
200500029622,0,07,000,00,2,4,01,B01
200500029623,0,07,000,00,2,1,01,A01
200500029623,0,01,000,00,2,4,15,B01
200500029624,0,01,000,00,2,1,19,A01
200500029624,0,07,000,00,2,2,01,B01
200500029625,0,07,000,00,2,2,15,A01
200500029625,0,05,000,00,2,1,01,B01
200500029626,0,05,000,00,2,1,01,A01
200500029626,0,07,000,00,2,4,01,B01
200500029627,0,07,000,00,1,1,01,A01
200500029628,0,07,000,00,2,3,10,A01
200500029628,0,07,000,00,2,3,01,B01
200500029629,0,07,000,00,1,1,01,A01
200500029630,0,07,000,00,2,2,15,A01
200500029630,0,05,000,00,0,1,01,B01
200500029631,0,07,000,00,2,3,22,A01
200500029631,0,01,000,01,0,1,01,B01
200500029632,0,07,000,00,2,3,01,A01
200500029632,0,07,000,00,2,3,01,B01
200500029633,0,07,000,00,1,2,14,A01
200500029634,0,07,000,00,2,1,13,A01
200500029634,0,07,000,00,2,1,01,B01
200500029635,0,07,000,00,2,1,01,A01
200500029635,0,07,000,00,2,4,23,B01
200500029636,0,07,000,00,1,1,16,A01
200500029637,0,10,000,00,2,1,02,A01
200500029637,0,07,000,00,2,4,23,B01
200500029638,0,12,000,00,2,4,01,A01
200500029638,0,07,000,00,2,1,01,B01
200500029639,0,07,000,00,2,7,15,A01
200500029639,0,07,000,00,2,1,01,B01
200500029640,0,07,000,00,1,7,01,A01
200500029641,0,01,000,00,2,7,01,B01
200500029641,1,07,000,00,2,1,23,A01
200500029642,0,07,000,00,2,5,15,A01
200500029642,0,02,000,00,2,7,01,B01
200500029643,0,18,002,00,1,2,01,A01
200500029644,0,07,000,01,0,2,16,A01
200500029644,0,01,000,00,2,5,01,B01
200500029645,0,07,000,00,2,3,15,A01
200500029645,0,01,000,00,2,1,01,B01
200500029646,0,07,000,00,2,3,15,A01
200500029646,0,01,000,00,2,3,01,B01
200500029647,1,02,000,00,1,3,13,A01
200500029648,0,07,000,00,2,5,16,A01
200500029648,0,07,000,00,2,3,01,B01
200500029649,0,07,000,00,1,3,01,A01
200500029650,0,02,000,00,2,1,01,B01
200500029650,0,07,000,00,2,3,15,A01
200500029651,0,02,000,00,2,0,23,A01
200500029651,0,07,000,00,9,6,02,B01
200500029651,0,07,000,00,2,2,02,C01
200500029652,0,07,000,00,2,1,02,A01
200500029652,0,07,000,00,0,4,02,B01
200500029653,0,02,000,00,2,1,01,B01
200500029653,0,01,000,00,2,8,19,A01
200500029654,0,07,000,00,2,1,21,A01
200500029654,0,07,000,00,2,4,23,B01
200500029655,0,18,015,00,2,4,24,B01
200500029655,0,07,000,00,0,8,23,C01
200500029655,0,07,000,01,1,1,16,A01
200500029656,0,07,000,00,1,2,21,A01
200500029657,0,07,000,00,9,2,15,A01
200500029657,0,05,000,00,2,1,01,B01
200500029658,0,07,000,00,1,3,15,A01
200500029659,0,07,000,00,2,1,02,A01
200500029659,0,07,000,00,2,4,15,B01
200500029660,0,07,000,00,1,2,02,A01
200500029661,0,01,000,00,2,1,19,A01
200500029661,0,07,000,00,9,6,01,B01
200500029662,0,05,000,00,2,1,21,B01
200500029662,0,07,000,00,2,3,09,A01
200500029663,0,10,000,00,2,3,01,A01
200500029663,0,01,000,00,0,0,09,B01
200500029664,0,07,000,00,0,4,02,A01
200500029664,0,02,000,00,2,1,02,B01
200500029665,0,07,000,04,0,3,02,A01
200500029666,0,02,000,00,2,1,01,A01
200500029667,0,07,000,00,1,1,01,A01
200500029668,0,07,000,00,2,6,15,A01
200500029668,0,05,000,00,2,1,01,B01
200500029669,0,07,000,00,2,2,01,B01
200500029669,0,07,000,00,2,1,01,A01
200500029670,0,07,000,00,1,2,16,A01
200500029671,0,07,000,00,2,1,01,A01
200500029671,0,07,000,00,2,4,23,B01
200500029671,0,07,000,00,0,4,23,C01
200500029672,0,07,000,00,2,3,15,A01
200500029672,0,05,000,00,2,9,15,B01
200500029673,0,07,000,00,2,7,15,A01
200500029673,0,05,000,00,2,1,02,B01
200500029674,0,07,000,00,2,3,15,A01
200500029674,0,18,001,00,2,3,07,B01
200500029675,0,07,000,00,1,3,21,A01
200500029676,0,07,000,00,2,7,15,A01
200500029676,0,05,000,00,2,1,01,B01
200500029677,0,01,000,00,2,1,19,A01
200500029677,0,02,000,00,2,2,01,B01
200500029678,0,07,000,00,2,1,15,A01
200500029678,0,02,000,00,2,1,01,B01
200500029679,0,07,000,00,2,2,01,A01
200500029679,0,02,000,00,2,2,16,B01
200500029680,0,07,000,00,2,7,19,A01
200500029680,0,07,000,00,2,1,02,B01
200500029681,0,07,000,00,2,1,02,A01
200500029681,0,07,000,00,2,4,23,B01
200500029681,0,07,000,00,2,4,23,C01
200500029682,0,07,000,00,2,1,15,A01
200500029682,0,07,000,00,2,3,15,B01
200500029683,0,02,000,00,2,1,01,A01
200500029683,0,01,000,00,2,1,09,B01
200500029684,0,07,000,00,2,3,15,A01
200500029684,0,02,000,00,2,1,01,B01
200500029685,0,07,000,00,1,2,02,A01
200500029686,0,01,000,00,1,1,01,A01
200500029687,0,05,000,00,5,1,01,B01
200500029688,0,02,000,00,2,1,01,A01
200500029688,0,01,000,00,2,4,01,B01
200500029689,0,02,000,00,2,2,01,B01
200500029689,0,07,000,00,2,1,15,A01
200500029690,0,07,000,00,2,1,15,A01
200500029690,0,02,000,00,2,1,01,B01
200500029691,0,10,000,00,1,0,00,A01
200500029691,0,07,000,00,2,0,00,B01
200500029692,0,18,001,00,1,5,01,A01
200500029693,0,07,000,00,2,1,01,A01
200500029693,0,07,000,00,2,4,01,B01
200500029694,0,07,000,00,1,2,00,A01
200500029695,2,02,000,00,2,1,10,A01
200500029695,0,05,000,00,2,1,01,B01
200500029696,0,05,000,00,2,1,01,A01
200500029696,0,07,000,00,2,3,15,B01
200500029697,0,07,000,00,2,7,01,A01
200500029697,0,07,000,00,2,1,01,B01
200500029698,0,02,000,00,2,1,01,A01
200500029698,0,07,000,00,2,2,16,B01
200500029699,0,05,000,00,2,1,17,A01
200500029699,0,07,000,00,2,8,01,B01
200500029700,0,02,000,00,2,1,01,A01
200500029700,0,10,000,00,2,6,15,B01
200500029701,0,07,000,00,2,6,15,A01
200500029701,0,04,000,00,2,2,01,B01
200500029702,0,07,000,00,2,1,02,A01
200500029702,0,07,000,00,2,4,23,B01
200500029703,0,07,000,00,2,1,02,A01
200500029703,0,07,000,00,2,4,23,B01
200500029704,0,01,000,00,2,1,01,B01
200500029704,0,07,000,00,2,2,15,A01
200500029705,0,07,000,00,2,1,01,A01
200500029705,0,02,000,00,2,8,01,B01
200500029706,0,01,000,00,2,2,01,A01
200500029706,0,07,000,00,2,3,01,B01
200500029707,0,07,000,09,1,2,01,A01
200500029708,0,07,000,00,1,1,01,A01
200500029709,0,07,000,00,2,1,01,A01
200500029709,0,07,000,00,2,4,01,B01
200500029710,0,10,000,00,1,1,01,A01
200500029711,0,07,000,00,2,2,15,A01
200500029711,0,07,000,00,2,3,01,B01
200500029712,0,07,000,00,1,4,04,A01
200500029713,0,07,000,00,2,2,01,A01
200500029713,0,01,000,00,2,1,19,B01
200500029714,0,02,000,06,0,1,01,A01
200500029715,0,05,000,00,2,1,01,B01
200500029715,0,02,000,00,2,6,15,A01
200500029716,1,07,000,00,0,0,14,A01
200500029716,0,01,000,00,0,6,14,B01
200500029717,0,07,000,00,0,2,02,A01
200500029718,0,07,000,00,2,1,01,A01
200500029718,0,07,000,00,2,4,23,B01
200500029718,0,07,000,00,2,7,12,C01
200500029719,0,07,000,00,2,2,14,A01
200500029719,0,01,000,00,2,0,01,B01
200500029719,0,01,000,00,2,0,01,C01
200500029720,0,07,000,00,9,5,15,A01
200500029720,0,01,000,00,2,0,02,B01
200500029721,0,07,000,00,9,1,01,A01
200500029721,0,01,000,00,2,1,01,B01
200500029722,0,14,000,00,2,2,15,A01
200500029722,0,05,000,00,2,1,21,B01
200500029723,0,07,000,00,2,6,15,A01
200500029723,0,05,000,00,2,3,17,B01
200500029724,0,07,000,00,9,3,09,A01
200500029724,0,02,000,00,2,1,21,B01
200500029725,0,07,000,00,2,3,13,A01
200500029725,0,17,000,13,2,3,02,B01
200500029726,0,07,000,08,2,3,13,A01
200500029726,0,07,000,15,0,3,01,B01
200500029726,0,07,000,13,0,3,01,C01
200500029727,0,14,000,00,2,3,15,A01
200500029727,0,07,000,12,2,8,01,B01
200500029728,0,07,000,00,2,3,13,A01
200500029728,0,07,000,00,2,3,21,B01
200500029729,0,07,000,00,2,3,10,A01
200500029729,0,05,000,00,2,1,01,B01
200500029730,0,07,000,00,0,0,15,A01
200500029730,0,15,000,00,9,6,24,B01
200500029730,0,05,000,01,0,0,21,C01
200500029731,0,07,000,00,1,1,01,A01
200500029732,0,07,000,00,2,9,01,B01
200500029732,0,07,000,00,2,1,09,A01
200500029733,0,07,000,00,2,1,01,A01
200500029733,0,07,000,00,2,1,01,B01
200500029733,0,07,000,00,2,1,01,C01
200500029734,0,05,000,09,0,1,01,A01
200500029735,0,07,000,00,1,3,01,A01
200500029736,0,05,000,12,0,8,01,A01
200500029737,0,07,000,00,2,3,01,B01
200500029737,0,04,000,00,2,1,01,A01
200500029738,0,07,000,00,2,1,01,A01
200500029738,1,07,000,00,2,0,01,B01
200500029739,0,07,000,00,2,1,01,B01
200500029739,0,07,000,00,2,1,16,A01
200500029740,0,07,000,13,0,1,01,A01
200500029741,0,05,000,00,2,1,01,B01
200500029741,0,07,000,00,2,3,15,A01
200500029742,0,02,000,00,2,1,01,A01
200500029742,0,07,000,00,2,5,01,B01
200500029743,0,02,000,00,2,1,01,B01
200500029743,0,07,000,00,2,4,09,A01
200500029744,0,07,000,00,2,8,02,B01
200500029744,0,07,000,00,2,1,01,A01
200500029745,0,07,000,00,2,1,02,B01
200500029745,0,07,000,00,2,7,01,A01
200500029746,1,07,000,00,1,0,01,A01
200500029747,0,04,000,16,0,7,01,A01
200500029748,0,07,000,00,2,3,11,A01
200500029748,0,04,000,00,2,1,01,B01
200500029749,0,07,000,00,1,2,02,A01
200500029750,0,07,000,00,1,2,01,A01
200500029751,0,07,000,13,0,1,01,A01
200500029752,0,07,000,00,2,3,01,B01
200500029752,0,07,000,00,2,0,01,A01
200500029753,0,07,000,00,2,4,01,B01
200500029754,0,07,000,00,2,3,01,A01
200500029754,0,02,000,00,2,3,01,B01
200500029755,0,15,000,00,1,5,01,A01
200500029756,0,05,000,00,5,1,01,A01
200500029757,0,05,000,00,1,1,18,A01
200500029758,0,05,000,00,1,8,17,A01
200500029759,0,05,000,00,0,1,01,B01
200500029759,0,07,000,00,2,3,15,A01
200500029760,0,07,000,00,9,1,15,A01
200500029760,0,02,000,00,2,1,01,B01
200500029761,0,07,000,00,2,3,15,A01
200500029761,0,07,000,00,0,1,01,B01
200500029762,0,07,000,00,2,3,01,A01
200500029762,0,07,000,00,0,8,20,B01
200500029763,0,07,000,00,2,5,09,A01
200500029763,0,05,000,00,0,1,01,B01
200500029764,0,07,000,00,2,1,01,A01
200500029764,0,05,000,00,0,4,23,B01
200500029765,0,07,000,00,2,2,17,A01
200500029765,0,02,000,00,0,1,01,B01
200500029766,0,07,000,00,1,1,01,A01
200500029767,0,07,000,00,2,1,05,A01
200500029767,0,07,000,00,0,6,01,B01
200500029767,0,07,000,00,2,1,01,C01
200500029767,0,07,000,00,2,1,01,D01
200500029767,0,07,000,00,0,4,01,E01
200500029768,0,05,000,00,2,0,12,A01
200500029768,0,05,000,00,0,0,01,B01
200500029769,0,07,000,00,2,1,01,A01
200500029769,0,07,000,00,0,1,01,B01
200500029770,0,05,000,00,0,8,01,A01
200500029771,0,07,000,06,0,1,01,A01
200500029772,0,07,000,00,2,3,15,A01
200500029772,0,01,000,00,0,1,01,B01
200500029773,0,07,000,00,2,1,01,A01
200500029773,0,05,000,00,0,4,23,B01
200500029774,0,07,000,00,0,0,24,A01
200500029774,0,07,000,00,2,7,01,B01
200500029775,0,07,000,00,2,7,15,A01
200500029775,0,05,000,00,0,8,01,B01
200500029776,0,07,000,00,2,3,15,A01
200500029776,0,02,000,00,0,1,01,B01
200500029777,0,02,000,00,2,1,01,A01
200500029777,0,07,000,00,0,5,01,B01
200500029778,0,07,000,00,2,1,01,A01
200500029778,0,07,000,00,2,1,23,B01
200500029778,0,07,000,00,0,4,23,C01
200500029779,0,02,000,00,1,2,01,A01
200500029780,2,07,000,09,1,1,02,A01
200500029780,0,07,000,00,0,2,02,B01
200500029781,0,07,000,00,2,1,15,B01
200500029781,0,02,000,00,0,1,01,A01
200500029782,0,07,000,00,2,2,15,A01
200500029782,0,02,000,00,0,3,01,B01
200500029783,0,07,000,00,2,1,01,A01
200500029783,0,07,000,00,2,1,23,B01
200500029783,0,07,000,00,0,4,23,C01
200500029784,0,18,030,00,2,1,01,A01
200500029784,0,17,000,00,0,4,01,B01
200500029785,0,15,000,00,2,7,16,A01
200500029785,0,01,000,00,2,0,18,B01
200500029786,0,07,000,00,2,5,01,A01
200500029786,0,02,000,00,0,1,01,B01
200500029787,0,07,000,00,2,1,01,A01
200500029787,0,07,000,00,0,4,23,B01
200500029788,0,07,000,00,0,1,01,B01
200500029788,0,01,000,00,2,1,16,A01
200500029789,0,05,000,00,2,1,01,A01
200500029789,0,07,000,00,0,3,15,B01
200500029790,0,07,000,00,2,1,15,A01
200500029790,0,07,000,00,0,3,01,B01
200500029791,0,02,000,00,2,1,01,A01
200500029791,0,07,000,00,0,3,01,B01
200500029792,0,07,000,00,1,4,20,A01
200500029793,0,07,000,00,1,4,20,A01
200500029794,0,07,000,00,1,4,20,A01
200500029795,0,07,000,00,2,2,15,A01
200500029795,0,07,000,00,0,3,01,B01
200500029796,0,07,000,00,2,1,10,A01
200500029796,0,02,000,00,0,8,01,B01
200500029797,0,02,000,00,0,1,01,B01
200500029797,0,07,000,00,2,6,09,A01
200500029798,0,05,000,08,0,1,01,A01
200500029799,0,07,000,00,2,2,15,A01
200500029799,0,02,000,00,0,1,01,B01
200500029800,0,15,000,00,2,3,23,A01
200500029800,0,07,000,00,2,7,01,B01
200500029800,0,07,000,00,0,1,01,C01
200500029801,0,07,000,00,2,3,15,A01
200500029801,0,02,000,00,0,1,17,B01
200500029802,0,02,000,00,1,2,01,A01
200500029803,0,07,000,00,2,2,15,A01
200500029803,0,05,000,00,0,1,01,B01
200500029804,0,07,000,00,1,2,01,A01
200500029805,0,01,000,00,2,1,01,A01
200500029805,0,07,000,00,0,7,01,B01
200500029806,0,05,000,00,2,1,01,A01
200500029806,0,07,000,00,2,2,15,B01
200500029807,0,07,000,01,0,7,02,A01
200500029807,0,07,000,00,0,6,23,B01
200500029808,0,07,000,00,2,1,01,A01
200500029808,0,01,000,00,0,1,01,B01
200500029809,0,07,000,00,2,8,10,A01
200500029809,0,02,000,00,2,1,02,B01
200500029810,1,07,000,00,1,8,01,A01
200500029811,0,07,000,00,1,2,00,A01
200500029812,0,07,000,00,2,1,01,A01
200500029812,0,07,000,00,0,8,19,B01
200500029813,0,07,000,00,0,2,01,B01
200500029813,0,02,000,00,2,1,15,A01
200500029814,0,01,000,00,1,1,01,A01
200500029815,0,02,000,00,2,1,01,A01
200500029815,1,99,000,00,9,7,16,B01
200500029816,0,07,000,00,2,2,01,A01
200500029816,0,07,000,00,2,7,01,B01
200500029817,0,05,000,00,2,3,09,A01
200500029817,0,07,000,00,2,5,01,B01
200500029818,0,07,000,06,0,1,01,A01
200500029819,0,07,000,00,9,3,15,A01
200500029819,0,02,000,00,2,1,01,B01
200500029820,0,07,000,00,2,2,02,A01
200500029820,0,01,000,00,2,1,00,B01
200500029821,0,07,000,00,9,6,19,A01
200500029821,0,05,000,00,2,1,01,B01
200500029822,1,07,000,00,2,0,02,A01
200500029822,0,02,000,00,0,0,02,B01
200500029823,0,07,000,00,1,1,02,A01
200500029824,0,07,000,00,2,1,09,A01
200500029824,0,02,000,00,0,1,02,B01
200500029825,0,07,000,00,2,0,22,A01
200500029825,0,01,000,00,0,0,02,B01
200500029826,0,07,000,00,2,3,15,A01
200500029826,0,05,000,00,0,1,02,B01
200500029827,0,05,000,00,2,1,02,A01
200500029827,0,07,000,00,0,4,02,B01
200500029828,0,07,000,01,0,9,02,A01
200500029829,0,07,000,00,2,7,15,A01
200500029829,0,05,000,01,0,1,17,B01
200500029830,0,07,000,00,2,1,02,A01
200500029830,0,07,000,00,0,4,23,B01
200500029830,0,07,000,00,0,0,05,C01
200500029831,0,02,000,00,2,3,18,A01
200500029831,0,01,000,00,0,7,02,B01
200500029832,0,07,000,01,2,2,19,A01
200500029832,0,07,000,00,0,0,00,B01
200500029833,0,07,000,00,2,8,15,A01
200500029833,0,07,000,00,2,1,01,B01
200500029834,0,05,000,00,2,1,01,B01
200500029834,0,07,000,00,2,3,15,A01
200500029835,0,07,000,00,1,6,01,A01
200500029836,0,02,000,00,0,0,17,A01
200500029836,0,07,000,00,0,1,01,B01
200500029837,0,02,000,00,2,1,21,A01
200500029837,0,07,000,00,0,4,23,B01
200500029838,0,02,000,00,1,1,18,A01
200500029839,0,07,000,00,1,7,14,A01
200500029840,0,07,000,00,0,8,13,A01
200500029840,0,02,000,00,2,1,17,B01
200500029841,0,07,000,00,0,5,17,A01
200500029841,0,01,000,00,2,1,12,B01
200500029842,0,07,000,00,2,1,15,A01
200500029842,0,07,000,00,0,1,01,B01
200500029843,0,14,000,00,1,2,16,A01
200500029844,0,02,000,00,2,3,07,A01
200500029844,0,10,000,00,2,2,16,B01
200500029845,0,04,000,15,0,1,01,A01
200500029846,0,07,000,00,2,2,01,A01
200500029846,0,02,000,00,2,1,01,B01
200500029847,0,07,000,00,2,2,12,A01
200500029847,0,02,000,00,2,1,01,B01
200500029848,0,02,000,00,1,7,01,A01
200500029849,0,04,000,14,0,1,01,A01
200500029850,0,07,000,00,2,2,01,A01
200500029850,0,07,000,00,2,1,01,B01
200500029851,0,05,000,00,2,1,01,A01
200500029851,0,07,000,00,2,4,01,B01
200500029852,0,10,000,04,0,2,01,A01
200500029853,0,05,000,04,2,1,01,A01
200500029853,0,07,000,00,2,4,01,B01
200500029854,0,01,000,00,2,2,19,A01
200500029854,0,07,000,00,2,1,01,B01
200500029855,0,02,000,00,1,1,01,A01
200500029856,1,02,000,00,1,1,00,A01
200500029857,0,02,000,00,2,3,07,A01
200500029857,0,07,000,00,2,2,16,B01
200500029858,0,07,000,00,2,7,22,A01
200500029858,0,01,000,00,2,3,01,B01
200500029859,0,07,000,00,2,4,04,A01
200500029859,0,02,000,00,2,1,01,B01
200500029860,0,07,000,00,2,3,10,A01
200500029860,0,05,000,00,2,1,01,B01
200500029861,0,07,000,00,2,1,01,A01
200500029861,0,10,000,00,2,4,01,B01
200500029862,0,07,000,01,0,1,01,A01
200500029863,0,02,000,00,2,1,18,A01
200500029863,0,07,000,00,2,2,15,B01
200500029864,0,07,000,00,1,1,01,A01
200500029865,1,07,000,00,2,1,00,A01
200500029865,0,07,000,01,2,4,01,B01
200500029866,0,02,000,00,2,3,18,A01
200500029866,0,02,000,00,2,5,01,B01
200500029867,0,07,000,00,2,2,15,A01
200500029867,0,05,000,00,2,1,01,B01
200500029868,0,07,000,00,1,1,01,A01
200500029869,0,07,000,01,0,2,01,A01
200500029870,0,05,000,00,1,1,01,A01
200500029871,0,10,000,00,2,1,01,A01
200500029871,0,07,000,00,2,4,23,B01
200500029872,0,07,000,00,1,4,04,A01
200500029873,0,07,000,00,2,1,15,A01
200500029873,0,07,000,00,2,1,16,B01
200500029874,0,07,000,00,2,2,17,A01
200500029874,0,05,000,00,2,3,01,B01
200500029875,1,07,000,00,2,1,00,A01
200500029875,0,04,000,00,2,4,01,B01
200500029876,0,07,000,00,2,7,10,A01
200500029876,0,01,000,00,2,1,07,B01
200500029877,0,07,000,00,1,1,15,A01
200500029878,0,18,000,00,2,1,01,A01
200500029878,0,07,000,00,2,3,01,B01
200500029879,0,01,000,00,2,3,16,A01
200500029879,0,07,000,00,2,1,07,B01
200500029880,0,05,000,00,1,1,01,A01
200500029881,0,05,000,00,2,2,15,A01
200500029881,0,13,000,00,2,3,01,B01
200500029882,0,02,000,00,2,2,10,A01
200500029882,0,07,000,00,2,1,01,B01
200500029883,0,05,000,00,1,1,01,A01
200500029884,1,07,000,00,2,2,00,A01
200500029884,0,01,000,00,2,6,01,B01
200500029885,0,07,000,00,2,3,10,A01
200500029885,0,05,000,00,2,1,01,B01
200500029886,0,02,000,00,2,2,07,A01
200500029886,0,07,000,00,2,3,15,B01
200500029887,0,07,000,00,2,3,09,A01
200500029887,0,05,000,01,2,1,17,B01
200500029888,0,07,000,00,2,8,22,A01
200500029888,0,01,000,00,2,1,01,B01
200500029889,0,07,000,00,2,2,12,A01
200500029889,0,04,000,00,2,3,01,B01
200500029890,0,05,000,00,0,2,21,A01
200500029891,0,07,000,00,1,1,01,A01
200500029892,0,02,000,00,2,1,01,A01
200500029892,0,07,000,00,2,4,23,B01
200500029893,0,07,000,00,2,2,15,A01
200500029893,0,05,000,00,2,1,01,B01
200500029894,0,07,000,00,2,3,09,A01
200500029894,0,04,000,00,2,1,01,B01
200500029895,0,02,000,00,2,1,18,A01
200500029895,0,07,000,00,2,4,01,B01
200500029896,0,04,000,01,2,1,01,A01
200500029896,0,07,000,00,2,4,23,B01
200500029897,0,05,000,11,0,3,01,A01
200500029898,0,07,000,00,2,3,09,A01
200500029898,0,10,000,00,2,1,01,B01
200500029898,0,07,000,00,2,5,01,C01
200500029898,0,10,000,00,2,2,01,D01
200500029898,0,10,000,00,2,7,01,E01
200500029899,0,02,000,00,0,2,01,A01
200500029900,0,07,000,00,1,1,01,A01
200500029901,0,07,000,00,1,1,01,A01
200500029902,0,07,000,00,2,8,10,A01
200500029902,0,02,000,00,2,1,01,B01
200500029903,0,18,031,00,1,1,07,A01
200500029904,0,07,000,00,2,2,15,A01
200500029904,0,07,000,00,2,1,01,B01
200500029905,1,07,000,00,2,2,00,A01
200500029905,0,05,000,00,2,3,01,B01
200500029906,0,07,000,00,2,3,01,A01
200500029906,0,02,000,00,2,1,01,B01
200500029907,0,07,000,00,2,6,11,A01
200500029907,0,07,000,00,2,2,01,B01
200500029907,0,07,000,00,2,4,01,C01
200500029907,0,07,000,00,2,4,01,D01
200500029908,0,05,000,11,2,2,01,A01
200500029908,0,04,000,00,2,1,01,B01
200500029909,0,07,000,00,2,6,15,A01
200500029909,0,05,000,00,2,2,01,B01
200500029910,0,18,000,00,0,1,21,A01
200500029911,0,18,000,00,1,2,07,A01
200500029912,0,07,000,00,2,1,01,A01
200500029912,0,07,000,00,2,4,23,B01
200500029913,0,07,000,01,0,2,01,A01
200500029914,0,13,000,04,0,3,01,A01
200500029914,0,07,000,00,9,8,01,B01
200500029915,0,07,000,01,0,2,01,A01
200500029916,0,10,000,00,1,1,01,A01
200500029917,0,07,000,00,1,1,01,A01
200500029918,0,18,000,00,1,1,01,A01
200500029919,0,07,000,00,2,8,15,A01
200500029919,0,07,000,00,2,1,07,B01
200500029920,0,02,000,00,2,3,18,A01
200500029920,0,07,000,00,2,2,16,B01
200500029921,0,07,000,00,1,1,01,A01
200500029922,0,07,000,00,2,1,01,A01
200500029922,0,07,000,00,2,4,23,B01
200500029923,0,05,000,00,2,1,13,A01
200500029923,0,07,000,00,2,1,01,B01
200500029924,0,01,000,00,0,2,01,A01
200500029925,0,02,000,00,2,2,15,A01
200500029925,0,07,000,00,2,1,01,B01
200500029926,0,02,000,00,2,1,01,A01
200500029926,0,07,000,00,2,4,01,B01
200500029927,0,05,000,00,1,1,15,A01
200500029928,0,02,000,00,1,1,01,A01
200500029929,0,07,000,00,1,1,01,A01
200500029930,0,07,000,00,2,8,22,A01
200500029930,0,01,000,00,2,1,01,B01
200500029931,0,07,000,00,2,4,04,A01
200500029931,0,04,000,00,2,1,01,B01
200500029932,0,10,000,00,1,1,01,A01
200500029933,0,02,000,00,0,2,01,A01
200500029934,0,07,000,00,1,4,04,A01
200500029935,0,07,000,00,2,1,01,A01
200500029935,0,07,000,00,2,4,23,B01
200500029936,0,07,000,00,1,1,01,A01
200500029937,0,07,000,00,2,2,17,A01
200500029937,0,02,000,00,2,3,01,B01
200500029938,0,10,000,01,0,2,01,A01
200500029939,0,04,000,12,0,2,21,A01
200500029940,0,07,000,00,2,1,01,A01
200500029940,0,07,000,00,2,4,23,B01
200500029941,0,07,000,00,2,1,01,A01
200500029941,0,07,000,00,2,4,23,B01
200500029942,0,10,000,00,1,1,15,A01
200500029943,0,07,000,00,2,6,11,A01
200500029943,0,02,000,00,2,2,17,B01
200500029944,1,07,000,00,2,1,00,A01
200500029944,0,07,000,00,2,4,23,B01
200500029945,0,02,000,00,2,1,18,A01
200500029945,0,07,000,00,2,5,22,B01
200500029946,1,07,000,00,1,1,00,A01
200500029947,0,07,000,00,1,1,07,A01
200500029948,0,07,000,00,2,3,01,A01
200500029948,0,02,000,00,2,1,01,B01
200500029949,0,05,000,00,2,2,24,A01
200500029949,0,18,000,00,2,6,01,B01
200500029950,0,07,000,00,2,8,22,A01
200500029950,0,07,000,00,2,2,01,B01
200500029950,0,07,000,00,2,5,01,C01
200500029950,0,07,000,00,2,6,01,D01
200500029951,0,07,000,11,0,1,15,A01
200500029952,0,07,000,00,2,3,18,A01
200500029952,0,02,000,00,2,5,01,B01
200500029953,0,07,000,00,2,3,10,A01
200500029953,0,01,000,00,2,2,01,B01
200500029954,0,07,000,00,2,2,15,A01
200500029954,0,02,000,00,2,1,01,B01
200500029955,1,02,000,00,1,1,00,A01
200500029956,0,02,000,00,2,1,01,A01
200500029956,0,07,000,00,2,4,23,B01
200500029957,0,10,000,00,2,6,10,A01
200500029957,0,02,000,00,2,2,01,B01
200500029958,0,10,000,00,1,2,01,A01