Num_Acc,senc,catv,occutc,obs,obsm,choc,manv,num_veh
200500029959,0,07,000,06,0,3,01,A01
200500029960,0,05,000,00,0,2,01,A01
200500029961,0,07,000,02,0,3,01,A01
200500029962,0,07,000,00,2,1,01,A01
200500029962,0,07,000,00,2,3,01,B01
200500029963,0,02,000,00,1,1,01,A01
200500029964,0,07,000,00,2,1,01,A01
200500029964,0,05,000,00,2,3,01,B01
200500029965,0,05,000,00,1,1,15,A01
200500029966,0,07,000,00,1,1,01,A01
200500029967,0,07,000,00,1,1,01,A01
200500029968,0,01,000,00,2,1,01,A01
200500029968,0,10,000,00,2,5,23,B01
200500029969,0,07,000,00,1,1,01,A01
200500029970,0,04,000,00,1,1,01,A01
200500029971,0,10,000,00,1,1,01,A01
200500029972,0,07,000,00,2,1,01,A01
200500029972,0,01,000,00,2,4,01,B01
200500029973,0,07,000,00,2,2,17,A01
200500029973,0,14,000,00,2,4,23,B01
200500029974,0,05,000,00,1,1,01,A01
200500029975,0,05,000,00,2,2,17,A01
200500029975,0,07,000,00,2,3,15,B01
200500029976,0,07,000,00,2,6,15,A01
200500029976,0,02,000,00,2,2,15,B01
200500029977,0,04,000,00,2,2,17,A01
200500029977,0,07,000,00,2,3,15,B01
200500029978,0,02,000,00,2,1,01,A01
200500029978,0,07,000,00,2,4,23,B01
200500029979,0,07,000,00,2,1,01,A01
200500029979,0,07,000,00,2,4,23,B01
200500029980,0,07,000,00,2,1,01,A01
200500029980,0,07,000,00,2,4,23,B01
200500029981,0,07,000,00,2,1,01,A01
200500029981,0,07,000,00,2,4,23,B01
200500029982,0,04,000,00,0,3,01,A01
200500029983,0,07,000,00,2,6,24,A01
200500029983,0,18,000,00,2,2,17,B01
200500029984,0,04,000,00,2,2,17,A01
200500029984,0,07,000,00,2,3,13,B01
200500029985,0,07,000,00,1,1,15,A01
200500029986,0,07,000,00,1,1,01,A01
200500029987,0,07,000,00,2,3,15,A01
200500029987,0,05,000,00,2,2,01,B01
200500029988,0,05,000,15,2,3,07,A01
200500029988,0,07,000,00,2,2,16,B01
200500029989,0,07,000,00,1,4,04,A01
200500029990,1,07,000,00,2,1,00,A01
200500029990,0,05,000,00,2,2,01,B01
200500029991,1,07,000,00,2,2,00,A01
200500029991,0,05,000,00,2,1,01,B01
200500029992,0,07,000,00,1,4,20,A01
200500029993,0,05,000,00,1,1,01,A01
200500029994,0,10,000,00,1,1,07,A01
200500029995,0,18,000,00,1,1,01,A01
200500029996,0,07,000,00,2,2,01,A01
200500029996,0,05,000,00,2,1,01,B01
200500029997,0,07,000,00,2,1,01,A01
200500029997,0,07,000,00,2,5,01,B01
200500029998,0,02,000,00,2,1,01,A01
200500029998,0,07,000,00,2,3,01,B01
200500029999,0,02,000,00,2,1,01,A01
200500029999,0,07,000,00,2,4,01,B01
200500030000,0,10,000,00,2,4,24,A01
200500030000,0,02,000,00,2,1,01,B01
200500030001,0,04,000,00,2,3,18,A01
200500030001,0,07,000,00,2,2,16,B01
200500030002,0,05,000,00,2,3,18,A01
200500030002,0,07,000,00,2,2,01,B01
200500030003,0,02,000,01,2,1,21,A01
200500030003,0,07,000,00,2,2,01,B01
200500030004,0,07,000,00,2,5,12,A01
200500030004,0,07,000,00,2,3,01,B01
200500030005,0,07,000,00,2,3,13,A01
200500030005,0,05,000,00,2,2,01,B01
200500030005,0,01,000,00,2,1,07,C01
200500030006,0,10,000,00,1,1,01,A01
200500030007,0,02,000,00,0,3,21,A01
200500030008,0,07,000,00,1,1,01,A01
200500030009,0,07,000,00,1,1,15,A01
200500030010,0,07,000,00,2,3,11,A01
200500030010,0,05,000,00,2,2,01,B01
200500030011,0,07,000,00,1,1,01,A01
200500030012,0,07,000,00,2,2,01,A01
200500030012,0,05,000,00,2,1,01,B01
200500030013,0,10,000,00,1,1,01,A01
200500030014,0,07,000,00,1,1,15,A01
200500030015,0,05,000,00,1,1,01,A01
200500030016,0,02,000,00,1,1,01,A01
200500030017,0,07,000,00,2,2,15,A01
200500030017,0,01,000,00,2,1,01,B01
200500030018,0,18,000,00,1,1,07,A01
200500030019,0,04,000,00,2,2,17,A01
200500030019,0,07,000,00,2,3,15,B01
200500030020,0,07,000,00,2,1,01,A01
200500030020,0,02,000,00,2,4,23,B01
200500030021,0,07,000,00,2,2,15,A01
200500030021,0,04,000,00,2,1,01,B01
200500030022,0,04,000,00,2,1,18,A01
200500030022,0,07,000,00,2,7,22,B01
200500030023,0,05,000,00,2,1,01,A01
200500030023,0,07,000,00,2,6,15,B01
200500030024,0,02,000,00,1,1,01,A01
200500030025,0,01,000,00,1,1,05,A01
200500030026,0,18,000,00,0,1,21,A01
200500030027,0,02,000,07,0,1,01,A01
200500030028,1,07,000,00,1,4,00,A01
200500030029,2,07,000,00,2,3,10,A01
200500030029,0,05,000,00,2,5,01,B01
200500030030,0,18,000,00,1,1,07,A01
200500030031,0,07,000,01,2,1,15,A01
200500030031,0,05,000,00,2,6,01,B01
200500030032,0,07,000,00,2,2,15,A01
200500030032,0,07,000,00,2,1,01,B01
200500030033,0,07,000,00,2,2,01,A01
200500030033,0,05,000,00,2,1,01,B01
200500030034,0,07,000,00,2,3,09,A01
200500030034,0,07,000,01,2,2,13,B01
200500030035,0,07,000,00,2,2,15,A01
200500030035,0,07,000,00,2,1,01,B01
200500030035,0,07,000,00,2,4,23,C01
200500030036,0,02,000,00,2,3,01,A01
200500030036,0,07,000,00,2,2,16,B01
200500030037,0,07,000,00,2,2,21,A01
200500030037,0,01,000,00,2,6,01,B01
200500030038,0,07,000,00,1,1,01,A01
200500030039,0,07,000,00,2,1,01,A01
200500030039,0,07,000,00,2,4,01,B01
200500030040,0,02,000,00,2,3,01,A01
200500030040,0,10,000,00,2,1,01,B01
200500030041,0,04,000,00,2,1,01,A01
200500030041,0,02,000,00,2,4,23,B01
200500030042,0,07,000,07,0,1,01,A01
200500030043,0,14,000,00,2,1,16,A01
200500030043,0,02,000,00,2,4,24,B01
200500030044,0,07,000,00,1,1,01,A01
200500030045,0,07,000,00,1,1,01,A01
200500030046,0,05,000,00,1,1,17,A01
200500030047,0,02,000,00,1,1,01,A01
200500030048,0,05,000,12,0,2,01,A01
200500030049,0,02,000,12,0,1,01,A01
200500030050,0,04,000,00,2,2,01,A01
200500030050,0,07,000,00,2,1,01,B01
200500030051,0,05,000,00,1,1,01,A01
200500030052,0,07,000,14,0,1,01,A01
200500030053,0,05,000,00,1,1,01,A01
200500030054,0,02,000,00,0,2,21,A01
200500030055,0,04,000,00,1,1,01,A01
200500030056,0,10,000,00,1,4,04,A01
200500030057,0,05,000,00,1,1,01,A01
200500030058,0,07,000,12,0,3,01,A01
200500030059,0,10,000,00,2,1,01,A01
200500030059,0,07,000,00,2,4,01,B01
200500030060,0,04,000,00,0,3,01,A01
200500030061,0,07,000,00,1,1,15,A01
200500030062,0,07,000,00,2,1,01,A01
200500030062,0,07,000,01,2,6,01,B01
200500030063,0,01,000,00,2,1,01,A01
200500030063,0,07,000,00,2,4,23,B01
200500030064,0,07,000,00,1,1,15,A01
200500030065,0,07,000,00,2,1,01,A01
200500030065,0,05,000,00,2,3,15,B01
200500030066,0,02,000,00,1,1,01,A01
200500030067,0,07,000,00,1,1,01,A01
200500030068,1,04,000,00,1,1,00,A01
200500030069,0,07,000,04,0,2,01,A01
200500030070,0,07,000,00,2,7,01,A01
200500030070,0,05,000,01,2,1,01,B01
200500030071,0,07,000,12,0,2,01,A01
200500030072,1,07,000,00,2,2,00,A01
200500030072,0,07,000,00,2,6,01,B01
200500030072,0,07,000,00,2,4,23,C01
200500030073,0,07,000,00,2,2,01,A01
200500030073,0,04,000,00,2,1,16,B01
200500030074,0,07,000,00,2,2,15,A01
200500030074,0,01,000,00,2,1,01,B01
200500030075,0,02,000,00,1,1,01,A01
200500030076,0,07,000,00,2,1,01,A01
200500030076,0,07,000,00,2,4,23,B01
200500030077,0,07,000,00,2,2,15,A01
200500030077,0,07,000,00,2,1,01,B01
200500030078,0,07,000,00,2,2,15,A01
200500030078,0,04,000,00,2,1,01,B01
200500030079,0,05,000,00,2,1,01,A01
200500030079,0,07,000,00,2,4,01,B01
200500030079,0,02,000,00,2,1,01,C01
200500030080,0,05,000,00,0,3,21,A01
200500030081,0,07,000,00,2,8,15,A01
200500030081,0,05,000,00,2,2,01,B01
200500030082,1,07,000,00,2,2,00,A01
200500030082,0,05,000,00,2,3,01,B01
200500030083,0,10,000,00,2,2,01,A01
200500030083,0,07,000,08,2,1,01,B01
200500030084,0,04,000,00,1,1,16,A01
200500030085,0,05,000,00,0,6,01,A01
200500030086,0,18,000,00,2,1,02,A01
200500030086,0,07,000,00,2,4,02,B01
200500030086,0,07,000,00,2,4,02,C01
200500030086,0,07,000,00,2,4,02,D01
200500030086,0,07,000,00,2,4,02,E01
200500030087,0,07,000,00,2,2,15,A01
200500030087,0,05,000,00,2,1,01,B01
200500030088,0,02,000,00,1,1,01,A01
200500030089,0,02,000,00,2,1,01,A01
200500030089,0,18,000,00,2,4,01,B01
200500030090,0,01,000,00,2,1,05,A01
200500030090,0,07,000,00,2,3,09,B01
200500030091,0,07,000,00,2,1,01,A01
200500030091,0,07,000,00,2,4,01,B01
200500030092,0,02,000,00,1,1,01,A01
200500030093,0,04,000,00,1,1,01,A01
200500030094,0,07,000,00,2,1,01,A01
200500030094,0,01,000,00,2,4,01,B01
200500030095,0,07,000,00,1,1,15,A01
200500030096,0,05,000,00,1,1,01,A01
200500030097,0,05,000,00,2,3,09,A01
200500030097,0,17,000,00,2,1,01,B01
200500030098,0,10,000,00,2,1,01,A01
200500030098,0,04,000,00,2,4,23,B01
200500030099,0,01,000,00,0,2,01,A01
200500030100,0,07,000,00,1,4,04,A01
200500030101,1,05,000,00,2,1,00,A01
200500030101,0,01,000,00,2,1,01,B01
200500030102,0,07,000,00,2,2,16,A01
200500030102,0,04,000,00,2,3,01,B01
200500030103,0,05,000,00,1,1,18,A01
200500030104,0,10,000,00,2,8,22,A01
200500030104,0,01,000,00,2,2,01,B01
200500030105,0,18,000,00,1,2,07,A01
200500030106,0,07,000,00,2,5,04,A01
200500030106,0,18,000,00,2,1,07,B01
200500030107,0,07,000,00,2,1,02,A01
200500030107,0,07,000,00,2,4,02,B01
200500030107,0,07,000,00,2,4,02,C01
200500030107,0,07,000,00,2,4,02,D01
200500030108,0,07,000,00,2,2,10,A01
200500030108,0,05,000,00,2,1,01,B01
200500030109,0,07,000,00,2,2,15,A01
200500030109,0,04,000,00,2,1,01,B01
200500030110,0,02,000,00,0,2,01,A01
200500030111,0,14,000,00,2,3,22,A01
200500030111,0,13,000,00,2,2,01,B01
200500030112,0,05,000,00,2,2,21,A01
200500030112,0,07,000,00,2,6,23,B01
200500030113,0,01,000,00,2,3,11,A01
200500030113,0,05,000,00,2,2,01,B01
200500030114,0,07,000,00,2,2,17,A01
200500030114,0,01,000,00,2,3,01,B01
200500030115,0,02,000,00,1,1,07,A01
200500030116,0,07,000,00,1,4,04,A01
200500030117,0,07,000,00,1,4,20,A01
200500030118,0,18,000,00,1,1,15,A01
200500030119,0,01,000,00,1,1,07,A01
200500030120,0,10,000,00,1,1,01,A01
200500030121,0,18,000,00,1,5,07,A01
200500030122,0,04,000,00,1,1,01,A01
200500030123,0,07,000,00,2,2,16,A01
200500030123,0,02,000,00,2,3,01,B01
200500030124,0,05,000,00,0,2,01,A01
200500030125,0,05,000,00,2,1,01,A01
200500030125,0,07,000,00,2,4,01,B01
200500030126,0,10,000,00,2,1,21,A01
200500030126,0,05,000,00,2,4,23,B01
200500030126,0,07,000,00,2,4,23,C01
200500030126,0,10,000,00,2,4,23,D01
200500030126,0,07,000,00,2,4,23,E01
200500030127,0,01,000,00,1,1,01,A01
200500030128,0,07,000,00,2,3,10,A01
200500030128,0,05,000,00,2,2,01,B01
200500030129,0,05,000,00,2,2,17,A01
200500030129,0,07,000,00,2,3,15,B01
200500030130,0,07,000,01,0,1,01,A01
200500030131,0,07,000,00,2,2,15,A01
200500030131,0,01,000,00,2,1,01,B01
200500030132,0,05,000,00,0,3,01,A01
200500030133,0,07,000,00,2,2,12,A01
200500030133,0,05,000,00,2,3,01,B01
200500030134,0,05,000,00,2,1,07,A01
200500030134,0,07,000,00,2,2,15,B01
200500030135,0,07,000,02,1,1,01,A01
200500030136,1,10,000,00,1,4,00,A01
200500030137,0,04,000,00,2,2,01,A01
200500030137,0,07,000,00,2,3,15,B01
200500030138,0,18,000,00,1,1,07,A01
200500030139,0,07,000,00,1,4,04,A01
200500030140,0,01,000,00,2,1,07,A01
200500030140,0,07,000,00,2,4,23,B01
200500030141,0,07,000,00,2,2,10,A01
200500030141,0,04,000,00,2,1,01,B01
200500030142,0,07,000,00,2,1,01,A01
200500030142,0,05,000,00,2,3,01,B01
200500030143,0,07,000,00,2,2,12,A01
200500030143,0,04,000,00,2,3,01,B01
200500030144,0,07,000,00,2,7,01,A01
200500030144,0,04,000,00,2,1,16,B01
200500030145,0,07,000,00,2,5,22,A01
200500030145,0,02,000,00,2,1,18,B01
200500030146,0,07,000,00,2,1,01,A01
200500030146,0,07,000,00,2,4,01,B01
200500030147,0,05,000,00,2,1,02,A01
200500030147,0,07,000,00,2,4,02,B01
200500030148,0,05,000,00,2,3,05,A01
200500030148,0,07,000,00,2,3,15,B01
200500030149,0,07,000,00,2,1,02,A01
200500030149,0,07,000,00,2,4,02,B01
200500030149,0,07,000,00,2,4,02,C01
200500030149,0,07,000,00,2,4,02,D01
200500030150,0,07,000,00,1,1,01,A01
200500030151,0,07,000,00,1,1,16,A01
200500030152,0,07,000,00,2,1,01,A01
200500030152,0,07,000,00,2,3,01,B01
200500030153,0,05,000,15,2,1,01,A01
200500030153,0,07,000,00,2,6,01,B01
200500030154,0,07,000,00,2,1,01,A01
200500030154,0,07,000,00,2,4,23,B01
200500030155,0,04,000,00,2,1,18,A01
200500030155,0,07,000,00,2,5,22,B01
200500030156,0,04,000,01,0,1,14,A01
200500030157,0,04,000,00,1,1,01,A01
200500030158,0,04,000,00,0,2,21,A01
200500030159,0,07,000,00,2,2,15,A01
200500030159,0,02,000,00,2,1,01,B01
200500030160,0,07,000,00,1,4,04,A01
200500030161,0,07,000,00,2,5,16,A01
200500030161,0,02,000,00,2,3,01,B01
200500030162,0,07,000,00,2,6,01,A01
200500030162,0,07,000,00,2,1,01,B01
200500030163,0,07,000,00,1,1,01,A01
200500030164,0,05,000,00,2,2,17,A01
200500030164,0,07,000,00,2,8,15,B01
200500030165,0,07,000,00,2,2,15,A01
200500030165,0,07,000,01,2,1,01,B01
200500030166,0,07,000,00,1,3,16,A01
200500030167,0,07,000,00,1,3,01,A01
200500030168,0,01,000,00,1,1,01,A01
200500030169,0,07,000,00,2,8,10,A01
200500030169,0,07,000,00,2,1,07,B01
200500030170,0,10,000,06,0,9,01,A01
200500030171,0,07,000,00,2,1,01,A01
200500030171,0,02,000,00,2,3,01,B01
200500030172,0,02,000,00,2,1,01,A01
200500030172,0,07,000,00,2,8,15,B01
200500030173,0,05,000,00,2,1,01,A01
200500030173,0,07,000,00,2,3,15,B01
200500030174,1,02,000,00,1,1,00,A01
200500030175,0,07,000,01,0,3,13,A01
200500030176,0,02,000,00,0,2,21,A01
200500030177,0,05,000,00,2,3,01,A01
200500030178,0,07,000,00,2,1,01,A01
200500030178,0,04,000,00,2,3,01,B01
200500030179,0,07,000,00,2,3,09,A01
200500030179,0,04,000,00,2,1,01,B01
200500030180,0,02,000,00,0,6,15,A01
200500030181,0,04,000,01,0,1,14,A01
200500030182,0,05,000,01,0,3,13,A01
200500030183,0,07,000,00,1,1,01,A01
200500030184,0,02,000,00,0,2,01,A01
200500030185,0,07,000,00,2,1,01,A01
200500030185,0,04,000,00,2,4,01,B01
200500030186,0,04,000,15,0,2,21,A01
200500030187,0,07,000,00,1,1,01,A01
200500030188,0,07,000,00,2,3,09,A01
200500030188,0,02,000,00,2,2,01,B01
200500030189,0,07,000,00,2,6,22,A01
200500030189,0,04,000,00,2,2,01,B01
200500030190,0,04,000,00,1,1,01,A01
200500030191,0,05,000,00,1,1,07,A01
200500030192,1,02,000,00,1,1,00,A01
200500030193,0,02,000,12,0,1,01,A01
200500030194,0,10,000,00,2,1,01,A01
200500030194,0,07,000,00,2,4,23,B01
200500030195,0,07,000,00,1,1,01,A01
200500030196,0,07,000,00,1,4,04,A01
200500030197,1,07,000,00,2,1,00,A01
200500030197,0,07,000,00,2,4,01,B01
200500030198,0,07,000,00,1,1,01,A01
200500030199,0,05,000,00,2,1,03,A01
200500030199,0,07,000,00,2,4,01,B01
200500030200,0,07,000,00,2,2,12,A01
200500030200,0,05,000,00,2,3,01,B01
200500030201,0,07,000,00,2,1,02,A01
200500030201,0,07,000,00,2,4,02,B01
200500030201,0,07,000,00,2,4,02,C01
200500030201,0,07,000,00,2,4,02,D01
200500030202,1,07,000,00,2,1,00,A01
200500030202,0,07,000,00,2,4,23,B01
200500030203,0,05,000,00,2,3,03,A01
200500030203,0,07,000,00,2,2,16,B01
200500030204,0,05,000,00,2,1,03,A01
200500030204,0,07,000,00,2,4,01,B01
200500030205,0,10,000,00,2,4,04,A01
200500030205,0,05,000,00,2,1,01,B01
200500030206,0,07,000,00,2,6,11,A01
200500030206,0,04,000,00,2,2,01,B01
200500030207,0,07,000,00,2,3,13,A01
200500030207,0,05,000,00,2,2,05,B01
200500030207,0,07,000,00,2,4,01,C01
200500030208,0,07,000,00,1,1,01,A01
200500030209,0,07,000,00,2,1,01,A01
200500030209,0,05,000,00,2,4,15,B01
200500030210,0,05,000,00,2,1,13,A01
200500030210,0,07,000,00,2,2,01,B01
200500030210,0,07,000,00,2,3,01,C01
200500030211,0,07,000,00,1,1,15,A01
200500030212,0,02,000,00,2,1,01,A01
200500030212,0,07,000,00,2,6,15,B01
200500030213,0,07,000,00,2,1,01,A01
200500030213,0,07,000,00,2,4,01,B01
200500030214,0,02,000,00,2,1,01,A01
200500030214,0,07,000,00,2,4,23,B01
200500030215,0,07,000,00,1,1,15,A01
200500030216,0,07,000,00,1,1,15,A01
200500030217,0,04,000,00,1,1,01,A01
200500030218,0,07,000,00,1,1,01,A01
200500030219,0,07,000,00,2,1,01,A01
200500030219,0,07,000,00,2,4,23,B01
200500030219,0,07,000,00,2,4,23,C01
200500030220,0,07,000,00,2,8,22,A01
200500030220,0,01,000,00,2,1,01,B01
200500030221,0,02,000,14,0,1,01,A01
200500030222,0,07,000,00,2,2,15,A01
200500030222,0,05,000,00,2,1,01,B01
200500030222,0,05,000,00,2,1,01,C01
200500030223,0,05,000,00,2,1,01,A01
200500030223,0,07,000,00,2,2,15,B01
200500030224,0,07,000,00,2,3,15,A01
200500030224,0,04,000,00,2,3,16,B01
200500030225,0,18,000,00,2,1,02,A01
200500030225,0,07,000,00,2,4,02,B01
200500030225,0,07,000,00,2,4,02,C01
200500030226,0,07,000,00,1,1,01,A01
200500030227,0,07,000,00,1,1,15,A01
200500030228,0,07,000,00,2,1,01,A01
200500030228,0,07,000,00,2,4,23,B01
200500030228,0,07,000,00,2,4,23,C01
200500030228,0,10,000,00,2,4,23,D01
200500030229,0,07,000,00,2,3,09,A01
200500030229,0,14,000,00,2,5,01,B01
200500030230,0,10,000,00,2,1,01,A01
200500030230,0,02,000,00,2,4,01,B01
200500030231,0,01,000,00,1,1,01,A01
200500030232,0,02,000,00,0,3,01,A01
200500030233,0,07,000,00,2,1,01,A01
200500030233,0,04,000,00,2,4,23,B01
200500030234,0,07,000,00,2,3,15,A01
200500030234,0,04,000,00,2,2,01,B01
200500030235,0,04,000,00,0,2,21,A01
200500030236,0,05,000,00,2,1,01,A01
200500030236,0,07,000,00,2,3,15,B01
200500030237,0,07,000,00,2,8,22,A01
200500030237,0,02,000,00,2,2,01,B01
200500030238,0,10,000,00,1,1,01,A01
200500030239,0,02,000,00,2,2,17,A01
200500030239,0,07,000,00,2,3,11,B01
200500030240,0,07,000,06,0,1,21,A01
200500030241,0,07,000,00,2,1,01,A01
200500030241,0,07,000,00,2,4,01,B01
200500030242,0,07,000,00,2,3,09,A01
200500030242,0,07,000,00,2,1,01,B01
200500030243,1,18,000,00,2,7,00,A01
200500030243,0,01,000,12,2,3,01,B01
200500030244,0,04,000,00,2,1,01,A01
200500030244,0,07,000,00,2,3,15,B01
200500030245,0,07,000,00,2,8,07,A01
200500030245,0,10,000,00,2,2,16,B01
200500030246,0,04,000,00,2,3,01,A01
200500030246,0,07,000,00,2,1,01,B01
200500030247,0,04,000,00,1,3,07,A01
200500030248,0,02,000,00,2,3,18,A01
200500030248,0,07,000,00,2,2,16,B01
200500030249,0,02,000,12,0,2,07,A01
200500030250,0,07,000,00,2,3,11,A01
200500030250,0,07,000,00,2,2,01,B01
200500030250,0,07,000,00,2,1,01,C01
200500030251,0,05,000,00,2,5,01,A01
200500030251,0,07,000,00,2,1,15,B01
200500030252,0,07,000,00,2,3,13,A01
200500030252,0,04,000,00,2,2,01,B01
200500030253,0,01,000,00,1,1,01,A01
200500030254,0,17,000,00,2,2,12,A01
200500030254,0,07,000,04,2,3,01,B01
200500030255,0,05,000,00,2,1,03,A01
200500030255,0,10,000,00,2,4,01,B01
200500030256,0,17,000,00,2,2,01,A01
200500030256,0,07,000,00,2,6,01,B01
200500030257,0,07,000,00,2,1,01,A01
200500030257,0,07,000,00,2,4,23,B01
200500030258,0,02,000,00,2,1,01,A01
200500030258,0,07,000,00,2,4,01,B01
200500030259,0,07,000,08,0,1,14,A01
200500030260,0,07,000,15,2,7,09,A01
200500030260,0,07,000,00,2,1,01,B01
200500030261,0,07,000,00,1,4,04,A01
200500030262,0,07,000,00,1,1,01,A01
200500030263,0,04,000,00,1,1,01,A01
200500030264,0,02,000,00,1,1,01,A01
200500030265,1,02,000,00,1,1,00,A01
200500030266,0,04,000,01,0,1,01,A01
200500030267,1,07,000,00,2,2,00,A01
200500030267,0,05,000,00,2,3,01,B01
200500030268,0,18,000,00,2,1,07,A01
200500030268,0,01,000,00,2,4,07,B01
200500030269,0,07,000,00,2,8,22,A01
200500030269,0,01,000,00,2,2,01,B01
200500030270,0,07,000,00,2,1,01,A01
200500030270,0,07,000,00,2,4,01,B01
200500030271,0,07,000,00,2,3,01,A01
200500030271,0,05,000,00,2,1,01,B01
200500030272,0,07,000,00,2,2,16,A01
200500030272,0,02,000,00,2,3,01,B01
200500030273,0,07,000,11,0,3,15,A01
200500030274,0,07,000,00,2,2,15,A01
200500030274,0,05,000,00,2,1,01,B01
200500030275,0,05,000,00,0,1,21,A01
200500030276,0,07,000,00,1,4,04,A01
200500030277,0,05,000,00,2,1,01,A01
200500030277,0,10,000,00,2,4,16,B01
200500030278,0,07,000,00,1,1,16,A01
200500030279,0,07,000,00,1,1,01,A01
200500030280,0,05,000,00,2,3,07,A01
200500030280,0,07,000,00,2,2,16,B01
200500030281,0,18,000,00,2,1,01,A01
200500030281,0,07,000,00,2,4,23,B01
200500030281,0,07,000,00,2,4,23,C01
200500030282,0,07,000,00,2,3,15,A01
200500030282,0,05,000,00,2,2,17,B01
200500030283,0,07,000,00,1,1,01,A01
200500030284,0,05,000,00,2,1,17,A01
200500030284,0,01,000,00,2,1,01,B01
200500030285,0,07,000,00,2,2,01,A01
200500030285,0,05,000,00,2,1,01,B01
200500030286,0,07,000,00,1,4,04,A01
200500030287,0,05,000,00,2,2,15,A01
200500030287,0,07,000,00,2,1,07,B01
200500030288,0,07,000,00,1,2,16,A01
200500030289,0,07,000,00,1,1,15,A01
200500030290,0,07,000,03,2,3,14,A01
200500030290,0,10,000,00,2,1,01,B01
200500030290,0,07,000,00,2,4,01,C01
200500030291,0,07,000,00,2,1,01,A01
200500030291,0,07,000,00,2,5,23,B01
200500030291,0,07,000,00,2,6,23,C01
200500030292,0,07,000,00,2,3,11,A01
200500030292,0,05,000,00,2,2,03,B01
200500030293,0,05,000,00,2,3,11,A01
200500030293,0,07,000,00,2,5,01,B01
200500030294,0,07,000,00,2,3,19,A01
200500030294,0,05,000,00,2,1,01,B01
200500030294,0,07,000,00,2,6,01,C01
200500030295,1,07,000,00,2,7,00,A01
200500030295,0,04,000,00,2,3,01,B01
200500030296,0,02,000,00,2,1,01,A01
200500030296,0,07,000,00,2,3,15,B01
200500030297,0,07,000,00,2,2,01,A01
200500030297,0,05,000,00,2,1,01,B01
200500030298,0,07,000,03,2,2,01,A01
200500030298,0,07,000,00,2,3,01,B01
200500030299,0,02,000,12,0,1,01,A01
200500030300,0,01,000,00,2,3,11,A01
200500030300,0,07,000,00,2,2,01,B01
200500030301,1,07,000,00,2,3,00,A01
200500030301,0,04,000,00,2,2,01,B01
200500030302,0,07,000,00,2,2,16,A01
200500030302,0,01,000,00,2,3,07,B01
200500030303,0,05,000,00,2,2,05,A01
200500030303,0,02,000,00,2,3,01,B01
200500030304,0,05,000,00,2,3,18,A01
200500030304,0,07,000,00,2,2,01,B01
200500030305,0,14,000,00,2,1,01,A01
200500030305,0,02,000,00,2,4,01,B01
200500030306,0,05,000,00,2,3,18,A01
200500030306,0,07,000,00,2,2,11,B01
200500030307,0,02,000,00,2,3,01,A01
200500030307,0,07,000,00,2,1,01,B01
200500030308,0,07,000,00,1,1,01,A01
200500030309,0,07,000,00,2,7,01,A01
200500030309,0,02,000,00,2,1,01,B01
200500030310,1,07,000,00,1,1,00,A01
200500030311,0,02,000,00,2,1,01,A01
200500030311,0,07,000,00,2,4,23,B01
200500030312,0,04,000,00,1,1,01,A01
200500030313,0,07,000,00,2,2,16,A01
200500030313,0,02,000,00,2,3,01,B01
200500030314,0,04,000,00,2,6,15,A01
200500030314,0,02,000,00,2,2,01,B01
200500030315,0,18,000,00,1,5,16,A01
200500030316,0,02,000,00,2,1,01,A01
200500030316,0,02,000,00,2,2,01,B01
200500030317,0,07,000,00,2,1,01,A01
200500030317,0,07,000,00,2,4,23,B01
200500030318,0,07,000,00,1,1,01,A01
200500030319,0,07,000,00,2,5,10,A01
200500030319,0,05,000,00,2,1,01,B01
200500030320,1,07,000,00,2,5,00,A01
200500030320,0,02,000,01,2,3,01,B01
200500030321,0,17,000,00,2,1,12,A01
200500030321,0,07,000,05,2,4,01,B01
200500030321,0,07,000,00,2,1,01,C01
200500030321,0,05,000,05,2,5,01,D01
200500030322,0,04,000,12,0,2,21,A01
200500030323,0,07,000,00,2,1,02,A01
200500030323,0,18,000,00,2,4,23,B01
200500030324,0,07,000,00,1,7,01,A01
200500030325,0,02,000,00,2,2,05,A01
200500030325,0,02,000,00,2,3,23,B01
200500030326,0,07,000,00,1,1,01,A01
200500030327,0,04,000,00,2,1,01,A01
200500030327,0,02,000,00,2,1,01,B01
200500030328,0,07,000,00,1,1,01,A01
200500030329,0,07,000,00,2,6,15,A01
200500030329,0,05,000,00,2,1,01,B01
200500030330,0,02,000,08,0,1,01,A01
200500030331,1,07,000,00,2,2,00,A01
200500030331,0,18,000,00,2,7,22,B01
200500030332,0,07,000,00,2,7,22,A01
200500030332,0,05,000,00,2,1,01,B01
200500030333,0,02,000,00,2,2,10,A01
200500030333,0,04,000,00,2,1,01,B01
200500030334,0,07,000,00,1,3,07,A01
200500030335,0,07,000,00,2,2,10,A01
200500030335,0,04,000,00,2,1,01,B01
200500030336,0,13,000,00,1,4,04,A01
200500030337,0,02,000,00,1,1,01,A01
200500030338,0,07,000,00,2,1,01,A01
200500030338,0,05,000,00,2,3,01,B01
200500030339,0,02,000,00,2,1,16,A01
200500030339,0,10,000,00,2,7,16,B01
200500030340,0,02,000,00,1,1,01,A01
200500030341,0,10,000,00,2,3,10,A01
200500030341,0,05,000,01,2,1,01,B01
200500030342,0,07,000,00,2,2,15,A01
200500030342,0,07,000,00,2,1,01,B01
200500030343,0,07,000,00,1,1,01,A01
200500030344,0,07,000,00,1,1,01,A01
200500030345,0,07,000,00,2,1,01,A01