Num_Acc,senc,catv,occutc,obs,obsm,choc,manv,num_veh
200500030711,0,07,000,00,2,2,01,B01
200500030712,0,07,000,00,2,1,01,A01
200500030712,0,07,000,00,2,3,01,B01
200500030713,0,07,000,00,2,1,01,A01
200500030713,0,07,000,00,0,4,23,B01
200500030714,0,07,000,00,2,1,01,A01
200500030714,0,07,000,00,0,4,01,B01
200500030715,0,18,015,00,2,2,01,A01
200500030715,0,07,000,00,2,1,01,B01
200500030716,0,07,000,00,2,1,01,A01
200500030716,0,02,000,00,2,4,01,B01
200500030716,0,07,000,00,0,4,01,C01
200500030717,0,07,000,00,1,2,01,A01
200500030718,0,05,000,00,2,1,17,A01
200500030718,0,07,000,00,2,3,15,B01
200500030719,0,07,000,00,1,1,02,A01
200500030720,0,07,000,00,2,1,02,A01
200500030720,0,07,000,00,0,4,02,B01
200500030720,0,07,000,00,2,1,02,C01
200500030721,0,04,000,00,2,1,09,B01
200500030721,0,15,000,00,2,7,01,A01
200500030722,0,07,000,00,9,3,01,A01
200500030723,0,07,000,00,2,1,15,A01
200500030723,0,07,000,00,2,1,02,B01
200500030723,0,07,000,00,2,1,02,C01
200500030724,0,07,000,00,2,1,02,A01
200500030724,0,07,000,00,2,5,15,B01
200500030725,0,07,000,00,2,2,02,A01
200500030725,0,01,000,00,2,6,13,B01
200500030726,0,07,000,02,0,1,15,A01
200500030727,0,10,000,00,2,1,02,A01
200500030727,0,07,000,00,2,4,02,B01
200500030727,0,07,000,00,0,4,02,C01
200500030728,0,07,000,00,2,2,10,A01
200500030728,0,07,000,00,2,1,02,B01
200500030729,0,07,000,00,2,3,15,A01
200500030729,0,04,000,00,2,1,02,B01
200500030730,0,07,000,06,0,1,14,A01
200500030731,0,02,000,00,2,2,02,A01
200500030731,0,07,000,00,9,1,15,B01
200500030732,0,07,000,00,1,2,01,A01
200500030733,0,07,000,00,1,1,00,A01
200500030734,0,07,000,02,0,1,13,A01
200500030735,0,04,000,14,0,1,02,A01
200500030735,0,07,000,00,2,6,15,B01
200500030736,0,05,000,00,2,7,09,A01
200500030736,0,07,000,00,2,8,01,B01
200500030737,0,07,000,00,1,1,01,A01
200500030738,0,07,000,00,2,1,01,A01
200500030738,0,07,000,00,2,4,01,B01
200500030739,0,07,000,00,2,1,01,A01
200500030739,0,07,000,00,2,4,23,B01
200500030740,0,07,000,00,2,1,01,A01
200500030740,0,01,000,00,2,6,01,B01
200500030741,0,07,000,00,2,2,01,A01
200500030742,0,07,000,00,1,1,01,A01
200500030743,0,07,000,00,2,8,11,A01
200500030743,0,02,000,00,2,7,01,B01
200500030744,0,07,000,00,2,3,03,A01
200500030744,0,07,000,00,2,3,01,B01
200500030745,0,02,000,00,2,1,01,A01
200500030745,0,07,000,00,2,4,01,B01
200500030746,0,07,000,09,0,1,01,A01
200500030747,0,07,000,00,1,1,15,A01
200500030748,0,07,000,00,2,1,01,A01
200500030748,0,07,000,15,2,3,01,B01
200500030749,0,18,000,00,2,2,01,B01
200500030749,0,07,000,00,2,3,16,A01
200500030750,0,07,000,00,2,1,01,A01
200500030750,0,07,000,00,2,4,01,B01
200500030750,0,10,000,00,2,4,01,C01
200500030751,0,07,000,00,2,3,13,A01
200500030751,0,10,000,00,2,1,01,B01
200500030751,0,07,000,00,2,1,01,C01
200500030752,0,01,000,00,2,1,01,A01
200500030752,0,07,000,00,2,4,01,B01
200500030753,0,07,000,08,2,2,01,A01
200500030753,0,07,000,00,2,5,01,B01
200500030754,0,05,000,00,2,1,17,A01
200500030754,0,07,000,01,2,3,15,B01
200500030755,0,07,000,00,1,0,15,A01
200500030756,0,10,000,00,2,1,01,A01
200500030756,0,07,000,00,0,4,01,B01
200500030757,0,07,000,01,0,1,01,A01
200500030758,0,05,000,00,2,1,01,A01
200500030758,0,07,000,00,2,1,15,B01
200500030758,0,07,000,00,0,1,23,C01
200500030759,0,07,000,00,2,1,12,A01
200500030759,0,07,000,09,0,6,01,B01
200500030760,0,07,000,00,2,1,15,A01
200500030760,0,01,000,00,0,1,01,B01
200500030761,0,04,000,00,2,1,01,A01
200500030761,0,04,000,00,2,1,01,B01
200500030761,0,07,000,00,0,6,01,C01
200500030762,0,07,000,09,0,1,01,A01
200500030763,0,07,000,00,1,1,20,A01
200500030764,0,07,000,00,1,7,01,A01
200500030765,0,05,000,00,2,1,17,A01
200500030765,0,07,000,00,9,8,15,B01
200500030766,0,10,000,00,9,5,01,B01
200500030766,0,02,000,00,2,1,01,A01
200500030767,0,07,000,00,1,1,01,A01
200500030768,0,07,000,03,0,2,01,A01
200500030769,0,07,000,00,1,1,15,A01
200500030770,0,07,000,00,2,7,01,B01
200500030770,0,07,000,00,2,1,15,A01
200500030771,0,07,000,00,1,2,01,A01
200500030772,0,02,000,00,2,1,18,A01
200500030772,0,07,000,00,2,2,01,B01
200500030773,0,07,000,00,2,7,01,A01
200500030773,0,07,000,00,2,8,15,B01
200500030774,0,02,000,00,2,1,01,A01
200500030774,0,07,000,00,2,2,01,B01
200500030775,0,07,000,00,2,1,13,A01
200500030775,0,07,000,00,2,3,01,B01
200500030775,0,07,000,00,2,2,01,C01
200500030776,0,07,000,00,2,1,01,A01
200500030776,0,07,000,00,2,7,01,B01
200500030777,0,01,000,00,2,1,01,A01
200500030777,0,07,000,00,2,7,01,B01
200500030778,0,07,000,00,2,7,01,A01
200500030778,0,02,000,00,2,1,01,B01
200500030779,0,07,000,00,2,8,16,A01
200500030779,0,05,000,00,2,1,01,B01
200500030780,0,07,000,00,2,1,17,A01
200500030780,0,07,000,00,2,3,01,B01
200500030781,0,07,000,00,2,1,15,A01
200500030781,0,07,000,00,2,3,01,B01
200500030782,0,07,000,00,2,1,01,A01
200500030782,0,07,000,00,2,8,15,B01
200500030783,0,01,000,00,2,1,01,A01
200500030783,0,07,000,00,2,1,15,B01
200500030784,0,07,000,09,0,1,01,A01
200500030785,0,07,000,00,2,7,01,B01
200500030785,0,01,000,00,2,1,19,A01
200500030786,0,01,000,00,2,1,19,A01
200500030786,0,07,000,00,2,1,01,B01
200500030787,0,07,000,00,2,2,01,A01
200500030787,0,07,000,00,2,1,01,B01
200500030788,0,07,000,00,1,2,01,A01
200500030789,0,07,000,00,2,1,01,A01
200500030789,0,07,000,00,2,1,01,B01
200500030790,0,07,000,00,2,1,01,A01
200500030790,0,07,000,00,2,4,01,B01
200500030790,0,07,000,00,2,4,01,C01
200500030791,0,07,000,00,1,2,01,A01
200500030791,0,14,000,00,0,0,01,C01
200500030792,0,07,000,12,2,2,14,A01
200500030792,0,05,000,00,2,7,01,B01
200500030793,0,02,000,00,2,1,01,B01
200500030793,0,04,000,00,2,1,01,A01
200500030794,0,05,000,00,2,1,01,A01
200500030794,0,14,000,00,2,6,01,B01
200500030794,0,07,000,00,2,4,01,C01
200500030795,0,07,000,02,2,1,14,A01
200500030795,0,07,000,00,2,1,01,B01
200500030796,0,02,000,00,2,1,13,A01
200500030796,0,07,000,00,2,1,01,B01
200500030797,0,05,000,13,0,1,17,A01
200500030798,0,07,000,00,2,2,01,B01
200500030798,0,07,000,00,2,1,19,A01
200500030799,0,02,000,00,2,7,17,A01
200500030799,0,07,000,00,2,1,09,B01
200500030800,0,07,000,00,2,1,01,A01
200500030800,0,07,000,00,2,4,23,B01
200500030801,0,07,000,00,2,5,01,B01
200500030801,0,07,000,00,2,2,15,A01
200500030802,0,07,000,00,1,7,16,A01
200500030803,0,07,000,00,2,2,15,A01
200500030803,0,07,000,08,2,1,01,B01
200500030804,0,02,000,08,0,9,14,A01
200500030805,0,07,000,00,2,2,00,A01
200500030805,0,02,000,00,2,1,01,B01
200500030806,1,03,000,00,0,3,13,B01
200500030806,0,05,000,00,2,3,02,A01
200500030807,0,07,000,00,2,1,02,B01
200500030807,0,07,000,00,2,1,00,A01
200500030808,0,07,000,00,2,3,02,A01
200500030808,0,07,000,00,2,3,13,B01
200500030808,0,07,000,00,2,2,02,C01
200500030809,0,05,000,00,2,1,02,B01
200500030809,0,07,000,00,2,3,19,A01
200500030810,0,05,000,13,0,7,14,A01
200500030811,0,01,000,00,2,1,15,A01
200500030811,0,10,000,00,2,2,01,B01
200500030812,0,07,000,00,2,5,01,A01
200500030812,0,02,000,00,2,1,01,B01
200500030813,0,07,000,03,2,3,01,A01
200500030813,0,07,000,06,2,8,01,B01
200500030814,0,02,000,00,2,7,19,B01
200500030814,1,07,000,00,2,1,01,A01
200500030815,0,07,000,00,1,3,01,A01
200500030816,0,02,000,00,2,1,01,A01
200500030816,0,07,000,00,2,3,09,B01
200500030817,0,07,000,00,1,1,15,A01
200500030818,0,02,000,00,2,1,19,A01
200500030818,0,01,000,00,2,1,19,B01
200500030819,0,07,000,00,2,1,01,A01
200500030819,0,07,000,00,2,4,02,B01
200500030820,0,05,000,00,2,1,01,B01
200500030820,0,14,000,00,2,7,19,A01
200500030821,0,07,000,00,2,7,15,A01
200500030821,0,07,000,00,2,1,19,B01
200500030822,0,07,000,13,0,1,01,A01
200500030823,0,02,000,00,2,1,17,A01
200500030823,0,07,000,00,2,3,15,B01
200500030824,0,02,000,00,2,4,01,A01
200500030824,0,07,000,00,2,4,20,B01
200500030825,0,05,000,00,2,8,13,A01
200500030825,0,07,000,00,2,1,01,B01
200500030826,0,05,000,00,2,4,15,A01
200500030826,1,05,000,00,2,1,02,B01
200500030827,0,07,000,00,2,2,01,A01
200500030827,0,05,000,00,2,7,15,B01
200500030828,0,13,000,00,1,2,01,A01
200500030829,0,07,000,00,1,1,17,A01
200500030830,1,02,000,00,1,1,01,A01
200500030831,0,05,000,00,2,1,01,A01
200500030831,0,07,000,00,2,3,01,B01
200500030832,0,02,000,00,1,1,01,A01
200500030833,2,07,000,00,1,3,13,A01
200500030833,0,07,000,00,2,3,21,B01
200500030834,0,02,000,00,1,1,17,A01
200500030835,0,14,000,14,0,1,15,A01
200500030835,0,05,000,00,2,4,23,B01
200500030836,0,02,000,00,2,1,02,A01
200500030836,0,07,000,00,9,4,02,B01
200500030837,0,07,000,00,1,3,00,A01
200500030838,0,05,000,00,2,7,13,A01
200500030838,0,07,000,00,2,8,15,B01
200500030839,0,07,000,00,2,3,11,A01
200500030839,0,05,000,00,2,1,09,B01
200500030840,0,01,000,00,0,0,00,A01
200500030841,0,07,000,00,2,2,15,A01
200500030841,0,07,000,00,2,1,01,B01
200500030842,0,02,000,15,0,0,01,A01
200500030843,0,07,000,00,1,1,01,A01
200500030844,0,02,000,00,1,2,13,A01
200500030845,0,07,000,00,2,7,16,A01
200500030845,0,02,000,00,2,3,01,B01
200500030846,0,02,000,00,2,1,02,A01
200500030846,0,07,000,00,2,4,01,B01
200500030847,0,07,000,12,2,9,01,A01
200500030847,0,07,000,00,2,7,01,B01
200500030848,0,07,000,00,2,7,02,A01
200500030848,0,05,000,00,2,8,03,B01
200500030848,0,07,000,00,2,3,23,C01
200500030849,0,18,000,00,2,1,01,A01
200500030849,0,02,000,00,0,4,23,B01
200500030850,0,02,000,00,2,6,02,A01
200500030850,0,02,000,00,0,6,02,B01
200500030850,0,07,000,00,2,6,15,C01
200500030851,0,07,000,00,2,5,10,A01
200500030851,0,07,000,00,2,5,23,B01
200500030851,0,07,000,00,2,1,01,C01
200500030852,0,02,000,00,2,7,01,A01
200500030852,0,03,000,00,2,1,19,B01
200500030853,0,02,000,00,2,1,13,A01
200500030853,0,07,000,00,2,1,01,B01
200500030854,0,07,000,00,2,3,15,A01
200500030854,0,05,000,01,2,3,01,B01
200500030855,0,04,000,00,2,7,02,A01
200500030855,1,07,000,00,2,8,18,B01
200500030856,0,07,000,00,2,8,02,A01
200500030856,0,02,000,00,2,1,02,B01
200500030857,0,07,000,00,2,7,15,A01
200500030857,0,02,000,00,2,1,01,B01
200500030858,0,07,000,00,1,1,01,A01
200500030859,0,07,000,00,2,2,01,A01
200500030859,0,01,000,00,0,4,01,B01
200500030860,0,04,000,00,2,7,17,A01
200500030860,0,07,000,00,2,8,15,B01
200500030861,0,07,000,00,0,5,02,A01
200500030861,1,07,000,00,0,1,02,B01
200500030862,0,07,000,00,9,7,02,A01
200500030862,0,01,000,00,2,7,02,B01
200500030863,0,07,000,00,0,1,02,A01
200500030863,0,07,000,00,0,4,23,B01
200500030864,0,07,000,00,2,1,15,A01
200500030864,0,02,000,00,2,7,01,B01
200500030865,1,07,000,00,2,0,02,A01
200500030865,0,05,000,00,2,1,01,B01
200500030866,0,07,000,00,0,7,22,A01
200500030866,0,02,000,01,2,7,18,B01
200500030867,0,02,000,00,0,8,15,A01
200500030868,0,07,000,00,1,2,00,A01
200500030869,0,02,000,00,1,1,21,A01
200500030870,0,07,000,01,1,2,17,A01
200500030870,0,18,000,00,0,8,24,B01
200500030871,0,05,000,00,2,1,13,A01
200500030871,0,07,000,00,2,1,21,B01
200500030872,0,07,000,00,0,4,23,A01
200500030872,0,07,000,00,2,1,01,B01
200500030873,0,07,000,00,2,1,20,A01
200500030873,0,05,000,00,2,1,02,B01
200500030874,0,07,000,00,2,2,10,A01
200500030874,0,07,000,00,2,1,02,B01
200500030875,0,07,000,00,1,1,00,A01
200500030876,0,05,000,00,2,1,12,A01
200500030876,0,05,000,00,2,4,01,B01
200500030877,0,07,000,00,9,0,15,A01
200500030877,0,01,000,00,2,0,01,B01
200500030878,0,04,000,00,2,1,01,B01
200500030878,0,07,000,00,2,3,01,A01
200500030879,0,07,000,00,9,0,15,A01
200500030880,0,07,000,00,9,8,02,A01
200500030880,0,05,000,00,2,1,02,B01
200500030881,0,07,000,00,2,0,00,A01
200500030881,0,04,000,00,2,0,00,B01
200500030882,0,07,000,00,1,1,01,A01
200500030883,0,07,000,00,2,1,01,A01
200500030883,0,02,000,00,2,4,23,B01
200500030883,0,07,000,00,2,6,23,C01
200500030884,0,15,000,00,2,1,21,A01
200500030884,0,05,000,00,2,1,02,B01
200500030885,0,07,000,00,2,2,12,A01
200500030885,0,04,000,00,2,3,19,B01
200500030886,0,07,000,00,2,1,02,A01
200500030886,0,07,000,00,2,5,02,B01
200500030887,0,04,000,00,0,0,02,A01
200500030888,0,07,000,00,1,2,01,A01
200500030889,0,07,000,00,0,2,15,B01
200500030889,0,04,000,00,2,1,01,A01
200500030890,0,07,000,00,2,1,15,A01
200500030890,0,05,000,00,2,1,17,B01
200500030891,0,07,000,00,2,1,02,A01
200500030891,0,07,000,00,2,5,02,B01
200500030892,0,07,000,00,2,1,02,A01
200500030892,0,07,000,00,2,9,02,B01
200500030892,0,07,000,00,2,4,23,C01
200500030893,0,07,000,00,2,2,16,A01
200500030893,0,04,000,00,2,8,02,B01
200500030894,0,05,000,00,2,1,01,B01
200500030894,0,07,000,00,2,3,15,A01
200500030895,0,07,000,00,2,1,01,A01
200500030895,0,07,000,00,2,4,02,B01
200500030895,0,07,000,00,2,5,02,C01
200500030896,0,07,000,00,2,1,01,A01
200500030896,0,07,000,00,2,1,15,B01
200500030897,0,07,000,00,2,2,15,A01
200500030897,0,07,000,00,2,1,01,B01
200500030898,0,07,000,00,2,4,01,A01
200500030898,2,07,000,00,2,1,02,B01
200500030899,0,07,000,00,2,1,02,A01
200500030899,0,07,000,00,2,4,02,B01
200500030900,0,07,000,00,1,8,01,A01
200500030901,0,10,000,00,2,6,23,A01
200500030901,0,01,000,00,2,1,01,B01
200500030902,0,07,000,00,2,1,15,A01
200500030902,0,18,001,00,2,8,01,B01
200500030903,0,07,000,00,2,8,21,A01
200500030903,0,05,000,00,2,1,01,B01
200500030904,1,07,000,00,1,0,01,A01
200500030905,0,07,000,00,2,1,15,A01
200500030905,0,07,000,00,2,1,01,B01
200500030906,0,07,000,00,1,4,04,A01
200500030907,0,07,000,12,0,1,01,A01
200500030908,0,02,000,00,2,1,01,A01
200500030908,0,10,000,00,2,2,16,B01
200500030909,0,05,000,00,2,1,01,B01
200500030909,0,07,000,00,2,3,15,A01
200500030910,0,07,000,00,2,7,15,A01
200500030910,0,05,000,00,2,1,01,B01
200500030911,0,07,000,00,2,1,01,A01
200500030911,0,10,000,00,2,4,02,B01
200500030912,0,07,000,00,2,1,01,A01
200500030912,0,01,000,00,2,8,19,B01
200500030913,0,07,000,00,9,1,01,A01
200500030914,0,07,000,00,2,7,01,A01
200500030914,0,01,000,00,2,1,19,B01
200500030915,0,07,000,00,2,1,01,A01
200500030915,0,07,000,00,2,4,02,B01
200500030916,0,02,000,00,2,1,17,A01
200500030916,0,07,000,00,2,3,15,B01
200500030917,0,02,000,00,2,3,18,A01
200500030917,0,01,000,00,2,4,01,B01
200500030918,0,07,000,00,2,2,01,A01
200500030918,0,07,000,00,2,1,01,B01
200500030919,0,07,000,00,2,1,01,B01
200500030919,0,07,000,00,2,1,15,A01
200500030920,0,05,000,00,0,0,01,B01
200500030920,0,07,000,00,2,6,15,A01
200500030921,0,07,000,00,2,1,01,A01
200500030921,0,07,000,00,2,4,02,B01
200500030922,0,07,000,00,2,1,01,A01
200500030922,0,07,000,00,2,4,01,B01
200500030923,0,07,000,00,2,1,01,A01
200500030923,0,05,000,00,2,3,01,B01
200500030924,0,07,000,01,2,0,01,A01
200500030924,0,07,000,00,2,0,01,B01
200500030925,0,07,000,00,2,1,01,A01
200500030925,0,07,000,00,2,2,01,B01
200500030926,0,07,000,13,0,1,01,A01
200500030927,0,07,000,00,2,1,01,A01
200500030927,0,07,000,00,2,1,01,B01
200500030928,0,07,000,00,2,1,01,A01
200500030928,0,01,000,00,2,0,01,B01
200500030929,0,07,000,00,2,1,13,A01
200500030929,0,17,000,00,2,1,01,B01
200500030930,0,07,000,00,2,3,01,A01
200500030930,0,07,000,00,2,8,01,B01
200500030931,0,07,000,00,0,0,00,A01
200500030931,0,05,000,00,2,1,15,B01
200500030932,0,07,000,00,2,3,02,B01
200500030932,0,02,000,00,2,2,02,A01
200500030933,0,15,000,00,2,3,19,A01
200500030933,0,07,000,08,2,7,02,B01
200500030934,0,07,000,13,0,9,13,A01
200500030935,0,07,000,00,2,3,22,A01
200500030935,0,01,000,01,0,1,02,B01
200500030936,0,02,000,00,2,1,02,B01
200500030936,0,07,000,00,2,2,15,A01
200500030937,0,01,000,00,0,1,02,A01
200500030938,0,07,000,00,2,3,15,A01
200500030938,0,01,000,00,2,1,02,B01
200500030939,0,02,000,00,2,1,01,A01
200500030939,0,07,000,00,2,4,01,B01
200500030940,0,01,000,00,0,0,01,A01
200500030941,0,07,000,00,2,1,01,A01
200500030941,0,01,000,00,2,4,01,B01
200500030942,0,02,000,00,1,1,17,A01
200500030943,0,02,000,00,2,1,15,A01
200500030943,0,07,000,00,2,1,01,B01
200500030944,0,02,000,00,0,0,02,A01
200500030945,0,01,000,00,2,1,01,A01
200500030945,0,07,000,00,2,4,01,B01
200500030946,0,07,000,00,1,2,07,A01
200500030947,0,07,000,00,2,5,13,A01
200500030947,0,07,000,00,2,1,01,B01
200500030948,0,02,000,14,0,1,01,A01
200500030948,0,10,000,00,0,6,23,B01
200500030949,0,07,000,00,1,2,15,A01
200500030950,0,07,000,00,2,1,02,A01
200500030950,0,07,000,00,2,4,01,B01
200500030951,0,02,000,00,2,1,19,A01
200500030951,0,07,000,00,2,5,01,B01
200500030952,0,01,000,00,1,2,14,A01
200500030953,0,07,000,00,2,5,15,A01
200500030953,0,07,000,00,2,1,01,B01
200500030954,0,07,000,00,2,1,01,A01
200500030954,0,07,000,00,2,4,02,B01
200500030955,0,07,000,00,2,1,01,A01
200500030955,0,07,000,00,2,4,02,B01
200500030955,0,07,000,00,2,4,02,C01
200500030956,0,07,000,00,2,2,15,A01
200500030956,0,07,000,00,2,1,01,B01
200500030957,0,07,000,14,2,2,15,A01
200500030957,0,07,000,00,2,1,01,B01
200500030957,0,14,000,00,2,8,23,C01
200500030958,0,07,000,00,2,3,09,A01
200500030958,0,05,000,00,2,2,16,B01
200500030959,0,05,000,00,2,1,13,A01
200500030959,0,07,000,00,2,1,01,B01
200500030960,1,07,000,00,2,1,02,A01
200500030960,0,01,000,00,2,4,01,B01
200500030961,0,07,000,14,0,0,06,A01
200500030962,0,07,000,14,0,1,02,A01
200500030962,0,07,000,00,2,4,23,B01
200500030963,0,18,025,01,0,7,21,A01
200500030964,0,07,000,00,2,6,05,A01
200500030964,0,05,000,00,2,2,09,B01
200500030965,0,07,000,00,2,1,15,A01
200500030965,0,02,000,00,2,1,01,B01
200500030966,0,02,000,00,1,1,01,A01
200500030967,0,07,000,00,2,3,15,A01
200500030967,0,05,000,00,2,2,01,B01
200500030968,0,07,000,01,0,1,13,A01
200500030969,0,07,000,00,2,1,01,A01
200500030969,0,07,000,00,2,4,02,B01
200500030970,0,07,000,00,2,5,15,A01
200500030970,0,07,000,00,2,1,01,B01
200500030971,0,10,000,00,2,1,02,A01
200500030971,0,07,000,00,2,4,02,B01
200500030971,0,07,000,00,2,4,02,C01
200500030972,0,07,000,00,1,1,01,A01
200500030973,0,16,000,00,2,2,01,A01
200500030973,0,07,000,00,0,6,01,B01
200500030974,0,05,000,00,2,1,01,A01
200500030974,0,07,000,00,2,4,01,B01
200500030975,0,07,000,00,2,1,02,A01
200500030975,0,07,000,00,2,4,23,B01
200500030975,0,07,000,00,2,4,23,C01
200500030976,0,04,000,00,2,8,09,A01
200500030976,0,18,002,00,2,2,01,B01
200500030977,0,02,000,00,2,1,09,A01
200500030977,0,07,000,00,2,1,01,B01
200500030978,0,07,000,00,2,8,10,A01
200500030978,0,05,000,00,2,1,01,B01
200500030979,0,07,000,07,0,9,01,A01
200500030980,0,07,000,00,1,1,01,A01
200500030981,0,07,000,00,2,3,15,A01
200500030981,0,07,000,00,2,1,01,B01
200500030982,0,07,000,08,0,1,01,A01
200500030983,0,07,000,00,2,1,15,A01
200500030983,0,07,000,00,2,2,01,B01
200500030984,0,07,000,00,2,1,01,A01
200500030984,0,07,000,00,2,8,15,B01
200500030985,0,07,000,00,2,7,09,A01
200500030985,0,07,000,00,2,3,01,B01
200500030986,0,07,000,15,0,0,01,A01
200500030987,0,05,000,14,2,1,01,B01
200500030987,0,07,000,00,2,3,09,A01
200500030988,0,02,000,01,0,1,01,A01
200500030989,0,07,000,00,2,1,01,A01
200500030989,0,07,000,00,0,4,01,B01
200500030990,0,17,000,16,0,7,16,A01
200500030991,0,05,000,02,0,1,01,A01
200500030992,0,07,000,00,2,1,02,A01
200500030992,0,07,000,00,2,4,02,B01
200500030992,0,07,000,00,2,4,01,C01
200500030993,0,07,000,13,0,1,01,A01
200500030994,0,07,000,00,1,1,01,A01
200500030995,0,07,000,02,0,1,01,A01
200500030996,0,07,000,00,1,1,16,A01
200500030997,0,07,000,00,2,1,01,A01
200500030997,0,14,000,00,0,4,23,B01
200500030998,0,02,000,00,0,0,00,A01
200500030999,0,02,000,00,2,1,01,A01
200500030999,0,07,000,00,2,4,01,B01
200500031000,0,07,000,00,1,1,01,A01
200500031001,0,07,000,00,2,8,01,A01
200500031001,0,05,000,00,2,1,01,B01
200500031002,0,07,000,00,2,4,09,A01
200500031002,0,02,000,00,2,1,01,B01
200500031003,0,05,000,00,2,2,01,B01
200500031003,0,07,000,00,2,3,01,A01
200500031004,0,07,000,00,2,2,15,A01
200500031004,0,07,000,01,2,6,01,B01
200500031005,0,07,000,00,2,1,19,A01
200500031005,0,07,000,00,2,3,01,B01
200500031006,0,07,000,00,1,7,01,A01
200500031007,0,07,000,00,1,1,01,A01
200500031008,0,07,000,00,2,8,15,A01
200500031008,0,02,000,00,2,1,17,B01
200500031009,0,07,000,00,1,2,21,A01
200500031010,0,07,000,00,2,2,15,A01
200500031010,0,02,000,00,2,1,01,B01
200500031011,0,07,000,00,1,2,02,A01
200500031012,0,07,000,09,2,1,05,A01
200500031012,0,07,000,00,2,1,05,B01
200500031013,0,04,000,00,0,7,01,A01
200500031014,0,07,000,12,0,2,01,A01
200500031015,0,07,000,00,2,3,15,A01
200500031015,0,05,000,00,2,1,17,B01
200500031016,0,10,000,00,1,4,04,A01
200500031017,0,12,000,00,2,0,01,A01
200500031017,0,02,000,00,2,1,01,B01
200500031018,0,02,000,00,2,1,01,A01
200500031018,0,07,000,00,2,4,01,B01
200500031019,0,07,000,00,2,8,15,A01
200500031019,0,05,000,00,2,8,17,B01
200500031020,0,07,000,00,1,3,01,A01
200500031021,0,07,000,00,1,1,01,A01
200500031022,0,07,000,00,2,6,10,A01
200500031022,0,07,000,00,2,2,01,B01
200500031023,0,07,000,00,2,1,01,B01
200500031023,0,07,000,00,0,2,01,A01
200500031024,0,07,000,00,2,1,21,A01
200500031024,0,07,000,00,2,3,15,B01
200500031025,0,07,000,00,0,2,05,A01
200500031025,0,02,000,00,0,1,01,B01
200500031026,0,07,000,00,2,3,18,A01
200500031026,0,07,000,00,0,2,15,B01
200500031027,1,07,000,00,2,2,13,A01
200500031027,0,05,000,00,2,7,01,B01
200500031028,0,07,000,00,2,1,02,A01
200500031028,0,07,000,00,2,4,23,B01
200500031029,0,07,000,00,2,2,15,A01
200500031029,0,07,000,00,2,1,21,B01
200500031030,0,05,000,00,2,8,17,A01
200500031030,0,07,000,00,0,3,15,B01
200500031031,0,05,000,00,2,1,01,B01
200500031031,0,07,000,00,2,1,09,A01
200500031032,0,07,000,00,2,8,13,A01
200500031032,0,01,000,00,2,7,01,B01
200500031033,0,01,000,00,0,1,01,B01
200500031033,0,07,000,06,2,1,01,A01
200500031034,0,07,000,00,0,2,01,B01
200500031034,0,07,000,00,0,3,15,A01
200500031035,0,07,000,00,0,1,02,A01
200500031035,0,07,000,00,0,4,02,B01
200500031036,0,07,000,00,2,2,02,A01
200500031036,0,03,000,00,2,6,23,B01
200500031037,0,07,000,00,2,1,02,A01
200500031037,0,07,000,00,2,4,23,B01
200500031037,0,07,000,00,2,4,02,C01
200500031038,0,14,000,00,2,7,12,A01
200500031038,0,07,000,00,2,8,01,B01
200500031039,0,05,000,09,0,0,01,A01
200500031040,0,03,000,01,0,1,02,A01
200500031040,0,07,000,01,2,4,23,B01
200500031040,0,18,001,00,0,0,23,C01
200500031041,0,07,000,14,0,3,21,A01
200500031041,0,07,000,00,0,5,23,B01
200500031042,0,02,000,00,2,0,01,A01
200500031042,0,07,000,00,2,3,01,B01
200500031043,0,07,000,00,2,1,15,A01
200500031043,0,07,000,08,0,3,01,B01
200500031044,0,07,000,00,9,3,02,A01
200500031044,0,01,000,00,2,1,19,B01
200500031045,0,07,000,00,2,1,02,A01
200500031045,0,07,000,00,2,4,02,B01
200500031046,0,02,000,01,0,1,02,A01
200500031046,0,07,000,00,2,6,23,B01
200500031047,0,07,000,00,2,8,22,A01
200500031047,0,01,000,00,2,1,01,B01
200500031048,0,07,000,00,1,1,01,A01
200500031049,0,05,000,00,2,1,01,B01
200500031049,0,07,000,00,2,8,01,A01
200500031050,0,07,000,00,1,1,01,A01
200500031051,0,07,000,00,2,3,11,A01
200500031051,0,05,000,00,2,7,02,B01
200500031051,0,07,000,00,2,8,02,C01
200500031052,0,05,000,00,2,1,21,A01
200500031052,0,07,000,00,2,5,01,B01
200500031053,0,07,000,00,2,1,01,A01
200500031053,0,07,000,00,2,1,01,B01
200500031054,0,07,000,00,1,2,01,A01
200500031055,0,01,000,00,2,1,15,A01
200500031055,0,07,000,00,9,3,01,B01
200500031056,0,07,000,00,1,2,01,A01
200500031057,0,05,000,00,2,1,01,A01
200500031057,0,07,000,00,2,1,01,B01
200500031058,0,07,000,00,0,2,01,A01
200500031058,0,07,000,00,2,1,01,B01
200500031059,0,07,000,00,2,3,01,A01
200500031059,0,05,000,00,2,2,01,B01
200500031060,0,07,000,00,2,7,15,A01
200500031060,0,05,000,00,2,1,01,B01
200500031061,0,07,000,00,2,1,13,A01
200500031061,0,02,000,00,2,1,01,B01
200500031062,0,14,000,00,2,7,16,A01
200500031062,0,05,000,00,2,8,16,B01
200500031063,0,07,000,00,2,3,02,A01
200500031064,0,07,000,00,2,3,15,A01