Num_Acc,senc,catv,occutc,obs,obsm,choc,manv,num_veh
200500031064,0,07,000,00,0,3,02,B01
200500031065,0,05,000,00,2,1,02,A01
200500031065,0,07,000,00,2,8,19,B01
200500031066,0,07,000,00,1,1,02,A01
200500031067,0,07,000,00,2,1,02,A01
200500031067,0,07,000,00,2,3,15,B01
200500031068,0,07,000,08,0,1,02,A01
200500031069,0,07,000,00,9,1,15,B01
200500031069,0,02,000,00,2,1,02,A01
200500031070,0,04,000,00,2,7,01,A01
200500031070,0,07,000,00,9,8,15,B01
200500031071,0,07,000,00,2,3,02,A01
200500031071,0,07,000,00,2,5,02,B01
200500031072,0,05,000,00,0,0,02,A01
200500031073,0,07,000,00,9,8,02,A01
200500031073,0,05,000,00,2,1,02,B01
200500031074,1,07,000,00,1,0,02,A01
200500031075,0,05,000,00,2,1,02,A01
200500031075,0,05,000,00,2,4,02,B01
200500031076,0,07,000,00,2,3,15,A01
200500031076,0,07,000,00,2,1,02,B01
200500031077,0,07,000,00,1,7,02,A01
200500031078,0,01,000,01,0,1,02,A01
200500031078,0,10,000,00,0,4,23,B01
200500031079,0,18,000,00,2,1,01,A01
200500031079,0,07,000,00,0,4,01,B01
200500031080,0,05,000,12,0,1,17,A01
200500031080,0,18,001,00,0,3,02,B01
200500031081,0,02,000,00,2,1,15,A01
200500031081,0,07,000,00,0,2,02,B01
200500031082,0,02,000,08,0,1,01,A01
200500031083,0,07,000,00,2,2,10,A01
200500031083,0,07,000,00,2,2,01,B01
200500031084,0,07,000,08,0,5,01,A01
200500031085,0,07,000,00,1,2,01,A01
200500031086,0,07,000,00,9,2,15,A01
200500031086,0,02,000,00,2,1,01,B01
200500031087,1,07,000,00,9,1,00,A01
200500031087,0,01,000,00,2,8,01,B01
200500031088,0,07,000,00,1,3,01,A01
200500031089,0,07,000,00,2,5,17,A01
200500031089,0,07,000,00,2,3,01,B01
200500031090,0,07,000,00,2,1,15,A01
200500031090,0,07,000,00,2,1,01,B01
200500031091,0,07,000,08,0,3,01,A01
200500031092,0,07,000,00,2,6,10,A01
200500031092,0,07,000,00,2,1,01,B01
200500031093,0,07,000,00,2,1,01,B01
200500031093,0,01,000,00,2,1,01,A01
200500031094,0,01,000,00,2,1,09,A01
200500031094,0,07,000,00,9,1,01,B01
200500031095,0,07,000,00,2,2,01,A01
200500031095,0,07,000,00,0,4,01,B01
200500031095,0,07,000,00,2,1,23,C01
200500031096,0,07,000,01,0,1,01,A01
200500031096,0,07,000,00,0,4,23,B01
200500031096,0,07,000,00,0,4,23,C01
200500031097,0,07,000,00,2,3,15,A01
200500031097,0,07,000,00,2,1,12,B01
200500031098,0,07,000,00,2,1,05,A01
200500031098,0,07,000,00,2,1,01,B01
200500031099,0,18,000,00,2,2,01,A01
200500031099,0,01,000,00,2,1,19,B01
200500031100,0,10,000,00,2,1,02,A01
200500031100,0,07,000,00,2,4,23,B01
200500031101,0,07,000,00,0,7,01,A01
200500031101,0,05,000,00,0,1,01,B01
200500031102,0,07,000,00,1,1,01,A01
200500031103,0,02,000,01,0,1,01,A01
200500031104,0,07,000,14,0,3,01,A01
200500031105,1,07,000,00,2,1,07,A01
200500031105,0,04,000,00,0,6,10,B01
200500031106,0,05,000,06,0,3,01,A01
200500031107,1,07,000,00,1,1,01,A01
200500031108,0,07,000,00,1,1,07,A01
200500031109,0,07,000,00,2,3,01,A01
200500031109,0,01,000,00,2,1,01,B01
200500031110,0,02,000,00,2,1,01,A01
200500031110,0,07,000,00,2,2,15,B01
200500031111,0,05,000,00,2,2,01,B01
200500031111,0,07,000,00,2,3,16,A01
200500031112,0,10,000,00,2,2,10,A01
200500031112,0,01,000,00,0,1,01,B01
200500031113,0,07,000,00,2,7,20,A01
200500031113,0,01,000,00,2,1,18,B01
200500031114,0,07,000,00,2,4,02,A01
200500031114,0,07,000,01,2,4,02,B01
200500031115,0,05,000,00,5,1,01,A01
200500031116,0,07,000,00,2,4,23,C01
200500031116,0,07,000,00,2,4,02,A01
200500031116,0,07,000,00,2,4,23,B01
200500031117,0,07,000,00,2,8,24,A01
200500031117,0,01,000,01,0,7,01,B01
200500031118,0,07,000,00,1,2,01,A01
200500031119,0,07,000,00,2,8,16,A01
200500031119,0,01,000,00,2,4,01,B01
200500031120,0,07,000,00,1,4,04,A01
200500031121,0,07,000,00,2,1,09,B01
200500031121,0,07,000,00,2,7,09,A01
200500031122,0,01,000,00,2,1,02,A01
200500031122,0,07,000,00,2,4,23,B01
200500031123,0,02,000,00,2,1,01,A01
200500031123,0,07,000,00,0,5,01,B01
200500031124,0,07,000,00,2,1,02,A01
200500031124,0,07,000,00,0,4,02,B01
200500031124,0,07,000,00,0,4,02,C01
200500031125,0,07,000,06,0,1,19,B01
200500031125,0,07,000,00,0,0,19,A01
200500031126,0,02,000,00,2,1,17,A01
200500031126,0,07,000,00,2,1,15,B01
200500031127,0,07,000,00,2,1,01,A01
200500031127,0,02,000,00,2,4,21,B01
200500031128,0,07,000,00,2,1,02,A01
200500031128,0,07,000,00,2,4,23,B01
200500031129,0,07,000,00,1,3,02,A01
200500031129,0,01,000,00,2,1,09,B01
200500031130,0,05,000,00,0,7,01,A01
200500031131,0,07,000,00,1,3,01,A01
200500031132,0,10,000,00,2,1,21,A01
200500031132,0,07,000,00,2,3,21,B01
200500031133,0,04,000,00,2,8,20,A01
200500031133,0,07,000,00,2,1,21,B01
200500031134,0,07,000,10,0,9,21,A01
200500031135,0,14,000,00,2,2,14,A01
200500031135,0,07,000,00,2,6,15,B01
200500031136,0,07,000,00,2,1,09,A01
200500031136,0,07,000,00,2,2,09,B01
200500031137,0,07,000,00,2,1,21,A01
200500031137,0,07,000,00,2,3,21,B01
200500031138,0,07,000,00,1,3,21,A01
200500031139,0,05,000,00,2,1,09,A01
200500031139,0,07,000,00,2,3,09,B01
200500031140,0,01,000,00,2,1,21,A01
200500031140,0,07,000,00,9,3,21,B01
200500031141,0,07,000,00,2,1,15,A01
200500031141,0,07,000,00,2,1,21,B01
200500031142,0,07,000,00,2,2,09,A01
200500031142,0,05,000,00,2,3,09,B01
200500031143,1,07,000,00,1,2,21,A01
200500031144,0,05,000,00,2,6,21,A01
200500031144,1,07,000,00,2,0,14,B01
200500031145,0,07,000,00,1,1,16,A01
200500031146,0,07,000,00,9,8,22,A01
200500031147,0,07,000,00,2,1,15,A01
200500031147,0,05,000,00,2,8,20,B01
200500031148,0,07,000,06,2,1,09,A01
200500031148,0,07,000,00,2,1,09,B01
200500031149,0,07,000,00,2,3,21,A01
200500031149,0,02,000,00,2,2,21,B01
200500031150,0,07,000,00,1,2,21,A01
200500031151,1,07,000,00,2,8,02,A01
200500031151,0,02,000,00,2,7,01,B01
200500031152,0,07,000,00,2,8,01,B01
200500031152,0,07,000,00,2,2,15,A01
200500031153,0,07,000,00,2,3,09,A01
200500031153,0,05,000,00,2,1,02,B01
200500031154,0,02,000,00,2,1,02,A01
200500031154,0,07,000,00,9,6,00,B01
200500031155,0,10,000,00,2,3,02,A01
200500031155,0,04,000,00,2,1,02,B01
200500031156,0,02,000,01,0,1,16,A01
200500031157,0,07,000,00,9,4,13,A01
200500031157,0,01,000,00,2,1,02,B01
200500031158,0,02,000,00,1,1,16,A01
200500031159,0,04,000,00,1,2,17,A01
200500031160,0,02,000,00,0,2,02,A01
200500031161,0,07,000,00,1,4,20,A01
200500031162,0,18,001,00,2,3,02,A01
200500031162,0,07,000,00,2,5,02,B01
200500031163,0,02,000,00,2,1,02,A01
200500031163,0,07,000,00,2,2,02,B01
200500031163,0,07,000,00,2,4,02,C01
200500031164,0,07,000,00,1,1,02,A01
200500031165,0,05,000,00,9,1,17,A01
200500031165,0,07,000,00,2,3,09,B01
200500031166,0,07,000,00,2,1,02,A01
200500031166,0,07,000,00,2,4,02,B01
200500031167,0,08,000,00,2,2,15,A01
200500031167,0,02,000,00,2,1,01,B01
200500031168,0,07,000,06,0,1,01,A01
200500031169,0,08,000,00,2,1,01,A01
200500031169,0,07,000,00,2,4,01,B01
200500031170,0,07,000,00,2,8,15,A01
200500031170,0,05,000,00,2,1,01,B01
200500031171,0,07,000,00,1,0,01,A01
200500031172,0,07,000,00,2,1,01,A01
200500031172,0,05,000,00,2,4,02,B01
200500031173,0,07,000,00,1,1,15,A01
200500031174,0,07,000,00,1,2,01,A01
200500031175,0,07,000,00,2,1,01,A01
200500031175,0,07,000,00,2,8,01,B01
200500031176,0,07,000,00,2,6,15,A01
200500031176,0,02,000,00,2,1,17,B01
200500031177,0,07,000,00,2,1,02,A01
200500031177,0,10,000,00,2,4,02,B01
200500031178,0,07,000,00,2,2,02,A01
200500031178,0,07,000,00,2,4,02,B01
200500031179,0,07,000,00,1,2,01,A01
200500031180,0,07,000,00,2,5,01,A01
200500031180,0,07,000,00,2,1,01,B01
200500031181,0,07,000,00,2,8,01,B01
200500031181,0,05,000,00,2,1,01,A01
200500031182,0,07,000,00,1,1,01,A01
200500031183,0,04,000,15,2,7,17,A01
200500031183,0,07,000,00,2,3,15,B01
200500031184,0,07,000,12,2,7,01,A01
200500031184,0,07,000,00,2,1,01,B01
200500031185,0,04,000,00,2,1,01,B01
200500031185,0,07,000,00,0,2,15,A01
200500031186,0,07,000,00,0,2,20,A01
200500031186,0,04,000,00,2,1,01,B01
200500031187,0,07,000,00,1,2,15,A01
200500031188,0,07,000,00,1,3,21,A01
200500031189,0,07,000,00,0,2,15,A01
200500031189,0,02,000,00,2,2,01,B01
200500031190,0,07,000,00,0,8,09,A01
200500031190,0,05,000,00,2,3,02,B01
200500031191,0,07,000,00,1,1,01,A01
200500031192,0,07,000,00,0,0,20,A01
200500031193,0,07,000,00,1,6,04,A01
200500031194,0,05,000,00,2,0,02,A01
200500031194,0,07,000,00,0,0,23,B01
200500031195,0,02,000,00,2,8,01,B01
200500031195,0,07,000,00,9,1,15,A01
200500031196,0,07,000,00,2,2,15,A01
200500031196,0,05,000,00,2,5,01,B01
200500031197,0,07,000,00,9,4,04,A01
200500031197,0,05,000,00,2,8,01,B01
200500031198,0,07,000,00,1,0,01,A01
200500031199,0,07,000,00,1,0,01,A01
200500031200,0,05,000,00,2,0,01,A01
200500031200,0,10,000,00,2,5,15,B01
200500031201,0,07,000,00,0,2,01,B01
200500031201,0,01,000,00,2,2,05,A01
200500031202,0,15,000,00,1,1,01,A01
200500031203,0,05,000,00,1,1,01,A01
200500031204,0,07,000,00,1,3,15,A01
200500031205,0,04,000,00,2,0,13,A01
200500031205,0,07,000,00,2,2,01,B01
200500031206,0,07,000,00,1,2,09,A01
200500031207,0,07,000,00,1,1,17,A01
200500031208,0,07,000,00,2,3,01,A01
200500031208,0,07,000,00,2,2,01,B01
200500031209,0,02,000,00,2,3,01,A01
200500031209,0,07,000,00,2,5,01,B01
200500031210,0,07,000,15,0,1,15,A01
200500031211,0,07,000,00,1,7,01,A01
200500031212,0,07,000,00,2,3,01,A01
200500031212,0,05,000,00,0,4,01,B01
200500031213,0,07,000,09,0,2,01,A01
200500031214,0,07,000,00,2,3,09,A01
200500031214,0,04,000,00,2,1,01,B01
200500031215,0,07,000,00,2,3,02,A01
200500031215,0,05,000,00,2,1,15,B01
200500031216,0,07,000,01,2,9,02,A01
200500031216,0,18,025,00,2,1,02,B01
200500031217,0,02,000,00,2,2,02,A01
200500031217,0,07,000,00,2,3,02,B01
200500031218,0,07,000,00,2,3,02,A01
200500031218,0,04,000,00,2,2,02,B01
200500031219,0,02,000,00,2,1,02,A01
200500031219,0,05,000,00,2,1,02,B01
200500031220,1,01,000,00,1,1,02,A01
200500031221,0,10,000,00,2,3,09,A01
200500031221,0,05,000,00,2,1,02,B01
200500031222,0,07,000,00,2,7,02,A01
200500031222,0,05,000,00,2,8,02,B01
200500031223,0,04,000,00,2,7,16,A01
200500031223,0,07,000,00,2,1,01,B01
200500031224,0,07,000,00,0,1,00,A01
200500031224,0,05,000,00,2,1,00,B01
200500031225,0,07,000,00,2,7,15,A01
200500031225,0,05,000,00,2,1,01,B01
200500031226,0,07,000,00,1,1,02,A01
200500031227,0,05,000,00,2,1,01,B01
200500031227,0,07,000,00,2,2,01,A01
200500031228,0,02,000,00,2,1,06,A01
200500031229,0,07,000,00,1,1,16,A01
200500031230,0,04,000,00,2,5,02,A01
200500031230,0,07,000,00,2,3,11,B01
200500031231,0,05,000,00,2,1,01,A01
200500031231,0,07,000,00,2,6,02,B01
200500031231,0,07,000,00,9,2,14,C01
200500031232,0,01,000,00,0,0,02,A01
200500031233,0,18,046,00,2,1,02,B01
200500031233,0,07,000,00,2,8,09,A01
200500031234,0,07,000,00,2,2,13,A01
200500031234,0,07,000,00,2,1,01,B01
200500031235,0,02,000,00,2,7,14,A01
200500031235,0,07,000,00,2,3,02,B01
200500031236,0,07,000,00,2,1,02,A01
200500031236,0,07,000,00,2,4,02,B01
200500031237,0,05,000,15,0,8,13,A01
200500031238,0,02,000,00,1,0,02,A01
200500031239,0,13,000,00,2,2,02,A01
200500031239,0,07,000,15,2,0,11,B01
200500031240,0,04,000,00,2,3,16,A01
200500031240,0,07,000,00,2,5,02,B01
200500031241,0,05,000,00,2,8,24,A01
200500031241,0,07,000,00,2,1,02,B01
200500031242,0,07,000,00,2,1,02,A01
200500031242,0,07,000,00,2,4,16,B01
200500031243,0,07,000,00,1,0,15,A01
200500031244,0,01,000,00,1,0,02,A01
200500031245,0,05,000,00,2,1,02,A01
200500031245,0,07,000,00,2,6,15,B01
200500031246,0,05,000,00,0,0,02,A01
200500031247,0,07,000,00,2,7,02,A01
200500031247,0,02,000,00,2,1,02,B01
200500031248,0,07,000,00,1,1,16,A01
200500031249,0,07,000,00,2,1,02,A01
200500031249,0,10,000,00,2,4,23,B01
200500031249,0,07,000,00,2,4,23,C01
200500031250,0,07,000,00,2,8,02,B01
200500031250,0,02,000,00,2,2,03,A01
200500031251,0,02,000,00,1,1,02,A01
200500031252,0,05,000,00,1,1,02,A01
200500031253,0,07,000,00,2,5,01,A01
200500031253,0,02,000,00,2,1,16,B01
200500031254,0,02,000,00,2,8,01,A01
200500031254,0,07,000,00,2,2,15,B01
200500031255,0,02,000,00,0,8,01,A01
200500031256,0,07,000,00,1,2,01,A01
200500031257,0,02,000,00,0,1,16,A01
200500031258,0,07,000,01,0,7,01,A01
200500031259,0,01,000,00,0,0,01,A01
200500031260,0,07,000,00,2,6,15,A01
200500031260,0,05,000,00,2,7,01,B01
200500031261,0,01,000,00,2,8,05,A01
200500031261,0,07,000,00,2,2,01,B01
200500031262,0,05,000,15,0,7,15,A01
200500031263,0,07,000,00,2,8,15,A01
200500031263,0,04,000,00,2,8,01,B01
200500031264,0,07,000,00,2,3,01,B01
200500031264,0,07,000,00,2,8,01,A01
200500031265,0,07,000,00,2,1,23,A01
200500031265,0,07,000,00,0,4,23,B01
200500031266,1,02,000,00,1,1,00,A01
200500031267,0,07,000,00,0,5,02,A01
200500031267,0,07,000,00,2,3,02,B01
200500031268,0,07,000,00,1,5,00,A01
200500031269,0,04,000,08,2,6,01,B01
200500031269,0,07,000,00,2,2,00,A01
200500031270,0,07,000,00,1,5,04,A01
200500031271,0,07,000,01,2,1,01,A01
200500031271,0,99,000,00,2,7,01,C01
200500031272,0,07,000,00,2,3,19,A01
200500031272,0,05,000,00,2,8,01,B01
200500031273,0,07,000,00,2,1,01,A01
200500031273,0,07,000,00,2,7,15,B01
200500031274,0,07,000,00,2,8,15,A01
200500031274,0,05,000,00,2,7,01,B01
200500031275,0,07,000,00,2,1,00,A01
200500031275,0,04,000,00,2,8,01,B01
200500031276,0,07,000,00,2,7,12,A01
200500031276,0,05,000,00,2,8,01,B01
200500031277,0,07,000,00,2,2,16,A01
200500031277,0,04,000,00,2,3,01,B01
200500031278,0,05,000,00,2,1,01,A01
200500031278,0,07,000,00,2,5,15,B01
200500031279,0,07,000,01,0,1,01,A01
200500031279,0,07,000,00,2,8,24,B01
200500031280,0,07,000,00,1,2,01,A01
200500031281,0,04,000,00,2,1,02,A01
200500031281,0,07,000,00,2,4,02,B01
200500031282,0,10,000,00,1,1,01,A01
200500031283,0,10,000,00,2,3,13,A01
200500031283,0,05,000,00,2,7,01,B01
200500031284,0,07,000,00,2,3,20,A01
200500031284,0,04,000,01,2,1,01,B01
200500031285,0,07,000,00,2,3,10,A01
200500031285,0,05,000,00,2,1,03,B01
200500031286,0,07,000,00,2,1,01,A01
200500031286,0,05,000,00,2,4,01,B01
200500031287,0,07,000,00,1,1,01,A01
200500031288,0,07,000,00,2,2,01,A01
200500031288,0,07,000,00,2,1,01,B01
200500031289,0,07,000,00,1,2,01,A01
200500031290,0,07,000,00,2,3,01,A01
200500031290,0,07,000,00,2,3,01,B01
200500031290,0,04,000,00,2,1,01,C01
200500031291,0,07,000,00,1,6,00,A01
200500031292,0,05,000,00,2,1,01,A01
200500031292,0,07,000,00,2,4,23,B01
200500031293,0,07,000,00,2,1,01,A01
200500031293,0,07,000,00,2,4,01,B01
200500031293,0,07,000,00,2,4,01,C01
200500031293,0,07,000,00,2,4,01,D01
200500031294,0,05,000,00,0,0,01,A01
200500031294,0,07,000,00,0,0,01,B01
200500031295,0,02,000,00,2,1,01,A01
200500031295,0,07,000,00,2,6,23,B01
200500031296,0,07,000,00,2,3,09,A01
200500031296,0,05,000,00,2,1,17,B01
200500031297,0,10,000,00,2,1,01,A01
200500031297,0,07,000,00,2,4,23,B01
200500031297,0,07,000,00,2,4,23,C01
200500031298,0,07,000,00,1,1,01,A01
200500031299,0,07,000,00,2,1,01,A01
200500031299,0,07,000,00,2,4,23,B01
200500031300,0,10,000,00,2,1,01,A01
200500031300,0,07,000,00,2,4,01,B01
200500031300,0,07,000,00,2,4,01,C01
200500031301,0,02,000,00,2,1,17,A01
200500031301,0,07,000,00,2,8,01,B01
200500031302,0,18,010,00,1,2,20,A01
200500031303,0,07,000,01,0,7,01,A01
200500031304,0,07,000,00,1,2,01,A01
200500031305,0,07,000,00,1,1,17,A01
200500031306,0,02,000,00,0,0,01,A01
200500031307,0,07,000,00,2,7,09,A01
200500031307,0,05,000,00,2,1,01,B01
200500031308,0,05,000,00,0,9,01,A01
200500031309,0,07,000,00,2,4,01,A01
200500031309,0,04,000,00,2,1,01,B01
200500031309,1,18,010,00,0,0,13,C01
200500031310,0,04,000,00,2,1,05,A01
200500031310,0,07,000,00,2,3,15,B01
200500031311,0,02,000,01,2,8,01,A01
200500031311,0,07,000,00,2,1,01,B01
200500031312,0,07,000,00,2,1,01,A01
200500031312,0,05,000,00,2,4,23,B01
200500031313,0,10,000,00,1,4,20,A01
200500031314,0,07,000,00,1,2,01,A01
200500031315,0,07,000,00,2,8,13,A01
200500031315,0,05,000,00,2,1,01,B01
200500031316,0,04,000,00,2,1,02,A01
200500031316,0,07,000,00,2,4,01,B01
200500031317,0,07,000,00,2,1,02,A01
200500031317,0,07,000,00,2,4,02,B01
200500031318,0,07,000,00,2,2,19,A01
200500031318,0,07,000,00,2,8,19,B01
200500031319,0,07,000,00,1,4,04,A01
200500031320,0,10,000,00,1,4,04,A01
200500031321,0,07,000,00,2,1,00,B01
200500031321,0,07,000,00,2,0,00,A01
200500031322,0,07,000,00,1,4,04,A01
200500031323,0,07,000,00,1,3,21,A01
200500031323,1,07,000,00,0,0,00,B01
200500031324,0,07,000,00,1,8,19,A01
200500031325,0,05,000,00,1,1,17,A01
200500031326,0,07,000,00,1,1,19,A01
200500031327,0,07,000,00,0,0,00,A01
200500031328,0,03,000,00,2,8,01,A01
200500031328,0,02,000,00,2,1,17,B01
200500031329,1,04,000,00,1,0,00,A01
200500031330,0,07,000,00,1,2,00,A01
200500031331,1,07,000,00,1,1,00,A01
200500031332,0,01,000,00,2,1,00,A01
200500031332,0,10,000,01,9,1,19,B01
200500031333,0,07,000,00,9,3,13,A01
200500031333,0,04,000,00,2,1,17,B01
200500031334,0,07,000,08,0,1,15,A01
200500031335,0,07,000,00,2,1,00,A01
200500031335,0,07,000,00,2,4,23,B01
200500031335,0,07,000,00,2,6,23,C01
200500031336,0,02,000,00,2,1,02,A01
200500031336,0,07,000,00,9,5,16,B01
200500031337,0,07,000,00,1,3,00,A01
200500031338,0,07,000,00,1,3,21,A01
200500031339,0,05,000,00,2,1,02,A01
200500031339,0,07,000,00,2,4,23,B01
200500031340,0,14,000,00,2,2,02,A01
200500031340,0,07,000,00,2,8,02,B01
200500031341,0,07,000,01,0,2,15,A01
200500031341,0,05,000,00,0,1,02,B01
200500031342,0,07,000,00,2,8,13,A01
200500031342,0,07,000,00,2,8,05,B01
200500031343,0,02,000,00,2,1,02,A01
200500031343,0,07,000,00,0,4,23,B01
200500031344,0,07,000,00,2,3,15,A01
200500031344,0,05,000,00,2,5,17,B01
200500031345,0,07,000,00,2,3,18,A01
200500031346,0,02,000,14,0,0,02,A01
200500031347,1,07,000,00,1,2,02,A01
200500031348,0,07,000,09,0,9,02,A01
200500031349,0,07,000,00,2,1,19,B01
200500031349,0,07,000,00,2,7,19,A01
200500031350,0,07,000,00,2,1,02,B01
200500031350,0,07,000,00,2,3,15,A01
200500031351,0,07,000,00,2,2,15,A01
200500031351,0,02,000,00,2,1,02,B01
200500031352,0,17,000,01,0,2,02,A01
200500031352,0,14,000,01,2,6,02,B01
200500031352,0,14,000,00,2,4,02,C01
200500031353,0,07,000,00,0,3,15,A01
200500031353,0,05,000,00,2,1,05,B01
200500031354,0,07,000,00,1,1,01,A01
200500031355,0,07,000,00,1,1,01,A01
200500031356,0,07,000,00,0,1,01,A01
200500031357,0,18,000,00,0,2,00,A01
200500031358,0,07,000,00,1,1,21,A01
200500031359,0,05,000,01,0,1,21,A01
200500031360,0,07,000,00,1,2,02,A01
200500031361,0,07,000,00,2,1,02,A01
200500031361,0,07,000,00,2,2,15,B01
200500031362,0,07,000,00,1,2,02,A01
200500031363,0,07,000,00,2,3,02,B01
200500031363,0,07,000,00,2,1,13,A01
200500031364,0,07,000,00,0,0,02,A01
200500031365,0,10,000,02,0,5,15,A01
200500031365,0,18,000,00,0,8,15,B01
200500031366,0,07,000,00,1,1,02,A01
200500031367,0,07,000,01,0,1,02,A01
200500031367,0,07,000,01,0,4,24,C01
200500031368,0,07,000,00,2,2,02,A01
200500031368,0,05,000,00,2,1,01,B01
200500031369,0,07,000,00,1,1,02,A01
200500031370,0,07,000,00,1,0,02,A01
200500031371,0,07,000,00,1,3,02,A01
200500031372,0,05,000,01,0,1,01,A01
200500031373,0,04,000,00,1,2,02,A01
200500031374,0,07,000,00,2,3,15,A01
200500031374,0,05,000,00,2,1,01,B01
200500031375,0,07,000,02,0,1,01,A01
200500031376,0,07,000,00,1,2,16,A01
200500031377,0,07,000,00,0,0,07,A01
200500031378,0,07,000,00,0,4,02,B01
200500031379,0,07,000,00,0,1,02,A01
200500031380,0,07,000,00,1,1,02,A01
200500031381,0,07,000,00,0,0,00,A01
200500031381,0,05,000,00,2,7,00,B01
200500031382,0,07,000,00,0,0,00,A01
200500031382,0,07,000,00,0,0,01,B01
200500031383,0,07,000,00,0,0,02,A01
200500031384,0,07,000,00,2,2,19,A01
200500031384,0,04,000,00,2,6,15,B01
200500031385,0,07,000,00,1,3,02,A01
200500031386,0,07,000,00,1,4,20,A01
200500031387,0,07,000,00,1,3,02,A01
200500031388,0,07,000,02,0,1,13,A01
200500031389,0,07,000,00,0,1,00,A01
200500031390,0,07,000,00,2,1,21,A01
200500031390,0,07,000,00,0,4,16,B01
200500031391,0,07,000,00,1,2,00,A01
200500031392,0,07,000,00,0,0,00,A01
200500031392,0,07,000,00,0,5,01,B01
200500031393,0,07,000,00,2,7,21,A01
200500031393,0,07,000,00,2,1,00,B01
200500031394,0,07,000,00,2,1,07,A01
200500031395,0,07,000,00,1,2,21,A01
200500031396,0,18,000,00,1,3,21,A01
200500031397,0,07,000,00,1,7,02,A01
200500031398,0,07,000,00,1,7,06,A01
200500031399,0,04,000,00,2,1,01,A01
200500031399,0,07,000,00,2,2,15,B01
200500031400,0,07,000,00,2,6,15,A01
200500031400,0,05,000,00,2,5,09,B01
200500031401,0,99,000,00,0,0,00,A01
200500031401,0,07,000,00,9,2,02,B01
200500031402,0,07,000,08,0,2,01,A01
200500031403,0,07,000,00,2,5,15,A01
200500031403,0,05,000,00,2,3,21,B01
200500031404,0,07,000,00,2,3,15,A01
200500031404,0,05,000,00,2,2,15,B01
200500031405,0,07,000,00,2,6,11,A01
200500031405,0,05,000,00,2,1,17,B01
200500031406,0,07,000,00,2,0,00,A01
200500031406,0,05,000,00,2,0,00,B01
200500031407,0,07,000,00,2,1,00,A01
200500031407,0,07,000,00,2,3,00,B01
200500031408,0,07,000,00,9,1,02,A01
200500031408,0,01,000,00,0,4,02,B01
200500031409,0,07,000,00,0,0,00,A01
200500031409,0,01,000,00,0,0,00,B01
200500031410,0,07,000,00,2,1,19,A01
200500031410,0,07,000,00,2,8,19,B01
200500031411,0,14,000,00,1,2,02,A01
200500031412,0,07,000,00,0,4,04,A01
200500031413,0,10,000,00,1,4,04,A01
200500031414,0,07,000,00,2,0,22,A01
200500031414,0,01,000,01,0,7,22,B01
200500031415,0,07,000,00,1,2,02,A01
200500031416,0,13,000,00,2,1,02,A01
200500031416,0,01,000,00,2,4,02,B01
200500031417,0,07,000,00,0,3,15,A01
200500031417,0,05,000,00,0,0,00,B01
200500031418,0,07,000,00,2,1,02,A01
200500031418,0,13,000,00,2,4,02,B01
200500031419,0,03,000,08,0,2,02,A01
200500031420,0,07,000,00,0,3,15,A01
200500031420,0,05,000,00,2,6,16,B01
200500031421,0,07,000,00,2,3,15,A01
200500031421,0,07,000,00,2,6,23,B01
200500031421,0,04,000,00,2,9,23,C01
200500031422,0,07,000,00,1,3,20,A01
200500031423,0,02,000,00,2,9,17,A01
200500031423,0,07,000,00,0,8,15,B01
200500031424,0,01,000,00,2,1,05,A01
200500031424,0,07,000,00,2,7,23,B01
200500031425,0,07,000,00,1,2,01,A01
200500031426,0,07,000,00,1,3,21,A01
200500031427,0,07,000,00,2,1,15,A01
200500031427,0,07,000,00,2,1,01,B01
200500031428,0,10,000,00,2,1,02,A01
200500031428,0,10,000,00,2,4,02,B01
200500031428,0,07,000,00,2,4,02,C01
200500031429,0,07,000,06,2,8,03,B01
200500031429,0,07,000,00,2,1,09,A01
200500031430,0,07,000,00,1,3,01,A01
200500031431,0,07,000,00,2,4,23,A01
200500031431,0,07,000,00,2,1,02,B01
200500031432,0,05,000,00,2,0,21,A01
200500031432,0,07,000,00,9,0,05,B01
200500031433,0,07,000,00,2,3,19,A01
200500031433,0,05,000,00,2,1,21,B01
200500031434,0,07,000,00,1,1,16,A01
200500031435,0,04,000,00,2,1,17,A01
200500031435,0,07,000,00,2,3,01,B01
200500031436,0,07,000,00,1,2,21,A01
200500031437,0,02,000,00,2,1,01,B01
200500031437,0,07,000,00,2,2,15,A01
200500031438,0,01,000,00,2,0,01,A01
200500031439,0,07,000,15,2,5,00,A01
200500031439,0,07,000,00,2,2,21,B01
200500031440,0,07,000,00,0,8,15,A01
200500031440,0,02,000,00,2,1,16,B01
200500031441,0,01,000,00,2,0,02,A01
200500031442,0,07,000,00,0,0,00,A01
200500031442,0,07,000,00,2,3,02,B01
200500031442,0,02,000,00,2,2,02,C01
200500031443,0,07,000,00,2,7,15,A01
200500031443,0,05,000,00,2,1,01,B01
200500031444,1,07,000,00,1,8,01,A01
200500031445,0,07,000,00,1,1,01,A01
200500031446,0,07,000,00,2,2,15,A01
200500031446,0,05,000,00,2,4,01,B01
200500031447,2,07,000,00,2,1,01,A01
200500031447,0,07,000,00,2,4,23,B01
200500031448,0,07,000,00,2,1,13,A01
200500031448,0,01,000,00,2,1,01,B01
200500031449,0,07,000,00,2,4,23,A01
200500031449,0,07,000,00,2,1,01,B01
200500031450,0,05,000,00,2,1,17,A01