Num_Acc,senc,catv,occutc,obs,obsm,choc,manv,num_veh
200500031450,0,07,000,00,2,3,15,B01
200500031451,0,07,000,00,2,1,15,A01
200500031451,0,07,000,00,2,1,01,B01
200500031452,0,04,000,00,1,1,01,A01
200500031453,0,02,000,00,2,7,09,A01
200500031453,0,07,000,00,2,3,02,B01
200500031454,0,07,000,00,1,7,01,A01
200500031455,0,07,000,14,0,0,21,A01
200500031456,0,05,000,00,2,1,21,A01
200500031456,0,07,000,00,2,8,23,C01
200500031456,0,07,000,00,2,6,16,B01
200500031457,0,02,000,00,0,0,02,A01
200500031458,0,07,000,00,2,1,19,B01
200500031458,0,07,000,09,2,7,19,A01
200500031459,0,07,000,00,2,1,02,A01
200500031459,0,07,000,00,0,4,02,B01
200500031460,0,07,000,00,2,6,15,A01
200500031460,0,05,000,00,2,1,01,B01
200500031461,0,07,000,00,2,2,02,A01
200500031461,0,02,000,00,2,1,14,B01
200500031462,0,07,000,00,2,1,02,A01
200500031462,0,07,000,00,2,1,10,B01
200500031463,0,05,000,00,2,2,02,A01
200500031463,1,07,000,00,2,1,05,B01
200500031464,0,07,000,00,1,2,21,A01
200500031465,0,07,000,00,0,1,21,A01
200500031465,0,07,000,00,2,1,21,B01
200500031466,0,04,000,00,9,8,19,A01
200500031466,0,01,000,00,9,3,19,B01
200500031467,1,01,000,00,0,0,21,A01
200500031468,0,07,000,00,2,3,15,A01
200500031468,0,02,000,00,2,1,17,B01
200500031469,0,02,000,00,2,3,08,A01
200500031469,0,07,000,00,9,2,15,B01
200500031470,0,07,000,15,2,1,21,B01
200500031470,0,07,000,00,2,7,09,A01
200500031471,0,07,000,00,0,6,11,A01
200500031471,0,04,000,00,0,7,19,B01
200500031472,0,20,000,00,1,3,03,A01
200500031473,0,07,000,00,1,3,02,A01
200500031474,0,07,000,00,0,7,00,A01
200500031474,0,02,000,00,0,1,07,B01
200500031475,0,07,000,00,0,7,15,A01
200500031475,0,02,000,00,2,1,01,B01
200500031476,0,07,000,00,2,5,02,A01
200500031476,0,07,000,01,0,0,02,B01
200500031477,0,07,000,00,2,8,11,A01
200500031477,0,04,000,00,2,7,17,B01
200500031478,0,01,000,01,0,1,01,A01
200500031479,0,07,000,14,1,1,15,A01
200500031480,0,07,000,00,2,1,01,A01
200500031480,0,07,000,00,2,1,15,B01
200500031481,0,07,000,00,1,3,01,A01
200500031482,0,07,000,00,2,1,00,A01
200500031482,0,07,000,00,2,1,00,B01
200500031483,0,07,000,00,2,8,19,A01
200500031483,0,05,000,00,2,1,01,B01
200500031484,0,07,000,00,9,2,01,A01
200500031484,0,01,000,01,2,1,00,B01
200500031485,0,07,000,00,0,0,00,A01
200500031486,0,07,000,00,1,3,01,A01
200500031487,0,07,000,00,1,2,21,A01
200500031488,1,07,000,00,2,1,01,A01
200500031488,0,07,000,00,0,5,23,B01
200500031489,0,07,000,00,1,1,02,A01
200500031490,0,07,000,00,1,2,01,A01
200500031491,0,18,000,00,0,0,00,A01
200500031491,0,05,000,00,0,0,00,B01
200500031492,0,05,000,00,0,1,17,A01
200500031492,1,07,000,00,0,8,15,B01
200500031493,0,07,000,00,1,1,21,A01
200500031494,0,13,000,00,0,1,17,A01
200500031494,0,07,000,00,0,8,15,B01
200500031495,0,07,000,12,0,2,02,A01
200500031496,0,07,000,07,0,6,05,A01
200500031497,0,07,000,00,2,7,06,A01
200500031497,0,05,000,00,0,0,00,B01
200500031498,0,07,000,00,2,1,02,A01
200500031498,0,07,000,00,0,4,02,B01
200500031499,0,05,000,00,0,7,02,A01
200500031500,0,03,000,00,0,0,00,B01
200500031500,0,07,000,00,0,0,00,A01
200500031501,0,07,000,00,2,1,02,A01
200500031501,0,07,000,15,2,8,02,B01
200500031502,0,07,000,00,2,7,02,B01
200500031502,0,07,000,00,2,1,19,A01
200500031503,0,18,000,00,1,7,07,A01
200500031504,0,07,000,00,2,3,15,B01
200500031504,0,04,000,00,2,1,01,A01
200500031505,0,07,000,15,2,3,02,A01
200500031505,0,07,000,00,2,1,02,B01
200500031506,0,07,000,00,2,2,02,A01
200500031506,0,07,000,00,2,5,02,B01
200500031507,0,07,000,00,2,1,02,A01
200500031507,0,07,000,00,0,4,02,B01
200500031508,0,07,000,00,1,2,01,A01
200500031509,0,07,000,15,0,4,01,A01
200500031510,0,05,000,08,0,0,00,A01
200500031511,0,07,000,00,2,1,02,A01
200500031511,0,07,000,00,2,4,02,B01
200500031511,0,07,000,00,2,4,02,C01
200500031512,0,02,000,01,0,0,02,A01
200500031512,0,07,000,00,0,0,02,B01
200500031513,0,07,000,02,0,9,06,A01
200500031514,0,07,000,00,2,3,17,A01
200500031514,0,17,000,00,2,8,17,B01
200500031515,0,07,000,00,2,1,02,A01
200500031515,0,07,000,00,0,4,02,B01
200500031516,0,07,000,00,1,1,02,A01
200500031517,0,04,000,00,2,1,02,A01
200500031517,0,07,000,00,2,4,23,B01
200500031518,0,07,000,00,2,1,02,A01
200500031518,0,07,000,00,0,4,01,B01
200500031519,0,04,000,00,1,0,17,A01
200500031520,0,07,000,00,2,7,17,A01
200500031520,0,02,000,00,0,6,15,B01
200500031521,0,07,000,00,1,2,02,A01
200500031522,0,02,000,00,2,7,17,A01
200500031522,0,07,000,00,2,3,23,B01
200500031523,0,07,000,00,0,3,15,A01
200500031523,0,05,000,00,2,1,17,B01
200500031524,0,07,000,00,1,2,02,A01
200500031525,0,07,000,01,0,2,14,A01
200500031526,0,07,000,00,2,1,02,A01
200500031526,0,07,000,14,0,4,23,B01
200500031527,0,05,000,00,2,8,01,A01
200500031527,0,07,000,00,0,8,15,B01
200500031528,2,07,000,00,1,1,01,A01
200500031529,0,04,000,00,0,5,16,B01
200500031530,0,07,000,00,1,1,02,A01
200500031531,0,07,000,00,2,2,16,A01
200500031531,0,05,000,00,2,1,01,B01
200500031532,1,07,000,00,2,1,15,A01
200500031532,0,04,000,00,0,8,01,B01
200500031533,0,05,000,00,1,1,01,A01
200500031534,0,07,000,00,0,6,01,A01
200500031534,0,02,000,00,2,2,15,B01
200500031535,0,10,000,00,1,3,15,A01
200500031536,0,07,000,00,1,1,01,A01
200500031537,0,10,000,00,1,3,15,A01
200500031538,0,01,000,00,2,1,19,A01
200500031538,0,07,000,00,9,2,02,B01
200500031539,0,07,000,00,2,1,01,A01
200500031539,0,07,000,00,2,3,15,B01
200500031540,0,07,000,00,2,1,00,A01
200500031540,0,01,000,00,2,1,01,B01
200500031541,0,07,000,00,1,3,17,A01
200500031542,0,05,000,00,2,1,02,B01
200500031542,0,07,000,00,2,2,15,A01
200500031543,0,07,000,00,2,2,15,A01
200500031543,0,02,000,00,2,1,02,B01
200500031544,0,07,000,00,2,2,12,A01
200500031544,0,05,000,00,2,3,02,B01
200500031544,0,07,000,00,2,6,02,C01
200500031545,1,07,000,00,1,0,02,A01
200500031546,0,07,000,00,1,3,02,A01
200500031547,0,07,000,00,1,3,17,A01
200500031548,0,07,000,00,2,1,02,A01
200500031548,0,07,000,00,0,4,02,B01
200500031549,0,07,000,00,2,3,02,B01
200500031549,0,02,000,00,2,1,02,A01
200500031550,0,07,000,00,2,1,02,A01
200500031550,0,07,000,01,0,4,02,B01
200500031551,0,07,000,00,1,1,02,A01
200500031552,0,07,000,00,1,0,01,A01
200500031553,0,07,000,00,1,1,21,A01
200500031554,0,05,000,00,2,1,17,A01
200500031554,0,07,000,00,0,3,15,B01
200500031555,0,07,000,00,1,4,20,A01
200500031556,0,07,000,00,9,6,10,A01
200500031557,0,07,000,00,2,3,15,A01
200500031557,0,07,000,00,2,2,01,B01
200500031558,0,07,000,00,2,8,01,A01
200500031558,0,07,000,00,2,1,09,B01
200500031559,0,07,000,00,1,1,01,A01
200500031560,0,07,000,14,0,1,01,A01
200500031561,0,07,000,00,2,1,09,A01
200500031561,0,07,000,00,2,7,01,B01
200500031562,0,05,000,11,0,1,01,A01
200500031563,0,07,000,01,2,1,15,A01
200500031563,0,07,000,00,2,1,16,B01
200500031564,0,07,000,00,2,2,15,A01
200500031564,0,07,000,09,0,6,01,B01
200500031565,0,07,000,00,2,4,02,A01
200500031565,0,07,000,00,2,1,02,B01
200500031566,0,07,000,00,2,1,00,A01
200500031566,0,07,000,00,2,4,00,B01
200500031567,0,07,000,00,2,1,00,A01
200500031567,0,07,000,00,2,1,00,B01
200500031567,0,07,000,00,2,0,00,C01
200500031568,0,07,000,00,1,1,01,A01
200500031569,0,07,000,00,2,1,02,A01
200500031569,0,07,000,00,0,4,23,B01
200500031570,0,02,000,00,2,8,01,A01
200500031570,0,14,000,00,0,2,16,B01
200500031571,0,07,000,00,2,1,02,A01
200500031571,0,07,000,00,0,4,23,B01
200500031572,0,07,000,00,2,6,19,A01
200500031572,0,01,000,00,2,0,02,B01
200500031573,0,07,000,00,2,1,15,A01
200500031573,0,05,000,00,2,7,01,B01
200500031574,0,07,000,04,0,1,01,A01
200500031575,0,07,000,00,2,1,02,A01
200500031575,0,07,000,00,0,4,02,B01
200500031576,0,07,000,00,1,2,17,A01
200500031577,0,07,000,00,2,3,15,A01
200500031577,0,02,000,00,2,1,09,B01
200500031578,0,07,000,01,1,2,01,A01
200500031578,0,13,000,00,2,1,00,B01
200500031578,0,07,000,00,2,1,01,C01
200500031579,0,07,000,00,2,3,12,A01
200500031579,0,02,000,00,2,3,15,B01
200500031580,0,07,000,00,2,1,01,A01
200500031580,0,04,000,00,2,3,10,B01
200500031581,0,04,000,00,1,1,21,A01
200500031582,0,99,000,00,0,7,21,A01
200500031583,0,10,000,00,2,2,09,A01
200500031583,0,18,005,00,2,3,01,B01
200500031584,0,07,000,00,2,1,01,A01
200500031584,0,07,000,00,2,4,01,B01
200500031585,0,07,000,00,2,2,17,A01
200500031585,0,07,000,00,2,3,15,B01
200500031586,0,05,000,00,2,1,13,A01
200500031587,0,07,000,00,1,2,11,A01
200500031588,0,05,000,00,0,0,00,A01
200500031588,0,07,000,00,0,0,00,B01
200500031589,0,07,000,00,2,1,16,A01
200500031589,0,07,000,00,2,1,21,B01
200500031590,0,07,000,00,2,2,17,A01
200500031590,0,02,000,00,2,3,02,B01
200500031591,0,07,000,00,2,5,16,A01
200500031591,0,07,000,00,2,6,21,B01
200500031592,0,07,000,00,1,3,23,A01
200500031593,0,07,000,00,2,1,15,A01
200500031593,0,04,000,00,2,1,21,B01
200500031594,0,07,000,00,9,2,17,A01
200500031594,0,02,000,00,2,2,14,B01
200500031595,0,07,000,00,2,2,23,A01
200500031595,0,01,000,00,2,1,18,B01
200500031596,0,07,000,00,2,5,15,A01
200500031596,0,05,000,00,2,1,21,B01
200500031597,0,07,000,01,0,9,01,A01
200500031598,0,07,000,00,2,1,02,A01
200500031598,0,07,000,00,2,4,02,B01
200500031598,0,07,000,00,2,4,02,C01
200500031599,0,07,000,00,2,1,02,A01
200500031599,0,07,000,00,2,4,02,B01
200500031599,0,07,000,00,2,4,02,C01
200500031600,0,07,000,00,2,1,15,A01
200500031600,0,04,000,00,2,1,01,B01
200500031601,0,07,000,00,2,2,15,A01
200500031601,0,05,000,00,2,1,01,B01
200500031602,0,02,000,00,2,0,01,A01
200500031602,0,07,000,00,0,3,15,B01
200500031603,0,07,000,00,0,1,02,A01
200500031603,0,07,000,00,0,8,02,B01
200500031604,0,02,000,00,2,1,01,A01
200500031604,0,07,000,00,2,5,16,B01
200500031605,0,02,000,00,0,0,01,A01
200500031605,0,07,000,00,0,0,15,B01
200500031606,0,05,000,00,1,2,01,A01
200500031607,0,17,000,00,1,0,01,A01
200500031608,0,07,000,00,1,2,01,A01
200500031609,0,05,000,01,0,1,01,A01
200500031609,0,07,000,00,0,8,12,B01
200500031610,0,18,000,00,0,0,02,A01
200500031611,0,07,000,00,1,1,01,A01
200500031612,0,07,000,15,2,2,01,A01
200500031612,0,07,000,00,2,3,01,B01
200500031613,0,03,000,06,2,2,09,A01
200500031614,0,01,000,00,2,0,01,B01
200500031614,0,07,000,00,9,0,16,A01
200500031615,0,07,000,00,1,1,16,A01
200500031616,0,07,000,00,2,1,01,A01
200500031616,0,01,000,00,2,1,01,B01
200500031617,0,07,000,00,2,3,15,A01
200500031617,0,18,010,00,2,2,01,B01
200500031618,0,07,000,00,2,3,01,A01
200500031618,0,07,000,00,2,3,01,B01
200500031619,0,07,000,00,2,5,15,A01
200500031619,0,05,000,00,2,9,01,B01
200500031620,0,07,000,00,9,6,10,A01
200500031620,0,01,000,00,2,1,01,B01
200500031621,0,07,000,00,1,1,01,A01
200500031622,0,02,000,00,2,1,05,A01
200500031622,0,07,000,00,2,5,15,B01
200500031623,0,13,000,00,2,7,01,A01
200500031623,0,07,000,00,2,1,15,B01
200500031624,0,07,000,00,2,1,01,A01
200500031624,0,07,000,00,2,3,15,B01
200500031625,0,02,000,00,1,1,01,A01
200500031626,0,02,000,16,0,8,01,A01
200500031627,0,07,000,00,2,1,01,A01
200500031627,0,07,000,05,2,8,01,B01
200500031628,0,02,000,11,0,0,01,A01
200500031629,0,07,000,00,1,2,01,A01
200500031630,0,07,000,00,2,1,15,A01
200500031630,0,02,000,00,2,2,17,B01
200500031630,0,02,000,00,2,1,17,C01
200500031631,0,07,000,00,2,8,15,A01
200500031631,0,05,000,01,2,1,17,B01
200500031632,1,07,000,00,1,2,01,A01
200500031633,0,05,000,00,2,1,01,A01
200500031633,0,07,000,00,2,2,15,B01
200500031634,0,05,000,11,0,1,17,A01
200500031635,2,07,000,00,2,7,14,A01
200500031635,0,05,000,04,2,3,03,B01
200500031636,0,05,000,00,2,1,01,A01
200500031636,0,07,000,00,2,5,23,B01
200500031637,0,01,000,16,0,7,16,A01
200500031638,0,07,000,00,2,8,15,A01
200500031638,0,04,000,00,2,1,17,B01
200500031639,0,10,000,00,2,3,15,A01
200500031639,0,05,000,00,2,1,01,B01
200500031640,0,05,000,16,0,0,15,A01
200500031641,0,07,000,00,2,3,09,A01
200500031641,0,02,000,00,2,2,17,B01
200500031641,0,02,000,00,2,1,17,C01
200500031642,0,05,000,00,2,1,01,B01
200500031642,0,07,000,00,2,8,15,A01
200500031643,0,07,000,00,2,1,01,A01
200500031643,0,07,000,00,2,1,15,B01
200500031644,0,07,000,06,0,1,01,A01
200500031645,0,07,000,00,2,1,01,A01
200500031645,0,01,000,00,2,4,16,B01
200500031646,0,07,000,00,2,7,22,A01
200500031646,0,01,000,00,2,1,01,B01
200500031647,0,07,000,08,0,1,01,A01
200500031648,0,07,000,00,1,6,04,A01
200500031649,0,07,000,00,2,3,13,A01
200500031649,0,02,000,00,2,3,01,B01
200500031650,0,07,000,00,2,1,01,B01
200500031650,0,07,000,00,2,3,15,A01
200500031651,0,07,000,00,2,2,01,A01
200500031651,0,04,000,00,2,0,17,B01
200500031652,0,07,000,01,0,7,14,A01
200500031653,0,07,000,00,1,2,01,A01
200500031654,2,07,000,00,2,6,13,A01
200500031654,0,07,000,00,2,3,01,B01
200500031655,0,03,000,00,2,4,02,A01
200500031655,1,07,000,00,2,1,02,B01
200500031656,0,10,000,01,2,9,01,A01
200500031656,0,07,000,06,2,1,01,B01
200500031657,0,07,000,00,2,8,01,A01
200500031657,0,07,000,00,2,6,15,B01
200500031658,0,02,000,00,2,1,01,A01
200500031658,0,07,000,00,2,3,01,B01
200500031659,0,10,000,00,1,4,04,A01
200500031660,0,07,000,00,2,1,01,A01
200500031660,0,07,000,00,2,4,23,B01
200500031661,0,10,000,00,2,1,01,A01
200500031661,0,07,000,00,2,4,01,B01
200500031662,0,02,000,00,0,0,01,A01
200500031663,0,07,000,00,2,1,01,A01
200500031663,0,05,000,00,2,4,23,B01
200500031664,0,18,029,00,2,1,01,A01
200500031664,0,07,000,00,2,9,01,B01
200500031664,0,07,000,00,2,9,01,C01
200500031664,0,07,000,00,2,4,01,D01
200500031665,0,07,000,00,2,7,01,A01
200500031665,0,05,000,00,2,1,01,B01
200500031666,1,07,000,00,1,0,01,A01
200500031667,0,13,000,00,2,1,01,A01
200500031667,0,07,000,00,0,4,23,B01
200500031668,0,07,000,00,2,1,21,B01
200500031668,0,02,000,00,2,1,21,A01
200500031669,0,07,000,00,2,1,21,A01
200500031670,0,05,000,00,1,1,19,A01
200500031671,0,07,000,00,2,1,21,A01
200500031671,0,07,000,00,2,1,21,B01
200500031672,0,07,000,00,1,2,01,A01
200500031673,0,05,000,01,2,1,02,A01
200500031673,0,07,000,00,0,3,01,B01
200500031674,0,02,000,00,1,1,01,A01
200500031675,0,07,000,00,2,1,02,A01
200500031675,0,07,000,00,2,4,02,B01
200500031676,0,07,000,00,2,1,01,A01
200500031676,0,01,000,00,0,5,01,B01
200500031677,0,07,000,00,1,1,01,A01
200500031678,0,07,000,00,2,1,15,A01
200500031678,0,04,000,00,0,3,01,B01
200500031679,0,07,000,00,1,2,01,A01
200500031680,0,07,000,00,1,1,01,A01
200500031681,0,07,000,00,2,3,13,A01
200500031681,0,07,000,12,2,1,01,B01
200500031682,2,07,000,00,2,1,13,A01
200500031682,0,07,000,00,2,1,21,B01
200500031683,0,05,000,12,1,1,19,A01
200500031684,0,07,000,00,2,8,24,A01
200500031684,0,01,000,00,2,7,01,B01
200500031685,0,07,000,00,1,2,01,A01
200500031686,0,07,000,09,2,2,01,A01
200500031686,0,07,000,00,2,7,01,B01
200500031687,0,07,000,00,1,3,02,A01
200500031688,1,99,000,00,1,2,02,A01
200500031689,0,15,000,01,0,5,02,A01
200500031689,0,10,000,00,2,6,23,B01
200500031690,0,01,000,00,0,2,02,A01
200500031691,0,05,000,00,1,2,02,A01
200500031692,0,01,000,00,0,7,02,A01
200500031693,0,07,000,01,0,1,02,A01
200500031694,0,07,000,00,2,1,10,A01
200500031694,0,07,000,00,2,1,09,B01
200500031694,0,07,000,00,0,8,23,C01
200500031695,0,07,000,01,9,2,16,A01
200500031695,0,07,000,00,0,3,22,B01
200500031696,0,07,000,00,1,1,00,A01
200500031697,0,07,000,00,1,2,01,A01
200500031698,0,05,000,00,2,1,17,A01
200500031698,0,07,000,00,2,8,02,B01
200500031699,0,07,000,00,2,1,02,A01
200500031699,0,07,000,00,2,4,23,B01
200500031699,0,07,000,00,0,4,23,C01
200500031700,0,02,000,00,2,1,13,A01
200500031700,0,07,000,00,2,1,01,B01
200500031701,0,07,000,00,2,1,15,A01
200500031701,0,05,000,00,2,1,01,B01
200500031702,0,05,000,00,2,1,01,A01
200500031703,0,05,000,00,0,0,00,A01
200500031704,0,07,000,00,2,1,02,A01
200500031704,0,07,000,00,2,4,02,B01
200500031704,0,07,000,00,2,4,02,C01
200500031705,0,02,000,00,2,1,02,A01
200500031705,0,07,000,00,2,4,02,B01
200500031706,0,05,000,00,0,0,01,A01
200500031707,0,02,000,00,2,3,02,A01
200500031707,0,07,000,00,2,4,01,B01
200500031708,0,05,000,00,2,7,03,A01
200500031708,0,07,000,00,2,8,01,B01
200500031709,0,07,000,00,1,2,15,A01
200500031710,0,07,000,00,2,1,02,A01
200500031710,0,07,000,00,2,4,23,B01
200500031711,0,07,000,00,2,2,02,A01
200500031711,0,07,000,00,2,3,01,B01
200500031711,1,99,000,00,0,4,02,C01
200500031712,0,07,000,00,2,1,02,A01
200500031712,0,07,000,00,2,4,01,B01
200500031713,0,07,000,00,2,3,15,A01
200500031713,0,05,000,00,0,7,17,B01
200500031714,0,07,000,00,2,1,15,A01
200500031714,0,05,000,01,2,8,01,B01
200500031715,0,07,000,00,2,2,09,A01
200500031715,0,07,000,00,2,6,01,B01
200500031716,0,07,000,00,2,8,15,A01
200500031716,0,05,000,00,2,7,17,B01
200500031717,0,07,000,00,2,2,15,A01
200500031717,0,05,000,00,2,1,01,B01
200500031718,0,07,000,00,2,7,01,A01
200500031718,0,07,000,00,2,1,01,B01
200500031719,0,07,000,00,2,1,02,A01
200500031719,0,07,000,00,2,4,02,B01
200500031720,0,07,000,00,2,8,15,A01
200500031720,0,07,000,00,2,2,01,B01
200500031721,0,05,000,00,0,1,01,A01
200500031722,0,02,000,01,0,0,02,A01
200500031723,0,07,000,00,1,0,04,A01
200500031724,0,07,000,00,9,4,02,A01
200500031724,0,04,000,00,2,4,02,B01
200500031725,0,07,000,00,2,4,02,A01
200500031725,0,07,000,00,2,1,02,B01
200500031726,0,07,000,00,2,1,02,A01
200500031726,0,07,000,00,2,4,23,B01
200500031727,0,10,000,00,0,4,02,A01
200500031727,0,07,000,00,2,4,02,B01
200500031727,0,10,000,00,2,1,02,C01
200500031728,0,07,000,00,0,4,02,A01
200500031728,0,07,000,00,2,4,02,B01
200500031728,0,07,000,00,2,1,02,C01
200500031728,0,07,000,00,2,3,21,D01
200500031729,0,10,000,00,2,6,11,A01
200500031729,0,05,000,00,2,1,03,B01
200500031730,0,07,000,00,2,7,02,A01
200500031730,0,07,000,00,2,8,11,B01
200500031730,0,05,000,00,2,7,02,C01
200500031730,0,05,000,00,2,3,02,D01
200500031731,0,07,000,03,0,2,14,A01
200500031732,0,05,000,13,0,0,14,A01
200500031733,0,07,000,00,2,4,02,A01
200500031733,0,07,000,00,2,1,02,B01
200500031733,0,07,000,00,2,4,12,C01
200500031733,0,05,000,00,2,1,14,D01
200500031733,0,07,000,00,2,1,14,E01
200500031733,0,07,000,00,2,1,14,F01
200500031734,0,07,000,00,0,4,01,A01
200500031734,0,07,000,03,9,5,02,B01
200500031734,0,07,000,00,2,1,02,C01
200500031735,0,05,000,00,2,1,02,A01
200500031735,0,07,000,00,2,6,02,B01
200500031736,0,05,000,00,2,3,03,A01
200500031736,0,07,000,00,2,7,14,B01
200500031737,0,07,000,00,1,3,02,A01
200500031738,0,07,000,00,0,4,02,A01
200500031738,0,05,000,00,2,3,02,B01
200500031739,0,05,000,00,2,8,11,A01
200500031739,0,07,000,00,2,7,12,B01
200500031740,0,05,000,14,0,1,11,A01
200500031741,0,07,000,00,2,8,11,A01
200500031741,0,05,000,00,2,7,01,B01
200500031742,0,05,000,00,2,3,03,A01
200500031742,0,07,000,00,2,5,12,B01
200500031743,0,07,000,00,2,5,02,A01
200500031743,0,10,000,00,2,4,02,B01
200500031743,0,07,000,00,2,5,02,C01
200500031743,0,07,000,00,2,6,02,D01
200500031743,0,05,000,00,2,1,03,E01
200500031744,0,07,000,04,0,1,02,A01
200500031745,0,07,000,04,0,1,17,A01
200500031746,0,07,000,03,0,4,02,A01
200500031746,0,07,000,00,2,1,02,B01
200500031746,0,07,000,00,2,1,02,C01
200500031747,0,07,000,00,2,3,19,A01
200500031747,0,07,000,00,0,5,07,B01
200500031748,0,07,000,04,0,1,13,A01
200500031749,0,07,000,00,2,5,01,A01
200500031749,0,05,000,00,2,3,03,B01
200500031750,0,15,000,00,0,6,02,A01
200500031750,0,07,000,00,2,4,02,B01
200500031750,0,14,000,00,2,1,02,C01
200500031751,0,05,000,00,2,2,02,A01
200500031751,0,07,000,00,0,6,02,B01
200500031752,0,07,000,00,2,7,14,A01
200500031752,0,07,000,03,2,8,21,B01
200500031753,0,10,000,00,2,8,09,A01
200500031753,0,05,000,00,2,7,03,B01
200500031754,0,10,000,03,2,3,06,A01
200500031754,0,15,000,03,2,1,02,B01
200500031754,0,10,000,13,0,2,21,C01
200500031755,0,07,000,04,0,2,16,A01
200500031756,0,07,000,04,0,6,00,A01
200500031757,0,07,000,00,2,7,12,A01
200500031757,0,05,000,00,2,1,02,B01
200500031758,0,07,000,00,0,4,02,A01
200500031758,0,07,000,00,2,4,02,B01
200500031758,0,07,000,00,2,4,02,C01
200500031758,0,17,000,00,2,2,02,D01
200500031759,0,07,000,00,0,4,23,A01
200500031759,0,07,000,00,2,1,02,B01
200500031760,0,07,000,00,2,4,02,A01
200500031760,0,07,000,00,2,4,02,B01
200500031760,0,07,000,00,2,1,12,C01
200500031761,0,07,000,00,2,4,02,A01
200500031761,0,15,000,00,2,1,02,B01
200500031762,0,05,000,00,2,1,18,A01
200500031763,0,07,000,06,0,3,13,A01
200500031764,0,14,000,00,2,6,02,A01
200500031764,0,07,000,00,2,1,02,B01
200500031765,0,07,000,00,2,5,02,A01
200500031765,1,07,000,00,2,1,02,B01
200500031766,0,07,000,00,2,2,02,A01
200500031766,0,07,000,00,0,4,02,B01
200500031767,0,07,000,00,2,2,12,A01
200500031767,0,04,000,00,0,8,03,B01
200500031768,0,05,000,00,0,4,02,A01
200500031768,0,05,000,00,2,1,02,B01
200500031769,0,07,000,00,2,8,13,A01
200500031769,0,05,000,00,2,7,03,B01
200500031770,0,07,000,00,2,7,12,A01
200500031770,0,05,000,00,2,8,01,B01
200500031771,0,05,000,00,2,7,17,A01
200500031771,0,07,000,00,2,8,11,B01
200500031772,0,05,000,04,0,1,17,A01
200500031773,0,05,000,00,0,1,12,A01
200500031774,0,07,000,00,2,6,11,A01
200500031774,0,15,000,00,2,2,01,B01
200500031775,0,07,000,04,0,8,13,A01
200500031776,0,07,000,00,0,4,01,A01
200500031776,0,16,000,00,0,4,01,B01
200500031776,0,17,000,00,2,1,02,C01
200500031777,0,07,000,03,2,1,14,A01
200500031777,0,07,000,04,2,3,00,B01
200500031778,0,05,000,00,2,2,21,A01
200500031778,1,99,000,00,0,0,00,B01
200500031779,0,10,000,00,2,6,18,A01
200500031779,0,10,000,00,2,2,00,B01
200500031780,0,07,000,13,0,2,14,A01
200500031781,0,07,000,00,0,2,00,A01
200500031782,0,07,000,00,2,1,02,A01
200500031782,0,07,000,00,2,4,02,B01
200500031782,0,07,000,00,2,4,02,C01
200500031783,0,07,000,00,0,2,00,A01
200500031784,0,14,000,04,0,2,09,A01
200500031785,0,15,000,03,2,2,14,A01
200500031785,0,07,000,00,2,6,00,B01
200500031786,0,15,000,00,2,3,00,A01
200500031786,0,07,000,00,2,7,00,B01
200500031786,0,07,000,00,2,6,00,C01
200500031787,0,07,000,04,2,2,17,A01
200500031787,0,07,000,04,2,3,09,B01
200500031788,0,07,000,03,0,1,00,A01
200500031789,0,07,000,00,0,4,00,A01
200500031789,0,07,000,00,2,1,00,B01
200500031790,0,07,000,00,2,2,14,A01
200500031790,0,07,000,00,0,3,01,B01
200500031791,0,05,000,04,2,3,21,A01
200500031792,0,05,000,00,2,1,00,A01
200500031792,0,07,000,00,2,7,12,B01
200500031793,0,05,000,00,2,2,02,A01
200500031793,0,07,000,00,2,5,12,B01
200500031793,0,07,000,00,0,3,02,C01
200500031794,0,05,000,00,2,1,21,A01
200500031794,0,07,000,00,0,6,11,B01
200500031795,0,07,000,00,2,2,00,A01
200500031795,0,14,000,00,2,3,01,B01
200500031796,0,07,000,00,2,5,12,A01
200500031796,0,05,000,00,2,8,03,B01
200500031797,0,05,000,00,0,0,01,A01
200500031798,0,05,000,00,0,7,14,A01
200500031799,0,99,000,00,0,4,02,A01
200500031799,0,07,000,00,0,4,02,B01
200500031799,0,07,000,00,0,1,02,C01
200500031800,0,07,000,04,0,1,02,A01
200500031801,0,07,000,00,0,1,02,A01
200500031801,0,07,000,00,0,4,02,B01
200500031802,0,05,000,05,0,0,01,A01
200500031803,0,05,000,00,0,3,15,A01
200500031804,0,07,000,04,0,3,13,A01
200500031805,0,07,000,00,0,1,01,A01
200500031806,0,05,000,04,0,1,01,A01
200500031807,0,05,000,04,0,1,21,A01
200500031808,0,07,000,00,2,2,12,A01
200500031808,0,05,000,00,2,8,01,B01
200500031809,0,15,000,00,0,6,13,A01
200500031809,0,07,000,04,2,7,17,B01
200500031809,0,10,000,00,0,0,00,C01
200500031810,0,07,000,00,0,2,02,A01
200500031811,0,07,000,00,2,5,12,A01
200500031811,0,17,000,00,2,1,01,B01
200500031812,0,05,000,00,2,2,18,A01
200500031812,0,07,000,00,0,5,00,B01
200500031812,0,15,000,00,0,6,00,C01
200500031813,0,07,000,00,0,3,09,A01
200500031814,0,07,000,03,0,9,01,A01
200500031815,0,07,000,04,2,5,21,A01
200500031815,1,14,000,00,2,3,14,B01
200500031816,0,07,000,00,0,4,02,A01