Num_Acc,senc,catv,occutc,obs,obsm,choc,manv,num_veh
200500031816,0,07,000,00,2,1,02,B01
200500031817,0,07,000,07,2,1,02,A01
200500031817,0,07,000,00,2,1,00,B01
200500031818,0,07,000,00,0,7,21,A01
200500031818,0,07,000,00,0,8,00,B01
200500031819,0,07,000,00,0,2,12,A01
200500031819,0,07,000,00,0,6,00,B01
200500031820,0,07,000,00,0,3,10,A01
200500031820,0,07,000,00,2,1,13,B01
200500031821,0,07,000,00,0,4,02,A01
200500031821,0,07,000,00,2,1,21,B01
200500031821,0,07,000,00,2,4,02,C01
200500031822,0,07,000,00,0,4,00,A01
200500031822,0,07,000,00,2,0,13,B01
200500031823,0,05,000,00,0,0,01,A01
200500031824,0,07,000,03,0,1,01,A01
200500031825,0,07,000,00,2,4,02,A01
200500031825,0,07,000,00,2,1,12,B01
200500031825,0,07,000,00,0,4,02,C01
200500031826,0,07,000,00,0,4,01,A01
200500031826,0,05,000,00,2,1,01,B01
200500031827,0,05,000,00,0,1,18,A01
200500031828,0,07,000,00,0,2,12,A01
200500031828,0,05,000,00,2,1,03,B01
200500031828,0,07,000,00,0,6,00,C01
200500031829,0,07,000,00,2,8,11,A01
200500031829,0,05,000,00,2,7,01,B01
200500031829,0,07,000,00,0,4,01,C01
200500031830,0,07,000,00,0,9,21,A01
200500031830,0,07,000,04,0,3,21,B01
200500031831,0,07,000,00,2,1,02,A01
200500031831,0,07,000,00,2,1,02,B01
200500031832,0,07,000,00,2,1,01,A01
200500031832,0,07,000,03,2,4,23,B01
200500031832,0,07,000,00,0,4,23,C01
200500031833,0,07,000,00,0,0,00,A01
200500031833,0,07,000,00,0,0,00,B01
200500031834,0,05,000,04,0,1,01,A01
200500031835,0,07,000,00,2,1,02,A01
200500031835,0,07,000,00,2,4,02,B01
200500031835,0,07,000,00,2,4,02,C01
200500031835,0,07,000,00,2,1,02,D01
200500031836,0,07,000,00,2,1,01,A01
200500031836,0,07,000,00,0,4,00,B01
200500031836,0,07,000,00,2,4,01,C01
200500031837,0,05,000,00,0,1,02,A01
200500031837,0,07,000,00,0,6,11,B01
200500031838,0,07,000,00,0,0,11,A01
200500031838,0,05,000,00,0,7,02,B01
200500031839,0,07,000,00,0,5,23,A01
200500031839,0,10,000,00,2,3,02,B01
200500031840,0,07,000,04,0,1,17,A01
200500031841,0,07,000,00,0,4,01,A01
200500031841,0,07,000,00,2,9,01,B01
200500031841,0,07,000,00,2,9,01,C01
200500031841,0,05,000,00,2,1,01,D01
200500031842,0,14,000,00,0,0,02,A01
200500031842,0,15,000,00,2,1,02,B01
200500031843,0,07,000,00,1,3,02,A01
200500031844,0,05,000,00,2,3,03,A01
200500031844,0,07,000,00,2,2,12,B01
200500031844,0,07,000,00,2,4,01,C01
200500031845,0,05,000,15,0,2,11,A01
200500031846,0,07,000,04,0,1,00,B01
200500031847,0,10,000,00,2,8,11,A01
200500031847,0,05,000,00,0,7,02,B01
200500031848,0,07,000,13,0,2,09,A01
200500031849,0,07,000,04,0,9,01,A01
200500031850,0,05,000,00,0,7,02,A01
200500031851,0,05,000,14,0,1,02,A01
200500031851,1,99,000,00,2,0,02,B01
200500031852,0,07,000,14,0,1,01,A01
200500031852,0,07,000,00,2,1,02,B01
200500031853,0,04,000,00,2,1,21,A01
200500031853,0,10,000,00,0,5,00,B01
200500031854,0,14,000,00,2,8,15,A01
200500031854,0,05,000,00,2,1,15,B01
200500031855,0,07,000,00,2,3,19,B01
200500031855,0,07,000,00,2,1,19,A01
200500031856,0,07,000,00,2,4,01,A01
200500031856,0,07,000,00,2,1,02,B01
200500031857,0,17,000,00,0,2,15,A01
200500031858,0,07,000,04,2,2,17,A01
200500031859,0,05,000,00,2,3,13,A01
200500031859,0,07,000,00,2,5,12,B01
200500031860,0,07,000,00,2,3,02,A01
200500031860,2,07,000,00,2,3,13,B01
200500031861,0,05,000,00,0,7,14,A01
200500031862,0,07,000,00,2,3,01,A01
200500031862,0,07,000,00,2,3,01,B01
200500031863,0,07,000,00,0,1,21,A01
200500031863,0,07,000,00,2,8,21,B01
200500031863,0,17,000,00,2,3,02,C01
200500031864,0,05,000,13,0,7,16,A01
200500031865,0,07,000,03,0,1,01,A01
200500031866,0,05,000,03,0,1,01,A01
200500031867,0,07,000,03,0,1,14,A01
200500031867,0,07,000,00,0,5,01,B01
200500031868,0,07,000,03,2,9,21,A01
200500031868,0,07,000,00,2,1,01,B01
200500031869,0,07,000,00,0,4,23,A01
200500031869,0,07,000,00,2,1,02,B01
200500031869,0,07,000,00,2,4,02,C01
200500031869,0,07,000,00,2,2,21,D01
200500031869,0,13,000,00,2,3,01,E01
200500031870,0,07,000,00,0,0,13,A01
200500031871,0,07,000,03,0,8,14,A01
200500031872,0,07,000,04,0,2,01,A01
200500031873,0,05,000,04,0,8,16,A01
200500031874,0,07,000,00,2,1,02,A01
200500031874,0,01,000,00,2,4,01,B01
200500031875,0,07,000,00,2,4,01,A01
200500031875,0,07,000,00,2,4,02,B01
200500031875,0,07,000,00,2,4,02,C01
200500031875,0,07,000,00,2,1,02,D01
200500031876,0,07,000,00,2,4,11,A01
200500031876,0,05,000,00,2,1,01,B01
200500031877,0,05,000,00,2,3,03,A01
200500031877,0,07,000,00,2,2,12,B01
200500031878,0,07,000,00,2,4,11,A01
200500031878,0,07,000,00,2,4,01,B01
200500031878,0,10,000,00,2,1,01,C01
200500031879,0,07,000,00,2,4,01,A01
200500031879,0,05,000,00,2,1,21,B01
200500031880,0,05,000,00,2,3,03,A01
200500031880,0,07,000,00,0,7,12,B01
200500031881,0,05,000,00,0,8,03,A01
200500031882,0,17,000,00,0,4,02,A01
200500031882,0,17,000,00,2,4,02,B01
200500031882,0,13,000,00,2,1,02,C01
200500031883,0,18,001,00,2,4,23,A01
200500031883,0,07,000,00,2,1,02,B01
200500031884,0,07,000,03,2,2,07,A01
200500031884,0,07,000,00,2,3,02,B01
200500031885,0,07,000,00,0,2,17,A01
200500031885,0,05,000,00,2,8,21,B01
200500031886,0,07,000,00,2,1,02,A01
200500031886,0,99,000,00,2,4,01,B01
200500031887,0,07,000,00,2,3,15,A01
200500031887,0,05,000,00,2,2,17,B01
200500031888,0,07,000,00,0,6,11,A01
200500031888,0,07,000,00,2,3,02,B01
200500031888,0,07,000,00,2,1,02,C01
200500031889,0,07,000,00,2,1,02,A01
200500031889,0,07,000,00,0,5,02,B01
200500031890,0,07,000,00,2,6,01,A01
200500031890,0,05,000,00,2,2,17,B01
200500031891,0,18,009,00,2,1,02,A01
200500031891,0,07,000,00,2,4,01,B01
200500031892,0,15,000,00,2,2,14,A01
200500031892,0,07,000,00,2,8,13,B01
200500031892,0,07,000,00,2,1,01,C01
200500031893,0,05,000,00,0,8,01,A01
200500031894,0,07,000,00,2,2,02,A01
200500031894,0,05,000,00,2,8,01,B01
200500031895,0,05,000,00,2,1,18,A01
200500031895,0,07,000,00,2,5,12,B01
200500031896,0,07,000,13,0,7,14,A01
200500031897,0,17,000,00,2,3,21,A01
200500031897,0,07,000,00,2,6,12,B01
200500031897,0,07,000,00,2,2,01,C01
200500031898,0,05,000,00,2,1,02,A01
200500031898,0,07,000,00,2,6,01,B01
200500031899,0,07,000,00,2,5,11,A01
200500031899,0,05,000,00,2,1,21,B01
200500031900,0,05,000,14,0,1,01,A01
200500031901,0,07,000,05,0,8,01,A01
200500031902,0,07,000,00,2,5,12,A01
200500031902,0,04,000,00,2,1,03,B01
200500031903,0,07,000,00,2,6,11,A01
200500031903,0,05,000,00,2,2,03,B01
200500031904,0,07,000,00,2,1,13,A01
200500031904,0,07,000,00,0,1,01,B01
200500031905,0,05,000,00,2,1,02,A01
200500031905,0,07,000,00,0,4,01,B01
200500031906,0,07,000,00,2,4,17,A01
200500031906,0,07,000,00,2,2,01,B01
200500031907,0,07,000,00,0,0,01,A01
200500031908,0,07,000,00,2,1,01,A01
200500031908,0,07,000,00,0,4,02,B01
200500031909,0,05,000,00,1,1,01,A01
200500031910,0,07,000,00,2,1,01,A01
200500031910,0,07,000,00,2,4,02,B01
200500031910,0,07,000,00,2,4,02,C01
200500031911,0,02,000,00,2,0,17,A01
200500031911,0,07,000,00,2,4,01,B01
200500031912,0,07,000,00,1,0,01,A01
200500031913,0,07,000,00,2,0,01,B01
200500031914,0,07,000,00,9,7,15,A01
200500031914,0,05,000,00,2,0,01,B01
200500031915,0,07,000,00,0,0,01,A01
200500031916,0,07,000,00,1,0,01,A01
200500031917,0,07,000,00,2,0,01,A01
200500031917,0,07,000,00,2,0,01,B01
200500031918,0,07,000,00,2,0,01,B01
200500031919,0,07,000,00,2,1,01,A01
200500031919,0,07,000,00,2,8,01,B01
200500031920,0,07,000,00,9,0,15,A01
200500031920,0,05,000,00,2,0,01,B01
200500031921,0,07,000,00,2,1,02,A01
200500031921,0,07,000,00,2,4,02,B01
200500031921,0,07,000,00,0,4,02,C01
200500031922,0,10,000,00,2,2,14,A01
200500031922,0,05,000,00,2,9,00,B01
200500031923,0,07,000,00,2,4,01,A01
200500031923,0,07,000,00,2,1,02,B01
200500031924,0,07,000,00,2,0,01,A01
200500031924,0,07,000,00,2,0,01,B01
200500031925,0,07,000,00,0,4,02,A01
200500031925,0,18,010,00,2,2,02,B01
200500031926,0,07,000,00,2,8,01,A01
200500031926,0,07,000,00,2,3,15,B01
200500031927,0,07,000,00,1,5,01,A01
200500031928,0,07,000,00,2,8,11,A01
200500031928,0,14,000,00,2,2,01,B01
200500031929,1,07,000,00,2,2,02,A01
200500031929,0,07,000,00,0,5,02,B01
200500031930,0,01,000,00,1,1,01,A01
200500031931,0,02,000,00,2,1,02,A01
200500031931,0,07,000,00,0,4,02,B01
200500031932,0,10,000,01,2,0,01,A01
200500031932,0,10,000,00,2,1,01,B01
200500031933,0,07,000,04,2,3,17,A01
200500031933,0,18,031,00,2,2,21,B01
200500031934,0,07,000,00,0,0,00,A01
200500031934,0,07,000,00,0,0,00,B01
200500031935,0,05,000,16,0,3,13,A01
200500031936,0,07,000,04,0,8,01,A01
200500031937,0,17,000,01,0,2,21,A01
200500031937,0,17,000,00,2,6,23,B01
200500031938,0,15,000,16,0,1,14,A01
200500031939,0,07,000,00,2,1,00,A01
200500031939,0,07,000,00,2,4,00,B01
200500031940,0,07,000,16,0,0,21,A01
200500031941,0,17,000,00,2,2,21,A01
200500031941,0,17,000,00,2,4,21,B01
200500031941,0,17,000,00,0,4,23,C01
200500031942,0,07,000,00,2,1,02,A01
200500031942,0,07,000,00,5,4,02,B01
200500031942,0,07,000,00,2,1,02,C01
200500031943,0,02,000,00,2,7,17,A01
200500031943,0,07,000,00,2,8,01,B01
200500031944,0,07,000,00,2,1,02,A01
200500031944,0,07,000,00,2,4,01,B01
200500031944,0,07,000,00,2,4,01,C01
200500031944,0,07,000,00,2,4,01,D01
200500031944,0,07,000,00,2,4,01,E01
200500031945,0,05,000,00,2,1,03,A01
200500031945,0,07,000,00,0,6,02,B01
200500031946,0,05,000,00,0,0,01,A01
200500031947,0,17,000,00,2,2,17,A01
200500031947,0,07,000,03,0,3,01,B01
200500031948,0,07,000,04,0,3,13,A01
200500031949,0,07,000,00,2,3,13,A01
200500031949,0,05,000,00,2,4,02,B01
200500031949,0,07,000,00,0,4,02,C01
200500031950,0,07,000,00,2,1,17,A01
200500031950,0,07,000,00,0,4,17,B01
200500031951,0,07,000,09,0,1,01,A01
200500031952,0,10,000,04,0,2,02,A01
200500031953,0,07,000,15,0,1,14,A01
200500031954,0,07,000,00,2,1,02,A01
200500031954,0,10,000,00,2,1,02,B01
200500031954,0,07,000,00,2,1,02,C01
200500031954,0,10,000,00,2,1,02,D01
200500031954,0,07,000,04,0,4,12,E01
200500031955,0,07,000,00,2,1,23,A01
200500031956,0,07,000,04,2,5,17,A01
200500031956,0,07,000,00,2,3,01,B01
200500031957,0,05,000,00,2,1,17,A01
200500031957,0,10,000,00,0,6,11,B01
200500031958,0,05,000,00,0,7,03,A01
200500031959,0,05,000,00,2,2,01,A01
200500031959,0,07,000,00,2,6,11,B01
200500031960,0,07,000,00,2,1,02,A01
200500031960,0,10,000,00,0,4,02,B01
200500031961,0,07,000,13,2,1,12,A01
200500031961,0,07,000,00,0,4,01,B01
200500031962,0,07,000,07,0,1,01,A01
200500031963,0,07,000,04,2,8,11,A01
200500031963,0,17,000,00,2,7,12,B01
200500031964,0,07,000,00,0,7,01,A01
200500031964,0,07,000,00,2,1,01,B01
200500031965,0,07,000,00,2,1,01,A01
200500031965,0,07,000,00,0,4,01,B01
200500031966,0,05,000,00,2,1,08,A01
200500031966,0,07,000,00,2,7,16,B01
200500031967,0,07,000,00,2,1,19,A01
200500031967,0,18,000,00,2,2,01,B01
200500031968,0,02,000,00,2,1,02,A01
200500031968,0,07,000,00,2,3,09,B01
200500031969,0,02,000,00,2,9,18,A01
200500031969,0,07,000,00,0,5,16,B01
200500031970,0,07,000,00,2,8,22,A01
200500031970,0,02,000,00,2,7,17,B01
200500031971,0,07,000,00,1,4,04,A01
200500031972,0,05,000,00,2,1,01,A01
200500031972,0,07,000,00,2,2,01,B01
200500031973,2,07,000,00,2,1,02,A01
200500031973,0,07,000,00,0,4,23,B01
200500031974,0,02,000,00,2,1,01,A01
200500031974,0,07,000,00,0,0,00,B01
200500031975,0,07,000,00,2,1,01,A01
200500031975,0,07,000,00,0,4,02,B01
200500031976,0,01,000,00,2,1,01,A01
200500031976,0,07,000,00,2,1,01,B01
200500031977,0,07,000,00,2,1,01,A01
200500031977,0,01,000,00,2,7,01,B01
200500031978,0,07,000,00,2,1,17,A01
200500031978,0,07,000,00,2,3,15,B01
200500031979,0,07,000,00,1,1,01,A01
200500031980,0,07,000,00,2,2,19,A01
200500031980,0,10,000,00,2,1,01,B01
200500031981,0,07,000,00,1,1,01,A01
200500031982,0,05,000,00,1,8,18,A01
200500031982,0,07,000,00,2,2,14,B01
200500031983,0,02,000,00,1,1,17,A01
200500031984,0,07,000,00,2,1,15,A01
200500031984,0,01,000,00,2,1,01,B01
200500031985,0,07,000,00,2,1,01,A01
200500031985,0,07,000,00,2,4,02,B01
200500031985,0,07,000,00,2,4,23,C01
200500031986,0,07,000,00,1,1,01,A01
200500031987,0,07,000,00,2,1,01,A01
200500031987,0,07,000,00,0,4,01,B01
200500031988,0,02,000,00,2,1,01,A01
200500031988,0,07,000,00,2,7,01,B01
200500031989,0,07,000,00,1,4,04,A01
200500031990,0,07,000,00,1,3,15,A01
200500031991,0,07,000,00,2,4,14,A01
200500031991,0,07,000,00,2,4,09,B01
200500031992,0,07,000,00,2,6,09,A01
200500031992,0,17,000,00,2,2,21,B01
200500031992,0,07,000,00,2,3,21,C01
200500031993,0,07,000,04,2,1,19,A01
200500031993,0,07,000,03,2,8,21,B01
200500031994,0,07,000,03,0,7,14,A01
200500031994,0,07,000,00,2,8,21,B01
200500031995,0,05,000,00,2,1,21,A01
200500031995,0,07,000,00,0,4,21,B01
200500031996,0,05,000,00,2,8,21,A01
200500031996,0,07,000,00,2,0,21,B01
200500031996,0,17,000,00,2,3,21,C01
200500031997,0,07,000,00,2,1,21,A01
200500031997,0,10,000,00,2,4,21,B01
200500031997,0,14,000,00,2,1,21,C01
200500031998,0,07,000,00,2,3,21,A01
200500031998,0,07,000,00,2,2,21,B01
200500031999,0,07,000,00,0,0,19,A01
200500032000,0,10,000,00,2,1,14,A01
200500032000,0,07,000,00,2,4,21,B01
200500032000,0,07,000,00,0,4,21,C01
200500032001,0,07,000,03,2,8,18,A01
200500032001,0,10,000,00,0,2,21,B01
200500032002,0,07,000,04,0,3,21,A01
200500032003,0,07,000,00,2,1,21,A01
200500032003,0,10,000,00,2,6,21,B01
200500032003,0,10,000,00,2,4,21,C01
200500032003,0,10,000,00,0,4,21,D01
200500032004,0,07,000,13,0,1,21,A01
200500032005,0,17,000,00,2,8,13,A01
200500032005,0,07,000,03,0,7,21,B01
200500032005,0,17,000,00,0,6,21,C01
200500032006,0,07,000,03,0,1,21,A01
200500032007,0,07,000,01,0,1,21,A01
200500032007,0,17,000,00,0,4,24,B01
200500032008,0,17,000,00,2,2,12,A01
200500032008,0,07,000,00,0,8,21,B01
200500032009,0,17,000,00,2,2,12,A01
200500032009,0,07,000,00,2,8,21,B01
200500032010,0,07,000,00,2,4,14,A01
200500032011,0,07,000,13,0,1,21,A01
200500032012,0,07,000,00,2,2,21,A01
200500032012,0,07,000,00,0,6,21,B01
200500032013,0,07,000,00,0,9,14,A01
200500032014,0,07,000,04,0,1,21,A01
200500032015,0,07,000,00,2,2,15,A01
200500032015,0,05,000,00,2,1,01,B01
200500032016,0,18,015,00,1,0,01,A01
200500032017,0,07,000,00,9,2,01,A01
200500032017,0,01,000,00,2,1,19,B01
200500032018,0,07,000,00,2,1,02,A01
200500032018,0,07,000,00,0,4,01,B01
200500032019,0,05,000,00,0,8,01,A01
200500032020,0,07,000,00,2,1,01,A01
200500032020,0,07,000,00,0,4,01,B01
200500032021,0,07,000,00,2,1,12,A01
200500032021,0,07,000,00,0,4,01,B01
200500032022,0,07,000,13,0,1,12,A01
200500032023,0,15,000,03,2,1,21,A01
200500032023,0,07,000,00,2,9,14,B01
200500032023,0,17,000,00,0,4,02,C01
200500032024,0,17,000,03,0,8,16,A01
200500032025,0,07,000,00,2,2,17,A01
200500032025,0,07,000,00,0,6,01,B01
200500032025,0,07,000,00,9,1,01,C01
200500032026,0,07,000,00,2,8,19,A01
200500032026,0,07,000,00,2,1,19,B01
200500032027,0,07,000,00,2,3,15,A01
200500032027,0,05,000,00,2,2,19,B01
200500032028,0,05,000,08,0,1,21,A01
200500032029,0,07,000,00,2,2,19,A01
200500032029,0,02,000,00,2,1,19,B01
200500032030,0,07,000,00,1,1,19,A01
200500032031,0,07,000,00,1,8,19,A01
200500032032,0,07,000,00,2,2,19,A01
200500032032,0,07,000,00,2,3,19,B01
200500032033,0,07,000,00,2,1,19,A01
200500032033,0,07,000,01,2,7,19,B01
200500032034,0,07,000,00,2,2,16,A01
200500032034,0,02,000,00,2,1,19,B01
200500032035,0,05,000,00,1,1,01,A01
200500032036,0,07,000,00,2,4,11,A01
200500032036,0,05,000,00,2,1,01,B01
200500032037,0,07,000,00,2,1,01,A01
200500032037,0,07,000,12,2,8,01,B01
200500032038,0,07,000,00,2,1,15,A01
200500032038,0,05,000,00,2,8,01,B01
200500032039,0,07,000,00,2,1,01,A01
200500032039,0,07,000,00,2,4,00,B01
200500032039,0,07,000,00,2,4,00,C01
200500032040,0,07,000,00,1,1,01,A01
200500032041,0,07,000,00,2,1,15,A01
200500032041,0,07,000,00,2,3,02,B01
200500032042,0,05,000,01,2,1,02,A01
200500032042,0,07,000,00,2,8,15,B01
200500032043,0,02,000,00,2,1,05,A01
200500032043,0,07,000,00,2,1,23,B01
200500032044,0,07,000,00,2,7,02,A01
200500032044,0,01,000,00,2,1,19,B01
200500032045,0,07,000,00,2,3,02,A01
200500032045,0,01,000,00,2,1,19,B01
200500032046,0,17,000,01,0,2,02,A01
200500032046,0,17,000,00,2,6,23,B01
200500032047,0,07,000,00,2,2,01,A01
200500032047,0,17,000,00,0,6,01,B01
200500032048,0,07,000,15,0,1,00,A01
200500032049,0,07,000,04,0,2,01,A01
200500032050,0,07,000,04,2,2,02,A01
200500032050,0,07,000,13,0,5,02,B01
200500032051,0,05,000,00,2,1,02,A01
200500032051,0,07,000,00,0,4,02,B01
200500032052,0,07,000,03,0,3,01,A01
200500032053,0,07,000,04,0,2,01,A01
200500032054,0,07,000,13,0,1,01,A01
200500032055,0,07,000,04,0,3,01,A01
200500032056,0,05,000,12,0,9,15,A01
200500032057,0,07,000,04,0,1,11,A01
200500032058,0,07,000,04,2,1,17,A01
200500032058,0,07,000,00,2,4,17,B01
200500032059,0,07,000,04,2,3,21,A01
200500032059,0,15,000,00,2,3,00,B01
200500032060,0,07,000,04,2,5,17,A01
200500032060,0,15,000,00,2,3,17,B01
200500032061,0,10,000,00,0,0,12,A01
200500032061,0,05,000,00,0,0,21,B01
200500032062,0,07,000,04,0,9,14,A01
200500032063,0,07,000,03,0,1,16,A01
200500032064,0,07,000,00,2,1,02,A01
200500032064,0,07,000,00,0,0,23,B01
200500032065,0,07,000,00,1,7,21,A01
200500032066,0,07,000,03,0,1,01,A01
200500032067,0,07,000,00,9,1,02,A01
200500032067,0,05,000,00,0,4,02,B01
200500032068,0,07,000,03,0,2,01,A01
200500032069,0,17,000,00,2,7,12,A01
200500032069,0,07,000,03,0,8,01,B01
200500032070,0,07,000,12,0,1,14,A01
200500032071,0,07,000,04,0,2,01,A01
200500032072,0,05,000,04,0,8,15,A01
200500032073,0,07,000,01,0,1,02,A01
200500032073,0,07,000,01,0,4,23,B01
200500032073,0,07,000,00,0,4,23,C01
200500032074,0,07,000,00,9,2,00,A01
200500032074,0,05,000,00,2,1,01,B01
200500032075,0,05,000,00,0,8,12,A01
200500032076,0,15,000,00,2,7,17,A01
200500032076,0,07,000,00,0,6,01,B01
200500032077,0,07,000,00,2,3,02,A01
200500032077,0,07,000,00,2,5,23,B01
200500032077,0,07,000,00,0,1,01,C01
200500032078,0,07,000,00,2,1,02,A01
200500032078,0,07,000,00,2,4,01,B01
200500032079,0,02,000,01,0,1,18,A01
200500032079,0,07,000,00,9,0,01,B01
200500032080,0,07,000,00,2,1,02,A01
200500032080,0,07,000,00,2,4,02,B01
200500032081,0,05,000,00,2,1,02,A01
200500032081,1,07,000,00,0,0,12,B01
200500032082,0,07,000,04,0,3,13,A01
200500032083,0,07,000,00,0,1,12,A01
200500032084,0,07,000,00,2,1,02,A01
200500032084,0,07,000,00,2,4,02,B01
200500032084,0,07,000,00,0,4,02,C01
200500032085,0,07,000,00,0,1,02,A01
200500032085,0,07,000,00,0,4,23,B01
200500032085,0,07,000,00,0,4,23,C01
200500032085,0,07,000,00,0,4,23,D01
200500032086,0,07,000,00,2,1,02,A01
200500032086,0,07,000,00,0,4,02,B01
200500032087,0,07,000,04,0,3,14,A01
200500032087,0,07,000,00,9,8,01,B01
200500032088,0,05,000,00,0,0,01,A01
200500032089,0,07,000,00,2,1,02,A01
200500032089,0,05,000,00,0,4,02,B01
200500032090,0,15,000,04,2,3,21,A01
200500032090,0,07,000,00,9,1,02,B01
200500032090,0,07,000,00,9,3,01,C01
200500032090,0,07,000,00,9,3,01,D01
200500032091,0,07,000,03,2,6,01,A01
200500032091,0,07,000,00,2,2,17,B01
200500032092,0,15,000,00,2,2,03,A01
200500032092,0,07,000,00,2,6,03,B01
200500032093,0,07,000,00,2,6,09,A01
200500032093,0,14,000,00,2,2,09,B01
200500032093,0,14,000,00,2,1,21,C01
200500032093,0,07,000,04,2,7,21,D01
200500032094,0,05,000,00,2,7,17,A01
200500032094,0,07,000,00,2,1,15,B01
200500032095,0,07,000,00,2,1,15,A01
200500032095,0,02,000,00,2,7,01,B01
200500032096,0,10,000,08,2,2,17,A01
200500032096,0,07,000,00,2,3,15,B01
200500032097,0,10,000,00,2,7,01,B01
200500032097,0,07,000,00,2,1,01,A01
200500032098,0,07,000,00,1,1,01,A01
200500032099,0,07,000,00,0,9,14,A01
200500032100,0,07,000,03,0,0,01,A01
200500032101,0,07,000,03,0,3,02,A01
200500032102,0,07,000,00,2,1,01,A01
200500032102,0,07,000,00,0,4,01,B01
200500032103,0,07,000,00,2,4,02,A01
200500032103,0,07,000,00,2,4,02,B01
200500032103,0,07,000,00,2,1,02,C01
200500032104,0,07,000,00,0,2,02,A01
200500032105,0,07,000,00,0,4,23,A01
200500032105,0,07,000,00,2,0,02,B01
200500032105,0,07,000,00,2,1,02,C01
200500032106,0,07,000,03,0,2,01,A01
200500032107,0,07,000,00,0,4,01,A01
200500032107,0,07,000,00,2,1,01,B01
200500032108,0,07,000,00,1,1,01,A01
200500032108,0,07,000,14,0,1,01,B01
200500032109,0,07,000,03,0,9,14,A01
200500032110,0,07,000,00,2,3,00,A01
200500032110,0,07,000,00,2,2,00,B01
200500032111,0,07,000,00,0,6,01,A01
200500032111,0,17,000,00,2,2,12,B01
200500032112,0,07,000,06,0,8,01,A01
200500032113,0,07,000,03,0,3,13,A01
200500032114,0,07,000,00,0,9,02,A01
200500032115,0,07,000,03,9,8,02,A01
200500032116,0,07,000,03,0,2,01,A01
200500032117,0,07,000,04,0,2,14,A01
200500032118,0,07,000,00,0,0,02,A01
200500032119,0,07,000,03,0,7,23,A01
200500032119,0,14,000,00,2,2,02,B01
200500032120,0,07,000,04,0,3,01,A01
200500032121,0,07,000,04,0,2,01,A01
200500032122,0,07,000,00,0,8,01,A01
200500032122,0,07,000,04,2,7,17,B01
200500032123,0,07,000,03,0,8,13,A01
200500032124,0,07,000,00,9,8,01,A01
200500032124,0,07,000,00,2,1,21,B01
200500032125,0,07,000,04,0,3,01,A01
200500032126,0,07,000,00,2,5,02,A01
200500032126,0,07,000,00,2,3,02,B01
200500032127,0,07,000,06,0,8,01,A01
200500032128,0,07,000,00,0,4,01,A01
200500032128,0,07,000,00,2,1,01,B01
200500032129,0,07,000,00,0,4,01,A01
200500032129,0,07,000,00,2,1,21,B01
200500032130,0,15,000,03,0,1,23,A01
200500032131,0,07,000,02,0,1,14,A01
200500032132,0,07,000,00,2,8,13,A01
200500032132,0,07,000,00,2,5,02,B01
200500032133,0,07,000,00,0,0,16,A01
200500032134,0,07,000,00,0,4,21,A01
200500032134,0,07,000,00,2,1,01,B01
200500032135,0,07,000,03,2,2,01,A01
200500032135,0,07,000,00,2,1,01,B01
200500032136,0,07,000,00,2,3,01,A01
200500032136,0,07,000,00,0,5,12,B01
200500032137,0,07,000,00,0,4,02,A01
200500032137,0,05,000,00,2,1,02,B01
200500032138,0,07,000,00,0,3,19,A01
200500032139,0,07,000,00,0,4,02,A01
200500032139,0,07,000,00,2,1,01,B01
200500032139,0,07,000,00,2,1,01,C01
200500032140,0,07,000,00,0,4,02,A01
200500032140,0,07,000,00,2,1,02,B01
200500032141,0,07,000,00,9,3,17,A01
200500032141,0,01,000,00,0,7,10,B02
200500032142,0,02,000,00,2,2,17,A01
200500032142,0,07,000,00,2,1,19,B01
200500032143,0,07,000,00,2,3,10,A01
200500032143,0,02,000,00,2,1,01,B01
200500032144,0,05,000,00,2,1,16,A01
200500032144,0,10,000,00,2,3,01,B01
200500032145,0,07,000,00,2,2,14,A01
200500032145,0,05,000,00,2,1,02,B01
200500032146,0,07,000,00,2,1,02,A01
200500032146,0,07,000,00,2,9,23,B01
200500032146,0,07,000,00,2,9,23,C01
200500032146,0,07,000,00,2,9,23,D01
200500032147,0,07,000,00,2,8,15,A01
200500032147,0,02,000,00,2,1,01,B01
200500032148,0,07,000,00,2,3,00,B01
200500032148,0,07,000,00,2,6,13,A01
200500032149,0,07,000,00,2,1,02,A01
200500032149,0,07,000,00,0,4,23,B01
200500032150,0,18,010,01,1,0,02,A01
200500032151,2,03,000,00,2,1,02,A01
200500032151,0,07,000,00,2,4,02,B01
200500032151,0,07,000,00,0,4,01,C01
200500032152,0,07,000,05,0,0,01,A01
200500032153,0,07,000,01,0,1,14,A01
200500032154,0,07,000,00,1,1,16,A01
200500032155,0,07,000,00,2,3,21,B01
200500032155,0,12,000,00,2,1,19,A01
200500032156,0,05,000,00,2,1,01,B01
200500032156,0,07,000,00,2,3,01,A01
200500032157,0,07,000,01,2,6,10,A01
200500032157,0,05,000,00,2,1,01,B01
200500032158,0,07,000,00,2,1,12,A01
200500032158,0,07,000,01,2,1,01,B01
200500032159,0,07,000,00,1,1,01,A01
200500032160,0,07,000,01,0,1,01,A01
200500032161,0,07,000,00,0,0,00,A01
200500032161,0,07,000,00,0,0,00,B01
200500032162,0,07,000,01,2,1,05,A01
200500032162,0,07,000,00,2,1,02,C01
200500032162,0,07,000,00,2,1,02,B01
200500032163,0,07,000,00,2,0,01,A01
200500032163,0,02,000,00,9,9,01,B01