Num_Acc,senc,catv,occutc,obs,obsm,choc,manv,num_veh
200500032517,0,07,000,00,2,2,24,A01
200500032517,0,02,000,01,0,1,01,B01
200500032518,0,07,000,00,1,6,04,A01
200500032519,0,05,000,00,2,1,01,A01
200500032519,0,01,000,00,2,4,14,B01
200500032520,0,02,000,00,1,7,00,A01
200500032521,0,07,000,00,2,8,15,A01
200500032521,0,05,000,00,2,8,01,B01
200500032522,0,07,000,00,2,2,01,A01
200500032522,0,07,000,00,2,3,01,B01
200500032523,0,02,000,00,1,1,01,A01
200500032524,0,10,000,00,2,8,15,A01
200500032524,0,05,000,00,2,1,15,B01
200500032525,0,07,000,00,1,1,00,A01
200500032526,0,05,000,00,2,3,13,A01
200500032526,0,18,026,00,2,1,01,B01
200500032527,0,05,000,09,2,3,01,B01
200500032527,0,07,000,00,2,2,15,A01
200500032528,1,07,000,00,2,2,03,A01
200500032528,0,07,000,00,2,4,23,B01
200500032528,0,07,000,00,2,4,23,C01
200500032529,0,02,000,00,2,1,01,A01
200500032529,0,07,000,00,2,4,23,B01
200500032530,0,07,000,00,1,8,01,A01
200500032531,0,02,000,00,2,1,01,A01
200500032531,0,07,000,00,2,4,01,B01
200500032532,0,07,000,00,0,8,02,B01
200500032532,0,01,000,00,2,1,09,A01
200500032533,0,07,000,00,2,6,01,A01
200500032533,0,05,000,00,2,2,02,B01
200500032534,0,07,000,00,0,9,02,A01
200500032535,0,05,000,16,0,8,15,A01
200500032536,0,07,000,00,2,7,16,A01
200500032536,0,02,000,00,2,1,03,B01
200500032537,0,07,000,00,1,1,01,A01
200500032538,0,07,000,01,1,1,13,A01
200500032539,0,07,000,00,2,3,10,A01
200500032539,0,05,000,00,2,1,21,B01
200500032540,0,07,000,00,2,1,01,A01
200500032540,0,07,000,00,2,4,01,B01
200500032541,0,07,000,01,0,1,01,A01
200500032542,0,07,000,00,9,5,16,A01
200500032542,0,01,000,00,2,1,01,B01
200500032543,0,07,000,03,0,9,00,A01
200500032544,0,02,000,00,2,1,01,A01
200500032544,0,07,000,00,2,4,01,B01
200500032545,0,07,000,00,2,8,15,A01
200500032545,0,02,000,00,2,1,17,B01
200500032546,0,07,000,00,0,1,02,A01
200500032546,0,07,000,00,0,4,23,B01
200500032546,0,07,000,00,0,4,23,C01
200500032547,0,02,000,08,0,1,14,A01
200500032548,0,02,000,00,9,0,14,A01
200500032548,0,01,000,00,9,0,13,B01
200500032549,0,07,000,08,0,2,01,A01
200500032550,0,07,000,00,1,2,01,A01
200500032551,0,07,000,00,2,1,01,A01
200500032551,0,07,000,00,0,2,01,B01
200500032552,0,07,000,00,1,2,15,A01
200500032553,0,02,000,00,0,7,01,B01
200500032553,0,07,000,00,2,2,15,A01
200500032554,0,07,000,00,2,3,13,A01
200500032554,0,02,000,00,0,7,01,B01
200500032555,0,07,000,00,1,2,01,A01
200500032556,0,07,000,00,2,1,13,A01
200500032556,0,07,000,15,0,1,01,B01
200500032557,0,07,000,00,2,0,15,A01
200500032557,0,02,000,00,0,0,15,B01
200500032558,0,02,000,00,2,1,01,A01
200500032558,0,07,000,00,0,8,01,B01
200500032559,0,07,000,06,0,1,14,A01
200500032560,0,07,000,00,2,1,01,A01
200500032560,0,07,000,00,0,6,01,B01
200500032561,0,02,000,00,2,1,01,A01
200500032561,0,07,000,01,2,3,01,B01
200500032562,0,07,000,00,2,1,01,A01
200500032562,0,07,000,00,2,1,05,B01
200500032563,0,02,000,00,2,1,10,A01
200500032563,0,07,000,00,2,6,02,B01
200500032564,0,02,000,00,2,1,02,A01
200500032564,0,07,000,00,2,3,15,B01
200500032565,0,07,000,00,2,1,01,B01
200500032565,0,07,000,00,2,8,19,A01
200500032566,0,02,000,06,2,1,01,B01
200500032566,0,07,000,00,2,4,04,A01
200500032567,0,10,000,00,2,2,01,A01
200500032567,0,07,000,00,2,8,20,B01
200500032568,0,07,000,00,1,1,01,A01
200500032569,1,07,000,00,2,2,09,A01
200500032569,0,05,000,00,2,7,02,B01
200500032570,0,07,000,08,0,1,09,A01
200500032570,0,04,000,00,2,7,01,B01
200500032571,0,07,000,00,2,1,15,A01
200500032571,0,02,000,00,2,1,01,B01
200500032572,1,07,000,00,0,0,00,A01
200500032572,0,02,000,00,2,4,01,B01
200500032573,0,07,000,00,2,1,02,A01
200500032573,0,07,000,00,2,5,23,B01
200500032574,0,07,000,00,0,0,02,A01
200500032574,0,07,000,00,0,6,23,B01
200500032575,1,07,000,00,2,1,01,A01
200500032575,0,07,000,00,2,4,01,B01
200500032576,0,07,000,00,0,0,19,B01
200500032576,0,07,000,00,0,1,19,A01
200500032577,0,07,000,00,2,2,21,B01
200500032577,0,07,000,00,2,3,15,A01
200500032578,0,07,000,00,2,5,15,A01
200500032578,0,05,000,00,2,1,18,B01
200500032579,0,07,000,00,0,0,02,A01
200500032580,0,02,000,15,0,1,14,A01
200500032581,0,07,000,00,2,1,17,A01
200500032581,0,15,000,00,2,6,01,B01
200500032581,0,14,000,00,2,6,01,C01
200500032582,0,07,000,00,2,4,04,A01
200500032582,0,02,000,00,2,1,01,B01
200500032583,0,10,000,00,2,1,13,A01
200500032583,0,07,000,00,2,1,01,B01
200500032584,0,07,000,00,2,3,15,A01
200500032584,0,05,000,00,2,8,01,B01
200500032585,0,02,000,01,2,1,17,A01
200500032585,0,07,000,01,0,8,15,B01
200500032586,0,10,000,00,2,1,15,A01
200500032586,0,04,000,00,2,1,01,B01
200500032587,1,07,000,00,2,3,15,A01
200500032587,0,02,000,00,2,1,01,B01
200500032587,0,07,000,00,2,3,23,C01
200500032588,0,07,000,00,2,1,15,A01
200500032588,0,05,000,00,2,7,01,B01
200500032589,0,07,000,00,2,2,15,A01
200500032589,0,05,000,00,2,1,01,B01
200500032590,0,07,000,00,2,1,13,A01
200500032590,0,07,000,01,2,1,01,B01
200500032591,0,07,000,00,2,1,15,A01
200500032591,0,02,000,00,2,1,01,B01
200500032592,0,07,000,00,2,1,15,A01
200500032592,0,05,000,00,2,7,21,B01
200500032593,0,07,000,00,2,3,13,A01
200500032593,0,05,000,00,2,1,01,B01
200500032594,0,02,000,00,2,1,17,B01
200500032594,0,07,000,00,2,3,15,A01
200500032595,0,02,000,00,2,1,02,A01
200500032595,0,07,000,00,0,4,02,B01
200500032596,0,02,000,00,2,1,13,A01
200500032596,0,07,000,00,0,3,15,B01
200500032597,0,01,000,00,0,8,09,A01
200500032597,0,07,000,00,2,1,02,B01
200500032598,0,07,000,00,2,1,13,A01
200500032598,0,07,000,00,2,3,02,B01
200500032599,0,01,000,00,2,1,05,A01
200500032599,0,07,000,00,2,1,01,B01
200500032600,0,07,000,00,0,1,02,A01
200500032600,0,07,000,00,0,4,02,B01
200500032601,0,07,000,00,0,8,19,A01
200500032601,0,07,000,00,2,1,01,B01
200500032602,0,04,000,00,0,0,17,A01
200500032602,0,07,000,00,2,3,15,B01
200500032603,0,07,000,14,0,8,17,A01
200500032604,0,01,000,00,2,8,19,A01
200500032604,0,07,000,00,9,1,01,B01
200500032605,0,07,000,00,0,3,09,A01
200500032605,0,07,000,00,0,7,01,B01
200500032606,0,07,000,00,2,5,02,B01
200500032606,0,07,000,00,2,3,02,A01
200500032607,0,07,000,00,9,2,16,A01
200500032608,0,07,000,11,2,5,17,A01
200500032608,0,07,000,00,2,3,01,B01
200500032609,0,07,000,01,2,1,14,A01
200500032609,0,07,000,00,0,4,24,B01
200500032610,0,07,000,00,0,1,02,A01
200500032610,0,07,000,00,0,4,23,B01
200500032611,0,07,000,00,0,0,00,A01
200500032611,0,07,000,00,0,3,15,B01
200500032612,0,07,000,00,1,1,00,A01
200500032613,0,07,000,00,0,4,20,A01
200500032614,0,02,000,00,0,2,16,A01
200500032614,0,07,000,00,0,2,16,B01
200500032615,0,07,000,00,2,7,02,A01
200500032615,0,01,000,00,0,0,15,B01
200500032616,0,04,000,00,2,2,00,A01
200500032616,0,07,000,00,2,3,15,B01
200500032617,1,07,000,00,2,1,02,A01
200500032617,0,02,000,00,2,4,00,B01
200500032618,0,07,000,00,1,1,00,A01
200500032619,0,05,000,00,2,1,01,B01
200500032619,0,07,000,00,2,7,19,A01
200500032620,0,07,000,00,0,9,00,A01
200500032621,0,04,000,00,2,1,09,A01
200500032621,1,07,000,00,0,0,00,B01
200500032622,0,05,000,00,2,7,02,B01
200500032622,0,07,000,00,2,3,16,A01
200500032623,0,07,000,00,2,2,02,A01
200500032623,0,07,000,00,0,6,01,B01
200500032624,0,07,000,00,2,1,00,A01
200500032625,0,07,000,00,2,1,01,A01
200500032625,0,07,000,00,2,4,15,B01
200500032626,1,07,000,00,2,1,01,A01
200500032626,0,07,000,00,2,4,01,B01
200500032627,1,07,000,00,1,0,00,A01
200500032628,0,07,000,01,0,1,01,A01
200500032629,0,04,000,00,2,1,02,A01
200500032629,0,07,000,00,0,4,02,B01
200500032630,0,05,000,11,0,1,00,A01
200500032631,0,07,000,00,2,1,01,A01
200500032631,0,07,000,00,0,4,23,B01
200500032632,0,05,000,00,1,1,20,A01
200500032633,0,07,000,00,2,0,10,A01
200500032633,0,04,000,00,2,1,01,B01
200500032634,0,07,000,00,2,6,20,A01
200500032634,0,07,000,00,2,2,01,B01
200500032635,0,07,000,00,2,1,01,A01
200500032635,0,07,000,00,2,4,02,B01
200500032635,0,07,000,00,2,4,02,C01
200500032636,1,07,000,00,2,0,12,A01
200500032636,0,04,000,00,0,3,01,B01
200500032637,0,07,000,00,2,3,01,A01
200500032637,1,07,000,00,0,0,00,B01
200500032638,2,07,000,00,2,1,13,A01
200500032638,0,07,000,00,2,1,21,B01
200500032639,0,07,000,00,0,0,00,B01
200500032639,0,07,000,00,0,0,00,C01
200500032639,0,10,000,00,0,0,00,A01
200500032640,2,07,000,00,2,1,00,A01
200500032640,0,07,000,00,2,1,00,B01
200500032641,0,07,000,00,0,0,00,A01
200500032642,0,07,000,00,1,1,01,A01
200500032643,0,07,000,00,2,2,17,A01
200500032643,0,07,000,00,2,6,15,B01
200500032644,2,07,000,00,9,1,00,A01
200500032644,0,01,000,00,2,8,13,B01
200500032645,0,05,000,00,0,0,00,A01
200500032646,0,07,000,00,2,1,02,A01
200500032646,0,07,000,00,0,4,02,B01
200500032647,0,01,000,00,1,1,01,A01
200500032648,0,07,000,00,2,1,15,A01
200500032648,0,05,000,00,2,7,01,B01
200500032649,0,05,000,00,2,3,02,A01
200500032649,0,07,000,00,2,2,16,B01
200500032650,1,04,000,00,0,0,00,A01
200500032651,0,07,000,00,2,3,15,A01
200500032651,0,04,000,00,2,2,17,B01
200500032652,0,07,000,00,1,4,23,A01
200500032652,0,07,000,00,2,1,00,B01
200500032653,0,07,000,00,0,0,15,A01
200500032653,0,05,000,00,0,0,00,B01
200500032654,0,05,000,00,2,1,21,A01
200500032654,0,07,000,00,2,4,00,B01
200500032655,0,14,000,00,2,4,04,A01
200500032655,0,05,000,00,2,1,23,B01
200500032656,0,07,000,00,0,1,09,A01
200500032657,0,02,000,00,2,1,01,A01
200500032657,0,07,000,00,2,6,01,B01
200500032658,0,07,000,15,2,9,19,A01
200500032658,0,07,000,00,0,1,23,B01
200500032659,0,07,000,00,0,0,00,B01
200500032659,0,07,000,00,0,0,00,A01
200500032660,0,07,000,00,2,3,15,A01
200500032660,0,02,000,00,2,1,02,B01
200500032661,0,07,000,08,0,1,21,A01
200500032662,0,07,000,00,1,6,04,A01
200500032663,0,07,000,00,2,2,02,A01
200500032663,0,07,000,00,2,4,02,B01
200500032663,0,07,000,00,2,1,02,C01
200500032663,1,02,000,00,0,0,17,D01
200500032664,0,07,000,00,2,3,16,A01
200500032664,0,07,000,00,2,8,00,B01
200500032665,0,07,000,00,1,2,16,A01
200500032666,0,07,000,00,1,1,15,A01
200500032667,0,07,000,00,0,3,01,A01
200500032667,0,05,000,00,0,0,00,B01
200500032668,1,07,000,00,1,3,02,A01
200500032669,1,07,000,00,0,0,00,A01
200500032669,0,07,000,00,2,1,00,B01
200500032670,0,18,000,01,0,1,02,A01
200500032670,0,07,000,01,0,4,02,B01
200500032671,0,07,000,00,2,7,01,B01
200500032671,0,07,000,00,2,1,16,A01
200500032672,0,07,000,00,0,0,00,A01
200500032673,0,05,000,00,2,8,09,A01
200500032674,0,14,000,00,2,0,00,A01
200500032674,0,07,000,00,2,0,00,B01
200500032675,1,07,000,00,1,0,00,A01
200500032676,1,07,000,00,0,0,00,A01
200500032677,0,07,000,00,2,1,02,A01
200500032677,0,07,000,00,2,4,02,B01
200500032678,0,07,000,00,2,8,00,B01
200500032678,0,07,000,09,2,1,13,A01
200500032679,0,07,000,00,1,6,04,A01
200500032680,0,07,000,06,2,1,15,A01
200500032680,0,07,000,06,2,3,00,B01
200500032681,1,07,000,00,1,1,00,A01
200500032682,0,05,000,00,2,1,02,A01
200500032682,1,07,000,00,2,6,15,B01
200500032683,0,07,000,00,9,2,15,A01
200500032683,0,05,000,00,2,1,02,B01
200500032684,0,07,000,00,2,1,02,A01
200500032684,0,07,000,00,2,4,02,B01
200500032685,0,07,000,00,0,0,00,A01
200500032685,0,07,000,00,0,0,00,B01
200500032686,0,02,000,00,2,5,01,A01
200500032686,0,07,000,00,2,5,16,B01
200500032687,0,07,000,00,1,2,17,A01
200500032688,0,05,000,00,2,1,02,A01
200500032688,0,05,000,00,2,4,02,B01
200500032688,0,07,000,00,2,4,02,C01
200500032689,0,07,000,00,2,8,15,A01
200500032689,0,02,000,00,2,1,01,B01
200500032690,0,07,000,00,2,1,01,A01
200500032690,0,07,000,00,0,4,01,B01
200500032691,0,07,000,00,2,1,02,A01
200500032691,0,07,000,00,2,4,02,B01
200500032692,0,07,000,00,2,1,19,A01
200500032692,0,07,000,00,2,3,00,B01
200500032693,0,04,000,00,2,1,17,A01
200500032693,0,07,000,00,2,3,01,B01
200500032694,0,07,000,00,1,2,14,A01
200500032695,0,05,000,00,2,1,02,A01
200500032695,0,07,000,00,2,6,01,B01
200500032696,0,04,000,00,2,1,07,A01
200500032696,0,07,000,00,0,5,15,B01
200500032697,1,07,000,00,0,2,13,A01
200500032697,0,07,000,00,0,1,16,B01
200500032698,0,07,000,00,1,1,01,A01
200500032699,0,07,000,00,2,1,09,A01
200500032699,0,07,000,00,2,3,01,B01
200500032700,0,04,000,00,0,4,16,A01
200500032700,1,07,000,00,0,0,00,B01
200500032701,0,07,000,00,1,1,02,A01
200500032702,0,18,001,00,1,2,01,A01
200500032703,1,07,000,00,2,1,02,A01
200500032703,0,05,000,00,0,4,23,B01
200500032704,0,07,000,01,0,2,00,A01
200500032704,0,07,000,00,0,6,00,B01
200500032705,0,07,000,08,0,1,01,A01
200500032706,0,07,000,00,1,2,00,A01
200500032707,0,07,000,00,2,1,09,A01
200500032707,0,07,000,00,2,6,07,B01
200500032708,0,07,000,00,2,1,09,B01
200500032708,0,02,000,00,2,1,05,A01
200500032709,0,15,000,00,0,0,00,A01
200500032709,0,05,000,00,0,0,00,B01
200500032710,0,02,000,00,2,8,00,A01
200500032710,0,07,000,00,9,8,00,B01
200500032711,0,04,000,00,2,1,19,A01
200500032711,0,02,000,00,2,0,18,B01
200500032712,0,07,000,00,2,1,02,A01
200500032712,0,07,000,00,2,4,02,B01
200500032712,0,07,000,00,2,4,02,C01
200500032713,0,99,000,09,2,8,00,B01
200500032713,0,07,000,09,2,1,00,A01
200500032714,0,07,000,00,2,1,15,A01
200500032714,0,07,000,00,2,3,01,B01
200500032715,0,05,000,00,0,0,00,B01
200500032715,0,07,000,00,0,1,00,A01
200500032716,0,04,000,00,2,3,17,A01
200500032716,0,07,000,00,2,3,23,B01
200500032717,0,07,000,00,2,3,13,A01
200500032717,0,07,000,00,2,3,00,B01
200500032718,0,07,000,00,2,8,23,A01
200500032718,0,05,000,00,2,2,17,B01
200500032719,0,05,000,00,1,1,01,A01
200500032720,0,02,000,00,0,1,01,A01
200500032720,0,07,000,00,0,5,01,B01
200500032721,1,13,000,00,2,7,16,A01
200500032721,0,10,000,00,2,8,16,B01
200500032722,0,07,000,00,2,3,00,B01
200500032722,0,07,000,00,2,8,00,C01
200500032722,0,04,000,00,2,9,16,A01
200500032723,0,07,000,00,2,3,02,A01
200500032723,0,07,000,00,2,5,02,B01
200500032724,0,07,000,00,1,7,01,A01
200500032725,0,01,000,00,2,1,00,B01
200500032725,0,07,000,00,2,6,01,A01
200500032726,0,04,000,14,0,0,17,A01
200500032727,0,07,000,00,2,0,02,A01
200500032727,0,07,000,00,2,4,02,B01
200500032728,0,02,000,00,0,1,01,A01
200500032729,0,02,000,00,1,1,00,A01
200500032730,0,07,000,00,2,1,02,A01
200500032730,0,04,000,00,0,4,02,B01
200500032731,0,07,000,00,2,3,16,A01
200500032731,0,07,000,00,2,7,01,B01
200500032732,0,07,000,00,2,1,02,A01
200500032732,0,07,000,00,2,4,15,B01
200500032733,0,07,000,00,2,0,15,A01
200500032733,0,04,000,00,2,0,01,B01
200500032734,0,07,000,00,1,1,01,A01
200500032735,0,02,000,00,2,7,01,B01
200500032735,0,07,000,00,2,1,15,A01
200500032736,0,07,000,00,2,1,02,A01
200500032736,0,07,000,00,2,4,02,B01
200500032737,0,04,000,00,2,1,01,A01
200500032737,0,05,000,00,2,1,01,B01
200500032738,0,07,000,00,2,2,12,A01
200500032738,0,05,000,00,2,8,01,B01
200500032739,0,04,000,00,1,2,01,A01
200500032740,0,07,000,00,0,0,00,A01
200500032740,0,04,000,00,0,0,00,B01
200500032741,0,07,000,00,0,0,00,A01
200500032742,0,07,000,00,0,0,00,B01
200500032742,0,07,000,00,0,0,00,A01
200500032743,0,04,000,00,2,2,02,B01
200500032743,0,07,000,00,2,3,15,A01
200500032744,0,07,000,00,1,2,16,A01
200500032745,0,07,000,00,2,1,01,A01
200500032745,0,07,000,00,2,4,01,B01
200500032746,0,07,000,00,1,6,04,A01
200500032747,0,07,000,00,2,1,15,A01
200500032747,0,07,000,00,2,2,02,B01
200500032748,0,07,000,00,2,8,04,A01
200500032748,0,07,000,00,2,7,16,B01
200500032749,0,07,000,00,2,2,02,A01
200500032749,0,07,000,00,2,3,02,B01
200500032750,0,07,000,00,0,0,00,A01
200500032750,0,20,000,00,0,0,00,B01
200500032751,0,07,000,00,9,1,00,A01
200500032751,0,04,000,00,2,1,01,B01
200500032752,1,07,000,00,1,0,00,A01
200500032753,1,07,000,00,0,0,00,A01
200500032753,0,05,000,00,2,8,02,B01
200500032754,0,05,000,00,2,0,02,A01
200500032754,0,07,000,00,2,0,02,B01
200500032755,0,07,000,00,2,1,02,A01
200500032755,0,07,000,00,2,4,02,B01
200500032756,0,07,000,04,0,2,12,A01
200500032757,0,01,000,15,0,0,16,A01
200500032758,0,07,000,00,1,1,02,A01
200500032759,0,07,000,00,2,1,02,A01
200500032759,0,07,000,00,0,4,02,B01
200500032760,0,10,000,00,2,2,09,A01
200500032760,0,02,000,00,0,0,00,B01
200500032761,0,04,000,00,2,8,02,A01
200500032761,0,07,000,00,2,7,00,B01
200500032762,0,04,000,00,0,8,13,A01
200500032763,0,07,000,00,2,7,13,A01
200500032763,0,07,000,00,2,7,00,B01
200500032764,0,07,000,00,0,4,00,A01
200500032764,0,07,000,00,2,1,02,B01
200500032765,0,99,000,00,2,1,02,A01
200500032765,0,07,000,00,2,1,02,B01
200500032766,0,07,000,00,2,7,16,A01
200500032766,0,02,000,00,2,1,16,B01
200500032767,0,05,000,00,2,2,15,A01
200500032767,1,07,000,00,2,1,01,B01
200500032768,0,07,000,00,2,1,02,A01
200500032768,0,07,000,00,2,4,02,B01
200500032768,0,07,000,00,2,4,02,C01
200500032769,0,07,000,00,2,3,15,A01
200500032769,0,05,000,00,2,1,17,B01
200500032770,0,07,000,00,2,2,15,A01
200500032770,0,02,000,00,2,1,01,B01
200500032771,0,07,000,15,0,2,00,A01
200500032772,1,07,000,00,0,0,11,A01
200500032772,0,05,000,02,0,1,14,B01
200500032773,0,07,000,00,2,3,15,A01
200500032773,0,05,000,00,0,0,00,B01
200500032774,0,02,000,00,2,0,17,A01
200500032774,0,07,000,00,2,8,01,B01
200500032775,0,07,000,00,2,4,02,A01
200500032775,0,10,000,00,2,4,02,B01
200500032775,0,07,000,00,2,4,02,C01
200500032776,0,14,000,00,2,1,02,A01
200500032776,0,18,009,00,2,4,02,B01
200500032777,0,15,000,00,2,0,01,A01
200500032777,0,07,000,00,2,6,01,B01
200500032777,0,10,000,00,2,3,01,C01
200500032778,0,07,000,00,0,1,19,A01
200500032779,0,07,000,00,1,3,09,A01
200500032780,0,07,000,00,2,8,15,A01
200500032780,0,04,000,00,2,5,01,B01
200500032781,0,99,000,15,0,1,01,A01
200500032782,0,07,000,00,2,1,13,A01
200500032782,0,07,000,00,2,1,01,B01
200500032783,0,07,000,00,2,3,09,A01
200500032783,0,05,000,00,2,2,17,B01
200500032784,0,07,000,00,2,0,10,A01
200500032784,0,05,000,00,2,2,09,B01
200500032785,0,07,000,00,2,1,01,A01
200500032785,0,07,000,03,0,5,00,B01
200500032786,0,07,000,00,2,4,01,A01
200500032786,0,07,000,00,0,4,23,B01
200500032787,0,07,000,00,2,0,02,A01
200500032787,0,07,000,00,2,0,02,B01
200500032788,0,05,000,00,0,0,00,A01
200500032789,0,07,000,00,0,0,00,A01
200500032790,0,07,000,00,0,1,15,A01
200500032790,0,07,000,00,2,2,00,B01
200500032791,0,02,000,00,2,3,15,A01
200500032791,0,07,000,00,2,2,16,B01
200500032792,0,07,000,00,1,1,01,A01
200500032793,0,07,000,00,2,8,00,A01
200500032793,0,05,000,00,2,1,01,B01
200500032794,1,07,000,00,0,0,00,A01
200500032794,0,07,000,00,2,4,00,B01
200500032795,0,05,000,00,0,7,14,A01
200500032796,0,05,000,00,0,0,00,A01
200500032797,0,07,000,00,2,1,02,A01
200500032797,0,07,000,00,0,4,02,B01
200500032798,0,07,000,00,1,0,00,A01
200500032799,0,05,000,00,2,7,00,A01
200500032799,0,07,000,00,2,8,11,B01
200500032799,0,07,000,00,2,2,01,C01
200500032800,1,07,000,00,2,1,00,A01
200500032800,0,04,000,00,2,1,00,B01
200500032801,0,07,000,01,9,0,00,A01
200500032801,0,01,000,00,0,0,00,B01
200500032802,0,07,000,00,2,1,02,A01
200500032802,0,07,000,00,2,4,02,B01
200500032803,0,07,000,00,2,1,02,A01
200500032803,0,07,000,00,0,4,02,B01
200500032804,0,07,000,00,2,6,09,A01
200500032804,0,07,000,00,2,3,01,B01
200500032805,0,07,000,00,1,7,01,A01
200500032806,0,02,000,00,2,0,00,B01
200500032806,0,07,000,00,2,0,00,A01
200500032807,0,07,000,00,2,1,01,A01
200500032807,0,07,000,00,2,8,01,B01
200500032808,0,07,000,00,1,0,01,A01
200500032809,0,07,000,00,9,3,11,A01
200500032809,0,05,000,12,2,7,00,B01
200500032810,0,07,000,00,0,0,02,A01
200500032810,0,05,000,10,0,1,02,B01
200500032811,0,07,000,00,2,3,01,A01
200500032811,0,07,000,00,2,3,01,B01
200500032812,0,05,000,01,0,1,17,A01
200500032812,0,07,000,00,2,5,23,B01
200500032813,0,07,000,00,0,5,15,A01
200500032813,0,05,000,00,2,2,01,B01
200500032814,0,07,000,00,2,5,15,A01
200500032814,0,05,000,00,2,1,01,B01
200500032815,0,04,000,00,2,0,01,B01
200500032815,0,10,000,00,2,0,19,A01
200500032816,0,02,000,00,0,0,00,A01
200500032816,0,04,000,00,0,3,01,B01
200500032817,0,07,000,00,2,6,01,A01
200500032817,0,04,000,00,2,1,01,B01
200500032818,0,05,000,00,0,0,00,A01
200500032819,0,07,000,00,2,2,16,A01
200500032819,0,07,000,00,2,5,16,B01
200500032820,0,14,000,14,0,1,01,A01
200500032820,0,07,000,00,2,4,02,B01
200500032821,0,04,000,00,0,0,00,A01
200500032821,0,07,000,00,0,3,11,B01
200500032822,0,05,000,00,2,2,01,A01
200500032822,0,05,000,00,0,4,02,B01
200500032823,0,07,000,00,2,1,00,A01
200500032823,0,07,000,00,2,1,13,B01
200500032824,0,07,000,00,2,1,02,A01
200500032824,0,07,000,00,2,9,02,B01
200500032824,0,07,000,00,2,4,02,C01
200500032825,0,02,000,00,0,0,01,A01
200500032826,0,07,000,00,2,1,01,A01
200500032826,0,15,000,00,2,2,01,B01
200500032827,1,07,000,00,0,0,00,A01
200500032827,0,07,000,00,2,1,19,B01
200500032828,0,04,000,00,2,7,09,A01
200500032828,0,07,000,00,2,8,01,B01
200500032829,0,07,000,00,2,0,00,A01
200500032829,0,01,000,00,0,0,00,B01
200500032830,0,01,000,00,2,3,09,B01
200500032830,0,07,000,00,9,2,01,A01
200500032831,0,02,000,00,2,1,15,B01
200500032831,0,10,000,00,2,7,01,A01
200500032832,0,07,000,00,2,1,15,A01
200500032832,0,05,000,00,2,1,01,B01
200500032833,0,07,000,00,1,2,01,A01
200500032834,0,07,000,00,2,1,01,A01
200500032834,0,07,000,00,2,4,01,B01
200500032835,0,04,000,00,1,1,01,A01
200500032836,0,05,000,00,2,2,21,B01
200500032836,0,07,000,00,0,8,15,A01
200500032837,0,05,000,00,2,1,03,A01
200500032837,0,07,000,00,2,6,14,B01
200500032838,1,07,000,00,2,0,00,A01
200500032838,0,04,000,00,2,0,01,B01
200500032839,0,18,000,00,2,3,01,B01
200500032839,0,07,000,00,2,8,01,A01
200500032840,0,02,000,00,2,1,01,B01
200500032840,0,07,000,00,2,3,15,A01
200500032841,0,07,000,00,2,2,01,A01
200500032842,0,07,000,00,2,1,02,B01
200500032842,0,04,000,00,2,2,01,A01
200500032843,0,04,000,00,2,0,01,A01
200500032843,0,07,000,00,0,0,01,B01
200500032844,0,15,000,00,2,8,02,A01
200500032844,0,02,000,00,2,7,03,B01
200500032845,0,07,000,00,1,0,00,A01
200500032846,0,07,000,00,2,3,01,A01
200500032846,0,01,000,00,2,1,01,B01
200500032847,0,02,000,00,2,3,02,A01
200500032847,0,07,000,00,2,3,02,B01
200500032848,0,07,000,00,2,1,01,A01
200500032848,0,07,000,00,2,1,02,B01
200500032848,0,07,000,00,2,1,02,C01
200500032848,0,07,000,00,0,4,02,D01
200500032849,0,05,000,00,2,1,17,A01
200500032849,0,10,000,00,2,1,01,B01
200500032849,0,07,000,00,2,1,01,C01
200500032849,0,07,000,00,2,4,01,D01
200500032849,1,03,000,00,0,0,00,E01
200500032850,0,04,000,00,1,1,01,A01
200500032851,0,05,000,00,0,0,00,A01
200500032851,0,07,000,00,0,0,00,B01
200500032852,0,07,000,00,2,1,01,A01
200500032852,0,07,000,00,0,4,01,B01
200500032853,0,07,000,00,1,6,04,A01
200500032854,0,07,000,00,2,1,01,B01
200500032854,0,07,000,00,2,5,01,A01
200500032855,0,05,000,00,0,0,16,A01
200500032856,0,05,000,00,2,7,17,A01
200500032856,0,07,000,00,2,8,15,B01
200500032857,0,07,000,00,2,2,15,A01
200500032857,0,04,000,00,2,1,01,B01
200500032858,0,07,000,01,2,2,15,A01
200500032858,0,07,000,01,2,1,01,B01
200500032859,0,07,000,13,0,2,01,A01
200500032860,0,07,000,00,2,2,15,A01
200500032860,0,05,000,00,2,1,01,B01
200500032861,0,99,000,00,2,3,13,A01
200500032861,0,07,000,00,2,3,01,B01
200500032861,0,07,000,00,2,3,01,C01
200500032862,0,07,000,00,2,6,00,A01
200500032862,0,05,000,00,2,0,00,B01
200500032863,1,10,000,00,0,0,00,A01
200500032863,0,04,000,00,0,0,00,B01
200500032864,0,07,000,00,2,1,02,A01
200500032864,0,07,000,00,2,6,15,B01
200500032865,0,05,000,00,2,1,01,B01
200500032865,0,07,000,00,2,3,09,A01
200500032866,0,07,000,00,2,6,15,A01
200500032866,0,05,000,00,2,2,17,B01
200500032867,0,07,000,00,2,1,02,A01
200500032867,0,07,000,00,2,4,23,B01
200500032868,0,07,000,00,2,0,15,A01
200500032868,0,05,000,00,2,1,01,B01
200500032869,0,07,000,00,9,2,14,A01