Num_Acc,senc,catv,occutc,obs,obsm,choc,manv,num_veh
200500033587,0,10,000,00,2,1,06,A01
200500033587,0,07,000,00,2,6,05,B01
200500033587,0,07,000,00,2,2,05,C01
200500033588,0,07,000,00,1,3,01,A01
200500033589,0,07,000,00,2,5,15,A01
200500033589,0,07,000,00,0,3,01,B01
200500033590,0,07,000,00,1,1,00,A01
200500033591,0,07,000,00,2,2,15,A01
200500033591,0,07,000,00,2,3,01,B01
200500033592,2,02,000,00,0,0,00,A01
200500033593,0,07,000,00,1,2,01,A01
200500033594,0,07,000,13,0,1,01,A01
200500033595,0,07,000,00,0,2,01,A01
200500033596,0,18,000,00,2,2,01,A01
200500033596,0,07,000,00,9,6,16,B01
200500033597,0,07,000,09,0,1,00,A01
200500033598,0,05,000,00,2,1,01,A01
200500033598,0,07,000,00,2,4,01,B01
200500033599,0,02,000,00,2,1,01,A01
200500033599,0,07,000,00,2,4,00,B01
200500033600,0,07,000,00,2,1,02,A01
200500033600,0,99,000,13,2,4,23,B01
200500033601,0,07,000,00,2,2,11,A01
200500033601,0,04,000,00,2,1,17,B01
200500033602,0,99,000,03,2,1,00,A01
200500033602,0,05,000,00,0,1,00,B01
200500033602,0,17,000,14,0,1,21,C01
200500033603,0,04,000,01,0,1,01,A01
200500033603,0,07,000,00,0,4,23,B01
200500033604,0,10,000,00,0,1,01,A01
200500033604,0,99,000,00,2,8,01,B01
200500033605,0,99,000,00,1,1,00,A01
200500033606,0,07,000,00,2,1,15,A01
200500033606,0,07,000,00,2,1,01,B01
200500033607,0,07,000,00,2,8,09,A01
200500033607,0,05,000,00,2,1,01,B01
200500033608,0,05,000,00,0,0,00,A01
200500033608,0,05,000,00,0,0,16,B01
200500033609,0,99,000,00,0,1,00,A01
200500033610,0,05,000,00,2,2,01,B01
200500033610,0,07,000,00,0,3,15,A01
200500033611,0,02,000,00,0,0,00,A01
200500033612,0,05,000,01,2,7,17,A01
200500033612,0,07,000,00,2,8,15,B01
200500033612,0,99,000,00,0,8,24,C01
200500033613,0,07,000,00,2,1,01,A01
200500033613,0,07,000,00,2,9,02,B01
200500033613,0,07,000,00,2,9,02,C01
200500033613,0,07,000,00,2,4,00,D01
200500033614,0,07,000,00,2,1,02,A01
200500033614,0,07,000,00,0,4,01,B01
200500033615,0,07,000,00,9,7,01,A01
200500033615,0,01,000,00,2,8,19,B01
200500033616,1,07,000,00,0,3,01,A01
200500033616,0,01,000,00,2,1,00,B01
200500033617,0,07,000,00,1,1,01,A01
200500033618,0,07,000,00,0,0,00,A01
200500033618,0,05,000,00,0,3,01,B01
200500033619,0,02,000,00,0,1,02,A01
200500033619,0,07,000,00,0,3,02,B01
200500033620,0,07,000,00,2,7,14,A01
200500033620,0,02,000,00,2,8,01,B01
200500033621,0,05,000,00,0,1,01,B01
200500033621,0,07,000,00,2,3,16,A01
200500033622,0,07,000,00,0,8,10,A01
200500033622,0,07,000,00,2,1,01,B01
200500033623,0,05,000,00,2,1,01,A01
200500033623,0,07,000,00,2,6,15,B01
200500033624,0,07,000,00,2,2,15,A01
200500033624,0,07,000,00,2,1,01,B01
200500033625,0,01,000,00,2,1,01,B01
200500033625,0,07,000,00,2,8,16,A01
200500033626,0,07,000,00,2,2,15,A01
200500033626,0,07,000,00,2,2,01,B01
200500033627,0,07,000,00,0,0,14,A01
200500033628,0,07,000,00,2,6,01,A01
200500033628,0,05,000,00,2,1,01,B01
200500033629,0,07,000,00,0,0,14,A01
200500033630,0,01,000,00,2,8,19,A01
200500033630,0,07,000,00,2,1,01,B01
200500033631,0,05,000,00,0,7,01,A01
200500033632,0,07,000,09,0,1,01,A01
200500033633,0,07,000,00,2,3,09,A01
200500033633,0,02,000,00,2,2,01,B01
200500033634,0,07,000,00,2,7,16,A01
200500033634,0,02,000,00,2,3,00,B01
200500033635,0,07,000,00,2,2,15,A01
200500033635,0,05,000,00,2,1,01,B01
200500033636,0,07,000,12,0,1,16,A01
200500033637,0,07,000,15,0,1,20,A01
200500033638,0,02,000,12,0,1,14,A01
200500033639,0,10,000,00,2,1,00,A01
200500033639,0,07,000,00,2,1,00,B01
200500033640,0,07,000,13,0,1,01,A01
200500033641,0,07,000,00,1,1,01,A01
200500033642,0,07,000,00,2,1,02,A01
200500033642,0,10,000,00,2,9,02,B01
200500033642,0,07,000,00,2,9,02,C01
200500033642,0,07,000,00,2,4,02,D01
200500033643,0,04,000,00,0,8,00,A01
200500033644,0,01,000,00,2,1,13,A01
200500033644,0,04,000,00,2,0,01,B01
200500033645,0,07,000,00,1,4,00,A01
200500033646,0,07,000,00,2,1,02,A01
200500033646,0,07,000,00,2,4,23,B01
200500033647,0,01,000,12,0,0,00,A01
200500033648,0,07,000,00,2,7,01,A01
200500033648,0,07,000,00,2,1,01,B01
200500033649,0,07,000,00,2,1,02,A01
200500033649,0,07,000,00,2,4,02,B01
200500033650,0,01,000,00,0,0,00,A01
200500033651,0,07,000,03,0,1,00,A01
200500033652,0,07,000,15,0,1,00,A01
200500033653,0,07,000,00,2,1,01,B01
200500033653,0,07,000,06,2,3,07,A01
200500033654,0,07,000,00,2,8,01,B01
200500033654,0,02,000,00,2,1,01,A01
200500033655,0,07,000,00,2,8,15,A01
200500033655,0,05,000,00,2,1,01,B01
200500033656,0,07,000,00,2,1,01,A01
200500033656,0,02,000,00,2,4,09,B01
200500033657,0,07,000,00,2,1,02,A01
200500033657,0,07,000,00,2,4,23,B01
200500033658,0,02,000,12,0,1,16,A01
200500033659,0,07,000,00,2,7,09,A01
200500033659,0,01,000,00,2,0,09,B01
200500033660,0,07,000,00,2,8,09,A01
200500033660,0,14,000,00,2,2,01,B01
200500033661,0,17,000,07,0,8,00,A01
200500033662,0,02,000,13,0,1,00,A01
200500033663,0,07,000,00,2,2,15,A01
200500033663,0,02,000,00,2,1,00,B01
200500033664,0,01,000,00,2,0,19,A01
200500033665,0,07,000,00,2,1,02,A01
200500033665,0,07,000,00,2,4,23,B01
200500033665,0,07,000,00,2,4,23,C01
200500033666,0,07,000,00,2,1,01,A01
200500033666,0,07,000,00,2,1,01,B01
200500033667,0,01,000,11,0,4,16,A01
200500033668,0,07,000,13,0,1,01,A01
200500033669,0,07,000,00,1,2,15,A01
200500033670,0,07,000,03,0,9,00,A01
200500033671,0,07,000,00,2,1,02,A01
200500033671,0,07,000,00,2,4,23,B01
200500033671,0,07,000,00,2,4,23,C01
200500033671,0,07,000,00,2,4,23,D01
200500033672,1,07,000,00,2,0,00,A01
200500033672,0,01,000,01,2,1,00,B01
200500033673,0,02,000,00,2,1,02,A01
200500033673,0,07,000,00,2,4,23,B01
200500033674,0,02,000,00,0,3,00,A01
200500033675,0,07,000,00,2,8,00,A01
200500033675,0,07,000,00,2,1,01,B01
200500033676,0,07,000,00,2,1,02,A01
200500033676,0,07,000,00,2,1,02,B01
200500033676,0,07,000,00,2,9,02,C01
200500033676,0,07,000,00,2,4,02,D01
200500033677,0,07,000,00,2,1,01,A01
200500033677,0,07,000,00,2,4,01,B01
200500033678,0,02,000,00,2,1,01,A01
200500033678,0,07,000,00,0,4,01,B01
200500033679,0,07,000,00,1,1,01,A01
200500033680,0,07,000,00,2,7,01,A01
200500033680,0,02,000,00,2,6,01,B01
200500033681,0,07,000,00,2,3,01,B01
200500033681,0,01,000,00,2,1,01,A01
200500033682,0,07,000,00,2,3,01,B01
200500033682,0,07,000,08,2,2,01,A01
200500033683,0,07,000,00,2,1,15,A01
200500033683,0,02,000,00,2,7,01,B01
200500033684,0,07,000,00,2,2,01,B01
200500033684,0,02,000,00,2,8,15,A01
200500033685,0,07,000,00,2,7,20,A01
200500033685,0,05,000,00,2,1,01,B01
200500033686,0,07,000,00,2,3,01,B01
200500033686,0,07,000,00,2,2,15,A01
200500033687,0,02,000,00,2,1,17,A01
200500033687,0,07,000,00,2,6,15,B01
200500033688,0,01,000,00,2,1,05,B01
200500033689,0,05,000,00,2,1,01,A01
200500033689,0,07,000,00,2,4,01,B01
200500033690,0,07,000,00,1,4,04,A01
200500033691,0,05,000,00,2,1,01,B01
200500033691,0,07,000,00,2,3,15,A01
200500033692,0,07,000,00,1,3,01,A01
200500033693,0,07,000,00,2,1,01,A01
200500033693,0,07,000,00,2,4,01,B01
200500033693,0,07,000,00,2,4,01,C01
200500033694,0,07,000,00,2,1,01,A01
200500033694,0,07,000,00,2,4,01,B01
200500033695,0,01,000,00,2,1,05,A01
200500033695,0,07,000,00,2,3,01,B01
200500033696,0,07,000,00,1,3,01,A01
200500033697,0,07,000,00,2,7,01,A01
200500033697,0,02,000,00,2,1,01,B01
200500033698,0,07,000,00,2,3,15,A01
200500033698,0,05,000,00,2,1,01,B01
200500033699,0,07,000,00,2,7,14,A01
200500033699,0,02,000,00,2,8,01,B01
200500033700,0,01,000,00,2,1,15,A01
200500033700,0,07,000,00,2,2,01,B01
200500033701,0,02,000,00,1,1,07,A01
200500033702,0,07,000,00,2,3,01,A01
200500033702,0,07,000,00,2,2,01,B01
200500033703,0,02,000,00,2,1,01,A01
200500033703,0,07,000,00,2,0,00,B01
200500033704,0,07,000,00,1,1,01,A01
200500033705,0,07,000,00,1,2,17,A01
200500033706,0,12,000,00,2,6,23,B01
200500033706,0,05,000,00,2,1,01,A01
200500033707,0,07,000,00,2,7,15,A01
200500033707,0,02,000,00,2,1,01,B01
200500033708,0,07,000,00,1,2,01,A01
200500033709,0,02,000,00,2,5,01,B01
200500033709,0,07,000,00,2,2,09,A01
200500033710,0,07,000,00,2,2,01,B01
200500033710,0,07,000,00,2,3,00,A01
200500033711,0,07,000,00,2,2,01,A01
200500033711,0,07,000,00,2,3,01,B01
200500033711,0,01,000,00,2,0,01,C01
200500033712,0,07,000,00,1,2,01,A01
200500033713,0,02,000,00,2,1,17,A01
200500033713,0,07,000,00,2,8,15,B01
200500033714,0,07,000,00,1,3,02,A01
200500033715,0,01,000,00,1,7,01,A01
200500033716,0,02,000,00,0,2,01,A01
200500033717,0,07,000,00,2,1,01,A01
200500033717,0,07,000,00,2,1,02,B01
200500033718,0,01,000,00,2,1,01,A01
200500033718,0,02,000,00,0,4,15,B01
200500033719,0,05,000,00,2,1,02,A01
200500033719,0,07,000,00,2,5,01,B01
200500033720,0,01,000,00,2,1,19,A01
200500033720,0,18,016,00,2,2,01,B01
200500033721,0,07,000,00,1,2,01,A01
200500033722,0,07,000,00,2,1,02,A01
200500033722,0,07,000,00,2,4,02,B01
200500033723,0,07,000,00,2,1,01,A01
200500033723,0,04,000,00,2,8,01,B01
200500033724,0,07,000,00,2,3,16,A01
200500033724,0,05,000,00,2,2,01,B01
200500033725,0,07,000,00,2,3,15,A01
200500033725,0,02,000,00,2,1,01,B01
200500033726,0,10,000,00,2,8,20,A01
200500033726,0,02,000,01,2,1,17,B01
200500033727,0,07,000,00,2,2,01,A01
200500033727,0,01,000,00,2,1,01,B01
200500033728,0,07,000,00,2,3,01,A01
200500033728,0,07,000,00,2,1,15,B01
200500033729,0,07,000,00,2,7,15,A01
200500033729,0,07,000,00,2,1,01,B01
200500033730,0,01,000,00,2,1,01,A01
200500033730,0,07,000,00,2,8,01,B01
200500033731,0,01,000,00,2,4,11,A01
200500033731,0,07,000,00,2,2,01,B01
200500033732,0,07,000,00,2,7,01,A01
200500033732,0,05,000,00,2,1,01,B01
200500033733,0,07,000,00,2,8,10,A01
200500033733,0,07,000,00,2,1,01,B01
200500033734,0,05,000,00,2,1,01,A01
200500033734,0,07,000,00,2,5,01,B01
200500033735,0,07,000,00,0,0,15,A01
200500033735,0,05,000,00,0,7,01,B01
200500033736,0,02,000,00,2,3,01,A01
200500033736,0,07,000,00,2,5,01,B01
200500033737,0,07,000,00,2,1,02,A01
200500033737,0,07,000,00,2,4,02,B01
200500033738,0,07,000,00,2,3,13,A01
200500033738,0,05,000,03,2,2,01,B01
200500033739,0,07,000,00,2,1,02,A01
200500033739,0,07,000,00,2,4,02,B01
200500033739,0,14,000,00,2,7,02,C01
200500033740,0,07,000,00,2,7,01,A01
200500033740,0,07,000,00,0,2,01,B01
200500033741,0,07,000,00,2,8,22,A01
200500033741,0,01,000,01,0,1,01,B01
200500033741,0,02,000,00,2,1,01,C01
200500033742,0,07,000,00,2,6,15,A01
200500033742,0,02,000,00,2,7,17,B01
200500033743,2,07,000,00,2,2,15,A01
200500033743,0,05,000,00,2,1,01,B01
200500033744,1,05,000,00,1,1,13,A01
200500033745,0,07,000,00,2,3,01,B01
200500033745,0,02,000,00,2,1,01,A01
200500033746,0,07,000,00,1,3,01,A01
200500033747,0,07,000,00,2,2,01,A01
200500033747,0,01,000,00,2,3,01,B01
200500033748,0,05,000,00,2,1,08,A01
200500033748,0,07,000,00,2,6,15,B01
200500033749,0,07,000,00,2,7,09,A01
200500033749,0,01,000,00,2,1,01,B01
200500033750,0,07,000,00,2,8,09,A01
200500033750,0,14,000,00,2,2,01,B01
200500033751,0,07,000,00,2,1,15,A01
200500033751,0,02,000,00,2,1,17,B01
200500033752,0,05,000,00,2,1,15,B01
200500033752,0,07,000,00,2,8,01,A01
200500033752,0,18,001,00,0,0,23,C01
200500033753,0,07,000,00,0,0,11,A01
200500033753,0,05,000,01,0,1,21,B01
200500033754,0,01,000,00,2,1,01,A01
200500033754,0,07,000,00,2,7,01,B01
200500033755,0,07,000,00,2,8,01,A01
200500033755,0,02,000,00,2,7,16,B01
200500033756,0,01,000,00,2,1,01,A01
200500033756,0,07,000,00,2,2,15,B01
200500033757,0,07,000,00,2,1,15,A01
200500033757,0,05,000,00,2,8,08,B01
200500033758,0,04,000,00,2,1,01,A01
200500033758,0,07,000,00,2,3,19,B01
200500033759,0,07,000,00,1,8,21,A01
200500033760,0,11,000,00,0,4,02,A01
200500033760,0,07,000,00,2,1,02,B01
200500033761,0,02,000,00,2,1,01,A01
200500033761,0,07,000,00,9,2,01,B01
200500033762,0,07,000,00,2,1,15,A01
200500033762,0,05,000,00,2,1,01,B01
200500033763,0,05,000,00,2,1,13,A01
200500033763,0,07,000,00,2,1,01,B01
200500033764,0,07,000,02,0,8,14,A01
200500033765,0,02,000,00,2,1,02,A01
200500033765,0,05,000,00,2,3,02,B01
200500033766,0,05,000,00,2,1,17,A01
200500033766,0,07,000,00,2,6,15,B01
200500033767,0,07,000,00,2,1,15,A01
200500033767,0,02,000,00,2,2,01,B01
200500033768,0,07,000,13,0,2,01,A01
200500033769,0,05,000,00,2,1,01,A01
200500033769,1,07,000,00,2,6,10,B01
200500033770,0,07,000,00,1,2,19,A01
200500033771,0,07,000,00,2,4,23,A01
200500033771,0,07,000,00,2,1,01,B01
200500033772,0,07,000,00,2,7,17,A01
200500033772,0,07,000,00,2,1,13,B01
200500033773,0,04,000,00,2,1,19,B01
200500033773,0,07,000,00,2,2,19,A01
200500033774,0,05,000,00,2,1,01,B01
200500033775,0,07,000,13,0,1,01,A01
200500033776,0,99,000,00,2,3,15,A01
200500033776,0,02,000,00,2,1,01,B01
200500033777,0,07,000,00,1,3,01,A01
200500033778,0,17,000,00,2,2,12,A01
200500033778,0,07,000,00,2,6,01,B01
200500033779,0,07,000,00,0,9,14,A01
200500033780,0,07,000,00,2,2,01,B01
200500033780,0,07,000,00,2,3,15,A01
200500033781,0,07,000,00,2,3,16,A01
200500033781,0,05,000,00,2,2,01,B01
200500033782,0,05,000,00,2,1,17,A01
200500033782,0,07,000,00,2,3,15,B01
200500033783,0,07,000,01,2,8,00,A01
200500033783,0,07,000,00,2,1,01,B01
200500033784,0,07,000,00,0,3,13,A01
200500033785,0,07,000,00,2,1,17,A01
200500033785,0,07,000,13,2,4,01,B01
200500033786,0,07,000,00,2,7,15,A01
200500033786,0,07,000,00,2,1,01,B01
200500033787,0,07,000,00,2,1,02,A01
200500033787,0,07,000,00,2,4,02,B01
200500033787,0,07,000,00,2,4,02,C01
200500033788,0,07,000,08,0,1,01,A01
200500033789,0,07,000,00,1,0,01,A01
200500033790,0,07,000,00,2,1,01,A01
200500033790,0,07,000,00,2,3,15,B01
200500033791,0,07,000,00,2,5,17,A01
200500033791,0,01,000,00,2,8,15,B01
200500033792,0,05,000,00,2,1,02,A01
200500033792,0,07,000,00,2,4,01,B01
200500033793,0,04,000,00,2,8,01,A01
200500033793,0,07,000,00,2,2,15,B01
200500033794,0,07,000,06,2,1,16,A01
200500033794,0,07,000,00,0,6,01,B01
200500033795,0,07,000,00,2,1,02,A01
200500033795,0,07,000,00,0,4,01,B01
200500033796,0,07,000,00,2,1,02,A01
200500033796,0,07,000,00,2,4,02,B01
200500033796,0,07,000,00,0,5,02,C01
200500033797,0,07,000,00,1,2,00,A01
200500033798,0,07,000,00,2,2,01,A01
200500033798,0,07,000,00,2,6,11,B01
200500033798,0,07,000,00,2,6,01,C01
200500033799,0,07,000,00,2,2,01,A01
200500033799,0,07,000,00,2,1,01,B01
200500033800,1,07,000,00,0,0,09,A01
200500033800,0,05,000,00,0,7,21,B01
200500033801,0,07,000,00,1,1,00,A01
200500033802,0,07,000,00,2,3,20,A01
200500033802,0,04,000,00,2,1,01,B01
200500033803,0,05,000,00,2,3,17,A01
200500033803,0,07,000,00,9,3,02,B01
200500033804,0,07,000,00,9,7,00,A01
200500033804,0,01,000,00,2,1,00,B01
200500033805,0,07,000,00,9,1,02,A01
200500033805,0,01,000,00,2,4,02,B01
200500033806,0,07,000,00,1,4,20,A01
200500033807,0,07,000,00,2,1,02,A01
200500033807,0,07,000,00,0,4,02,B01
200500033808,0,02,000,00,2,1,01,A01
200500033808,0,07,000,00,2,3,15,B01
200500033809,0,02,000,00,2,1,19,A01
200500033809,0,07,000,00,2,1,01,B01
200500033810,0,07,000,00,2,1,14,A01
200500033810,0,07,000,00,2,6,24,B01
200500033811,0,01,000,00,2,4,15,A01
200500033811,0,07,000,00,2,1,01,B01
200500033812,0,07,000,00,2,7,17,A01
200500033812,0,01,000,00,2,8,01,B01
200500033813,0,07,000,00,1,2,01,A01
200500033814,0,07,000,00,2,4,20,A01
200500033814,0,02,000,00,2,7,01,B01
200500033815,0,02,000,00,2,2,01,B01
200500033815,0,07,000,00,2,1,19,A01
200500033816,0,07,000,00,1,1,01,A01
200500033817,0,07,000,00,2,1,01,A01
200500033817,0,07,000,00,2,1,23,B01
200500033817,0,07,000,00,2,4,23,C01
200500033818,0,07,000,00,1,1,15,A01
200500033819,0,07,000,00,2,1,15,A01
200500033819,0,07,000,00,2,2,01,B01
200500033820,0,07,000,00,1,1,15,A01
200500033821,0,07,000,00,2,1,15,A01
200500033821,0,07,000,00,2,6,23,B01
200500033822,0,07,000,00,2,3,09,A01
200500033822,0,07,000,00,2,1,01,B01
200500033823,0,07,000,00,2,7,01,A01
200500033823,0,07,000,00,2,3,15,B01
200500033824,0,07,000,08,0,1,01,A01
200500033825,0,07,000,00,1,7,01,A01
200500033826,0,07,000,00,2,5,04,A01
200500033826,0,10,000,06,2,5,01,B01
200500033827,0,07,000,00,2,8,11,A01
200500033827,0,01,000,00,2,7,01,B01
200500033827,0,01,000,00,2,7,01,C01
200500033828,0,07,000,00,0,0,01,A01
200500033828,0,01,000,00,0,0,16,B01
200500033829,0,07,000,00,1,3,01,A01
200500033830,0,05,000,00,1,2,01,A01
200500033831,0,02,000,00,9,7,17,A01
200500033831,0,02,000,00,9,8,17,B01
200500033832,0,07,000,00,2,1,21,B01
200500033832,0,07,000,00,2,2,23,A01
200500033833,0,02,000,00,2,1,01,A01
200500033833,0,10,000,00,2,4,01,B01
200500033834,0,02,000,00,2,1,21,A01
200500033834,0,07,000,00,2,4,23,B01
200500033835,0,07,000,00,1,1,01,A01
200500033836,0,13,000,00,2,3,15,A01
200500033836,0,07,000,00,2,1,01,B01
200500033837,0,07,000,00,2,3,02,A01
200500033837,0,07,000,00,2,9,02,B01
200500033838,0,07,000,00,1,7,00,A01
200500033839,0,07,000,00,2,6,15,A01
200500033839,0,07,000,00,2,1,01,B01
200500033840,0,07,000,00,1,1,01,A01
200500033841,0,07,000,00,1,1,01,A01
200500033842,0,05,000,00,1,1,17,A01
200500033843,2,07,000,01,0,1,14,A01
200500033844,0,07,000,01,9,4,24,B01
200500033845,0,07,000,00,1,2,01,A01
200500033846,0,07,000,00,0,7,01,A01
200500033846,0,07,000,00,0,1,23,C01
200500033846,0,07,000,00,2,1,01,B01
200500033847,0,02,000,00,2,1,02,A01
200500033847,0,07,000,00,0,6,02,B01
200500033848,0,07,000,00,2,1,02,A01
200500033848,0,07,000,00,2,4,23,B01
200500033848,0,07,000,00,2,4,23,C01
200500033848,0,07,000,00,2,4,23,D01
200500033848,0,07,000,00,2,4,23,E01
200500033848,0,07,000,00,2,4,23,F01
200500033849,0,02,000,00,2,1,01,A01
200500033849,0,07,000,00,0,6,13,B01
200500033850,0,07,000,00,2,1,01,B01
200500033850,0,07,000,00,2,2,09,A01
200500033851,0,07,000,00,2,3,15,A01
200500033851,0,05,000,00,2,1,17,B01
200500033851,0,07,000,00,2,1,01,C01
200500033852,0,07,000,00,2,2,01,A01
200500033852,0,07,000,00,2,7,01,B01
200500033853,0,07,000,00,1,4,04,A01
200500033854,0,02,000,00,2,1,09,A01
200500033854,0,07,000,00,2,2,01,B01
200500033855,0,07,000,00,2,1,15,A01
200500033855,0,07,000,00,2,1,01,B01
200500033856,0,07,000,00,1,1,01,A01
200500033857,0,07,000,00,1,1,01,A01
200500033858,0,07,000,00,2,1,01,A01
200500033858,0,07,000,00,2,4,01,B01
200500033858,0,07,000,00,0,4,01,C01
200500033859,0,07,000,00,1,1,21,A01
200500033860,0,07,000,00,1,2,01,A01
200500033861,0,07,000,01,2,2,17,A01
200500033861,0,07,000,00,0,3,15,B01
200500033862,0,05,000,00,2,1,01,A01
200500033862,0,07,000,00,2,3,15,B01
200500033863,0,14,000,00,1,3,15,A01
200500033864,0,05,000,00,1,1,01,A01
200500033865,0,05,000,00,2,1,01,A01
200500033865,0,07,000,00,0,3,23,B01
200500033865,0,07,000,00,2,1,23,C01
200500033865,0,05,000,00,0,0,24,D01
200500033866,0,07,000,00,1,1,15,A01
200500033867,0,05,000,00,2,1,01,B01
200500033867,0,07,000,00,2,7,15,A01
200500033868,0,07,000,00,2,2,01,A01
200500033868,0,01,000,00,2,1,19,B01
200500033869,0,07,000,00,2,1,01,A01
200500033869,0,07,000,00,2,4,23,B01
200500033869,0,07,000,00,2,4,23,C01
200500033869,0,07,000,00,0,4,23,D01
200500033870,0,07,000,00,2,1,01,A01
200500033870,0,07,000,00,2,4,23,B01
200500033870,0,07,000,00,0,6,23,C01
200500033870,0,07,000,00,2,1,01,D01
200500033871,0,07,000,00,2,2,01,A01
200500033871,0,07,000,07,2,8,15,B01
200500033872,0,07,000,00,1,8,01,A01
200500033873,0,07,000,00,2,1,15,A01
200500033873,0,07,000,00,2,1,01,B01
200500033874,0,07,000,00,9,7,01,B01
200500033874,0,01,000,00,2,1,01,A01
200500033875,0,07,000,00,2,1,01,A01
200500033875,0,01,000,00,2,8,01,B01
200500033876,0,01,000,00,2,1,01,A01
200500033876,0,07,000,00,2,7,13,B01
200500033877,0,07,000,00,2,7,08,A01
200500033877,0,05,000,00,2,1,01,B01
200500033878,0,07,000,00,0,8,15,B01
200500033878,0,05,000,00,2,8,01,A01
200500033879,0,07,000,00,2,1,15,A01
200500033879,0,07,000,00,2,1,01,B01
200500033880,0,01,000,00,0,0,02,A01
200500033881,0,07,000,00,2,5,16,A01
200500033881,0,18,000,00,2,3,01,B01
200500033882,1,18,040,00,2,5,01,A01
200500033882,0,01,000,00,2,8,01,B01
200500033883,0,02,000,00,9,0,00,A01
200500033884,0,02,000,00,2,1,01,A01
200500033884,0,01,000,00,2,1,01,B01
200500033885,0,07,000,04,2,6,18,A01
200500033885,0,10,000,00,2,5,01,B01
200500033886,0,05,000,00,2,1,01,A01
200500033886,0,10,000,00,0,4,16,B01
200500033887,0,07,000,00,2,8,01,B01
200500033887,0,02,000,00,2,1,01,A01
200500033888,0,07,000,00,1,1,20,A01
200500033889,0,07,000,00,2,1,02,A01
200500033889,0,07,000,00,0,4,02,B01
200500033890,0,02,000,00,2,4,01,B01
200500033890,1,07,000,00,2,1,01,A01
200500033891,0,02,000,00,2,1,01,A01
200500033891,0,02,000,00,0,4,23,B01
200500033892,0,07,000,01,0,2,14,A01
200500033893,0,07,000,00,2,0,01,A01
200500033893,0,07,000,00,2,0,07,B01
200500033894,0,05,000,00,2,1,01,B01
200500033894,0,10,000,00,2,1,01,A01
200500033895,0,02,000,00,2,1,01,A01
200500033895,0,07,000,00,2,3,01,B01
200500033896,0,01,000,00,0,0,01,A01
200500033897,0,05,000,08,2,1,17,A01
200500033897,0,07,000,00,2,3,15,B01
200500033898,2,07,000,00,0,0,17,A01
200500033898,0,07,000,00,0,1,01,B01
200500033899,0,02,000,00,2,1,01,A01
200500033899,0,07,000,00,0,4,01,B01
200500033900,0,07,000,00,2,0,01,A01
200500033900,0,04,000,00,2,0,01,B01
200500033901,0,07,000,00,1,0,00,A01
200500033902,0,07,000,00,2,1,05,A01
200500033902,0,07,000,00,2,1,01,B01
200500033903,0,02,000,07,0,1,01,A01
200500033904,0,19,000,00,1,7,01,A01
200500033905,0,02,000,00,2,1,01,A01
200500033905,0,07,000,00,2,4,23,B01
200500033906,0,07,000,06,0,1,14,A01
200500033907,0,05,000,12,0,1,01,A01
200500033908,0,07,000,00,1,4,20,A01
200500033909,0,05,000,00,2,3,15,A01
200500033909,0,07,000,00,2,6,15,B01
200500033910,0,05,000,00,2,7,01,A01
200500033910,0,07,000,00,2,8,01,B01
200500033911,0,05,000,01,0,1,01,A01
200500033911,0,07,000,00,2,5,23,B01
200500033912,0,07,000,00,2,2,15,A01
200500033912,0,02,000,00,2,1,00,B01
200500033913,0,02,000,00,2,1,13,A01
200500033913,0,01,000,00,2,1,01,B01
200500033914,0,07,000,00,2,1,01,A01
200500033914,0,07,000,00,2,4,23,B01
200500033915,0,07,000,00,2,3,15,A01
200500033915,0,02,000,00,2,1,17,B01
200500033916,0,15,000,00,2,1,01,A01
200500033916,0,07,000,15,2,4,01,B01
200500033917,0,02,000,01,0,1,13,A01
200500033918,0,07,000,00,2,7,15,A01
200500033918,0,02,000,00,2,1,01,B01
200500033919,0,20,000,00,2,7,01,A01
200500033919,0,01,000,00,2,8,01,B01
200500033920,0,05,000,00,2,1,02,A01
200500033920,0,07,000,00,2,4,02,B01
200500033921,0,10,000,00,1,4,04,A01
200500033922,0,07,000,00,2,2,16,A01
200500033922,0,02,000,00,2,3,01,B01
200500033923,0,07,000,00,2,1,00,A01
200500033923,0,07,000,00,2,4,01,B01
200500033923,0,07,000,00,2,4,01,C01
200500033923,0,07,000,00,2,4,00,D01
200500033924,0,07,000,00,2,2,17,A01
200500033924,0,02,000,00,2,1,01,B01
200500033925,0,07,000,00,2,5,16,A01
200500033925,0,02,000,00,2,1,01,B01
200500033926,0,02,000,00,4,3,13,A01
200500033926,0,19,000,00,2,2,01,B01
200500033927,0,07,000,07,0,1,01,A01
200500033928,0,07,000,00,1,2,01,A01
200500033929,0,01,000,00,2,1,01,A01
200500033929,0,07,000,00,2,1,01,B01
200500033930,0,07,000,00,2,1,00,A01
200500033930,0,07,000,00,2,4,00,B01
200500033930,0,07,000,00,2,4,00,C01
200500033931,0,07,000,01,0,1,01,A01
200500033931,0,07,000,00,2,4,23,B01
200500033932,0,07,000,08,0,1,14,A01
200500033933,0,10,000,00,1,1,01,A01
200500033934,0,07,000,00,2,3,13,A01
200500033934,0,07,000,00,2,3,01,B01
200500033935,0,18,017,00,1,1,01,A01
200500033936,0,02,000,00,2,1,00,A01
200500033936,0,07,000,00,2,7,00,B01
200500033937,0,07,000,00,2,1,02,A01
200500033937,0,08,000,00,2,4,01,B01
200500033938,0,07,000,00,2,2,15,A01
200500033938,0,05,000,00,2,1,01,B01
200500033939,0,07,000,00,2,1,15,A01