Num_Acc,senc,catv,occutc,obs,obsm,choc,manv,num_veh
200500033939,0,04,000,00,2,1,01,B01
200500033940,1,02,000,00,1,0,01,A01
200500033941,1,07,000,00,2,1,02,A01
200500033941,0,07,000,00,2,4,01,B01
200500033942,0,07,000,00,2,1,15,A01
200500033942,0,07,000,00,2,1,01,B01
200500033943,0,05,000,00,2,5,01,A01
200500033943,0,07,000,00,2,5,19,B01
200500033944,0,07,000,00,1,1,01,A01
200500033945,0,02,000,00,2,1,17,A01
200500033945,0,02,000,00,2,3,01,B01
200500033946,0,07,000,00,2,1,01,A01
200500033946,0,07,000,00,0,0,00,B01
200500033947,0,02,000,00,2,1,01,A01
200500033947,0,07,000,00,2,4,01,B01
200500033948,0,13,000,13,0,2,14,A01
200500033949,0,07,000,00,2,3,09,A01
200500033949,0,02,000,00,2,2,01,B01
200500033950,0,07,000,00,2,3,02,A01
200500033950,0,05,000,00,2,1,02,B01
200500033951,0,02,000,00,2,1,01,B01
200500033951,0,07,000,00,2,3,15,A01
200500033952,0,01,000,00,2,1,01,A01
200500033952,0,07,000,00,2,2,01,B01
200500033953,0,14,000,00,2,4,12,A01
200500033953,0,05,000,00,2,2,01,B01
200500033954,0,07,000,00,1,3,00,A01
200500033955,0,07,000,00,2,3,16,A01
200500033955,0,07,000,00,2,7,00,B01
200500033956,0,07,000,00,1,0,00,A01
200500033957,0,07,000,00,2,1,00,A01
200500033957,0,07,000,00,2,4,00,B01
200500033958,0,07,000,00,2,8,01,B01
200500033958,0,01,000,00,2,2,01,A01
200500033959,0,07,000,00,2,2,01,A01
200500033959,0,01,000,00,2,8,01,B01
200500033960,0,10,000,00,2,2,12,A01
200500033960,0,05,000,00,2,1,01,B01
200500033961,0,05,000,00,2,1,01,B01
200500033961,0,07,000,00,2,3,15,A01
200500033962,0,07,000,00,2,2,00,A01
200500033962,0,07,000,00,2,3,01,B01
200500033963,0,07,000,00,2,1,02,A01
200500033963,0,07,000,00,2,4,23,B01
200500033964,1,07,000,00,1,0,01,A01
200500033965,0,07,000,00,2,1,02,A01
200500033965,0,07,000,00,0,3,23,B01
200500033966,0,07,000,00,1,2,01,A01
200500033967,0,07,000,00,2,3,15,A01
200500033967,0,07,000,08,2,3,01,B01
200500033967,0,07,000,15,0,3,01,C01
200500033968,0,07,000,08,0,9,01,A01
200500033969,0,07,000,00,2,1,02,A01
200500033969,0,05,000,00,0,4,02,B01
200500033970,0,07,000,00,2,3,17,A01
200500033970,0,05,000,00,0,7,15,B01
200500033971,0,05,000,03,0,1,01,A01
200500033972,0,02,000,08,0,1,02,A01
200500033973,0,07,000,00,2,2,01,B01
200500033973,0,07,000,00,2,2,15,A01
200500033974,0,04,000,00,1,0,01,A01
200500033975,0,07,000,00,2,3,00,A01
200500033975,0,07,000,00,2,4,00,B01
200500033976,0,02,000,00,2,1,00,A01
200500033976,0,07,000,00,2,3,00,B01
200500033977,0,07,000,14,0,9,01,A01
200500033978,1,07,000,00,2,0,00,A01
200500033978,0,01,000,00,2,4,00,B01
200500033979,0,07,000,00,2,1,09,A01
200500033979,0,02,000,00,2,1,00,B01
200500033980,0,07,000,00,1,1,17,A01
200500033981,2,07,000,00,1,1,00,A01
200500033982,0,07,000,00,2,1,15,A01
200500033982,0,05,000,00,2,0,01,B01
200500033983,0,07,000,00,2,1,15,A01
200500033983,0,02,000,00,2,1,02,B01
200500033984,0,07,000,02,0,1,01,A01
200500033985,0,07,000,00,2,3,14,A01
200500033985,0,05,000,00,2,2,17,B01
200500033986,0,10,000,00,2,3,01,A01
200500033986,0,10,000,00,2,3,15,B01
200500033987,0,18,000,00,2,2,16,A01
200500033987,0,01,000,00,2,0,01,B01
200500033988,0,07,000,00,2,1,01,A01
200500033988,0,01,000,00,2,7,19,B01
200500033989,0,02,000,00,2,2,17,A01
200500033989,0,07,000,00,2,8,15,B01
200500033990,0,02,000,00,2,1,17,A01
200500033990,0,07,000,00,2,3,01,B01
200500033991,0,07,000,00,2,7,09,A01
200500033991,0,05,000,00,2,1,01,B01
200500033992,0,07,000,00,2,1,02,A01
200500033992,0,07,000,00,0,4,01,B01
200500033993,0,07,000,00,1,3,02,A01
200500033994,0,05,000,00,2,1,02,B01
200500033995,0,07,000,00,1,2,01,A01
200500033996,0,05,000,00,0,0,00,B01
200500033996,0,07,000,00,2,2,09,A01
200500033997,1,07,000,00,1,2,01,A01
200500033998,0,07,000,00,2,5,00,A01
200500033998,0,01,000,00,0,0,00,B01
200500033999,0,05,000,00,2,1,01,B01
200500034000,0,07,000,13,0,3,01,A01
200500034001,0,07,000,00,2,3,17,A01
200500034001,0,07,000,03,0,3,21,B01
200500034002,1,15,000,00,2,2,14,A01
200500034002,0,01,000,00,0,8,09,B01
200500034003,0,07,000,00,0,2,01,B01
200500034003,0,02,000,00,2,8,01,A01
200500034004,0,05,000,11,0,1,02,A01
200500034005,0,07,000,00,2,1,02,A01
200500034005,0,07,000,00,0,4,01,B01
200500034006,0,01,000,00,2,1,01,A01
200500034006,0,01,000,00,2,7,16,B01
200500034007,0,18,000,00,2,1,01,B01
200500034007,0,07,000,00,2,1,15,A01
200500034008,0,07,000,00,2,3,01,A01
200500034008,0,18,001,00,2,2,15,B01
200500034009,0,07,000,00,1,1,16,A01
200500034010,0,07,000,00,2,7,17,A01
200500034010,0,02,000,00,2,1,01,B01
200500034011,0,07,000,00,1,1,15,A01
200500034012,0,07,000,00,2,1,15,A01
200500034012,0,02,000,00,2,8,01,B01
200500034013,0,07,000,00,1,1,01,A01
200500034014,0,02,000,00,0,0,01,A01
200500034015,0,07,000,00,2,1,01,A01
200500034015,0,07,000,00,2,4,23,B01
200500034015,0,07,000,00,2,4,23,C01
200500034016,0,02,000,00,2,5,15,A01
200500034016,0,02,000,00,2,1,01,B01
200500034017,0,07,000,04,0,1,01,A01
200500034018,0,17,000,00,2,2,16,A01
200500034018,0,01,000,00,2,1,02,B01
200500034019,0,05,000,01,0,1,15,B01
200500034020,0,07,000,12,0,4,01,A01
200500034021,0,02,000,00,2,1,01,B01
200500034021,0,07,000,00,2,8,15,A01
200500034022,0,01,000,01,0,1,01,A01
200500034023,0,07,000,02,0,1,01,A01
200500034024,0,07,000,00,1,4,04,A01
200500034025,0,02,000,00,0,0,01,A01
200500034026,0,05,000,00,0,0,01,A01
200500034027,0,07,000,00,2,3,01,A01
200500034027,0,07,000,00,2,1,01,B01
200500034028,0,07,000,00,0,1,01,A01
200500034029,0,07,000,00,2,1,01,B01
200500034029,0,02,000,00,2,1,01,A01
200500034030,0,04,000,14,0,0,01,A01
200500034031,0,01,000,00,0,0,01,A01
200500034032,0,07,000,00,2,1,01,A01
200500034032,0,07,000,00,2,4,01,B01
200500034033,0,07,000,07,0,1,01,A01
200500034034,0,07,000,00,2,1,01,A01
200500034034,0,01,000,00,2,4,01,B01
200500034035,0,07,000,00,2,6,01,A01
200500034035,0,05,000,00,2,7,16,B01
200500034036,0,10,000,01,0,1,01,A01
200500034037,0,02,000,00,2,1,01,A01
200500034037,0,07,000,00,2,3,15,B01
200500034038,0,04,000,00,2,1,01,B01
200500034038,0,07,000,00,2,3,01,A01
200500034039,0,07,000,00,2,1,01,A01
200500034039,0,07,000,00,2,7,01,B01
200500034040,0,02,000,01,0,4,14,A01
200500034041,1,07,000,00,2,1,01,A01
200500034041,0,02,000,00,2,1,01,B01
200500034042,0,07,000,00,2,1,01,A01
200500034042,0,07,000,00,2,4,01,B01
200500034043,0,07,000,00,2,7,16,A01
200500034043,0,02,000,00,2,8,01,B01
200500034044,0,07,000,00,2,1,01,A01
200500034044,0,07,000,00,2,4,23,B01
200500034044,0,07,000,00,2,4,23,C01
200500034045,0,02,000,00,2,1,01,A01
200500034045,0,07,000,00,2,4,01,B01
200500034046,1,01,000,00,2,4,09,A01
200500034046,0,01,000,00,2,1,01,B01
200500034047,0,07,000,00,2,7,01,A01
200500034047,0,07,000,00,2,8,01,B01
200500034048,0,07,000,15,0,1,01,A01
200500034049,0,07,000,00,2,2,16,A01
200500034049,0,01,000,00,2,1,01,B01
200500034050,0,07,000,00,2,1,01,B01
200500034050,0,07,000,00,2,1,15,A01
200500034051,0,07,000,00,2,7,14,A01
200500034051,0,01,000,00,2,1,18,B01
200500034052,0,07,000,00,2,3,01,A01
200500034052,0,07,000,00,2,5,23,B01
200500034053,0,07,000,00,2,6,16,A01
200500034053,0,01,000,00,2,1,01,B01
200500034054,0,07,000,00,2,1,01,B01
200500034054,0,07,000,00,2,8,01,A01
200500034055,0,10,000,00,0,1,00,A01
200500034056,0,02,000,00,0,7,09,A01
200500034057,0,07,000,07,0,1,01,A01
200500034058,0,05,000,16,0,1,02,A01
200500034059,0,07,000,00,2,7,02,A01
200500034059,0,07,000,00,2,6,02,B01
200500034059,0,17,000,00,2,3,05,C01
200500034059,0,07,000,00,2,3,02,D01
200500034060,0,07,000,00,2,7,16,A01
200500034060,0,02,000,00,2,8,02,B01
200500034061,0,07,000,00,2,2,02,A01
200500034061,0,05,000,00,2,1,02,B01
200500034062,0,07,000,00,2,2,16,A01
200500034062,0,02,000,00,2,3,02,B01
200500034063,0,07,000,10,0,1,01,A01
200500034064,0,10,000,00,2,2,15,A01
200500034064,0,07,000,00,2,1,01,B01
200500034065,0,10,000,00,2,2,15,A01
200500034065,0,07,000,00,2,1,01,B01
200500034066,0,07,000,00,2,3,01,B01
200500034066,0,07,000,00,2,3,01,C01
200500034066,0,07,000,00,2,2,15,A01
200500034067,0,07,000,00,2,1,01,A01
200500034067,0,07,000,00,2,4,01,B01
200500034068,0,07,000,00,2,1,01,A01
200500034068,0,07,000,00,2,4,01,B01
200500034069,0,07,000,00,9,6,01,A01
200500034069,0,01,000,00,2,1,01,B01
200500034070,1,07,000,00,1,1,01,A01
200500034071,0,07,000,00,2,1,01,B01
200500034071,0,02,000,00,2,8,01,A01
200500034072,0,07,000,00,2,1,15,A01
200500034072,0,02,000,00,2,1,01,B01
200500034073,0,07,000,00,1,7,01,A01
200500034074,0,07,000,00,2,8,01,B01
200500034074,0,07,000,00,2,1,09,A01
200500034075,0,07,000,00,2,1,01,A01
200500034075,0,07,000,00,2,4,01,B01
200500034076,0,05,000,00,2,1,01,B01
200500034076,0,07,000,00,2,8,01,A01
200500034077,0,02,000,00,2,2,01,B01
200500034077,0,03,000,00,2,3,09,A01
200500034078,0,01,000,00,2,3,19,A01
200500034078,0,07,000,00,2,1,01,B01
200500034079,0,01,000,00,2,7,19,A01
200500034079,0,07,000,00,2,1,01,B01
200500034080,0,02,000,00,2,1,01,A01
200500034080,0,07,000,00,2,4,01,B01
200500034081,0,07,000,00,2,1,01,A01
200500034081,0,07,000,00,2,8,15,B01
200500034082,0,02,000,14,0,2,01,A01
200500034083,0,07,000,00,2,1,01,A01
200500034083,0,07,000,00,2,1,01,B01
200500034084,0,02,000,00,2,1,01,A01
200500034084,0,15,000,00,2,4,16,B01
200500034085,0,07,000,00,2,1,01,A01
200500034085,0,01,000,00,2,4,01,B01
200500034086,1,07,000,00,1,1,01,A01
200500034087,0,07,000,08,2,1,13,A01
200500034087,0,07,000,00,2,3,01,B01
200500034088,0,07,000,00,2,7,01,A01
200500034088,0,07,000,00,2,1,01,B01
200500034089,0,02,000,00,0,0,01,A01
200500034090,0,07,000,01,0,1,14,A01
200500034091,0,07,000,00,1,1,01,A01
200500034092,0,07,000,00,2,8,15,A01
200500034092,0,05,000,00,2,1,01,B01
200500034093,0,07,000,00,9,1,21,B01
200500034093,0,02,000,00,2,8,15,A01
200500034094,0,07,000,00,2,2,17,A01
200500034094,0,01,000,00,2,4,00,B01
200500034094,0,01,000,00,0,4,00,C01
200500034095,0,02,000,00,2,1,15,A01
200500034095,0,07,000,00,2,8,09,B01
200500034096,0,10,000,00,1,5,01,A01
200500034097,0,15,000,00,2,8,19,A01
200500034097,0,02,000,00,2,1,00,B01
200500034098,0,05,000,07,0,1,01,A01
200500034099,0,18,015,00,1,2,07,A01
200500034100,0,04,000,00,0,8,15,A01
200500034100,0,05,000,00,2,1,17,B01
200500034101,0,07,000,06,0,3,13,A01
200500034102,0,07,000,00,2,1,15,A01
200500034102,0,02,000,00,2,8,01,B01
200500034103,0,07,000,00,2,2,15,A01
200500034103,0,05,000,00,2,1,01,B01
200500034104,0,02,000,00,2,1,02,A01
200500034104,0,07,000,00,0,4,02,B01
200500034105,0,10,000,00,2,1,00,A01
200500034105,0,05,000,00,2,1,17,B01
200500034106,0,10,000,00,2,2,01,A01
200500034106,0,02,000,00,2,1,09,B01
200500034107,0,10,000,00,2,2,09,A01
200500034107,0,02,000,00,2,1,17,B01
200500034108,0,07,000,00,2,3,02,A01
200500034108,0,07,000,00,2,2,02,B01
200500034109,0,04,000,00,2,1,18,B01
200500034109,0,07,000,00,2,2,16,A01
200500034110,0,07,000,00,2,1,13,A01
200500034110,0,07,000,00,2,3,21,B01
200500034111,0,02,000,00,2,1,01,A01
200500034111,0,07,000,00,2,3,16,B01
200500034112,0,07,000,00,2,3,01,B01
200500034112,1,07,000,00,2,2,02,A01
200500034113,1,07,000,00,2,3,18,A01
200500034113,0,02,000,00,2,2,13,B01
200500034114,0,07,000,00,1,7,21,A01
200500034115,1,05,000,00,1,4,00,A01
200500034116,0,07,000,00,2,1,02,A01
200500034116,0,07,000,00,2,8,15,B01
200500034117,0,07,000,00,0,1,19,A01
200500034118,0,01,000,00,2,1,05,A01
200500034118,0,01,000,00,2,1,01,B01
200500034119,0,07,000,00,2,8,15,A01
200500034119,0,04,000,00,2,1,17,B01
200500034120,0,07,000,00,1,1,02,A01
200500034120,0,01,000,00,2,0,02,B01
200500034121,0,07,000,00,2,1,15,A01
200500034121,0,99,000,00,2,1,15,B01
200500034122,0,10,000,00,1,2,21,A01
200500034123,0,18,009,00,2,1,13,A01
200500034123,0,04,000,00,2,1,01,B01
200500034124,0,05,000,01,2,1,17,A01
200500034124,0,07,000,00,2,3,15,B01
200500034125,0,07,000,00,1,3,21,A01
200500034126,0,02,000,00,2,1,21,A01
200500034126,0,07,000,00,2,4,07,B01
200500034127,0,07,000,13,0,8,21,A01
200500034128,0,07,000,00,1,7,21,A01
200500034129,0,02,000,00,2,1,21,B01
200500034129,0,10,000,00,2,8,09,A01
200500034130,0,10,000,01,1,7,14,A01
200500034131,0,07,000,00,2,2,02,A01
200500034131,0,05,000,00,0,6,01,B01
200500034132,0,04,000,00,2,1,01,A01
200500034132,0,07,000,00,2,2,01,B01
200500034133,0,07,000,00,2,7,15,A01
200500034133,0,01,000,00,2,3,15,B01
200500034134,0,04,000,00,1,1,01,A01
200500034135,0,07,000,00,2,2,01,B01
200500034135,0,07,000,00,2,3,01,A01
200500034136,0,07,000,10,0,1,01,A01
200500034137,0,07,000,03,2,2,13,A01
200500034137,0,07,000,00,2,1,01,B01
200500034138,0,14,000,00,2,5,19,A01
200500034138,0,04,000,00,2,1,01,B01
200500034139,0,02,000,00,2,1,02,A01
200500034139,0,07,000,00,0,6,23,B01
200500034140,0,07,000,00,1,1,01,A01
200500034141,0,02,000,00,2,8,15,A01
200500034141,0,07,000,00,2,2,02,B01
200500034142,0,07,000,00,2,3,16,A01
200500034142,0,02,000,00,2,8,19,B01
200500034143,0,07,000,00,1,7,15,A01
200500034144,0,07,000,00,1,7,01,A01
200500034145,0,07,000,00,2,7,15,A01
200500034145,0,05,000,00,2,1,01,B01
200500034146,0,07,000,00,2,1,02,A01
200500034146,0,07,000,00,2,4,02,B01
200500034146,0,07,000,00,2,4,02,C01
200500034147,0,07,000,14,0,9,01,A01
200500034148,0,09,000,00,2,7,15,A01
200500034148,0,02,000,00,2,1,01,B01
200500034149,0,07,000,00,2,3,03,A01
200500034149,0,07,000,00,2,8,01,B01
200500034150,0,07,000,00,1,1,01,A01
200500034151,0,10,000,00,2,2,01,A01
200500034151,0,07,000,00,2,1,01,B01
200500034152,0,07,000,00,2,7,01,A01
200500034152,0,05,000,00,2,1,01,B01
200500034153,0,07,000,00,2,4,01,A01
200500034153,0,07,000,00,2,4,01,B01
200500034153,0,10,000,00,2,1,01,C01
200500034153,0,10,000,00,2,1,01,D01
200500034154,0,02,000,00,2,1,09,A01
200500034155,0,07,000,00,1,2,01,A01
200500034156,0,07,000,00,2,2,10,A01
200500034156,0,05,000,00,2,1,01,B01
200500034157,0,07,000,00,2,1,08,A01
200500034157,0,04,000,00,2,7,01,B01
200500034158,0,07,000,00,1,4,04,A01
200500034159,0,07,000,00,1,1,01,A01
200500034160,0,07,000,00,2,1,01,A01
200500034160,0,07,000,00,0,8,15,B01
200500034161,0,07,000,00,1,1,15,A01
200500034162,1,07,000,00,1,5,01,A01
200500034163,0,07,000,00,1,1,01,A01
200500034164,0,07,000,00,0,6,01,B01
200500034164,0,02,000,00,2,1,01,A01
200500034165,0,07,000,00,2,4,04,A01
200500034165,0,07,000,00,0,1,00,B01
200500034166,0,07,000,00,2,1,15,A01
200500034166,0,07,000,00,2,5,01,B01
200500034167,1,07,000,00,1,2,01,A01
200500034168,0,02,000,00,2,1,01,A01
200500034168,0,07,000,00,2,3,01,B01
200500034169,0,07,000,00,1,1,01,A01
200500034170,0,07,000,00,2,7,15,A01
200500034170,0,07,000,00,2,1,01,B01
200500034171,0,02,000,00,2,1,09,A01
200500034171,0,07,000,00,2,6,01,B01
200500034172,0,05,000,00,2,1,17,A01
200500034172,0,07,000,00,2,8,01,B01
200500034173,0,10,000,00,2,1,01,A01
200500034173,0,07,000,00,2,4,23,B01
200500034173,0,10,000,00,2,4,23,C01
200500034174,0,14,000,00,2,7,12,A01
200500034174,0,07,000,00,2,3,01,B01
200500034175,0,99,000,00,2,8,01,A01
200500034175,0,03,000,00,2,1,01,B01
200500034176,0,04,000,01,2,8,15,A01
200500034176,0,07,000,00,2,8,01,B01
200500034177,0,02,000,00,2,1,01,A01
200500034177,0,07,000,00,2,4,01,B01
200500034178,0,07,000,01,0,1,15,A01
200500034178,0,07,000,00,2,1,24,B01
200500034179,0,07,000,00,2,1,09,A01
200500034179,0,05,000,00,0,7,01,B01
200500034180,0,07,000,01,2,2,15,B01
200500034180,0,10,000,00,2,3,01,A01
200500034181,0,17,000,00,1,1,15,A01
200500034182,0,01,000,00,2,8,01,A01
200500034182,1,07,000,00,2,1,15,B01
200500034183,0,07,000,00,1,1,01,A01
200500034184,0,07,000,01,0,2,01,A01
200500034185,0,07,000,00,2,1,01,A01
200500034185,0,07,000,00,2,4,23,B01
200500034186,0,07,000,00,1,2,01,A01
200500034187,0,07,000,00,0,8,01,B01
200500034187,0,02,000,00,2,1,01,A01
200500034188,0,07,000,00,0,0,15,A01
200500034188,0,02,000,00,0,8,01,B01
200500034189,0,07,000,00,1,1,15,A01
200500034190,0,02,000,00,0,1,01,A01
200500034191,0,07,000,00,2,1,01,A01
200500034191,0,07,000,00,2,1,01,B01
200500034192,0,07,000,00,2,7,16,A01
200500034192,0,02,000,00,2,1,01,B01
200500034193,0,07,000,11,0,1,15,A01
200500034194,0,99,000,00,2,1,13,A01
200500034194,0,07,000,00,0,8,01,B01
200500034195,1,01,000,00,1,0,00,A01
200500034196,1,07,000,00,2,0,02,A01
200500034196,0,07,000,00,2,4,02,B01
200500034197,0,02,000,00,2,1,17,A01
200500034197,0,07,000,00,9,3,15,B01
200500034198,0,07,000,03,0,9,14,A01
200500034199,0,10,000,01,2,2,17,A01
200500034199,0,07,000,00,2,8,15,B01
200500034200,0,02,000,00,2,1,00,A01
200500034200,0,07,000,00,2,1,02,B01
200500034201,0,07,000,00,2,1,15,A01
200500034201,0,05,000,00,2,8,01,B01
200500034202,0,05,000,16,0,2,01,A01
200500034203,0,07,000,08,0,1,01,A01
200500034204,0,07,000,01,0,1,01,A01
200500034205,0,07,000,00,2,1,01,A01
200500034205,0,07,000,00,2,4,01,B01
200500034205,0,07,000,00,2,4,01,C01
200500034205,0,07,000,00,2,4,01,D01
200500034206,0,07,000,13,0,1,01,A01
200500034207,0,02,000,00,2,4,01,A01
200500034207,0,07,000,00,2,1,01,B01
200500034208,0,07,000,00,2,1,15,A01
200500034208,0,07,000,00,2,3,01,B01
200500034208,0,07,000,00,2,3,23,C01
200500034209,0,07,000,00,2,1,01,A01
200500034209,0,02,000,00,2,4,00,B01
200500034210,0,04,000,14,0,1,01,A01
200500034211,0,07,000,00,2,1,01,A01
200500034211,0,07,000,00,2,8,09,B01
200500034212,0,07,000,00,2,7,16,A01
200500034212,0,01,000,00,2,8,01,B01
200500034213,0,17,000,06,0,7,01,A01
200500034214,0,07,000,08,0,8,00,A01
200500034215,0,02,000,12,0,1,01,A01
200500034216,0,07,000,00,1,1,01,A01
200500034217,0,07,000,00,1,1,09,A01
200500034218,0,02,000,12,0,1,01,A01
200500034219,0,07,000,00,2,2,01,B01
200500034219,0,02,000,00,2,1,09,A01
200500034220,0,07,000,00,2,1,01,A01
200500034220,0,07,000,00,2,7,15,B01
200500034221,0,07,000,13,0,1,01,A01
200500034222,0,02,000,00,0,0,01,A01
200500034223,0,07,000,00,2,4,04,A01
200500034223,0,01,000,00,2,1,01,B01
200500034224,0,07,000,00,1,7,01,A01
200500034225,0,02,000,00,2,1,01,A01
200500034225,0,07,000,00,2,1,01,B01
200500034226,0,07,000,06,0,1,01,A01
200500034227,0,07,000,06,0,1,01,A01
200500034228,0,18,000,00,2,8,23,B01
200500034228,0,20,000,00,2,0,16,A01
200500034229,0,01,000,00,2,1,18,A01
200500034229,0,07,000,00,0,7,20,B01
200500034230,0,01,000,00,2,8,01,A01
200500034230,0,07,000,00,2,7,01,B01
200500034231,0,01,000,00,0,8,01,B01
200500034231,0,07,000,00,2,1,01,A01
200500034232,0,07,000,00,2,1,01,A01
200500034232,0,07,000,00,0,8,01,B01
200500034233,0,05,000,00,2,1,01,A01
200500034233,0,14,000,00,0,7,16,B01
200500034234,0,07,000,00,2,1,01,A01
200500034234,0,07,000,00,2,1,01,B01
200500034235,0,01,000,00,2,1,01,A01
200500034235,0,07,000,00,0,3,15,B01
200500034236,0,02,000,00,2,1,18,A01
200500034236,0,07,000,00,0,7,16,B01
200500034237,0,07,000,00,2,5,15,A01
200500034237,0,02,000,00,2,1,01,B01
200500034238,0,05,000,00,0,7,01,A01
200500034239,0,07,000,00,2,2,15,A01
200500034239,0,07,000,00,2,3,00,B01
200500034240,0,07,000,00,1,2,01,A01
200500034241,0,02,000,00,2,1,15,A01
200500034241,0,01,000,00,2,1,00,B01
200500034242,0,02,000,00,2,1,01,A01
200500034242,0,07,000,00,2,2,16,B01
200500034243,0,07,000,00,2,1,13,A01
200500034243,0,07,000,00,2,1,01,B01
200500034244,0,04,000,00,2,2,01,A01
200500034244,0,07,000,00,2,1,01,B01
200500034245,0,07,000,00,2,3,15,A01
200500034245,0,02,000,00,2,1,01,B01
200500034246,0,07,000,00,1,0,01,A01
200500034247,0,02,000,00,2,0,01,A01
200500034247,0,07,000,00,2,3,01,B01
200500034248,0,07,000,00,2,4,01,A01
200500034248,0,07,000,00,2,1,01,B01
200500034249,0,07,000,00,2,1,01,A01
200500034249,0,07,000,00,2,4,23,B01
200500034249,0,07,000,00,0,4,23,C01
200500034250,0,02,000,00,2,1,01,A01
200500034250,0,07,000,00,2,3,01,B01
200500034251,0,07,000,06,2,3,01,A01
200500034251,0,07,000,00,2,1,01,B01
200500034252,0,07,000,00,2,2,15,A01
200500034252,0,02,000,00,2,1,12,B01
200500034253,1,02,000,00,2,1,17,A01
200500034253,0,02,000,00,2,8,01,B01
200500034254,0,07,000,00,2,7,14,A01
200500034254,0,01,000,00,2,8,01,B01
200500034255,0,02,000,00,2,1,01,A01
200500034255,0,01,000,00,2,8,01,B01
200500034256,0,07,000,00,2,1,01,B01
200500034256,0,07,000,00,2,7,15,A01
200500034257,0,07,000,00,1,1,15,A01
200500034258,0,02,000,00,2,2,01,A01
200500034258,0,07,000,00,2,3,01,B01
200500034259,0,07,000,14,0,1,02,A01
200500034259,0,07,000,00,2,4,23,B01
200500034259,0,07,000,00,2,4,23,C01
200500034260,0,07,000,00,2,7,01,A01
200500034261,0,07,000,00,1,1,00,A01
200500034262,0,07,000,00,2,3,09,A01
200500034262,0,02,000,00,2,1,01,B01
200500034263,0,02,000,00,0,9,15,A01
200500034264,0,07,000,00,2,1,02,A01
200500034264,0,07,000,00,2,4,23,B01
200500034264,0,07,000,00,2,4,23,C01
200500034265,0,07,000,00,2,2,15,A01
200500034265,0,10,000,00,2,1,01,B01
200500034266,0,02,000,00,2,1,01,B01
200500034266,0,07,000,00,2,1,15,A01
200500034267,0,07,000,00,9,2,01,A01
200500034267,0,01,000,00,2,1,09,B01
200500034268,0,07,000,00,2,1,01,A01
200500034268,0,07,000,00,2,3,01,B01
200500034269,0,02,000,00,2,7,01,B01
200500034269,0,07,000,00,2,1,00,A01
200500034270,0,07,000,00,2,3,09,A01
200500034270,0,10,000,00,2,1,01,B01
200500034271,0,02,000,00,2,1,01,A01
200500034271,0,07,000,00,2,3,15,B01
200500034272,0,02,000,00,2,1,01,B01
200500034272,0,07,000,00,2,5,01,A01
200500034273,0,07,000,00,9,6,04,A01
200500034273,0,05,000,00,2,2,01,B01
200500034274,0,01,000,00,2,1,19,A01
200500034274,0,07,000,00,9,6,01,B01
200500034275,0,07,000,00,1,2,01,A01
200500034276,1,99,000,00,0,0,00,A01
200500034276,0,02,000,00,2,1,01,B01
200500034277,0,07,000,00,9,1,15,A01
200500034277,0,02,000,00,2,1,17,B01
200500034278,0,07,000,00,2,1,17,A01
200500034278,0,07,000,00,0,6,15,B01
200500034279,0,02,000,14,0,8,01,A01
200500034279,0,07,000,00,0,4,23,B01
200500034280,0,02,000,00,2,1,16,A01
200500034280,0,07,000,00,9,3,01,B01
200500034281,0,05,000,00,0,7,01,A01
200500034282,0,07,000,00,1,3,01,A01
200500034283,0,02,000,00,2,1,01,A01
200500034283,0,07,000,00,9,7,15,B01
200500034284,0,07,000,00,1,3,15,A01
200500034285,0,18,000,14,0,1,01,A01
200500034285,0,07,000,00,2,4,23,B01
200500034285,0,07,000,00,0,4,01,C01
200500034286,0,02,000,00,2,1,15,A01
200500034286,0,07,000,00,9,1,01,B01
200500034287,0,05,000,00,0,7,17,A01
200500034287,0,07,000,00,0,0,01,B01
200500034288,0,07,000,00,9,1,01,A01
200500034288,0,01,000,00,0,4,01,B01
200500034289,0,07,000,08,0,1,01,A01
200500034290,0,07,000,00,9,2,15,A01
200500034290,0,05,000,00,2,1,01,B01
200500034291,0,07,000,00,9,2,15,A01
200500034291,0,02,000,00,2,1,01,B01
200500034292,0,07,000,00,2,2,01,B01
200500034292,0,07,000,00,2,1,15,A01
200500034293,0,07,000,14,0,1,01,A01
200500034293,0,07,000,14,0,4,23,B01
200500034293,0,07,000,00,0,4,23,C01
200500034294,1,99,000,00,0,0,00,A01
200500034294,0,01,000,00,2,4,01,B01
200500034295,0,07,000,00,9,2,15,A01
200500034295,0,02,000,00,2,1,01,B01
200500034296,0,07,000,00,2,2,15,A01
200500034296,0,07,000,00,2,1,01,B01
200500034297,0,02,000,00,2,8,15,A01
200500034297,0,07,000,00,9,7,17,B01
200500034298,0,18,012,00,1,7,01,A01
200500034299,0,14,000,00,9,8,16,A01
200500034299,0,01,000,00,2,8,15,B01
200500034300,0,07,000,00,1,2,01,A01
200500034301,0,04,000,00,2,1,01,B01
200500034301,0,07,000,00,2,1,00,A01
200500034302,0,07,000,00,0,7,15,A01
200500034302,0,07,000,00,0,8,01,B01
200500034303,0,10,000,00,0,1,01,A01
200500034304,0,07,000,00,1,1,01,A01
200500034305,0,07,000,00,0,1,02,A01
200500034305,0,02,000,00,0,1,02,B01
200500034305,0,07,000,00,0,4,02,C01
200500034306,0,01,000,00,0,7,01,A01
200500034306,0,07,000,00,0,1,01,B01
200500034307,0,07,000,00,0,2,09,A01