Num_Acc,senc,catv,occutc,obs,obsm,choc,manv,num_veh
200500035049,0,05,000,00,2,2,05,A01
200500035049,0,02,000,00,2,3,17,B01
200500035050,0,05,000,00,1,1,01,A01
200500035051,0,07,000,00,2,1,01,A01
200500035051,0,07,000,00,2,3,01,B01
200500035052,0,02,000,00,1,1,01,A01
200500035053,0,02,000,00,2,2,17,A01
200500035053,0,07,000,00,2,3,15,B01
200500035054,0,07,000,00,1,1,01,A01
200500035055,0,07,000,00,2,3,09,A01
200500035055,0,05,000,00,2,2,01,B01
200500035056,0,10,000,00,1,1,15,A01
200500035057,0,07,000,00,2,3,15,A01
200500035057,0,01,000,00,2,1,01,B01
200500035058,0,02,000,00,2,1,01,A01
200500035058,0,07,000,00,2,3,15,B01
200500035059,0,07,000,00,2,6,21,A01
200500035059,0,05,000,00,2,2,17,B01
200500035060,0,05,000,00,2,2,17,A01
200500035060,0,07,000,00,2,3,01,B01
200500035061,1,02,000,00,1,1,00,A01
200500035062,0,07,000,00,2,1,07,A01
200500035062,0,07,000,00,2,2,15,B01
200500035063,0,07,000,00,1,1,01,A01
200500035064,0,07,000,00,2,3,16,A01
200500035064,0,02,000,00,2,1,21,B01
200500035065,0,07,000,00,1,1,01,A01
200500035066,0,05,000,00,2,1,01,A01
200500035066,0,05,000,00,2,4,15,B01
200500035067,0,07,000,00,2,2,16,A01
200500035067,0,01,000,00,2,1,01,B01
200500035068,0,04,000,00,2,1,01,A01
200500035068,0,07,000,00,2,4,23,B01
200500035069,0,07,000,00,2,1,01,A01
200500035069,0,04,000,00,2,4,23,B01
200500035070,1,10,000,00,2,2,00,A01
200500035070,0,04,000,00,2,3,01,B01
200500035071,0,07,000,00,2,3,11,A01
200500035071,0,05,000,00,2,1,01,B01
200500035072,0,07,000,06,0,8,01,A01
200500035073,0,10,000,00,1,2,01,A01
200500035074,0,05,000,00,2,2,01,A01
200500035074,0,07,000,00,2,3,15,B01
200500035075,0,07,000,00,2,3,09,A01
200500035075,0,05,000,00,2,2,01,B01
200500035076,0,07,000,00,2,1,01,A01
200500035077,0,07,000,07,0,1,15,A01
200500035078,0,10,000,00,1,4,04,A01
200500035079,0,05,000,00,1,1,01,A01
200500035080,0,10,000,00,2,6,11,A01
200500035080,0,02,000,00,2,1,01,B01
200500035081,0,02,000,00,1,1,01,A01
200500035082,0,07,000,00,1,4,04,A01
200500035083,0,07,000,00,1,4,04,A01
200500035084,0,04,000,00,1,1,05,A01
200500035085,0,04,000,00,2,1,17,A01
200500035085,0,07,000,00,2,8,01,B01
200500035086,0,07,000,00,2,7,16,A01
200500035086,0,05,000,00,2,3,01,B01
200500035087,0,07,000,00,2,1,01,A01
200500035087,0,07,000,00,2,4,23,B01
200500035087,0,14,000,00,2,6,15,C01
200500035088,0,07,000,00,1,1,01,A01
200500035089,0,04,000,00,1,1,01,A01
200500035090,0,10,000,00,1,1,15,A01
200500035091,0,07,000,00,1,1,01,A01
200500035092,0,07,000,00,2,1,01,A01
200500035092,0,07,000,00,2,8,01,B01
200500035093,0,04,000,00,1,1,01,A01
200500035094,0,07,000,00,1,1,15,A01
200500035095,0,02,000,00,2,3,18,A01
200500035095,0,07,000,00,2,2,01,B01
200500035096,0,02,000,00,0,1,01,A01
200500035097,0,07,000,00,1,1,01,A01
200500035098,0,07,000,00,2,2,15,A01
200500035098,0,05,000,00,2,1,01,B01
200500035099,0,07,000,00,2,1,01,A01
200500035099,0,07,000,00,2,4,23,B01
200500035100,0,18,000,00,1,1,01,A01
200500035101,0,05,000,00,2,1,17,A01
200500035101,0,07,000,00,2,1,01,B01
200500035101,0,07,000,00,2,3,01,C01
200500035102,0,07,000,00,2,2,10,A01
200500035102,0,02,000,00,2,1,01,B01
200500035103,0,07,000,00,1,2,01,A01
200500035104,0,07,000,00,2,3,13,A01
200500035104,0,04,000,00,2,7,01,B01
200500035105,0,07,000,00,2,1,01,A01
200500035105,0,07,000,00,2,3,01,B01
200500035106,0,05,000,00,2,1,01,A01
200500035106,0,07,000,00,2,7,23,B01
200500035107,0,07,000,00,2,1,01,A01
200500035107,0,07,000,00,2,4,01,B01
200500035108,0,01,000,00,2,1,05,A01
200500035108,0,10,000,00,2,3,16,B01
200500035109,0,07,000,00,2,2,16,A01
200500035109,0,01,000,00,2,3,01,B01
200500035110,0,01,000,00,2,5,12,A01
200500035110,0,05,000,00,2,3,01,B01
200500035111,0,07,000,00,1,1,01,A01
200500035112,0,05,000,00,1,1,01,A01
200500035113,0,04,000,00,2,1,01,A01
200500035113,0,07,000,00,2,3,01,B01
200500035114,0,07,000,00,2,1,01,A01
200500035114,0,01,000,00,2,3,15,B01
200500035115,0,14,000,00,2,1,01,A01
200500035115,0,07,000,00,2,4,01,B01
200500035116,0,07,000,00,2,1,01,A01
200500035116,0,07,000,00,2,4,23,B01
200500035116,0,07,000,00,2,4,23,C01
200500035117,0,07,000,00,2,8,01,A01
200500035117,0,05,000,00,2,1,01,B01
200500035118,0,04,000,00,2,2,17,A01
200500035118,0,07,000,00,2,3,15,B01
200500035119,0,18,000,00,1,1,07,A01
200500035120,0,02,000,00,0,2,01,A01
200500035121,0,07,000,00,1,1,01,A01
200500035122,0,02,000,00,0,3,01,A01
200500035123,0,07,000,00,2,3,15,A01
200500035123,0,05,000,00,2,2,01,B01
200500035124,0,07,000,00,2,1,01,A01
200500035124,0,05,000,08,2,4,23,B01
200500035125,0,05,000,00,1,1,01,A01
200500035126,0,07,000,00,2,1,01,A01
200500035126,0,04,000,00,2,4,23,B01
200500035127,0,07,000,00,2,1,01,A01
200500035127,0,07,000,00,2,3,16,B01
200500035128,0,07,000,00,2,1,02,A01
200500035128,0,07,000,00,2,4,02,B01
200500035128,0,07,000,00,2,4,02,C01
200500035129,0,04,000,00,0,3,18,A01
200500035130,0,02,000,00,0,1,21,A01
200500035131,0,04,000,00,0,1,01,A01
200500035132,0,04,000,00,2,4,01,A01
200500035132,0,07,000,00,2,1,01,B01
200500035133,0,07,000,00,1,1,01,A01
200500035134,0,07,000,00,2,8,15,A01
200500035134,0,02,000,00,2,2,01,B01
200500035135,0,07,000,00,1,4,20,A01
200500035136,0,07,000,06,0,1,01,A01
200500035137,0,01,000,00,0,1,01,A01
200500035138,0,05,000,00,2,3,18,A01
200500035138,0,07,000,00,2,2,16,B01
200500035139,0,07,000,00,2,7,01,A01
200500035139,0,07,000,00,2,1,01,B01
200500035140,0,02,000,00,0,1,01,A01
200500035141,2,07,000,08,2,1,01,A01
200500035141,0,07,000,00,2,3,01,B01
200500035142,1,07,000,00,2,1,00,A01
200500035142,0,04,000,00,2,4,23,B01
200500035143,0,07,000,00,2,3,13,A01
200500035143,0,05,000,00,2,2,01,B01
200500035144,0,04,000,00,2,2,21,A01
200500035144,0,10,000,00,2,3,01,B01
200500035145,0,02,000,00,2,1,01,A01
200500035145,0,07,000,00,2,3,01,B01
200500035146,0,07,000,00,2,2,15,A01
200500035146,0,13,000,00,2,1,01,B01
200500035147,0,04,000,00,0,1,01,A01
200500035148,0,01,000,00,2,1,05,A01
200500035148,0,07,000,00,2,1,07,B01
200500035149,0,07,000,00,1,4,04,A01
200500035150,0,07,000,00,1,1,01,A01
200500035151,0,07,000,00,2,2,01,A01
200500035151,0,05,000,00,2,1,01,B01
200500035152,0,05,000,01,2,1,14,A01
200500035152,0,18,000,00,2,4,24,B01
200500035153,0,07,000,12,0,1,01,A01
200500035154,0,07,000,00,2,1,01,A01
200500035154,0,07,000,00,2,4,23,B01
200500035155,0,05,000,08,0,1,11,A01
200500035156,0,07,000,00,2,3,13,A01
200500035156,0,05,000,00,2,2,01,B01
200500035157,0,02,000,00,2,1,01,A01
200500035157,0,04,000,00,2,3,01,B01
200500035158,0,07,000,00,1,1,01,A01
200500035159,0,07,000,00,2,7,12,A01
200500035159,0,04,000,00,2,6,01,B01
200500035160,0,07,000,00,1,1,01,A01
200500035161,0,02,000,01,0,1,01,A01
200500035162,0,07,000,05,0,1,01,A01
200500035163,0,05,000,00,1,1,01,A01
200500035164,0,07,000,00,2,1,01,A01
200500035164,0,07,000,00,2,3,23,B01
200500035164,0,05,000,00,2,3,23,C01
200500035165,0,02,000,00,1,1,01,A01
200500035166,0,07,000,00,2,5,15,A01
200500035166,0,05,000,00,2,1,01,B01
200500035167,0,07,000,00,2,1,01,A01
200500035167,0,07,000,00,2,8,01,B01
200500035168,0,07,000,00,2,3,15,A01
200500035168,0,05,000,00,2,8,01,B01
200500035169,0,07,000,12,0,1,12,A01
200500035170,1,07,000,00,0,0,00,A01
200500035170,0,05,000,09,2,1,01,B01
200500035171,0,07,000,00,2,5,01,A01
200500035171,0,07,000,00,2,1,01,B01
200500035172,0,02,000,00,0,1,21,A01
200500035173,0,05,000,00,1,1,01,A01
200500035174,0,07,000,00,1,1,01,A01
200500035175,0,07,000,00,2,2,01,A01
200500035175,0,05,000,00,2,1,01,B01
200500035176,0,07,000,00,2,7,01,A01
200500035176,0,10,000,00,2,1,01,B01
200500035177,0,02,000,00,2,2,17,A01
200500035177,0,07,000,00,2,3,01,B01
200500035178,0,07,000,00,1,1,01,A01
200500035179,0,10,000,00,2,2,16,A01
200500035179,0,05,000,00,2,3,01,B01
200500035180,0,07,000,00,2,1,01,A01
200500035180,0,05,000,00,2,4,01,B01
200500035181,0,07,000,00,1,4,04,A01
200500035182,1,07,000,00,2,2,00,A01
200500035182,0,04,000,00,2,3,01,B01
200500035183,0,01,000,00,2,1,07,A01
200500035183,0,07,000,00,2,4,07,B01
200500035184,0,01,000,00,1,1,07,A01
200500035185,0,07,000,00,2,2,16,A01
200500035185,0,04,000,00,2,3,01,B01
200500035186,0,07,000,00,2,8,22,A01
200500035186,0,02,000,00,2,1,01,B01
200500035187,0,07,000,15,0,1,07,A01
200500035188,0,07,000,00,1,1,01,A01
200500035189,0,02,000,00,1,1,01,A01
200500035190,0,18,000,00,0,1,21,A01
200500035191,0,07,000,00,1,1,01,A01
200500035192,0,02,000,00,0,1,21,A01
200500035193,0,07,000,00,2,2,15,A01
200500035193,0,02,000,00,2,1,01,B01
200500035194,0,05,000,00,2,3,07,A01
200500035194,0,07,000,00,2,2,16,B01
200500035195,0,02,000,00,2,1,01,A01
200500035195,0,07,000,00,2,2,15,B01
200500035196,0,02,000,00,2,3,01,A01
200500035196,0,02,000,00,2,2,12,B01
200500035197,0,07,000,00,1,1,01,A01
200500035198,0,04,000,00,0,1,21,A01
200500035199,0,07,000,00,1,1,15,A01
200500035200,0,07,000,00,2,8,22,A01
200500035200,0,07,000,00,2,2,01,B01
200500035201,0,07,000,00,2,2,15,A01
200500035201,0,05,000,00,2,1,01,B01
200500035202,0,07,000,00,2,2,15,A01
200500035202,0,02,000,00,2,1,01,B01
200500035203,0,07,000,00,1,1,01,A01
200500035204,0,07,000,00,2,1,01,A01
200500035204,0,04,000,00,2,4,01,B01
200500035205,0,07,000,01,2,1,01,A01
200500035205,0,07,000,00,2,4,01,B01
200500035206,0,07,000,00,2,2,01,A01
200500035206,0,02,000,00,2,1,01,B01
200500035207,0,02,000,00,0,3,01,A01
200500035208,0,01,000,00,2,2,15,A01
200500035208,0,10,000,00,2,3,16,B01
200500035209,0,07,000,00,2,2,15,A01
200500035209,0,05,000,00,2,1,01,B01
200500035210,0,10,000,00,2,3,11,A01
200500035210,0,02,000,00,2,2,01,B01
200500035211,0,05,000,00,1,1,01,A01
200500035212,0,05,000,00,1,1,07,A01
200500035213,0,02,000,00,2,3,18,A01
200500035213,0,07,000,00,2,5,16,B01
200500035214,0,07,000,00,2,8,10,A01
200500035214,0,05,000,00,2,1,01,B01
200500035215,0,07,000,00,2,7,23,A01
200500035215,0,01,000,00,2,1,01,B01
200500035216,0,02,000,01,2,2,17,A01
200500035216,0,10,000,00,2,8,15,B01
200500035217,1,07,000,00,2,8,00,A01
200500035217,0,05,000,00,2,1,01,B01
200500035218,0,13,000,07,2,1,01,A01
200500035218,0,05,000,00,2,4,23,B01
200500035219,0,07,000,00,1,2,01,A01
200500035220,0,07,000,00,1,3,01,A01
200500035221,0,07,000,00,1,2,01,A01
200500035222,0,07,000,00,1,1,15,A01
200500035223,1,02,000,00,1,1,00,A01
200500035224,0,10,000,00,2,2,16,A01
200500035224,0,07,000,00,2,3,16,B01
200500035225,0,07,000,00,2,2,01,A01
200500035225,0,07,000,00,2,1,01,B01
200500035226,0,01,000,12,0,1,01,A01
200500035227,0,07,000,00,1,1,01,A01
200500035228,1,05,000,00,1,1,00,A01
200500035229,1,13,000,00,1,1,00,A01
200500035230,0,02,000,00,0,1,01,A01
200500035231,0,07,000,00,1,1,01,A01
200500035232,0,05,000,00,2,2,01,A01
200500035232,0,04,000,00,2,1,01,B01
200500035233,0,04,000,00,1,1,01,A01
200500035234,0,05,000,00,0,1,21,A01
200500035235,0,07,000,00,2,2,12,A01
200500035235,0,04,000,00,2,3,01,B01
200500035236,0,02,000,01,0,1,01,A01
200500035237,0,07,000,00,1,1,09,A01
200500035238,0,04,000,00,2,3,11,A01
200500035238,0,04,000,00,2,2,01,B01
200500035239,0,07,000,00,2,8,10,A01
200500035239,0,05,000,00,2,1,01,B01
200500035240,0,05,000,00,2,2,05,A01
200500035240,0,07,000,00,2,3,15,B01
200500035241,0,07,000,00,1,4,04,A01
200500035242,1,07,000,00,2,1,00,A01
200500035242,0,02,000,00,2,3,01,B01
200500035243,0,07,000,00,2,2,15,A01
200500035243,0,07,000,00,2,1,01,B01
200500035244,0,07,000,00,2,1,01,A01
200500035244,0,05,000,00,2,4,01,B01
200500035245,0,07,000,00,2,3,10,A01
200500035245,0,02,000,00,2,2,01,B01
200500035246,0,07,000,00,1,1,01,A01
200500035247,0,07,000,00,2,2,01,A01
200500035247,0,05,000,00,2,1,01,B01
200500035248,0,07,000,00,2,2,09,A01
200500035248,0,04,000,00,2,1,01,B01
200500035249,0,07,000,00,1,1,15,A01
200500035250,0,05,000,00,0,1,01,A01
200500035251,0,05,000,00,2,2,05,A01
200500035251,0,07,000,00,2,3,17,B01
200500035252,0,07,000,00,2,1,10,A01
200500035252,0,02,000,00,2,6,15,B01
200500035253,0,07,000,00,2,6,15,A01
200500035253,0,05,000,00,2,2,01,B01
200500035254,1,07,000,00,1,1,00,A01
200500035255,0,05,000,00,2,1,18,A01
200500035255,0,10,000,00,2,7,22,B01
200500035256,0,02,000,00,2,1,01,A01
200500035256,0,07,000,00,2,4,01,B01
200500035257,0,04,000,00,2,1,07,A01
200500035257,0,07,000,00,2,5,15,B01
200500035258,0,07,000,00,2,2,15,A01
200500035258,0,01,000,00,2,1,01,B01
200500035259,0,04,000,00,0,1,21,A01
200500035260,0,05,000,00,2,3,18,A01
200500035260,0,10,000,00,2,2,16,B01
200500035261,0,07,000,00,2,1,01,A01
200500035261,0,05,000,00,2,4,23,B01
200500035262,0,07,000,00,2,1,01,A01
200500035262,0,07,000,00,2,4,01,B01
200500035262,0,07,000,00,2,4,01,C01
200500035263,0,07,000,00,1,1,01,A01
200500035264,0,07,000,00,2,1,02,A01
200500035264,0,07,000,00,2,4,02,B01
200500035264,0,07,000,00,2,4,02,C01
200500035265,0,07,000,00,2,7,15,A01
200500035265,0,05,000,00,2,1,01,B01
200500035266,0,07,000,00,2,4,04,A01
200500035266,0,07,000,00,2,2,23,B01
200500035266,0,05,000,00,2,3,23,C01
200500035266,0,07,000,00,2,1,23,D01
200500035267,0,07,000,00,2,7,22,A01
200500035267,0,05,000,00,2,3,01,B01
200500035268,0,04,000,00,2,2,01,A01
200500035268,0,07,000,00,2,1,01,B01
200500035269,0,04,000,00,1,1,01,A01
200500035270,0,04,000,00,2,2,17,A01
200500035270,0,07,000,00,2,6,15,B01
200500035270,0,07,000,00,2,4,15,C01
200500035271,0,07,000,00,2,7,15,A01
200500035271,0,18,000,00,2,3,01,B01
200500035272,0,04,000,00,2,1,05,A01
200500035272,0,07,000,00,2,1,01,B01
200500035273,0,07,000,00,2,3,10,A01
200500035273,0,02,000,00,2,2,01,B01
200500035274,0,07,000,00,2,2,15,A01
200500035274,0,02,000,00,2,1,01,B01
200500035275,0,01,000,01,0,1,21,A01
200500035276,0,07,000,00,2,3,10,A01
200500035276,0,02,000,00,2,1,01,B01
200500035276,0,04,000,00,2,1,01,C01
200500035277,0,07,000,00,2,5,09,A01
200500035277,0,04,000,00,2,1,07,B01
200500035278,1,02,000,00,2,3,00,A01
200500035278,0,02,000,00,2,2,16,B01
200500035279,0,04,000,00,0,2,01,A01
200500035280,0,07,000,00,2,2,01,A01
200500035280,0,07,000,00,2,1,15,B01
200500035281,0,02,000,12,0,1,01,A01
200500035282,0,07,000,00,2,2,01,A01
200500035282,0,07,000,00,2,1,01,B01
200500035283,0,07,000,00,1,1,20,A01
200500035284,0,02,000,00,2,3,18,A01
200500035284,0,07,000,00,2,7,22,B01
200500035285,1,07,000,00,0,0,00,A01
200500035285,0,05,000,00,2,1,01,B01
200500035286,0,01,000,00,2,1,07,A01
200500035286,0,07,000,00,2,2,15,B01
200500035287,0,07,000,00,2,2,15,A01
200500035287,0,02,000,00,2,1,01,B01
200500035288,0,07,000,00,2,3,09,A01
200500035288,0,05,000,00,2,2,01,B01
200500035289,0,04,000,00,2,3,09,A01
200500035289,0,04,000,00,2,5,01,B01
200500035290,0,02,000,00,2,1,01,A01
200500035290,0,07,000,00,2,3,01,B01
200500035291,0,07,000,00,1,1,01,A01
200500035292,0,07,000,04,0,1,01,A01
200500035293,0,04,000,00,2,2,17,A01
200500035293,0,07,000,00,2,3,01,B01
200500035294,0,07,000,00,2,3,15,A01
200500035294,0,05,000,00,2,2,01,B01
200500035295,0,02,000,01,0,1,21,A01
200500035296,0,07,000,00,2,3,10,A01
200500035296,0,02,000,00,2,1,01,B01
200500035297,0,07,000,00,2,4,04,A01
200500035297,0,07,000,00,2,1,01,B01
200500035298,0,10,000,00,1,1,01,A01
200500035299,0,07,000,00,2,1,02,A01
200500035299,0,07,000,00,2,4,02,B01
200500035299,0,07,000,00,2,4,02,C01
200500035300,0,07,000,00,2,3,15,A01
200500035300,0,02,000,00,2,2,01,B01
200500035301,0,07,000,00,2,3,10,A01
200500035301,0,05,000,00,2,2,01,B01
200500035302,0,07,000,00,2,8,22,A01
200500035302,0,01,000,00,2,2,01,B01
200500035303,0,07,000,00,2,2,15,A01
200500035303,0,05,000,00,2,1,01,B01
200500035304,0,02,000,00,2,1,01,A01
200500035304,0,07,000,00,2,4,01,B01
200500035305,0,07,000,00,2,8,22,A01
200500035305,0,04,000,00,2,2,01,B01
200500035306,0,07,000,00,1,1,15,A01
200500035307,0,07,000,00,2,3,15,A01
200500035307,0,05,000,00,2,2,01,B01
200500035308,0,01,000,00,0,1,01,A01
200500035309,0,07,000,00,2,2,01,A01
200500035309,0,07,000,00,2,1,01,B01
200500035310,0,04,000,12,0,1,01,A01
200500035311,0,07,000,00,1,1,01,A01
200500035312,0,07,000,00,1,1,01,A01
200500035313,0,07,000,00,2,2,15,A01
200500035313,0,04,000,00,2,1,01,B01
200500035314,1,10,000,00,2,3,00,A01
200500035314,0,02,000,00,2,2,01,B01
200500035315,0,01,000,00,0,1,01,A01
200500035316,0,07,000,00,2,8,22,A01
200500035316,0,01,000,00,2,2,01,B01
200500035317,0,07,000,00,1,1,07,A01
200500035318,0,05,000,00,0,2,21,A01
200500035319,0,05,000,00,2,3,01,A01
200500035319,0,05,000,00,2,2,01,B01
200500035320,0,02,000,00,1,1,15,A01
200500035321,0,02,000,00,0,1,21,A01
200500035322,0,07,000,00,2,1,01,A01
200500035322,0,07,000,00,2,4,01,B01
200500035323,0,01,000,00,0,2,21,A01
200500035324,0,04,000,00,1,1,01,A01
200500035325,0,04,000,00,1,1,01,A01
200500035326,0,07,000,00,1,1,01,A01
200500035327,0,05,000,00,0,1,01,A01
200500035328,0,07,000,00,2,2,15,A01
200500035328,0,05,000,00,2,1,01,B01
200500035329,0,02,000,00,0,1,01,A01
200500035330,0,10,000,00,2,3,15,A01
200500035330,0,05,000,00,2,2,01,B01
200500035331,0,05,000,00,2,1,07,A01
200500035331,0,04,000,00,2,3,01,B01
200500035332,0,07,000,00,2,2,16,A01
200500035332,0,05,000,00,2,3,01,B01
200500035333,0,05,000,00,0,1,01,A01
200500035334,0,07,000,00,1,1,01,A01
200500035335,0,07,000,00,2,2,15,A01
200500035335,0,07,000,00,2,1,07,B01
200500035335,0,07,000,00,2,3,15,C01
200500035336,0,07,000,00,1,1,20,A01
200500035337,0,04,000,00,2,3,07,A01
200500035337,0,17,000,00,2,2,16,B01
200500035338,1,07,000,00,2,2,00,A01
200500035338,0,05,000,00,2,5,01,B01
200500035339,0,10,000,00,1,4,04,A01
200500035340,1,10,000,00,1,1,00,A01
200500035341,0,05,000,00,2,1,01,A01
200500035341,0,03,000,00,2,4,01,B01
200500035342,0,05,000,14,0,1,21,A01
200500035343,0,07,000,00,1,4,04,A01
200500035344,0,05,000,00,2,1,07,A01
200500035344,0,07,000,00,2,2,15,B01
200500035345,0,18,000,00,1,1,01,A01
200500035346,0,07,000,00,1,1,07,A01
200500035347,0,04,000,00,2,1,01,A01
200500035347,0,07,000,00,2,4,01,B01
200500035347,0,07,000,00,2,4,01,C01
200500035348,0,07,000,00,1,4,04,A01
200500035349,0,07,000,00,2,2,17,A01
200500035349,0,01,000,00,2,3,01,B01
200500035350,0,18,000,00,1,1,16,A01
200500035351,0,02,000,00,1,1,01,A01
200500035352,0,04,000,00,2,3,18,A01
200500035352,0,18,000,00,2,2,16,B01
200500035353,0,07,000,00,2,3,01,A01
200500035353,0,07,000,00,2,1,01,B01
200500035354,0,02,000,00,1,1,01,A01
200500035355,0,04,000,00,2,1,01,A01
200500035355,0,07,000,00,2,4,16,B01
200500035356,0,04,000,14,2,1,01,A01
200500035356,0,14,000,00,2,3,23,B01
200500035357,0,02,000,00,2,1,09,A01
200500035357,0,04,000,00,2,5,01,B01
200500035358,0,07,000,00,1,1,01,A01
200500035359,0,07,000,00,2,3,11,A01
200500035359,0,02,000,00,2,2,01,B01
200500035360,0,07,000,00,1,1,15,A01
200500035361,0,07,000,00,1,1,01,A01
200500035362,0,07,000,00,1,1,15,A01
200500035363,0,18,000,00,1,1,01,A01
200500035364,0,04,000,00,0,1,01,A01
200500035365,0,07,000,00,1,4,04,A01
200500035366,0,07,000,00,2,1,10,A01
200500035366,0,04,000,00,2,3,01,B01
200500035367,1,07,000,00,2,1,00,A01
200500035367,0,01,000,00,2,1,01,B01
200500035368,0,02,000,00,2,1,07,A01
200500035368,0,01,000,00,2,4,07,B01
200500035369,0,07,000,00,2,2,01,A01
200500035369,0,10,000,00,2,3,01,B01
200500035370,0,04,000,00,1,3,15,A01
200500035371,0,07,000,00,2,2,16,A01
200500035371,0,07,000,00,2,3,01,B01
200500035372,0,07,000,00,2,3,11,A01
200500035372,0,05,000,00,2,2,01,B01
200500035373,0,10,000,00,2,1,01,A01
200500035373,0,07,000,00,2,4,01,B01
200500035373,0,07,000,00,2,4,01,C01
200500035373,0,07,000,00,2,4,01,D01
200500035373,0,07,000,00,2,4,01,E01
200500035374,0,05,000,00,2,2,01,A01
200500035374,0,07,000,00,2,3,01,B01
200500035375,0,01,000,00,2,2,01,A01
200500035375,0,01,000,00,2,2,01,B01
200500035375,0,07,000,00,2,3,16,C01
200500035376,0,01,000,00,2,3,19,A01
200500035376,0,07,000,00,2,1,01,B01
200500035377,0,02,000,00,1,1,01,A01
200500035378,0,07,000,00,2,2,01,A01
200500035378,0,02,000,00,2,3,01,B01
200500035379,0,02,000,00,2,1,01,A01
200500035379,0,10,000,00,2,4,23,B01
200500035380,0,07,000,00,2,1,15,A01
200500035380,0,07,000,00,2,3,01,B01
200500035381,0,07,000,00,2,8,22,A01
200500035381,0,01,000,00,2,2,01,B01
200500035382,0,05,000,00,2,2,17,A01
200500035382,0,07,000,00,2,3,15,B01
200500035383,0,05,000,00,0,1,21,A01
200500035384,0,07,000,00,2,2,09,A01
200500035384,0,05,000,00,2,1,01,B01
200500035385,0,07,000,00,2,3,10,A01
200500035385,0,05,000,00,2,1,01,B01
200500035386,0,01,000,00,1,1,01,A01
200500035387,0,04,000,09,0,1,21,A01
200500035388,0,07,000,00,2,2,01,A01
200500035388,0,04,000,00,2,3,01,B01
200500035389,0,02,000,00,2,1,01,A01
200500035389,0,07,000,00,2,4,01,B01
200500035390,0,07,000,00,1,1,01,A01
200500035391,0,04,000,00,2,1,01,A01
200500035391,0,07,000,00,2,2,01,B01
200500035392,0,07,000,00,2,8,22,A01
200500035392,0,04,000,00,2,2,01,B01
200500035393,1,07,000,00,2,3,00,A01
200500035393,0,05,000,00,2,1,01,B01
200500035394,0,05,000,00,1,2,01,A01
200500035395,0,07,000,00,1,1,01,A01
200500035396,0,05,000,00,2,1,01,A01
200500035396,0,07,000,00,2,1,15,B01
200500035397,0,02,000,00,2,3,01,A01
200500035397,0,07,000,00,2,2,16,B01
200500035398,0,05,000,00,1,1,01,A01
200500035399,0,07,000,00,2,2,12,A01
200500035399,0,04,000,00,2,3,01,B01
200500035400,0,07,000,00,1,1,01,A01
200500035401,0,07,000,00,2,3,10,A01
200500035401,0,05,000,00,2,2,01,B01
200500035402,1,07,000,00,2,8,00,A01
200500035402,0,04,000,00,2,1,17,B01
200500035403,0,02,000,00,0,1,01,A01
200500035404,0,10,000,00,1,1,01,A01
200500035405,0,07,000,00,2,1,01,A01
200500035405,0,07,000,00,2,4,01,B01
200500035405,0,07,000,00,2,4,01,C01
200500035406,1,07,000,00,2,2,00,A01
200500035406,0,05,000,00,2,3,01,B01
200500035407,0,04,000,00,2,2,15,A01
200500035407,0,01,000,00,2,1,01,B01
200500035408,0,17,000,00,2,2,12,A01
200500035408,0,07,000,03,2,8,01,B01
200500035408,0,07,000,00,2,1,01,C01
200500035408,0,07,000,00,2,4,01,D01
200500035408,0,07,000,00,2,4,01,E01
200500035409,0,07,000,08,2,1,01,A01
200500035409,0,07,000,01,2,8,01,B01
200500035410,0,07,000,00,2,2,16,A01
200500035410,0,01,000,00,2,1,01,B01
200500035411,0,05,000,00,2,1,01,A01
200500035411,0,07,000,00,2,4,01,B01
200500035412,0,07,000,00,1,1,01,A01
200500035413,0,07,000,00,1,1,01,A01
200500035414,0,07,000,00,1,1,01,A01
200500035415,0,07,000,00,2,2,12,A01
200500035415,0,05,000,00,2,3,01,B01
200500035416,0,04,000,00,2,2,12,A01
200500035416,0,14,000,00,2,6,01,B01
200500035417,0,10,000,00,2,2,12,A01
200500035417,0,05,000,00,2,6,01,B01
200500035417,0,07,000,00,2,8,01,C01
200500035418,0,05,000,00,2,2,17,A01
200500035418,0,07,000,00,2,3,01,B01
200500035419,0,07,000,00,2,3,11,A01
200500035419,0,04,000,00,2,2,01,B01
200500035420,0,07,000,00,1,1,01,A01
200500035421,0,07,000,04,0,1,01,A01
200500035422,0,07,000,00,1,1,01,A01
200500035423,0,07,000,00,2,8,22,A01
200500035423,0,01,000,00,2,2,01,B01
200500035424,0,07,000,00,1,4,04,A01
200500035425,0,10,000,00,2,2,15,A01
200500035425,0,02,000,00,2,1,01,B01
200500035426,0,07,000,01,0,1,01,A01
200500035427,0,10,000,00,2,3,09,A01
200500035427,0,02,000,00,2,2,01,B01
200500035428,0,01,000,00,2,1,01,A01
200500035428,0,07,000,00,2,3,01,B01
200500035429,0,05,000,00,2,1,01,A01
200500035429,0,07,000,00,2,5,01,B01
200500035430,0,07,000,00,2,1,01,A01
200500035430,0,07,000,00,2,4,01,B01
200500035430,0,07,000,00,2,4,01,C01
200500035431,0,05,000,00,0,1,01,A01
200500035432,0,05,000,00,2,2,17,A01
200500035432,0,07,000,00,2,3,01,B01
200500035433,0,02,000,00,1,1,01,A01
200500035434,0,07,000,01,2,1,01,A01
200500035434,0,07,000,00,2,3,23,B01
200500035435,0,05,000,00,1,1,01,A01