Num_Acc,senc,catv,occutc,obs,obsm,choc,manv,num_veh
200500035436,1,02,000,00,1,1,00,A01
200500035437,0,05,000,00,2,2,16,A01
200500035437,0,05,000,00,2,3,01,B01
200500035438,0,04,000,00,2,2,17,A01
200500035438,0,07,000,00,2,3,15,B01
200500035439,0,07,000,00,2,2,16,A01
200500035439,0,01,000,00,2,3,07,B01
200500035440,0,02,000,00,2,3,18,A01
200500035440,0,07,000,00,2,2,14,B01
200500035441,0,02,000,08,1,1,07,A01
200500035442,0,07,000,00,1,4,04,A01
200500035443,1,07,000,00,2,2,00,A01
200500035443,0,05,000,00,2,3,01,B01
200500035444,0,07,000,00,2,3,09,A01
200500035444,0,02,000,00,2,2,01,B01
200500035445,0,07,000,00,2,6,10,A01
200500035445,0,07,000,00,2,2,01,B01
200500035446,0,07,000,00,2,3,10,A01
200500035446,0,04,000,00,2,2,01,B01
200500035447,0,07,000,00,1,1,15,A01
200500035448,0,07,000,00,2,2,15,A01
200500035448,0,04,000,00,2,1,01,B01
200500035449,0,04,000,01,0,1,13,A01
200500035450,0,07,000,00,2,3,10,A01
200500035450,0,04,000,00,2,2,17,B01
200500035451,0,07,000,00,2,2,12,A01
200500035451,0,05,000,00,2,3,01,B01
200500035451,0,07,000,00,2,4,23,C01
200500035452,0,07,000,00,2,2,16,A01
200500035452,0,01,000,00,2,3,01,B01
200500035453,0,04,000,01,0,1,01,A01
200500035454,0,07,000,00,1,1,01,A01
200500035455,0,07,000,00,2,2,15,A01
200500035455,0,04,000,00,2,1,01,B01
200500035456,0,07,000,08,1,1,16,A01
200500035457,0,07,000,00,1,1,09,A01
200500035458,0,07,000,00,2,2,15,A01
200500035458,0,07,000,00,2,1,01,B01
200500035459,0,07,000,00,2,2,16,A01
200500035459,0,01,000,00,2,3,01,B01
200500035460,0,05,000,00,2,3,15,A01
200500035460,0,07,000,00,2,2,15,B01
200500035461,0,07,000,00,2,3,10,A01
200500035461,0,02,000,00,2,2,17,B01
200500035462,0,02,000,00,1,1,01,A01
200500035463,1,02,000,00,2,1,00,A01
200500035463,0,01,000,00,2,3,01,B01
200500035464,0,05,000,00,2,1,01,A01
200500035464,0,07,000,00,2,4,01,B01
200500035465,0,07,000,00,2,1,01,A01
200500035465,0,02,000,00,2,3,16,B01
200500035466,0,07,000,00,1,4,20,A01
200500035467,0,04,000,00,2,3,18,A01
200500035467,0,07,000,00,2,2,16,B01
200500035468,0,07,000,00,2,2,15,A01
200500035468,0,02,000,00,2,1,01,B01
200500035469,0,02,000,00,2,3,18,A01
200500035469,0,10,000,00,2,7,22,B01
200500035470,0,10,000,00,2,3,15,A01
200500035470,0,05,000,00,2,2,01,B01
200500035471,0,07,000,00,1,1,01,A01
200500035472,0,10,000,01,2,2,01,A01
200500035472,0,07,000,00,2,3,01,B01
200500035473,0,02,000,00,2,1,18,A01
200500035473,0,05,000,00,2,4,01,B01
200500035474,0,05,000,00,2,1,01,A01
200500035474,0,10,000,00,2,4,01,B01
200500035475,0,05,000,09,0,1,21,A01
200500035476,0,01,000,00,1,1,01,A01
200500035477,0,02,000,00,2,2,01,A01
200500035477,0,10,000,00,2,3,15,B01
200500035478,0,07,000,00,1,4,04,A01
200500035479,0,01,000,00,2,3,18,A01
200500035479,0,10,000,00,2,2,01,B01
200500035480,0,02,000,00,2,1,01,A01
200500035480,0,07,000,00,2,4,01,B01
200500035481,0,02,000,00,2,3,01,A01
200500035481,0,07,000,00,2,2,01,B01
200500035482,0,18,000,00,1,1,01,A01
200500035483,0,02,000,00,1,1,21,A01
200500035484,0,05,000,00,2,2,17,A01
200500035484,0,07,000,00,2,3,15,B01
200500035485,0,07,000,00,2,3,13,A01
200500035485,0,02,000,00,2,2,01,B01
200500035486,0,01,000,00,0,1,01,A01
200500035487,0,07,000,00,2,1,01,A01
200500035487,0,07,000,01,2,3,01,B01
200500035488,0,02,000,00,2,2,01,A01
200500035488,0,07,000,00,2,3,01,B01
200500035489,0,07,000,00,2,1,01,A01
200500035489,0,05,000,00,2,6,01,B01
200500035490,0,07,000,00,2,1,01,A01
200500035490,0,07,000,00,2,4,01,B01
200500035491,0,07,000,00,2,3,15,A01
200500035491,0,18,000,00,2,1,01,B01
200500035492,0,07,000,00,1,4,04,A01
200500035493,0,07,000,00,2,2,09,A01
200500035493,0,02,000,00,2,3,01,B01
200500035494,0,07,000,00,2,1,15,A01
200500035494,0,05,000,00,2,1,01,B01
200500035495,0,07,000,00,1,1,01,A01
200500035496,1,07,000,00,1,1,00,A01
200500035497,0,07,000,00,2,3,01,A01
200500035497,0,07,000,00,2,2,01,B01
200500035498,0,02,000,00,1,1,01,A01
200500035499,0,07,000,00,1,1,01,A01
200500035500,0,04,000,00,2,3,17,A01
200500035500,0,07,000,00,2,2,01,B01
200500035501,1,07,000,00,2,3,00,A01
200500035501,0,05,000,00,2,3,03,B01
200500035501,0,10,000,00,2,4,01,C01
200500035502,0,05,000,00,1,1,01,A01
200500035503,0,05,000,00,1,1,01,A01
200500035504,0,10,000,00,2,1,16,A01
200500035504,0,07,000,00,2,4,16,B01
200500035505,0,02,000,00,2,1,01,A01
200500035505,0,07,000,00,2,2,15,B01
200500035506,0,02,000,00,2,2,16,A01
200500035506,0,07,000,00,2,3,16,B01
200500035507,0,05,000,00,2,3,07,A01
200500035507,0,10,000,00,2,2,16,B01
200500035508,0,07,000,00,2,1,01,A01
200500035508,0,07,000,00,2,4,01,B01
200500035509,0,05,000,00,2,2,01,A01
200500035509,0,07,000,00,2,4,01,B01
200500035510,0,07,000,00,2,1,01,A01
200500035510,0,07,000,00,2,4,01,B01
200500035511,0,07,000,00,2,3,09,A01
200500035511,0,02,000,00,2,2,01,B01
200500035512,0,07,000,00,1,1,01,A01
200500035513,0,02,000,00,2,2,05,A01
200500035513,0,07,000,00,2,3,15,B01
200500035514,0,05,000,00,0,1,01,A01
200500035515,0,04,000,00,2,3,18,A01
200500035515,0,07,000,00,2,2,16,B01
200500035516,0,04,000,00,2,1,01,A01
200500035516,0,04,000,00,2,4,15,B01
200500035517,0,14,000,00,2,3,01,A01
200500035517,0,04,000,00,2,2,17,B01
200500035518,0,07,000,00,2,2,15,A01
200500035518,0,05,000,00,2,1,01,B01
200500035519,0,07,000,00,1,1,01,A01
200500035520,0,02,000,00,0,1,01,A01
200500035521,0,02,000,00,2,3,01,A01
200500035521,0,07,000,00,2,2,01,B01
200500035522,0,02,000,00,1,1,01,A01
200500035523,0,05,000,01,0,1,14,A01
200500035524,0,07,000,00,2,2,15,A01
200500035524,0,01,000,00,2,1,01,B01
200500035525,0,07,000,00,1,4,04,A01
200500035526,0,05,000,00,0,1,01,A01
200500035527,0,05,000,00,2,3,18,A01
200500035527,0,07,000,00,2,2,12,B01
200500035528,0,05,000,00,2,2,02,A01
200500035528,0,07,000,00,2,8,01,B01
200500035528,0,07,000,00,2,7,01,C01
200500035529,0,05,000,00,0,1,01,A01
200500035530,0,07,000,00,2,2,16,A01
200500035530,0,04,000,00,2,3,01,B01
200500035531,0,04,000,00,0,2,21,A01
200500035532,0,05,000,00,2,3,18,A01
200500035532,0,07,000,00,2,7,12,B01
200500035532,0,10,000,00,2,4,01,C01
200500035533,0,01,000,00,2,1,21,A01
200500035533,0,18,000,00,2,4,01,B01
200500035534,0,07,000,00,2,1,01,A01
200500035534,0,07,000,00,2,4,01,B01
200500035534,0,07,000,00,2,4,01,C01
200500035535,0,05,000,06,2,1,01,A01
200500035535,0,07,000,00,2,3,01,B01
200500035536,0,07,000,00,2,2,12,A01
200500035536,0,05,000,00,2,3,01,B01
200500035537,0,07,000,00,1,1,15,A01
200500035538,0,04,000,00,2,1,17,A01
200500035538,0,07,000,00,2,3,09,B01
200500035539,0,04,000,00,0,1,21,A01
200500035540,0,02,000,00,2,1,01,A01
200500035540,0,07,000,00,2,4,15,B01
200500035541,0,02,000,00,2,1,01,A01
200500035541,0,07,000,00,2,4,01,B01
200500035542,0,02,000,00,2,3,01,A01
200500035542,0,07,000,00,2,2,16,B01
200500035543,0,01,000,00,2,1,18,A01
200500035543,0,07,000,00,2,4,23,B01
200500035544,0,18,000,00,2,3,15,A01
200500035544,0,04,000,00,2,1,01,B01
200500035545,0,07,000,00,2,8,22,A01
200500035545,0,02,000,00,2,2,01,B01
200500035546,0,07,000,00,2,3,01,A01
200500035546,0,07,000,00,2,2,01,B01
200500035547,0,07,000,00,1,1,01,A01
200500035548,0,07,000,00,1,1,01,A01
200500035549,0,04,000,00,1,1,01,A01
200500035550,0,07,000,00,2,8,22,A01
200500035550,0,01,000,00,2,2,01,B01
200500035551,0,07,000,00,2,3,15,A01
200500035551,0,07,000,00,2,4,24,B01
200500035551,0,05,000,00,2,1,01,C01
200500035552,0,07,000,00,1,1,01,A01
200500035553,0,05,000,00,2,1,01,A01
200500035553,0,07,000,00,2,3,01,B01
200500035554,0,07,000,00,2,2,12,A01
200500035554,0,05,000,00,2,2,01,B01
200500035555,0,07,000,00,2,6,11,A01
200500035555,0,05,000,00,2,2,01,B01
200500035556,0,07,000,00,2,3,10,A01
200500035556,0,04,000,00,2,2,01,B01
200500035557,0,02,000,00,1,1,01,A01
200500035558,0,02,000,00,2,2,21,A01
200500035559,0,07,000,00,2,2,01,B01
200500035559,0,02,000,00,2,3,01,A01
200500035560,0,01,000,00,1,1,01,A01
200500035561,0,04,000,00,2,2,01,A01
200500035561,0,05,000,00,2,3,01,B01
200500035562,0,07,000,00,2,1,01,A01
200500035562,0,01,000,00,2,1,01,B01
200500035563,0,18,000,00,1,1,01,A01
200500035564,0,02,000,00,1,1,01,A01
200500035565,1,07,000,00,1,4,00,A01
200500035566,0,07,000,00,2,3,13,A01
200500035566,0,05,000,00,2,1,01,B01
200500035567,0,10,000,00,1,1,01,A01
200500035568,0,05,000,00,2,2,07,A01
200500035568,0,07,000,00,2,7,16,B01
200500035569,0,05,000,00,0,3,01,A01
200500035570,0,05,000,00,2,1,01,A01
200500035570,0,07,000,00,2,1,01,B01
200500035571,0,02,000,00,0,3,01,A01
200500035572,1,04,000,00,2,1,00,A01
200500035572,0,05,000,00,2,3,01,B01
200500035573,0,07,000,00,2,2,16,A01
200500035573,0,07,000,00,2,3,16,B01
200500035573,0,02,000,00,2,6,01,C01
200500035574,0,02,000,00,1,1,01,A01
200500035575,0,07,000,00,2,5,09,A01
200500035575,0,07,000,00,2,1,01,B01
200500035575,0,07,000,00,2,8,01,C01
200500035575,0,07,000,00,2,1,01,D01
200500035576,0,07,000,00,1,2,01,A01
200500035577,0,07,000,00,2,1,01,A01
200500035577,0,07,000,00,2,4,23,B01
200500035578,0,07,000,00,2,1,01,A01
200500035578,0,04,000,00,2,3,23,B01
200500035579,0,07,000,00,2,8,22,A01
200500035579,0,02,000,00,2,1,01,B01
200500035580,1,07,000,00,2,1,00,A01
200500035580,0,18,000,00,2,2,16,B01
200500035581,0,07,000,00,2,8,22,A01
200500035581,0,01,000,00,2,1,01,B01
200500035582,0,04,000,00,2,2,01,A01
200500035582,0,07,000,00,2,4,23,B01
200500035583,0,07,000,00,1,1,01,A01
200500035584,0,07,000,00,2,2,10,A01
200500035584,0,02,000,00,2,1,01,B01
200500035585,1,07,000,00,2,1,00,A01
200500035585,0,04,000,00,2,2,01,B01
200500035585,0,07,000,00,2,3,01,C01
200500035586,0,02,000,00,2,1,01,A01
200500035586,0,10,000,00,2,4,24,B01
200500035587,0,07,000,00,1,1,01,A01
200500035588,0,07,000,00,2,7,01,A01
200500035588,0,07,000,00,2,1,01,B01
200500035589,0,07,000,00,2,1,09,A01
200500035589,0,04,000,00,2,5,01,B01
200500035590,0,02,000,00,2,1,01,A01
200500035590,0,10,000,00,2,4,23,B01
200500035591,0,07,000,00,2,3,15,A01
200500035591,0,05,000,00,2,6,01,B01
200500035592,0,07,000,00,1,4,04,A01
200500035593,0,07,000,00,2,1,15,A01
200500035593,0,04,000,00,2,1,01,B01
200500035594,0,04,000,00,2,1,01,A01
200500035594,0,10,000,00,2,4,01,B01
200500035595,0,07,000,00,2,8,22,A01
200500035595,0,01,000,00,2,1,01,B01
200500035596,0,02,000,00,2,3,09,A01
200500035596,0,07,000,00,2,7,01,B01
200500035597,0,10,000,00,2,7,16,A01
200500035597,0,18,000,00,2,3,01,B01
200500035598,0,01,000,00,0,1,01,A01
200500035599,0,01,000,00,2,1,16,A01
200500035599,0,07,000,00,2,3,01,B01
200500035600,1,01,000,00,2,1,00,A01
200500035600,0,01,000,00,2,1,01,B01
200500035601,0,07,000,00,2,1,01,A01
200500035601,0,07,000,00,2,4,01,B01
200500035602,0,07,000,00,2,3,13,A01
200500035602,0,02,000,00,2,5,01,B01
200500035603,0,07,000,00,2,8,11,A01
200500035603,0,05,000,00,2,2,01,B01
200500035604,0,07,000,00,2,8,13,A01
200500035604,0,05,000,00,2,1,17,B01
200500035605,0,05,000,00,2,1,01,A01
200500035605,0,07,000,00,2,4,01,B01
200500035606,0,07,000,01,0,1,01,A01
200500035607,0,07,000,00,2,1,01,A01
200500035607,0,07,000,00,2,3,01,B01
200500035608,0,07,000,08,0,9,01,A01
200500035609,0,07,000,00,1,1,01,A01
200500035610,0,07,000,00,2,3,09,A01
200500035610,0,02,000,00,2,2,01,B01
200500035611,0,07,000,00,2,2,01,A01
200500035611,0,04,000,00,2,4,01,B01
200500035612,0,07,000,00,2,2,01,A01
200500035612,0,05,000,00,2,1,01,B01
200500035613,1,07,000,00,2,1,00,A01
200500035613,0,01,000,00,2,1,01,B01
200500035614,0,07,000,00,1,1,01,A01
200500035615,0,05,000,00,2,1,01,A01
200500035615,0,07,000,00,2,3,15,B01
200500035616,0,07,000,00,2,7,16,A01
200500035616,0,02,000,00,2,3,01,B01
200500035617,0,07,000,00,2,1,15,A01
200500035617,0,01,000,00,2,1,01,B01
200500035618,0,07,000,00,1,1,15,A01
200500035619,0,04,000,00,2,1,21,A01
200500035619,0,07,000,00,2,1,23,B01
200500035620,0,07,000,00,2,1,01,A01
200500035620,0,02,000,00,2,6,01,B01
200500035621,0,05,000,00,2,4,18,A01
200500035621,0,07,000,00,2,1,01,B01
200500035622,0,07,000,00,2,3,10,A01
200500035622,0,02,000,00,2,1,01,B01
200500035623,0,04,000,00,2,6,15,A01
200500035623,0,07,000,00,2,3,15,B01
200500035624,0,02,000,00,0,2,01,A01
200500035625,0,04,000,14,0,2,01,A01
200500035626,0,02,000,00,2,1,05,A01
200500035626,0,07,000,00,2,1,16,B01
200500035627,0,02,000,01,0,1,01,A01
200500035628,1,04,000,00,1,1,00,A01
200500035629,0,07,000,00,1,1,01,A01
200500035630,0,05,000,00,2,4,01,A01
200500035630,0,18,000,00,2,1,01,B01
200500035631,0,07,000,00,1,1,01,A01
200500035632,0,18,000,00,2,1,01,A01
200500035632,0,05,000,00,2,4,01,B01
200500035633,0,02,000,00,2,2,01,A01
200500035633,0,01,000,00,2,3,01,B01
200500035634,0,05,000,00,1,1,13,A01
200500035635,0,07,000,00,2,1,05,A01
200500035635,0,07,000,00,2,1,01,B01
200500035635,0,07,000,00,2,1,01,C01
200500035636,0,07,000,00,2,8,10,A01
200500035636,0,02,000,00,2,1,01,B01
200500035637,0,07,000,00,2,6,01,A01
200500035637,0,07,000,00,2,1,01,B01
200500035638,0,07,000,00,1,1,01,A01
200500035639,0,07,000,01,2,7,09,A01
200500035639,0,05,000,00,2,1,01,B01
200500035640,0,02,000,00,0,3,05,A01
200500035641,0,10,000,00,1,4,04,A01
200500035642,0,10,000,00,1,4,04,A01
200500035643,0,10,000,00,2,4,24,A01
200500035643,0,05,000,00,2,1,01,B01
200500035644,0,10,000,00,2,8,13,A01
200500035644,0,04,000,00,2,2,01,B01
200500035645,0,07,000,00,2,4,04,A01
200500035645,0,05,000,00,2,1,01,B01
200500035646,0,01,000,00,2,6,15,A01
200500035646,0,07,000,00,2,7,01,B01
200500035647,0,07,000,00,2,2,01,A01
200500035647,0,07,000,00,2,8,01,B01
200500035648,0,10,000,00,1,1,01,A01
200500035649,0,07,000,00,2,8,10,A01
200500035649,0,05,000,00,2,1,05,B01
200500035650,0,07,000,00,1,1,15,A01
200500035651,0,07,000,00,1,1,01,A01
200500035652,0,04,000,00,0,5,01,A01
200500035653,0,07,000,00,1,1,01,A01
200500035654,0,07,000,00,2,7,24,A01
200500035654,0,02,000,00,2,3,01,B01
200500035655,0,05,000,00,2,2,01,A01
200500035655,0,02,000,00,2,1,01,B01
200500035656,0,07,000,07,0,1,13,A01
200500035657,0,14,000,00,2,3,22,A01
200500035657,0,01,000,00,2,1,01,B01
200500035658,0,07,000,00,2,2,16,A01
200500035658,0,01,000,00,2,1,01,B01
200500035659,0,02,000,00,1,1,01,A01
200500035660,0,07,000,00,1,1,01,A01
200500035661,0,05,000,00,2,3,05,A01
200500035661,0,07,000,00,2,3,15,B01
200500035662,0,07,000,00,2,1,01,A01
200500035662,0,07,000,00,2,4,23,B01
200500035663,0,07,000,00,2,8,24,A01
200500035663,0,05,000,00,2,2,01,B01
200500035664,0,02,000,00,1,1,01,A01
200500035665,0,04,000,00,2,1,18,A01
200500035665,0,07,000,00,2,2,16,B01
200500035666,0,05,000,00,1,3,01,A01
200500035667,0,07,000,00,2,7,23,A01
200500035667,0,02,000,00,2,1,18,B01
200500035668,0,10,000,00,2,7,22,A01
200500035668,0,05,000,00,2,2,18,B01
200500035669,0,02,000,00,2,1,01,A01
200500035669,0,07,000,00,2,4,23,B01
200500035670,0,04,000,00,0,0,01,A01
200500035671,0,02,000,00,2,1,01,A01
200500035671,0,07,000,00,2,1,01,B01
200500035672,0,07,000,00,2,8,22,A01
200500035672,0,01,000,00,2,1,01,B01
200500035673,0,02,000,00,0,0,15,A01
200500035674,0,05,000,00,0,0,21,A01
200500035675,0,07,000,00,2,3,09,A01
200500035675,0,04,000,01,2,1,13,B01
200500035675,0,02,000,01,2,1,13,C01
200500035676,0,02,000,00,1,1,01,A01
200500035677,1,07,000,00,2,6,00,A01
200500035677,0,05,000,00,2,2,01,B01
200500035677,0,07,000,00,2,4,01,C01
200500035678,0,02,000,00,2,3,18,A01
200500035678,0,07,000,00,2,2,16,B01
200500035679,0,02,000,00,2,1,01,A01
200500035679,0,10,000,00,2,7,01,B01
200500035680,0,07,000,00,2,3,11,A01
200500035680,0,05,000,00,2,2,01,B01
200500035681,0,05,000,03,0,3,01,A01
200500035682,0,07,000,00,2,2,12,A01
200500035682,0,05,000,00,2,3,01,B01
200500035682,0,10,000,00,2,8,01,C01
200500035683,0,05,000,00,2,3,18,A01
200500035683,0,07,000,00,2,7,01,B01
200500035683,0,07,000,00,2,6,01,C01
200500035684,0,07,000,00,2,3,11,A01
200500035684,0,05,000,00,2,2,01,B01
200500035685,0,07,000,05,2,2,16,A01
200500035685,0,17,000,00,2,3,01,B01
200500035686,0,07,000,00,2,5,12,A01
200500035686,0,05,000,00,2,3,01,B01
200500035687,0,05,000,00,2,3,18,A01
200500035687,0,07,000,00,2,2,12,B01
200500035688,0,07,000,00,2,2,12,A01
200500035688,0,05,000,00,2,3,03,B01
200500035689,0,07,000,00,2,2,12,A01
200500035689,0,05,000,00,2,3,01,B01
200500035689,0,07,000,00,2,4,01,C01
200500035690,1,07,000,00,2,6,00,A01
200500035690,0,05,000,00,2,2,01,B01
200500035691,0,14,000,00,2,3,04,A01
200500035691,0,05,000,14,2,2,01,B01
200500035692,1,07,000,00,2,2,00,A01
200500035692,0,05,000,04,2,3,01,B01
200500035693,0,07,000,00,2,2,12,A01
200500035693,0,05,000,00,2,3,01,B01
200500035694,0,07,000,00,2,3,11,A01
200500035694,0,05,000,00,2,2,01,B01
200500035695,0,07,000,00,2,1,02,A01
200500035695,0,07,000,00,2,4,02,B01
200500035696,1,07,000,00,2,3,00,A01
200500035696,0,05,000,00,2,5,01,B01
200500035696,0,05,000,00,2,4,01,C01
200500035697,0,04,000,00,0,1,01,A01
200500035698,0,05,000,00,0,0,21,A01
200500035699,0,07,000,00,2,2,15,A01
200500035699,0,02,000,00,2,1,01,B01
200500035700,0,04,000,00,2,1,01,A01
200500035700,0,10,000,00,2,6,23,B01
200500035700,0,07,000,00,2,3,01,C01
200500035701,0,04,000,00,1,1,01,A01
200500035702,0,02,000,00,0,0,01,A01
200500035703,0,07,000,00,1,3,01,A01
200500035704,0,07,000,00,1,3,01,A01
200500035705,0,04,000,00,0,0,01,A01
200500035706,0,07,000,00,2,1,01,A01
200500035706,0,07,000,00,2,4,01,B01
200500035707,0,07,000,00,2,2,15,A01
200500035707,0,04,000,00,2,1,01,B01
200500035708,0,07,000,00,1,1,01,A01
200500035709,0,07,000,00,2,3,09,A01
200500035709,0,04,000,00,2,1,01,B01
200500035710,0,02,000,00,1,3,01,A01
200500035711,0,05,000,00,0,1,16,A01
200500035712,0,07,000,00,2,7,12,A01
200500035712,0,05,000,00,2,1,01,B01
200500035713,0,07,000,00,2,2,14,A01
200500035713,0,04,000,00,2,3,01,B01
200500035714,0,07,000,00,2,3,15,A01
200500035714,0,04,000,00,2,2,01,B01
200500035715,0,05,000,00,0,0,21,A01
200500035716,0,04,000,00,2,2,12,A01
200500035716,0,05,000,00,2,1,01,B01
200500035717,0,17,000,04,0,3,01,A01
200500035718,0,10,000,00,2,3,11,A01
200500035718,0,05,000,00,2,2,03,B01
200500035718,0,07,000,00,2,5,01,C01
200500035719,1,07,000,00,0,0,00,A01
200500035719,0,07,000,00,2,4,01,B01
200500035720,0,05,000,00,2,1,01,A01
200500035720,0,07,000,00,2,5,01,B01
200500035720,0,05,000,00,2,6,01,C01
200500035721,0,07,000,00,2,3,22,A01
200500035721,0,05,000,00,2,3,01,B01
200500035721,0,07,000,00,2,3,01,C01
200500035722,0,07,000,00,2,6,11,A01
200500035722,0,05,000,00,2,1,03,B01
200500035723,0,05,000,00,2,1,03,A01
200500035723,0,10,000,00,2,5,12,B01
200500035724,0,07,000,00,2,1,01,A01
200500035724,0,07,000,00,2,4,23,B01
200500035725,0,14,000,00,2,2,12,A01
200500035725,0,07,000,00,2,8,01,B01
200500035726,0,07,000,00,2,2,12,A01
200500035726,0,04,000,00,2,4,03,B01
200500035726,0,07,000,00,2,4,01,C01
200500035727,0,05,000,00,2,3,03,A01
200500035727,0,10,000,00,2,2,12,B01
200500035727,0,07,000,00,2,3,01,C01
200500035728,0,07,000,00,2,2,12,A01
200500035728,0,05,000,00,2,1,03,B01
200500035729,0,05,000,00,0,0,03,A01
200500035730,0,05,000,00,2,1,01,A01
200500035730,0,07,000,00,2,4,01,B01
200500035731,0,07,000,00,2,3,11,A01
200500035731,0,05,000,00,2,2,01,B01
200500035732,1,17,000,00,0,0,00,A01
200500035732,0,05,000,00,2,1,01,C01
200500035732,0,10,000,00,2,3,09,B01
200500035733,0,05,000,00,0,0,01,A01
200500035734,0,07,000,00,2,5,12,A01
200500035734,0,05,000,00,2,3,01,B01
200500035735,0,07,000,00,2,1,12,A01
200500035735,0,05,000,00,2,1,01,B01
200500035735,0,07,000,00,2,2,01,C01
200500035735,0,07,000,00,2,4,01,D01
200500035736,0,05,000,00,2,1,18,A01
200500035736,0,07,000,00,2,7,01,B01
200500035737,0,07,000,00,2,1,01,A01
200500035737,0,07,000,00,2,4,01,B01
200500035737,0,07,000,00,2,4,01,C01
200500035738,0,07,000,00,2,1,01,A01
200500035738,0,07,000,00,2,4,01,B01
200500035738,0,07,000,00,2,4,01,C01
200500035738,0,07,000,00,2,4,01,D01
200500035739,0,05,000,00,2,1,01,A01
200500035739,0,07,000,00,2,4,01,B01
200500035740,1,05,000,00,2,1,00,A01
200500035740,0,05,000,00,2,6,01,B01
200500035741,0,07,000,00,2,3,13,A01
200500035741,0,07,000,00,2,5,01,B01
200500035741,0,07,000,00,2,4,01,C01
200500035741,0,07,000,00,2,5,01,D01
200500035741,0,07,000,00,2,5,01,E01
200500035741,0,07,000,00,2,5,01,F01
200500035741,0,10,000,00,2,6,01,G01
200500035741,0,07,000,00,2,4,01,H01
200500035742,0,10,000,00,2,6,11,A01
200500035742,0,05,000,00,2,2,01,B01
200500035743,0,07,000,00,2,7,12,A01
200500035743,0,05,000,00,2,6,01,B01
200500035744,0,05,000,00,2,1,03,A01
200500035744,0,07,000,00,2,4,01,B01
200500035744,0,07,000,00,2,2,01,C01
200500035745,0,10,000,00,2,1,01,A01
200500035745,0,07,000,00,2,4,01,B01
200500035746,0,07,000,00,2,1,15,A01
200500035746,0,02,000,00,2,0,00,B01
200500035747,0,07,000,00,2,2,15,A01
200500035747,0,07,000,00,2,1,05,B01
200500035748,0,07,000,00,1,2,01,A01
200500035749,0,07,000,00,2,1,21,A01
200500035749,0,07,000,00,2,4,23,B01
200500035750,0,07,000,00,1,3,15,A01
200500035751,0,02,000,00,2,1,13,A01
200500035751,0,99,000,00,2,1,21,B01
200500035752,0,07,000,00,1,2,01,A01
200500035753,0,07,000,00,2,5,12,A01
200500035753,0,05,000,00,2,1,01,B01
200500035754,0,07,000,06,2,1,13,A01
200500035754,0,07,000,00,2,6,01,B01
200500035755,0,02,000,00,0,0,01,A01
200500035756,0,07,000,00,2,7,01,A01
200500035757,0,01,000,00,2,7,01,A01
200500035757,0,07,000,00,1,1,01,B01
200500035758,0,07,000,00,2,3,01,B01
200500035758,0,02,000,00,2,1,00,A01
200500035759,1,99,000,00,9,1,14,A01
200500035759,0,01,000,00,0,4,09,B01
200500035760,0,07,000,00,1,2,02,A01
200500035761,0,05,000,00,2,1,01,B01
200500035761,0,07,000,00,2,3,01,A01
200500035762,0,03,000,00,0,9,01,A01
200500035763,0,07,000,01,9,1,21,A01
200500035764,0,02,000,00,5,0,01,A01
200500035765,0,02,000,00,2,1,21,A01
200500035765,0,07,000,00,2,3,15,B01
200500035766,0,07,000,00,2,6,10,A01
200500035766,0,07,000,00,2,1,02,B01
200500035767,0,07,000,00,1,1,09,A01
200500035768,0,05,000,06,0,1,02,A01
200500035769,0,05,000,00,2,5,17,A01
200500035769,0,07,000,00,2,6,15,B01
200500035770,0,07,000,00,2,2,01,A01
200500035770,0,07,000,00,2,1,01,B01
200500035771,0,07,000,11,0,9,14,A01
200500035772,0,07,000,00,2,2,01,A01
200500035772,0,01,000,00,0,4,01,B01
200500035773,0,07,000,00,2,1,15,A01
200500035773,0,02,000,00,2,1,02,B01
200500035774,0,05,000,00,2,7,14,A01
200500035774,0,07,000,00,2,6,01,B01
200500035775,0,07,000,00,2,1,01,A01
200500035775,0,07,000,00,2,4,01,B01
200500035776,0,07,000,00,2,1,01,B01
200500035776,0,07,000,00,2,1,16,A01
200500035777,0,01,000,00,2,1,09,A01
200500035777,0,07,000,00,2,4,15,B01
200500035778,0,07,000,00,1,2,01,A01
200500035779,0,04,000,00,2,1,13,A01
200500035779,0,07,000,00,2,1,01,B01
200500035780,0,07,000,08,0,1,00,A01
200500035781,0,02,000,00,2,7,01,A01
200500035781,0,07,000,00,2,3,01,B01
200500035782,0,05,000,00,2,7,12,A01
200500035782,0,07,000,00,2,2,01,B01
200500035783,0,07,000,00,2,1,02,A01
200500035783,0,07,000,00,2,4,02,B01
200500035784,0,04,000,08,0,1,01,A01
200500035785,0,05,000,00,0,1,00,A01
200500035786,0,07,000,00,2,2,15,A01
200500035786,0,07,000,00,2,1,01,B01
200500035787,0,07,000,00,1,2,01,A01
200500035788,0,13,000,00,2,7,17,A01
200500035788,0,04,000,00,2,8,02,B01
200500035789,0,07,000,00,1,1,01,A01
200500035790,0,07,000,00,2,5,16,A01
200500035790,0,01,000,00,2,2,01,B01
200500035791,0,04,000,00,2,1,02,A01
200500035791,0,07,000,00,2,4,02,B01
200500035792,0,07,000,00,1,0,01,A01
200500035793,0,07,000,00,1,3,01,A01
200500035794,0,02,000,06,0,1,00,A01
200500035795,0,07,000,00,2,1,15,A01
200500035795,0,04,000,00,2,3,01,B01
200500035796,0,07,000,00,2,1,01,A01