Num_Acc,senc,catv,occutc,obs,obsm,choc,manv,num_veh
200500035796,0,07,000,00,0,4,01,B01
200500035797,0,07,000,00,2,2,15,A01
200500035797,0,02,000,00,2,1,01,B01
200500035798,0,07,000,00,2,1,02,A01
200500035798,0,07,000,00,2,4,01,B01
200500035799,0,18,001,00,1,1,01,A01
200500035800,0,07,000,00,2,3,10,A01
200500035800,0,04,000,00,2,1,17,B01
200500035801,0,01,000,00,2,1,05,A01
200500035801,0,07,000,00,2,2,01,B01
200500035802,0,07,000,08,0,1,01,A01
200500035802,0,07,000,00,0,0,11,B01
200500035803,0,07,000,00,2,2,10,A01
200500035803,0,07,000,00,2,3,01,B01
200500035804,0,07,000,00,2,1,21,A01
200500035804,0,07,000,00,2,3,15,B01
200500035805,0,04,000,00,2,1,21,A01
200500035805,0,07,000,00,9,2,15,B01
200500035806,0,05,000,00,2,4,00,A01
200500035806,0,07,000,00,2,3,21,B01
200500035807,0,05,000,00,2,1,17,A01
200500035807,0,07,000,00,2,8,15,B01
200500035808,0,07,000,15,2,7,15,A01
200500035808,0,07,000,00,2,1,02,B01
200500035809,0,07,000,00,0,8,10,A01
200500035809,0,05,000,00,2,1,02,B01
200500035810,0,07,000,00,2,1,01,A01
200500035810,0,07,000,00,2,8,01,B01
200500035811,0,14,000,00,0,0,00,A01
200500035812,0,18,037,00,1,2,07,A01
200500035813,0,07,000,00,2,1,02,A01
200500035813,0,07,000,00,0,5,02,B01
200500035813,0,07,000,00,2,1,02,C01
200500035814,0,07,000,00,0,6,15,A01
200500035814,0,05,000,00,0,1,17,B01
200500035815,0,07,000,00,1,2,01,A01
200500035816,0,07,000,00,0,2,15,A01
200500035816,0,07,000,00,0,3,01,B01
200500035817,0,02,000,00,2,1,02,A01
200500035817,0,07,000,00,0,4,02,B01
200500035818,0,07,000,00,2,1,00,A01
200500035818,0,04,000,00,2,1,00,B01
200500035819,0,07,000,00,0,3,15,A01
200500035819,0,07,000,00,0,3,00,B01
200500035820,0,02,000,14,0,1,00,A01
200500035820,0,07,000,00,2,5,23,B01
200500035821,0,07,000,00,2,3,18,A01
200500035821,0,07,000,12,2,5,01,B01
200500035822,0,05,000,00,2,1,01,B01
200500035822,0,07,000,00,0,5,15,A01
200500035823,0,07,000,00,2,2,17,A01
200500035823,0,01,000,00,0,6,13,B01
200500035824,0,07,000,00,2,6,04,A01
200500035824,0,05,000,15,2,7,02,B01
200500035825,0,07,000,12,2,1,16,A01
200500035825,0,07,000,00,2,3,02,B01
200500035826,0,07,000,00,2,8,01,B01
200500035826,0,07,000,00,2,3,01,A01
200500035827,0,07,000,13,0,1,01,A01
200500035828,0,05,000,00,0,5,00,A01
200500035828,0,05,000,00,0,1,02,B01
200500035828,0,05,000,00,2,1,02,C01
200500035829,0,07,000,06,0,0,14,A01
200500035830,0,05,000,00,0,4,21,B01
200500035830,0,07,000,00,2,1,15,A01
200500035831,2,02,000,00,2,1,05,A01
200500035831,0,07,000,00,2,1,01,B01
200500035832,0,05,000,00,0,7,02,A01
200500035833,0,01,000,00,0,1,02,A01
200500035834,0,10,000,00,2,7,01,A01
200500035834,0,18,013,00,2,3,01,B01
200500035835,0,07,000,00,1,1,14,A01
200500035836,0,01,000,00,2,1,02,A01
200500035836,0,07,000,00,2,1,02,B01
200500035837,0,07,000,00,1,2,01,A01
200500035838,0,07,000,00,2,2,16,A01
200500035838,0,07,000,00,2,3,15,B01
200500035839,0,07,000,00,2,2,15,A01
200500035839,0,02,000,00,2,1,02,B01
200500035840,0,07,000,00,2,2,15,A01
200500035840,0,07,000,00,2,1,02,B01
200500035841,0,07,000,00,1,1,02,A01
200500035842,0,07,000,00,2,3,16,A01
200500035842,0,07,000,00,2,2,02,B01
200500035843,0,07,000,00,2,2,02,B01
200500035843,0,10,000,00,2,3,16,A01
200500035844,0,07,000,00,2,1,02,A01
200500035844,0,07,000,00,2,4,23,B01
200500035845,0,07,000,00,1,2,17,A01
200500035846,0,07,000,00,2,9,02,A01
200500035846,0,07,000,00,2,2,02,B01
200500035846,0,10,000,00,2,1,02,C01
200500035847,0,07,000,00,2,1,02,A01
200500035847,0,07,000,00,2,4,23,B01
200500035847,0,07,000,00,2,4,23,C01
200500035848,0,07,000,00,2,1,02,A01
200500035848,0,07,000,00,2,4,23,B01
200500035849,0,07,000,00,2,2,02,B01
200500035849,0,14,000,00,2,1,15,A01
200500035850,0,07,000,00,1,1,02,A01
200500035851,0,07,000,13,0,0,02,A01
200500035852,0,07,000,08,2,1,01,B01
200500035853,0,14,000,00,2,1,02,A01
200500035853,0,07,000,00,2,4,02,B01
200500035854,0,07,000,00,2,4,11,A01
200500035854,0,07,000,00,2,2,17,B01
200500035854,0,07,000,00,2,4,02,C01
200500035855,0,07,000,00,2,1,02,A01
200500035855,0,07,000,00,2,4,23,B01
200500035855,0,07,000,00,2,4,23,C01
200500035856,0,04,000,09,0,1,02,A01
200500035857,0,02,000,16,0,1,09,A01
200500035858,0,05,000,00,2,1,17,A01
200500035858,0,07,000,00,2,8,15,B01
200500035859,0,07,000,00,1,1,00,A01
200500035860,0,04,000,00,2,1,00,A01
200500035860,0,01,000,00,2,8,19,B01
200500035861,0,07,000,00,1,2,01,A01
200500035862,0,01,000,00,9,0,19,A01
200500035862,0,07,000,00,0,0,00,B01
200500035862,0,07,000,00,0,0,00,C01
200500035863,0,02,000,00,2,3,01,A01
200500035863,0,07,000,00,0,7,16,B01
200500035864,0,07,000,00,2,2,13,A01
200500035864,0,05,000,00,2,8,02,B01
200500035865,0,07,000,00,2,1,02,A01
200500035865,0,07,000,00,2,1,02,B01
200500035865,0,07,000,00,0,4,02,C01
200500035866,0,15,000,00,2,2,14,A01
200500035866,0,07,000,00,2,6,00,B01
200500035867,0,07,000,01,0,3,24,A01
200500035867,0,02,000,00,0,0,00,B01
200500035868,0,07,000,08,0,1,00,A01
200500035869,0,04,000,00,2,7,15,A01
200500035869,0,07,000,00,2,1,01,B01
200500035870,0,05,000,00,2,1,00,A01
200500035870,1,99,000,00,0,0,00,B01
200500035870,0,07,000,00,2,0,00,C01
200500035871,0,07,000,00,0,0,00,A01
200500035871,0,07,000,00,0,0,00,B01
200500035872,0,07,000,00,2,1,02,A01
200500035872,0,05,000,00,0,4,23,B01
200500035873,0,07,000,15,1,1,19,A01
200500035874,0,07,000,00,2,1,19,B01
200500035874,0,07,000,15,2,7,19,A01
200500035875,0,07,000,00,2,1,13,A01
200500035875,0,21,000,00,2,1,16,B01
200500035876,0,04,000,06,9,1,13,A01
200500035877,0,07,000,00,1,2,19,A01
200500035878,0,07,000,02,0,1,02,A01
200500035879,0,07,000,00,2,1,02,A01
200500035880,0,04,000,00,0,0,02,A01
200500035881,0,07,000,00,0,3,02,A01
200500035881,0,05,000,00,2,1,02,B01
200500035882,0,05,000,00,2,2,21,A01
200500035882,0,07,000,00,2,5,02,B01
200500035883,0,07,000,00,1,3,02,A01
200500035884,0,07,000,06,2,1,17,A01
200500035884,0,07,000,00,2,3,15,B01
200500035885,0,07,000,00,0,6,10,A01
200500035885,0,02,000,00,2,2,02,B01
200500035886,0,07,000,00,2,3,15,A01
200500035886,0,02,000,00,2,2,15,B01
200500035887,0,07,000,00,2,5,23,A01
200500035887,0,07,000,00,2,6,02,B01
200500035887,0,07,000,00,2,2,02,C01
200500035888,0,07,000,00,2,3,01,A01
200500035888,0,07,000,00,2,6,23,B01
200500035889,0,05,000,00,2,1,02,A01
200500035889,0,07,000,00,0,6,02,B01
200500035890,0,07,000,00,2,8,15,A01
200500035890,0,04,000,01,2,1,17,B01
200500035891,0,05,000,06,0,1,02,A01
200500035892,0,04,000,00,2,1,01,A01
200500035892,0,07,000,00,2,6,15,B01
200500035893,0,10,000,00,1,7,14,A01
200500035894,0,07,000,00,2,0,09,A01
200500035894,0,07,000,10,2,2,01,B01
200500035895,0,07,000,00,2,1,01,A01
200500035895,0,01,000,00,2,0,19,B01
200500035896,0,07,000,00,2,8,01,B01
200500035896,0,07,000,00,2,1,01,A01
200500035897,0,07,000,00,2,1,19,A01
200500035897,0,07,000,08,2,3,01,B01
200500035898,0,02,000,12,0,1,13,A01
200500035899,0,05,000,16,0,7,16,A01
200500035900,0,07,000,00,2,1,02,A01
200500035900,0,07,000,00,2,4,02,B01
200500035901,0,05,000,00,0,7,16,A01
200500035902,0,01,000,00,1,1,01,A01
200500035903,0,07,000,00,2,3,01,B01
200500035903,1,07,000,00,2,1,15,A01
200500035904,0,07,000,00,1,1,01,A01
200500035905,0,07,000,00,1,2,01,A01
200500035906,0,01,000,14,0,0,01,A01
200500035907,0,07,000,00,2,3,00,A01
200500035907,0,01,000,00,2,7,01,B01
200500035908,0,05,000,00,0,8,17,A01
200500035909,0,07,000,00,2,1,01,A01
200500035909,0,14,000,00,2,8,23,B01
200500035910,0,05,000,16,0,8,10,A01
200500035911,0,07,000,00,2,1,13,A01
200500035911,0,07,000,00,2,1,01,B01
200500035912,0,07,000,00,2,2,14,A01
200500035912,0,07,000,00,2,3,01,B01
200500035913,0,02,000,00,2,2,01,A01
200500035913,0,07,000,00,2,1,15,B01
200500035914,0,05,000,00,0,8,01,A01
200500035914,0,07,000,00,2,6,02,B01
200500035914,0,05,000,00,2,1,02,C01
200500035915,0,07,000,00,2,8,10,A01
200500035915,0,07,000,00,2,2,02,B01
200500035916,0,04,000,00,2,7,12,A01
200500035916,0,07,000,00,2,3,01,B01
200500035917,0,05,000,00,2,1,03,A01
200500035917,0,07,000,00,2,6,12,B01
200500035918,0,07,000,15,0,1,14,A01
200500035919,0,05,000,00,0,7,01,A01
200500035920,0,07,000,01,0,1,02,A01
200500035920,0,07,000,01,2,1,23,B01
200500035920,0,07,000,00,2,4,23,C01
200500035921,0,07,000,00,1,2,01,A01
200500035922,0,07,000,00,2,1,02,A01
200500035922,0,07,000,00,0,4,23,B01
200500035923,0,07,000,00,2,1,01,A01
200500035923,0,05,000,00,2,8,15,B01
200500035924,0,07,000,00,2,8,01,A01
200500035924,0,07,000,00,2,1,01,B01
200500035925,0,07,000,00,2,1,02,A01
200500035925,0,07,000,00,0,4,15,B01
200500035926,0,07,000,00,1,0,02,A01
200500035927,0,07,000,00,1,3,02,A01
200500035928,0,07,000,00,2,1,02,A01
200500035928,0,07,000,00,2,9,02,B01
200500035928,0,07,000,00,0,4,02,C01
200500035929,0,07,000,00,1,2,00,A01
200500035930,0,07,000,02,9,1,02,A01
200500035931,0,18,000,00,1,2,07,A01
200500035932,0,07,000,00,2,1,01,A01
200500035932,0,07,000,00,0,3,15,B01
200500035933,0,07,000,00,2,1,01,A01
200500035933,0,07,000,00,0,3,15,B01
200500035934,0,07,000,09,0,1,14,A01
200500035935,0,07,000,06,0,8,14,A01
200500035936,0,10,000,00,2,1,15,A01
200500035936,0,04,000,00,2,1,01,B01
200500035937,0,07,000,00,2,1,15,A01
200500035937,0,02,000,00,2,1,01,B01
200500035938,0,07,000,00,1,2,01,A01
200500035939,0,07,000,00,2,1,01,A01
200500035939,0,07,000,00,2,1,01,B01
200500035940,0,07,000,08,0,7,14,A01
200500035941,0,05,000,00,0,0,03,A01
200500035942,0,05,000,00,0,3,13,A01
200500035943,0,05,000,00,0,0,03,A01
200500035943,0,07,000,00,0,0,15,B01
200500035944,0,07,000,00,0,5,01,B01
200500035944,1,07,000,00,2,4,20,A01
200500035945,0,02,000,08,0,1,01,A01
200500035946,0,07,000,13,0,9,01,A01
200500035947,0,07,000,00,9,0,01,A01
200500035947,0,01,000,00,0,0,01,B01
200500035948,0,07,000,00,2,1,15,A01
200500035948,0,07,000,00,2,1,01,B01
200500035949,0,07,000,00,2,1,15,A01
200500035949,0,07,000,00,0,1,01,B01
200500035950,0,07,000,00,1,2,15,A01
200500035951,0,05,000,00,2,1,02,B01
200500035951,0,07,000,00,2,1,19,A01
200500035951,0,07,000,00,2,1,01,C01
200500035952,0,07,000,00,0,0,23,A01
200500035952,0,05,000,00,2,0,01,B01
200500035953,0,07,000,00,2,1,15,A01
200500035953,0,07,000,00,2,3,01,B01
200500035954,0,05,000,00,2,1,15,A01
200500035954,0,07,000,00,2,1,01,B01
200500035955,0,18,001,00,1,7,16,A01
200500035956,0,07,000,00,2,2,16,A01
200500035956,0,01,000,00,2,0,01,B01
200500035957,1,99,000,00,1,0,00,A01
200500035958,0,05,000,00,0,0,01,A01
200500035959,0,04,000,00,2,1,15,B01
200500035959,0,07,000,00,2,2,01,A01
200500035960,0,01,000,00,0,9,00,A01
200500035961,0,07,000,00,1,8,02,A01
200500035962,0,05,000,00,2,1,13,A01
200500035962,0,07,000,00,2,3,01,B01
200500035963,0,07,000,00,1,2,01,A01
200500035964,0,07,000,00,1,1,01,A01
200500035965,0,04,000,00,2,7,01,A01
200500035965,0,07,000,00,2,2,15,B01
200500035966,0,07,000,06,0,1,01,A01
200500035967,0,05,000,11,0,1,01,A01
200500035968,0,07,000,11,2,1,01,B01
200500035968,0,07,000,00,2,3,01,A01
200500035969,0,10,000,00,2,2,15,A01
200500035969,0,07,000,00,2,3,01,B01
200500035970,0,05,000,00,2,1,17,A01
200500035970,0,07,000,00,2,3,15,B01
200500035971,1,07,000,00,0,0,00,A01
200500035971,0,05,000,00,2,1,02,B01
200500035971,0,07,000,00,2,6,01,C01
200500035972,0,07,000,09,0,2,01,A01
200500035973,0,05,000,00,0,7,01,A01
200500035973,0,07,000,00,0,0,15,B01
200500035974,0,14,000,00,2,6,23,A01
200500035974,0,18,024,01,0,2,21,B01
200500035975,0,07,000,00,0,0,09,A01
200500035975,0,07,000,00,2,3,13,B01
200500035975,0,07,000,00,2,3,01,C01
200500035976,0,07,000,00,2,3,01,B01
200500035976,0,07,000,00,2,1,16,A01
200500035977,0,07,000,00,1,3,01,A01
200500035978,0,02,000,00,2,1,01,A01
200500035978,0,07,000,00,2,8,01,B01
200500035979,0,07,000,00,2,3,01,A01
200500035979,0,02,000,00,2,1,17,B01
200500035980,0,07,000,00,2,1,01,A01
200500035980,0,07,000,00,0,4,01,B01
200500035981,0,15,000,00,2,1,02,A01
200500035981,0,07,000,00,0,4,23,B01
200500035982,0,07,000,00,1,1,02,A01
200500035983,0,07,000,00,2,1,02,B01
200500035983,0,05,000,00,2,3,00,A01
200500035984,0,05,000,00,1,1,01,A01
200500035985,0,07,000,00,2,2,20,A01
200500035985,0,04,000,00,2,1,00,B01
200500035986,0,07,000,06,0,1,14,A01
200500035987,0,07,000,00,2,1,21,A01
200500035987,0,07,000,00,1,4,23,B01
200500035988,0,07,000,00,1,1,21,A01
200500035989,0,18,001,00,9,2,12,A01
200500035989,0,01,000,00,2,4,00,B01
200500035990,0,07,000,00,2,1,13,A01
200500035990,0,07,000,00,2,3,09,B01
200500035991,0,05,000,00,2,1,03,A01
200500035991,0,07,000,00,2,2,09,B01
200500035992,0,05,000,00,2,1,01,A01
200500035992,0,07,000,00,2,7,15,B01
200500035993,0,07,000,00,2,1,01,A01
200500035993,0,01,000,00,2,5,19,B01
200500035994,0,07,000,00,2,5,15,A01
200500035994,0,04,000,00,2,1,01,B01
200500035995,0,07,000,00,1,3,04,A01
200500035996,0,05,000,00,2,1,01,A01
200500035996,0,07,000,00,2,3,15,B01
200500035997,0,07,000,00,1,3,01,A01
200500035998,0,07,000,00,2,1,16,A01
200500035998,0,05,000,00,2,2,01,B01
200500035999,0,07,000,00,0,1,11,A01
200500035999,0,01,000,00,2,1,01,B01
200500036000,0,02,000,00,2,3,01,B01
200500036000,0,07,000,00,2,5,15,A01
200500036001,0,07,000,00,2,8,10,A01
200500036001,0,05,000,00,2,1,01,B01
200500036002,0,07,000,00,2,5,15,A01
200500036002,0,05,000,00,2,2,01,B01
200500036003,0,02,000,00,2,4,11,A01
200500036003,0,07,000,00,2,1,01,B01
200500036004,0,10,000,00,1,4,04,A01
200500036005,0,07,000,00,2,3,15,A01
200500036005,0,02,000,00,2,1,01,B01
200500036006,0,07,000,00,2,1,01,A01
200500036006,0,01,000,00,2,8,19,B01
200500036007,0,07,000,00,1,4,04,A01
200500036008,0,07,000,00,0,1,01,B01
200500036008,0,07,000,00,2,1,16,A01
200500036009,0,07,000,00,1,3,01,A01
200500036010,0,04,000,00,2,1,15,A01
200500036010,0,07,000,00,0,3,01,B01
200500036011,0,07,000,00,2,3,15,A01
200500036011,0,07,000,00,2,1,01,B01
200500036011,0,07,000,00,0,1,01,C01
200500036012,0,04,000,00,2,1,01,A01
200500036012,0,07,000,00,0,1,01,B01
200500036013,0,07,000,00,1,1,17,A01
200500036014,0,07,000,00,1,3,15,A01
200500036015,0,10,000,00,1,1,15,A01
200500036016,0,07,000,06,0,1,14,A01
200500036017,0,07,000,00,9,2,01,A01
200500036017,0,02,000,00,2,8,01,B01
200500036018,0,07,000,00,9,1,23,A01
200500036018,0,05,000,00,2,1,01,B01
200500036019,1,07,000,00,9,0,00,A01
200500036019,0,02,000,00,2,7,01,B01
200500036020,0,02,000,12,2,3,18,A01
200500036020,0,07,000,00,2,2,16,B01
200500036021,0,07,000,00,2,6,21,A01
200500036021,0,04,000,00,2,1,19,B01
200500036022,0,04,000,00,2,0,17,A01
200500036022,0,07,000,00,2,3,15,B01
200500036023,0,07,000,00,2,1,01,A01
200500036023,0,07,000,00,2,1,01,B01
200500036023,0,07,000,00,2,4,01,C01
200500036024,0,07,000,09,0,1,01,A01
200500036025,0,07,000,00,2,0,11,A01
200500036025,0,07,000,04,0,9,01,B01
200500036026,0,07,000,00,1,1,01,A01
200500036027,0,01,000,00,2,1,01,A01
200500036027,0,07,000,00,2,4,15,B01
200500036028,0,10,000,00,1,2,01,A01
200500036029,0,14,000,00,2,1,01,A01
200500036029,0,07,000,00,2,4,01,B01
200500036030,0,07,000,00,2,8,22,A01
200500036030,0,01,000,00,2,1,01,B01
200500036031,0,07,000,00,2,2,15,A01
200500036031,0,05,000,00,2,1,01,B01
200500036032,0,01,000,00,2,8,19,A01
200500036032,0,07,000,00,2,1,01,B01
200500036033,0,02,000,00,2,7,17,A01
200500036033,0,07,000,00,2,8,15,B01
200500036034,0,07,000,00,2,7,15,A01
200500036034,0,05,000,00,2,1,01,B01
200500036035,0,07,000,00,2,2,15,A01
200500036035,0,02,000,01,2,3,06,B01
200500036036,0,05,000,00,2,2,17,A01
200500036036,0,07,000,00,2,8,15,B01
200500036037,0,07,000,00,2,7,17,A01
200500036037,0,02,000,00,2,3,15,B01
200500036038,0,02,000,00,0,0,01,A01
200500036039,0,07,000,00,1,1,01,A01
200500036040,0,07,000,00,2,2,01,A01
200500036040,0,01,000,00,2,0,01,B01
200500036041,0,07,000,00,2,1,01,A01
200500036041,0,07,000,00,1,4,01,B01
200500036041,0,07,000,00,2,4,01,C01
200500036042,0,07,000,00,2,7,15,A01
200500036042,0,07,000,00,2,1,01,B01
200500036043,0,07,000,00,2,1,13,A01
200500036043,0,07,000,00,2,1,01,B01
200500036044,0,07,000,00,2,2,15,A01
200500036044,0,02,000,00,2,1,01,B01
200500036045,0,07,000,00,2,3,10,A01
200500036045,0,02,000,00,2,4,01,B01
200500036046,0,01,000,00,2,1,01,A01
200500036046,0,07,000,00,2,7,16,B01
200500036047,0,10,000,00,2,1,15,A01
200500036047,0,07,000,00,2,8,01,B01
200500036048,0,07,000,00,1,1,15,A01
200500036049,0,18,001,00,1,1,01,A01
200500036050,0,07,000,00,2,1,15,A01
200500036050,0,07,000,00,2,3,01,B01
200500036050,0,07,000,00,2,3,01,C01
200500036051,0,02,000,00,2,1,15,A01
200500036051,0,07,000,00,2,4,15,B01
200500036052,0,07,000,00,2,8,01,A01
200500036052,0,07,000,00,2,1,01,B01
200500036053,0,07,000,13,0,9,01,A01
200500036054,0,02,000,00,2,1,01,A01
200500036054,0,07,000,00,2,4,01,B01
200500036054,0,07,000,00,2,8,01,C01
200500036055,0,05,000,00,2,3,01,A01
200500036055,0,07,000,00,2,7,01,B01
200500036056,0,07,000,00,2,7,11,A01
200500036056,0,04,000,00,2,1,01,B01
200500036057,0,07,000,00,0,1,01,A01
200500036058,0,07,000,00,2,7,01,A01
200500036058,0,04,000,00,2,1,01,B01
200500036059,0,07,000,00,1,2,01,A01
200500036060,0,07,000,00,2,2,01,B01
200500036060,0,07,000,00,2,3,15,A01
200500036061,0,07,000,00,2,1,01,B01
200500036061,0,07,000,00,2,8,01,A01
200500036062,0,02,000,00,2,1,01,A01
200500036062,0,07,000,00,2,8,15,B01
200500036063,0,02,000,00,2,7,15,B01
200500036063,0,07,000,00,2,3,16,A01
200500036064,0,02,000,00,2,1,01,A01
200500036064,0,07,000,00,2,8,01,B01
200500036065,0,07,000,00,4,2,19,A01
200500036065,0,05,000,00,2,1,01,B01
200500036065,0,05,000,00,2,1,01,C01
200500036066,0,02,000,00,2,1,01,A01
200500036066,0,07,000,00,2,8,15,B01
200500036067,0,07,000,00,2,1,23,A01
200500036067,0,02,000,00,2,7,14,B01
200500036068,0,07,000,13,0,3,01,A01
200500036069,0,02,000,00,2,1,01,B01
200500036069,0,07,000,00,2,3,09,A01
200500036070,0,07,000,00,0,4,02,A01
200500036070,0,07,000,00,2,1,02,B01
200500036071,0,07,000,00,2,3,10,A01
200500036071,0,05,000,00,2,1,01,B01
200500036072,0,05,000,00,2,1,21,A01
200500036072,0,07,000,00,2,6,15,B01
200500036073,0,04,000,00,2,1,01,A01
200500036073,0,07,000,00,2,8,15,B01
200500036074,0,05,000,00,2,1,01,A01
200500036074,0,07,000,00,2,2,15,B01
200500036075,0,07,000,00,2,1,15,A01
200500036075,0,02,000,00,2,1,01,B01
200500036076,0,02,000,00,2,1,01,B01
200500036076,0,07,000,00,2,8,19,A01
200500036077,0,07,000,00,2,1,19,A01
200500036077,0,07,000,00,2,6,01,B01
200500036077,0,07,000,00,2,3,01,C01
200500036077,0,07,000,00,2,5,23,D01
200500036078,0,02,000,00,2,1,09,A01
200500036078,0,02,000,00,2,8,01,B01
200500036079,0,07,000,00,2,8,15,A01
200500036079,0,05,000,00,2,7,17,B01
200500036080,0,05,000,00,2,7,01,A01
200500036080,1,99,000,00,0,0,00,B01
200500036081,0,05,000,00,0,1,15,A01
200500036082,0,07,000,03,0,1,01,A01
200500036083,0,05,000,00,0,2,01,A01
200500036084,0,07,000,00,2,1,01,A01
200500036084,0,05,000,00,2,4,01,B01
200500036085,0,05,000,01,0,1,05,A01
200500036086,0,07,000,00,2,7,10,A01
200500036086,0,05,000,00,2,1,01,B01
200500036087,0,07,000,00,2,1,01,A01
200500036088,0,02,000,00,2,1,13,A01
200500036088,0,07,000,00,2,1,01,B01
200500036089,0,07,000,00,2,7,15,A01
200500036089,0,05,000,00,2,1,01,B01
200500036090,0,07,000,00,2,8,15,A01
200500036090,0,05,000,00,2,1,17,B01
200500036091,0,05,000,00,2,4,02,A01
200500036091,0,07,000,00,2,1,02,B01
200500036091,0,07,000,00,2,4,02,C01
200500036092,0,07,000,00,9,1,14,A01
200500036093,0,07,000,00,1,1,20,A01
200500036094,0,04,000,00,2,1,01,B01
200500036094,0,07,000,00,2,3,15,A01
200500036095,0,07,000,00,2,7,15,A01
200500036095,0,02,000,00,2,1,01,B01
200500036096,0,05,000,00,2,1,09,A01
200500036096,0,07,000,00,2,8,09,B01
200500036097,0,05,000,00,2,1,00,A01
200500036097,0,07,000,00,2,1,15,B01
200500036098,0,99,000,00,2,1,02,A01
200500036098,0,99,000,00,2,4,02,B01
200500036099,0,02,000,11,0,1,01,A01
200500036100,0,04,000,00,2,7,17,A01
200500036100,0,07,000,00,2,2,15,B01
200500036101,0,02,000,00,2,1,05,A01
200500036101,0,07,000,00,2,3,16,B01
200500036102,0,07,000,00,2,3,15,A01
200500036102,0,05,000,00,2,7,17,B01
200500036103,0,05,000,12,0,1,14,A01
200500036104,0,10,000,00,2,3,13,A01
200500036104,0,10,000,03,2,6,05,B01
200500036105,0,07,000,00,2,3,13,A01
200500036105,0,05,000,00,2,5,17,B01
200500036105,0,07,000,00,2,3,01,C01
200500036106,0,99,000,06,0,0,01,A01
200500036107,0,07,000,00,2,7,12,A01
200500036107,0,05,000,00,2,8,01,B01
200500036107,0,07,000,00,2,4,01,C01
200500036108,0,07,000,00,2,8,15,A01
200500036108,0,07,000,00,2,1,01,B01
200500036109,0,05,000,00,2,8,01,A01
200500036109,0,02,000,00,2,8,01,B01
200500036110,0,05,000,00,2,1,01,A01
200500036110,0,07,000,00,2,3,19,B01
200500036111,0,07,000,00,2,5,01,A01
200500036111,0,05,000,00,2,1,01,B01
200500036112,0,07,000,00,2,1,15,A01
200500036112,0,01,000,00,2,1,01,B01
200500036113,0,07,000,00,2,7,16,A01
200500036113,0,18,008,00,2,3,01,B01
200500036114,0,07,000,00,9,2,16,A01
200500036114,0,01,000,00,2,1,01,B01
200500036115,0,05,000,00,2,1,01,A01
200500036115,0,07,000,00,2,3,15,B01
200500036116,0,05,000,00,2,1,05,A01
200500036116,0,07,000,00,2,3,01,B01
200500036117,0,04,000,00,1,1,01,A01
200500036118,0,07,000,14,2,1,02,A01
200500036118,0,07,000,00,2,4,23,B01
200500036119,2,07,000,00,2,3,15,A01
200500036119,0,05,000,08,2,1,01,B01
200500036120,0,02,000,00,2,6,17,A01
200500036120,0,07,000,00,0,0,15,B01
200500036121,0,07,000,00,2,5,15,A01
200500036121,0,07,000,00,2,1,01,B01
200500036122,0,02,000,00,2,1,01,A01
200500036122,0,07,000,00,9,1,15,B01
200500036123,0,07,000,00,2,8,16,A01
200500036123,0,05,000,00,2,1,02,B01
200500036124,0,07,000,00,1,3,15,A01
200500036125,0,02,000,07,0,1,01,A01
200500036126,0,20,000,10,0,3,15,A01
200500036127,0,07,000,00,2,7,24,A01
200500036127,0,02,000,01,0,8,16,B01
200500036128,0,04,000,00,2,1,21,A01
200500036128,0,07,000,00,0,4,01,B01
200500036129,0,07,000,00,2,7,15,A01
200500036129,0,05,000,00,2,1,01,B01
200500036130,0,07,000,00,2,4,12,A01
200500036130,0,07,000,00,0,5,01,B01
200500036131,0,05,000,00,2,2,01,B01
200500036131,0,07,000,00,2,3,19,A01
200500036132,0,07,000,00,2,1,10,A01
200500036132,0,07,000,00,2,6,01,B01
200500036132,0,07,000,00,2,6,01,D01
200500036133,0,07,000,00,2,7,00,A01
200500036133,0,05,000,00,2,1,02,B01
200500036134,0,05,000,00,2,7,02,A01
200500036134,0,07,000,00,2,8,15,B01
200500036135,0,01,000,00,2,1,02,A01
200500036135,0,07,000,00,0,4,02,B01
200500036136,0,07,000,00,0,0,19,A01
200500036136,0,05,000,12,0,1,01,B01
200500036137,0,13,000,00,0,1,02,A01
200500036137,0,07,000,00,0,4,23,B01
200500036138,0,04,000,00,2,1,01,A01
200500036138,0,07,000,00,0,3,01,B01
200500036139,0,07,000,00,2,1,02,A01
200500036139,0,07,000,00,2,4,02,B01
200500036140,0,05,000,00,2,1,00,A01
200500036140,0,07,000,00,2,8,15,B01
200500036141,0,02,000,00,0,0,01,A01
200500036142,0,99,000,16,0,9,01,A01
200500036143,0,05,000,00,1,8,01,A01
200500036144,0,07,000,00,2,8,15,A01
200500036144,0,02,000,00,2,1,03,B01
200500036145,0,05,000,12,0,1,01,A01
200500036146,0,07,000,00,2,7,15,A01
200500036146,0,05,000,00,2,1,01,B01
200500036147,0,07,000,00,2,8,11,A01
200500036147,0,07,000,00,2,7,01,B01
200500036147,0,07,000,00,2,4,01,C01
200500036147,0,07,000,00,2,4,01,D01
200500036148,0,07,000,00,2,1,01,A01
200500036148,0,07,000,00,2,4,02,B01
200500036148,0,07,000,00,2,4,02,C01
200500036148,0,07,000,00,2,4,02,D01
200500036149,0,01,000,00,0,1,01,A01
200500036150,0,07,000,00,2,1,01,A01
200500036150,0,07,000,00,2,4,02,B01
200500036150,0,07,000,00,2,4,23,C01
200500036151,0,07,000,00,1,1,15,A01