Num_Acc,senc,catv,occutc,obs,obsm,choc,manv,num_veh
200500037603,0,09,000,00,2,0,01,B02
200500037604,0,02,000,00,2,1,01,A01
200500037604,0,07,000,00,2,3,01,B02
200500037605,0,07,000,00,0,9,00,A01
200500037606,0,07,000,00,2,3,15,A01
200500037606,0,07,000,00,2,1,17,B02
200500037607,0,07,000,00,1,1,02,A01
200500037608,0,05,000,16,0,1,01,A01
200500037609,0,07,000,00,2,3,01,A01
200500037609,0,07,000,00,2,3,13,B02
200500037610,0,07,000,00,2,6,15,A01
200500037610,0,05,000,00,2,1,01,B02
200500037611,0,07,000,06,0,1,01,A01
200500037612,0,05,000,00,0,8,01,A01
200500037613,0,07,000,00,2,2,09,A01
200500037613,0,02,000,00,2,1,01,B02
200500037614,0,07,000,13,0,1,01,A01
200500037615,0,07,000,00,0,3,01,A01
200500037616,0,05,000,11,0,1,01,A01
200500037617,0,05,000,16,0,5,01,A01
200500037618,0,07,000,09,0,3,01,A01
200500037619,0,07,000,00,9,2,19,A01
200500037619,0,01,000,00,2,1,00,B02
200500037620,0,05,000,00,2,1,17,A01
200500037620,0,07,000,00,0,6,01,B02
200500037621,0,02,000,00,2,1,05,A01
200500037621,0,07,000,00,2,3,01,B02
200500037622,0,02,000,00,2,1,13,A01
200500037622,0,07,000,00,2,3,01,B02
200500037623,0,07,000,00,2,3,15,A01
200500037623,0,02,000,00,2,1,17,B02
200500037624,0,07,000,00,2,3,01,A01
200500037624,0,02,000,00,2,1,13,B02
200500037625,0,07,000,00,2,1,01,A01
200500037625,0,07,000,00,2,3,19,B02
200500037626,0,07,000,13,0,1,01,A01
200500037627,0,17,000,00,2,3,19,A01
200500037627,0,07,000,00,2,1,01,B02
200500037628,0,07,000,02,0,1,13,A01
200500037629,0,07,000,00,2,2,13,A01
200500037629,0,07,000,00,2,1,01,B02
200500037630,0,10,000,00,0,5,15,A01
200500037630,0,05,000,00,2,7,21,B02
200500037630,0,07,000,00,2,1,01,C03
200500037631,0,05,000,00,2,1,13,A01
200500037631,0,07,000,00,2,8,01,B02
200500037632,0,02,000,00,2,1,01,A01
200500037632,0,07,000,00,2,1,05,B02
200500037633,0,07,000,01,0,1,02,A01
200500037634,0,07,000,13,0,1,01,A01
200500037635,0,07,000,06,0,1,19,A01
200500037636,0,02,000,00,2,1,13,A01
200500037636,0,07,000,00,2,2,01,B02
200500037637,0,07,000,00,2,7,19,A01
200500037637,0,10,000,00,2,1,01,B02
200500037638,0,07,000,00,2,3,00,A01
200500037638,0,05,000,00,2,1,13,B02
200500037638,0,05,000,13,0,1,13,C03
200500037639,0,05,000,00,0,1,17,A01
200500037639,0,07,000,00,0,3,13,B02
200500037640,0,07,000,00,2,3,15,A01
200500037640,0,02,000,00,2,1,01,B02
200500037641,0,07,000,00,2,8,01,A01
200500037641,0,02,000,00,2,8,01,B02
200500037642,0,03,000,00,2,3,01,A01
200500037642,0,02,000,00,2,1,01,B02
200500037643,0,07,000,00,1,2,01,A01
200500037644,0,02,000,00,2,1,17,A01
200500037644,0,07,000,00,2,6,15,B02
200500037645,0,07,000,00,2,1,16,A01
200500037645,0,07,000,13,2,8,17,B02
200500037646,0,07,000,02,2,7,01,A01
200500037646,0,09,000,00,2,1,19,B02
200500037647,0,07,000,00,2,2,15,A01
200500037647,0,07,000,00,2,1,01,B02
200500037648,0,07,000,00,0,8,19,A01
200500037648,0,07,000,00,0,1,00,B02
200500037649,0,15,000,00,2,2,17,A01
200500037649,0,07,000,00,2,6,17,B02
200500037649,0,21,000,00,2,6,00,C03
200500037650,0,07,000,00,1,7,01,A01
200500037651,0,07,000,02,0,2,01,A01
200500037652,0,07,000,13,0,2,01,A01
200500037653,0,07,000,00,2,3,01,A01
200500037653,0,15,000,00,2,8,01,B02
200500037654,0,07,000,00,0,3,00,A01
200500037654,0,07,000,00,0,2,01,B02
200500037655,0,07,000,00,0,0,00,A01
200500037655,0,07,000,00,0,5,15,B02
200500037656,0,02,000,08,0,1,14,A01
200500037657,0,01,000,00,2,4,13,A01
200500037657,0,07,000,00,2,2,17,B02
200500037658,0,07,000,06,0,1,01,A01
200500037659,0,07,000,02,0,7,01,A01
200500037660,0,10,000,00,2,3,01,A01
200500037660,0,04,000,00,2,1,19,B02
200500037661,0,07,000,13,0,3,13,A01
200500037662,0,07,000,06,0,1,12,A01
200500037663,0,07,000,00,2,2,01,A01
200500037663,0,07,000,00,2,7,19,B02
200500037664,0,07,000,00,2,3,09,A01
200500037664,0,07,000,00,2,1,01,B02
200500037665,0,07,000,13,0,5,01,A01
200500037666,0,07,000,08,0,7,01,A01
200500037667,0,02,000,00,2,1,17,A01
200500037667,0,07,000,00,2,3,15,B02
200500037668,0,02,000,08,0,1,01,A01
200500037669,0,05,000,00,2,1,01,A01
200500037669,0,05,000,00,2,4,01,B02
200500037670,0,05,000,00,2,1,02,A01
200500037670,0,07,000,00,0,4,23,B02
200500037671,0,07,000,00,2,3,01,A01
200500037671,0,07,000,00,2,2,15,B02
200500037672,0,02,000,00,2,1,01,A01
200500037672,0,07,000,00,2,6,16,B02
200500037673,0,05,000,00,2,1,01,A01
200500037673,0,05,000,00,2,7,11,B02
200500037674,0,07,000,00,1,2,00,A01
200500037675,0,07,000,01,0,1,01,A01
200500037675,0,07,000,00,0,4,24,B02
200500037675,0,05,000,01,0,9,24,C03
200500037676,0,07,000,00,1,2,01,A01
200500037677,0,07,000,06,0,1,01,A01
200500037678,0,05,000,13,0,1,01,A01
200500037679,0,07,000,00,2,3,05,A01
200500037680,0,02,000,00,2,1,17,A01
200500037680,0,07,000,00,9,3,17,B02
200500037681,0,13,000,01,0,3,01,A01
200500037681,0,07,000,00,0,6,24,B02
200500037682,0,06,000,00,2,8,14,A01
200500037682,0,07,000,00,2,8,13,B02
200500037683,0,07,000,06,0,2,01,A01
200500037684,0,07,000,00,2,5,01,A01
200500037684,0,05,000,00,2,3,18,B02
200500037685,0,07,000,00,2,7,15,A01
200500037685,0,05,000,00,2,1,01,B02
200500037686,0,07,000,00,2,1,02,A01
200500037686,0,07,000,00,2,8,01,B02
200500037687,0,07,000,00,2,7,01,A01
200500037687,0,07,000,00,2,1,01,B02
200500037688,0,07,000,00,9,3,01,A01
200500037688,0,01,000,00,0,6,19,B02
200500037689,0,02,000,00,2,1,13,A01
200500037689,0,07,000,00,9,2,01,B02
200500037690,0,07,000,00,0,7,01,A01
200500037690,0,02,000,00,2,1,19,B02
200500037691,0,07,000,02,0,4,17,A01
200500037691,0,07,000,02,0,1,01,B02
200500037692,0,05,000,00,2,1,02,A01
200500037692,0,07,000,00,2,2,02,B02
200500037693,0,07,000,00,1,2,01,A01
200500037694,0,05,000,00,0,0,01,A01
200500037695,0,07,000,00,0,5,01,A01
200500037696,0,99,000,13,0,2,01,A01
200500037697,0,07,000,02,0,1,01,A01
200500037698,0,07,000,00,0,0,01,A01
200500037699,0,07,000,00,2,2,01,A01
200500037699,0,07,000,00,2,3,15,B02
200500037700,0,04,000,00,0,0,01,A01
200500037701,0,02,000,00,0,1,15,A01
200500037701,0,07,000,00,0,6,15,B02
200500037702,0,02,000,00,2,1,01,A01
200500037702,0,07,000,00,2,4,23,B02
200500037703,0,18,001,00,1,2,01,A01
200500037704,0,07,000,02,0,7,21,A01
200500037705,0,07,000,13,0,0,00,A01
200500037706,0,02,000,06,0,2,02,A01
200500037707,0,07,000,00,2,1,01,A01
200500037707,0,07,000,00,2,4,01,B02
200500037708,0,07,000,01,0,3,00,A01
200500037708,0,07,000,00,0,4,00,B02
200500037709,0,05,000,00,2,1,01,A01
200500037709,0,07,000,00,2,3,19,B02
200500037710,0,17,000,00,2,2,01,A01
200500037710,0,02,000,00,2,1,15,B02
200500037711,0,02,000,00,0,0,00,A01
200500037712,0,07,000,00,2,1,02,B02
200500037713,0,07,000,00,0,1,13,A01
200500037713,0,07,000,00,0,1,00,B02
200500037714,0,07,000,00,2,8,16,A01
200500037714,0,15,000,00,2,1,01,B02
200500037715,0,07,000,00,2,3,13,A01
200500037715,0,99,000,00,2,3,01,B02
200500037716,0,07,000,00,0,6,01,A01
200500037717,0,07,000,00,0,3,13,A01
200500037717,0,05,000,00,0,0,01,B02
200500037718,0,07,000,00,2,8,01,A01
200500037718,0,07,000,00,2,2,15,B02
200500037719,0,17,000,06,2,3,13,B02
200500037719,0,07,000,00,2,3,00,C03
200500037720,0,07,000,08,0,1,01,A01
200500037721,0,07,000,00,0,3,13,A01
200500037721,0,07,000,00,0,3,01,B02
200500037722,0,05,000,00,0,8,17,A01
200500037723,0,07,000,00,2,1,02,A01
200500037723,0,07,000,00,2,4,15,B02
200500037723,0,07,000,00,2,1,02,C03
200500037723,0,07,000,00,2,1,02,D04
200500037724,0,07,000,00,2,7,13,A01
200500037724,0,07,000,00,2,1,01,B02
200500037725,0,07,000,13,0,9,01,A01
200500037726,0,07,000,00,1,1,01,A01
200500037727,0,07,000,01,0,7,13,A01
200500037728,0,18,006,00,2,2,01,A01
200500037728,0,07,000,00,2,1,01,B02
200500037729,0,05,000,00,2,1,02,A01
200500037729,0,07,000,00,0,6,15,B02
200500037730,0,07,000,00,2,7,01,A01
200500037730,1,07,000,00,2,3,19,B02
200500037731,0,05,000,00,2,1,01,A01
200500037731,0,07,000,00,2,6,15,B02
200500037732,0,01,000,00,2,0,00,A01
200500037732,0,18,000,00,2,2,00,B02
200500037733,0,02,000,00,2,8,10,A01
200500037733,0,07,000,00,2,1,21,B02
200500037734,0,07,000,00,2,1,01,A01
200500037734,0,07,000,00,2,7,19,B02
200500037735,0,05,000,03,0,8,00,A01
200500037736,0,07,000,08,0,1,13,A01
200500037737,0,02,000,16,2,8,01,A01
200500037738,0,02,000,00,0,1,00,A01
200500037738,0,02,000,00,2,1,01,B02
200500037739,0,07,000,06,0,1,01,A01
200500037740,0,05,000,00,2,1,02,A01
200500037740,0,10,000,00,0,8,15,B02
200500037741,0,05,000,01,2,1,01,A01
200500037741,0,07,000,01,2,0,24,B02
200500037741,0,07,000,00,2,1,01,C03
200500037742,0,02,000,12,0,1,01,A01
200500037743,0,07,000,16,2,9,17,A01
200500037744,0,15,000,00,2,0,01,A01
200500037744,0,99,000,00,9,0,01,B02
200500037745,0,07,000,00,0,0,00,A01
200500037745,0,05,000,00,2,1,01,B02
200500037746,0,07,000,00,2,1,05,A01
200500037746,0,07,000,00,2,1,01,B02
200500037747,0,01,000,00,2,7,19,A01
200500037747,0,07,000,00,2,2,01,B02
200500037748,0,07,000,12,0,1,01,A01
200500037749,0,07,000,13,0,9,01,A01
200500037750,0,14,000,00,2,3,20,A01
200500037750,0,02,000,16,2,1,01,B02
200500037751,0,07,000,00,0,1,02,A01
200500037751,0,07,000,00,0,4,02,B02
200500037752,0,02,000,00,2,1,15,A01
200500037752,0,07,000,00,2,2,01,B02
200500037752,0,07,000,00,2,8,01,C03
200500037753,0,07,000,00,2,1,17,A01
200500037753,0,05,000,00,0,1,01,B02
200500037754,0,07,000,00,2,3,15,A01
200500037754,0,07,000,00,2,3,01,B02
200500037755,0,02,000,00,2,1,13,A01
200500037755,0,07,000,00,2,3,01,B02
200500037756,0,07,000,02,0,1,13,A01
200500037757,0,07,000,00,1,8,01,A01
200500037758,0,07,000,00,9,1,05,A01
200500037758,0,15,000,00,2,1,01,B02
200500037759,0,05,000,00,2,1,02,A01
200500037759,0,10,000,00,0,4,02,B02
200500037760,0,99,000,00,2,1,10,A01
200500037760,0,07,000,00,2,8,17,B02
200500037761,0,05,000,00,9,8,01,A01
200500037762,0,07,000,00,2,3,01,A01
200500037762,0,07,000,00,2,3,01,B02
200500037763,0,07,000,12,0,7,17,A01
200500037764,0,07,000,00,0,3,16,A01
200500037764,0,02,000,00,0,1,01,B02
200500037765,0,07,000,00,0,2,02,A01
200500037765,0,07,000,00,0,6,00,B02
200500037766,0,07,000,00,2,2,01,A01
200500037766,0,01,000,00,2,3,09,B02
200500037767,0,07,000,00,1,8,15,A01
200500037768,0,07,000,07,0,1,01,A01
200500037769,0,07,000,00,2,1,21,A01
200500037769,0,07,000,00,2,6,01,B02
200500037769,0,07,000,00,2,1,01,C03
200500037770,0,07,000,00,1,0,01,A01
200500037771,0,07,000,00,2,2,00,A01
200500037771,0,05,000,00,2,7,06,B02
200500037772,0,04,000,09,0,1,00,A01
200500037773,0,07,000,00,0,6,09,A01
200500037773,0,02,000,00,2,1,01,B02
200500037774,0,07,000,00,2,1,19,A01
200500037774,0,07,000,00,2,1,00,B02
200500037775,0,07,000,00,2,1,19,A01
200500037775,0,07,000,00,0,7,01,B02
200500037776,0,07,000,13,0,1,00,A01
200500037777,0,07,000,16,0,0,01,A01
200500037778,0,07,000,00,2,2,19,A01
200500037778,0,17,000,00,2,1,01,B02
200500037779,0,05,000,00,0,0,01,A01
200500037780,0,02,000,00,2,1,16,A01
200500037780,0,07,000,00,2,1,01,C03
200500037781,0,07,000,00,2,3,13,A01
200500037781,0,07,000,00,2,3,01,B02
200500037782,0,05,000,00,2,7,01,A01
200500037782,0,10,000,00,0,8,15,B02
200500037783,0,07,000,07,0,0,02,A01
200500037783,0,07,000,00,0,0,02,B02
200500037784,0,07,000,00,2,1,13,A01
200500037784,0,07,000,00,2,1,01,B02
200500037785,0,07,000,00,2,1,01,B02
200500037785,0,07,000,00,2,8,01,A01
200500037786,0,05,000,00,0,3,01,A01
200500037787,0,05,000,00,2,1,02,A01
200500037787,0,07,000,00,2,5,02,B02
200500037788,0,07,000,00,1,3,01,A01
200500037789,0,07,000,13,0,3,13,A01
200500037790,0,07,000,00,2,1,01,A01
200500037790,0,01,000,01,0,1,02,B02
200500037791,0,07,000,00,0,1,01,A01
200500037792,0,07,000,00,9,7,15,A01
200500037792,0,02,000,00,2,1,01,B02
200500037793,0,07,000,00,0,2,24,A01
200500037793,0,02,000,01,0,1,01,B02
200500037794,0,07,000,00,9,7,19,A01
200500037794,0,01,000,00,2,4,15,B02
200500037795,0,07,000,00,2,3,19,A01
200500037795,0,05,000,00,2,1,01,B02
200500037796,0,02,000,00,5,1,01,A01
200500037797,0,02,000,00,0,7,01,A01
200500037798,0,01,000,00,2,7,09,B02
200500037798,0,07,000,00,2,3,09,A01
200500037799,0,05,000,00,2,8,01,A01
200500037799,0,07,000,00,2,3,15,B02
200500037800,0,21,000,00,0,0,01,A01
200500037800,0,99,000,00,2,8,01,B02
200500037800,0,01,000,00,2,1,01,C03
200500037801,0,07,000,00,2,1,01,A01
200500037801,0,07,000,00,2,3,01,B02
200500037802,0,07,000,00,2,1,19,B02
200500037802,0,07,000,00,2,7,01,A01
200500037803,0,02,000,00,2,6,15,A01
200500037803,0,07,000,00,2,3,01,B02
200500037804,0,07,000,00,2,7,01,A01
200500037804,0,07,000,00,2,1,01,B02
200500037805,0,07,000,13,0,3,01,A01
200500037806,0,15,000,03,2,7,01,A01
200500037806,0,07,000,00,2,2,01,B02
200500037807,0,07,000,00,2,1,01,B02
200500037807,0,07,000,00,0,7,01,A01
200500037808,0,07,000,02,0,9,01,A01
200500037809,0,07,000,00,2,3,01,A01
200500037809,0,02,000,00,2,6,15,B02
200500037810,0,07,000,00,6,9,01,A01
200500037811,0,21,000,00,2,8,01,A01
200500037811,0,02,000,00,2,8,01,B02
200500037812,0,07,000,00,9,5,15,A01
200500037812,0,01,000,00,2,1,01,B02
200500037813,0,07,000,00,0,2,15,A01
200500037813,0,02,000,00,2,1,01,B02
200500037814,0,07,000,00,2,2,01,A01
200500037814,0,07,000,00,2,1,13,B02
200500037815,0,05,000,00,2,1,01,A01
200500037815,0,07,000,00,2,8,15,B02
200500037816,0,07,000,00,2,3,19,A01
200500037816,0,07,000,00,2,1,01,B02
200500037817,0,07,000,00,1,5,01,A01
200500037818,0,01,000,00,2,8,13,A01
200500037818,0,07,000,00,9,1,01,B02
200500037819,0,07,000,00,2,2,01,A01
200500037819,0,02,000,00,0,4,01,B02
200500037820,0,05,000,00,0,0,02,A01
200500037821,0,07,000,00,2,3,17,A01
200500037821,0,07,000,00,2,8,15,B02
200500037822,0,07,000,13,0,2,01,A01
200500037823,0,07,000,00,2,3,13,A01
200500037823,0,07,000,13,2,3,01,B02
200500037824,0,05,000,00,2,1,17,A01
200500037824,0,07,000,00,0,3,01,B02
200500037825,0,07,000,00,2,0,01,A01
200500037825,0,01,000,00,2,0,16,B02
200500037826,0,07,000,00,2,1,00,A01
200500037826,0,07,000,00,2,8,01,B02
200500037827,0,07,000,00,1,1,15,A01
200500037828,0,07,000,02,0,3,01,A01
200500037829,0,07,000,00,2,1,01,A01
200500037829,0,07,000,00,2,3,16,B02
200500037830,0,07,000,00,0,1,13,A01
200500037830,0,07,000,00,2,3,01,B02
200500037831,0,07,000,00,2,6,15,A01
200500037831,0,05,000,00,2,7,01,B02
200500037832,0,07,000,13,0,1,13,A01
200500037833,0,05,000,16,0,1,01,A01
200500037834,0,07,000,02,0,1,13,A01
200500037835,0,07,000,00,2,3,15,A01
200500037835,0,07,000,00,2,3,00,B02
200500037836,0,02,000,00,2,1,19,B02
200500037836,0,07,000,00,2,8,01,A01
200500037837,0,07,000,00,0,0,01,A01
200500037838,0,07,000,00,0,3,15,A01
200500037838,0,05,000,00,0,1,01,B02
200500037839,0,05,000,00,1,1,01,A01
200500037840,0,07,000,00,2,1,02,A01
200500037840,0,07,000,00,2,3,02,B02
200500037840,0,07,000,00,2,6,02,C03
200500037841,0,07,000,00,2,3,13,A01
200500037841,0,07,000,00,2,3,01,B02
200500037842,0,05,000,00,0,1,01,A01
200500037843,0,07,000,00,0,2,15,A01
200500037843,0,02,000,00,0,1,01,B02
200500037844,0,07,000,00,2,3,03,A01
200500037844,0,07,000,00,2,3,02,B02
200500037845,0,07,000,00,2,3,01,A01
200500037845,0,02,000,00,2,1,15,B02
200500037846,0,01,000,00,2,3,19,A01
200500037846,0,07,000,00,2,1,01,B02
200500037847,0,02,000,00,0,6,15,A01
200500037847,0,02,000,00,9,1,01,B02
200500037848,0,07,000,00,2,2,23,B02
200500037848,0,05,000,14,0,1,00,A01
200500037849,0,07,000,00,0,0,00,A01
200500037849,0,07,000,00,2,8,21,B02
200500037850,0,07,000,01,0,1,00,A01
200500037851,0,07,000,06,0,3,01,A01
200500037852,0,05,000,00,2,1,13,A01
200500037852,0,07,000,00,2,1,16,B02
200500037852,0,07,000,00,2,1,16,D04
200500037853,0,05,000,00,2,8,21,A01
200500037853,0,05,000,00,2,4,01,B02
200500037854,0,07,000,00,1,5,04,A01
200500037855,0,05,000,12,0,2,15,A01
200500037856,0,01,000,00,0,8,01,A01
200500037856,0,07,000,00,0,1,01,B02
200500037857,0,05,000,00,2,7,01,A01
200500037857,0,01,000,00,2,8,15,B02
200500037858,0,05,000,00,2,1,01,A01
200500037858,0,04,000,00,2,1,01,B02
200500037859,0,07,000,00,2,3,01,A01
200500037859,0,07,000,00,0,8,15,B02
200500037860,0,05,000,00,2,1,02,A01
200500037860,0,07,000,00,0,4,02,B02
200500037861,0,02,000,00,0,3,00,A01
200500037861,0,07,000,00,0,0,00,B02
200500037862,0,07,000,00,2,3,01,A01
200500037862,0,07,000,00,2,2,15,B02
200500037863,0,07,000,00,2,8,16,A01
200500037863,0,14,000,00,2,1,01,B02
200500037864,0,05,000,00,2,1,13,A01
200500037864,0,07,000,00,2,2,01,B02
200500037865,0,17,000,00,2,2,17,A01
200500037865,0,07,000,00,0,8,15,B02
200500037866,0,07,000,00,2,8,15,A01
200500037866,0,07,000,00,2,2,17,B02
200500037867,0,02,000,00,2,1,15,A01
200500037867,0,07,000,00,2,2,01,B02
200500037868,0,07,000,13,0,1,13,A01
200500037869,0,07,000,03,0,8,01,A01
200500037870,0,07,000,00,2,1,02,A01
200500037870,0,15,000,00,0,4,02,B02
200500037871,0,07,000,00,2,2,01,A01
200500037871,0,02,000,00,2,1,15,B02
200500037872,0,07,000,00,1,3,01,A01
200500037873,0,07,000,13,0,1,00,A01
200500037874,0,07,000,00,2,1,01,A01
200500037874,0,02,000,00,0,1,01,B02
200500037875,0,05,000,02,0,1,00,A01
200500037876,0,07,000,00,2,7,01,A01
200500037876,0,07,000,00,2,1,01,B02
200500037876,0,07,000,00,2,1,01,C03
200500037877,0,07,000,00,0,2,00,A01
200500037877,0,01,000,00,2,1,16,B02
200500037878,0,07,000,10,0,8,01,A01
200500037879,0,02,000,00,2,1,13,A01
200500037879,0,07,000,00,2,1,01,B02
200500037880,0,07,000,00,2,1,15,A01
200500037880,0,07,000,00,2,1,01,B02
200500037881,0,07,000,00,2,8,15,A01
200500037881,0,05,000,00,2,7,17,B02
200500037882,0,07,000,00,1,1,01,A01
200500037883,0,07,000,00,9,1,19,A01
200500037883,0,01,000,00,2,1,01,B02
200500037884,0,07,000,00,0,8,19,A01
200500037884,0,07,000,00,2,1,01,B02
200500037885,0,07,000,00,2,3,01,A01
200500037885,0,05,000,00,2,3,01,B02
200500037886,0,07,000,00,2,3,15,A01
200500037886,0,02,000,00,2,1,01,B02
200500037887,0,07,000,00,2,3,01,A01
200500037887,0,07,000,00,2,2,17,B02
200500037888,0,02,000,00,2,1,05,A01
200500037888,0,07,000,00,2,1,01,B02
200500037889,0,07,000,06,2,3,01,B02
200500037889,0,07,000,00,2,7,19,A01
200500037890,0,07,000,02,0,7,06,A01
200500037891,0,05,000,00,0,0,01,A01
200500037892,0,07,000,13,0,8,01,A01
200500037893,0,07,000,06,0,7,13,A01
200500037894,0,07,000,00,2,1,05,A01
200500037894,0,07,000,00,0,3,01,B02
200500037895,0,07,000,00,1,7,01,A01
200500037896,0,03,000,00,9,1,13,A01
200500037896,0,01,000,00,2,1,01,B02
200500037897,0,14,000,00,2,2,16,A01
200500037897,0,02,000,00,2,1,14,B02
200500037898,0,07,000,00,2,5,15,A01
200500037898,0,02,000,00,2,1,01,B02
200500037899,0,07,000,02,0,3,17,A01
200500037900,0,07,000,00,2,6,19,A01
200500037900,0,10,000,00,2,3,01,B02
200500037901,0,07,000,00,1,2,01,A01
200500037902,0,02,000,00,2,1,01,A01
200500037902,0,07,000,00,2,2,15,B02
200500037903,0,07,000,00,2,3,19,A01
200500037903,0,05,000,00,2,1,01,B02
200500037904,0,05,000,00,2,2,01,A01
200500037904,0,07,000,00,2,3,15,B02
200500037905,0,07,000,00,0,7,15,A01
200500037905,0,02,000,00,0,1,01,B02
200500037906,0,07,000,06,0,7,14,A01
200500037907,0,07,000,00,2,1,01,A01
200500037907,0,02,000,00,2,6,15,B02
200500037908,0,05,000,00,2,1,02,A01
200500037908,0,07,000,00,9,4,02,B02
200500037909,0,07,000,00,2,8,01,A01
200500037909,0,07,000,00,2,8,01,B02
200500037910,0,07,000,00,0,8,22,A01
200500037910,0,02,000,01,0,1,01,B02
200500037911,0,07,000,00,2,1,16,A01
200500037911,0,07,000,00,2,1,01,B02
200500037912,0,05,000,00,2,1,02,A01
200500037912,0,05,000,00,2,4,02,B02
200500037913,0,05,000,00,0,1,02,A01
200500037913,0,10,000,00,2,4,02,B02
200500037913,0,13,000,00,0,4,02,C03
200500037913,0,10,000,00,0,4,02,D04
200500037914,0,07,000,00,2,1,17,A01
200500037914,0,07,000,00,2,3,15,B02
200500037915,0,21,000,00,2,8,01,A01
200500037915,0,02,000,00,2,1,01,B02
200500037916,0,02,000,13,2,2,17,A01
200500037916,0,20,000,00,0,3,15,B02
200500037917,0,07,000,00,9,2,01,A01
200500037917,0,01,000,00,2,1,15,B02
200500037918,0,07,000,00,0,1,19,A01
200500037918,0,07,000,00,0,3,01,B02
200500037919,0,07,000,13,0,1,14,A01
200500037920,0,10,000,00,1,7,01,A01
200500037921,0,07,000,00,0,2,19,A01
200500037921,0,05,000,00,0,1,01,B02
200500037922,0,07,000,00,1,2,01,A01
200500037923,0,02,000,00,1,1,18,A01
200500037924,0,07,000,13,0,1,17,A01
200500037925,0,03,000,00,1,2,14,A01
200500037926,0,02,000,14,0,1,01,A01
200500037927,0,07,000,00,2,2,15,A01
200500037927,0,07,000,00,2,3,01,B02
200500037928,0,07,000,00,1,0,12,A01
200500037929,0,07,000,00,2,8,19,A01
200500037929,0,07,000,00,2,3,00,B02
200500037930,0,14,000,00,2,7,15,A01
200500037930,0,05,000,00,2,8,01,B02
200500037931,0,02,000,13,0,1,00,A01
200500037932,0,06,000,03,2,2,17,A01
200500037932,0,07,000,00,2,3,01,B02
200500037933,0,07,000,00,2,3,09,A01
200500037933,0,07,000,00,2,1,01,B02
200500037934,0,07,000,00,2,3,15,A01
200500037934,0,05,000,00,2,1,01,B02
200500037935,0,07,000,00,2,3,13,A01
200500037935,0,17,000,00,2,3,01,B02
200500037936,0,07,000,00,2,8,10,A01
200500037936,0,05,000,00,2,1,01,B02
200500037937,0,07,000,00,2,6,13,A01
200500037937,0,07,000,00,2,3,01,B02
200500037938,0,05,000,00,2,1,01,A01
200500037938,0,07,000,00,2,3,01,B02
200500037939,0,07,000,00,2,3,01,A01
200500037939,0,03,000,00,2,3,01,B02
200500037940,0,05,000,00,2,1,01,A01
200500037940,0,07,000,00,2,3,01,B02
200500037941,0,07,000,00,0,1,14,A01
200500037942,0,07,000,06,0,3,00,A01
200500037943,0,07,000,00,2,7,13,A01
200500037943,0,07,000,00,2,1,01,B02
200500037944,0,07,000,00,1,1,01,A01
200500037945,0,02,000,00,0,1,01,A01
200500037946,0,07,000,02,0,7,13,A01
200500037947,0,07,000,00,2,8,19,A01
200500037947,0,05,000,00,2,1,01,B02
200500037948,0,07,000,00,2,1,01,A01
200500037948,0,99,000,00,2,1,16,B02
200500037949,0,07,000,00,2,1,15,A01
200500037949,0,07,000,00,2,3,01,B02
200500037949,0,07,000,00,2,3,23,C03
200500037950,0,02,000,00,2,1,13,A01
200500037950,0,07,000,00,2,3,01,B02
200500037951,0,07,000,00,2,1,21,A01
200500037951,0,07,000,00,0,0,16,B02
200500037951,0,07,000,00,2,3,01,C03
200500037951,0,07,000,00,2,8,01,D04
200500037951,0,07,000,00,0,0,01,E05
200500037951,0,07,000,00,2,6,01,F06
200500037952,0,07,000,00,2,1,21,A01
200500037952,0,05,000,00,0,1,01,B02
200500037953,0,07,000,00,2,3,01,A01
200500037953,0,01,000,00,2,1,01,B02
200500037954,0,04,000,00,2,1,17,A01
200500037954,0,07,000,00,2,3,19,B02
200500037955,0,07,000,02,0,1,01,A01
200500037956,0,07,000,00,0,5,15,A01
200500037956,0,99,000,00,2,2,01,B02
200500037956,0,07,000,00,2,4,24,C03
200500037957,0,07,000,00,2,1,13,A01
200500037957,0,07,000,00,2,1,01,B02
200500037958,0,10,000,00,2,2,02,A01
200500037958,0,14,000,00,0,6,23,B02
200500037959,0,07,000,00,2,5,00,A01
200500037959,0,07,000,00,2,1,01,B02
200500037960,0,07,000,00,2,1,13,A01
200500037960,0,07,000,00,2,1,01,B02
200500037961,0,02,000,00,2,0,15,A01
200500037961,0,07,000,00,2,8,01,B02
200500037962,0,07,000,00,2,3,15,A01
200500037962,0,01,000,00,2,1,01,B02
200500037963,0,07,000,02,0,2,00,A01
200500037964,0,02,000,00,2,7,01,A01
200500037964,0,07,000,00,2,1,01,B02
200500037965,0,09,000,00,2,0,01,A01
200500037965,0,07,000,00,2,8,01,B02
200500037965,0,05,000,13,0,8,01,C03
200500037965,0,05,000,00,9,1,01,D04
200500037966,0,05,000,00,0,7,01,A01
200500037967,0,07,000,00,2,1,01,B02
200500037967,0,01,000,00,0,8,01,A01
200500037968,0,07,000,00,2,8,19,B02
200500037968,0,07,000,00,2,2,01,A01
200500037969,0,02,000,09,0,7,16,A01
200500037970,0,07,000,00,2,1,13,A01
200500037970,0,07,000,00,2,3,01,B02
200500037970,0,07,000,00,2,3,01,C03
200500037971,0,07,000,00,2,7,15,A01
200500037971,0,05,000,00,2,1,01,B02
200500037972,0,02,000,16,0,8,01,A01