Num_Acc,senc,catv,occutc,obs,obsm,choc,manv,num_veh
200500038355,0,07,000,02,0,1,01,A01
200500038356,0,07,000,00,1,1,21,A01
200500038357,0,07,000,00,2,2,17,A01
200500038357,0,02,000,00,2,8,15,B02
200500038358,0,05,000,13,0,1,01,A01
200500038359,0,08,000,00,0,0,19,A01
200500038359,0,13,000,13,2,1,21,B02
200500038360,0,07,000,00,2,3,13,A01
200500038360,0,07,000,00,0,8,01,B02
200500038361,0,07,000,15,0,3,13,A01
200500038362,0,10,000,06,0,1,01,A01
200500038363,0,07,000,00,2,6,10,A01
200500038363,0,05,000,00,2,1,01,B02
200500038364,0,07,000,00,2,1,01,A01
200500038364,0,02,000,00,2,1,16,B02
200500038365,0,02,000,00,1,1,17,A01
200500038366,0,05,000,13,0,1,01,A01
200500038367,0,07,000,00,2,5,01,A01
200500038367,0,17,000,00,2,2,02,B02
200500038368,0,07,000,02,0,2,01,A01
200500038369,0,07,000,00,2,2,06,A01
200500038369,0,17,000,00,2,3,01,B02
200500038370,0,07,000,02,0,1,14,A01
200500038371,0,05,000,16,0,7,01,A01
200500038372,0,05,000,08,0,8,01,A01
200500038373,0,15,000,00,0,0,01,A01
200500038373,0,07,000,00,2,4,23,B02
200500038374,0,07,000,00,4,2,19,A01
200500038374,0,19,000,00,2,3,01,B02
200500038375,0,07,000,00,2,3,13,A01
200500038375,0,07,000,00,2,3,01,B02
200500038376,0,07,000,00,2,1,01,A01
200500038376,0,07,000,00,2,1,19,B02
200500038377,0,07,000,00,2,1,02,A01
200500038377,0,02,000,00,2,8,16,B02
200500038378,0,07,000,00,2,1,15,A01
200500038378,0,02,000,00,2,1,01,B02
200500038379,0,07,000,12,0,2,15,A01
200500038379,0,05,000,12,0,1,01,B02
200500038380,0,07,000,00,2,1,19,A01
200500038380,0,02,000,00,2,7,01,B02
200500038381,0,01,000,00,0,0,00,A01
200500038381,0,07,000,00,9,2,01,B02
200500038382,0,07,000,02,0,1,13,A01
200500038383,0,05,000,00,0,7,01,A01
200500038384,0,07,000,00,0,2,13,A01
200500038384,0,07,000,00,2,3,01,B02
200500038384,0,07,000,00,9,6,23,C03
200500038385,0,07,000,00,2,1,01,A01
200500038385,0,07,000,00,2,7,19,B02
200500038386,0,10,000,00,2,7,15,A01
200500038386,0,02,000,00,2,1,01,B02
200500038387,0,02,000,00,2,3,10,A01
200500038387,0,07,000,00,2,2,17,B02
200500038388,0,07,000,02,0,0,01,A01
200500038389,0,07,000,02,0,6,01,A01
200500038390,0,07,000,00,2,1,15,A01
200500038390,0,02,000,00,2,1,01,B02
200500038391,0,07,000,00,2,3,15,A01
200500038391,0,07,000,00,2,1,01,B02
200500038391,0,07,000,00,2,1,02,C03
200500038392,0,07,000,00,2,1,01,A01
200500038392,0,17,000,02,2,6,13,B02
200500038392,0,07,000,13,2,8,01,C03
200500038393,0,07,000,00,2,2,05,A01
200500038393,0,09,000,00,2,6,00,B02
200500038394,0,02,000,00,2,1,13,A01
200500038394,0,07,000,00,2,3,01,B02
200500038395,0,07,000,00,2,5,15,A01
200500038395,0,05,000,00,2,1,01,B02
200500038396,0,05,000,13,0,1,01,A01
200500038397,0,07,000,06,0,1,01,A01
200500038398,0,07,000,00,2,3,00,A01
200500038398,0,07,000,00,2,3,01,B02
200500038399,0,05,000,00,2,8,06,A01
200500038399,0,07,000,00,0,8,01,B02
200500038400,0,07,000,00,2,3,13,A01
200500038400,0,07,000,00,2,3,00,B02
200500038401,0,02,000,13,0,1,01,A01
200500038402,0,02,000,12,0,1,01,A01
200500038403,0,07,000,00,2,8,09,B02
200500038403,0,07,000,00,2,2,01,A01
200500038404,0,07,000,08,0,1,01,A01
200500038405,0,01,000,00,2,5,19,A01
200500038405,0,07,000,00,2,2,01,B02
200500038406,0,07,000,00,2,2,21,A01
200500038406,0,02,000,00,2,1,19,B02
200500038407,0,07,000,03,2,0,01,A01
200500038407,0,07,000,00,2,2,13,B02
200500038408,0,02,000,12,0,7,01,A01
200500038409,0,01,000,00,2,4,01,A01
200500038409,0,07,000,00,2,2,01,B02
200500038410,0,05,000,00,6,1,01,A01
200500038411,0,07,000,06,0,1,01,A01
200500038412,0,02,000,00,2,1,01,A01
200500038412,0,21,000,00,2,6,01,B02
200500038413,0,07,000,00,2,7,13,A01
200500038413,0,07,000,00,2,1,01,B02
200500038414,0,10,000,00,2,3,01,A01
200500038414,0,07,000,00,2,3,01,B02
200500038415,0,02,000,00,2,1,01,A01
200500038415,0,07,000,00,2,3,01,B02
200500038416,0,07,000,13,0,3,17,A01
200500038417,0,07,000,15,0,3,01,A01
200500038418,0,07,000,00,0,3,13,A01
200500038419,0,05,000,00,5,1,01,A01
200500038420,0,02,000,00,2,6,13,A01
200500038420,0,07,000,00,2,3,01,B02
200500038421,0,07,000,08,0,8,13,A01
200500038422,0,07,000,00,1,2,01,A01
200500038423,0,07,000,13,0,1,01,A01
200500038424,0,07,000,00,2,5,15,A01
200500038424,0,02,000,00,2,1,01,B02
200500038425,0,05,000,00,2,1,12,A01
200500038425,0,07,000,00,2,4,02,B02
200500038426,0,07,000,00,2,3,13,A01
200500038426,0,07,000,00,2,3,01,B02
200500038427,0,07,000,00,2,3,19,A01
200500038427,0,15,000,00,2,7,01,B02
200500038428,0,02,000,00,2,9,01,A01
200500038428,0,21,000,00,2,3,15,B02
200500038429,0,07,000,00,1,3,01,A01
200500038430,0,07,000,00,2,2,17,A01
200500038430,0,07,000,13,2,6,17,B02
200500038431,0,07,000,02,0,1,01,A01
200500038432,0,05,000,13,0,1,14,A01
200500038433,0,07,000,14,0,1,01,A01
200500038433,0,05,000,00,0,4,01,B02
200500038434,0,01,000,00,2,2,15,A01
200500038434,0,07,000,00,9,1,01,B02
200500038435,0,17,000,00,0,8,01,A01
200500038435,0,02,000,00,2,7,09,B02
200500038436,0,07,000,00,2,3,00,A01
200500038436,0,99,000,00,2,5,01,B02
200500038437,0,05,000,00,2,1,01,A01
200500038437,0,07,000,00,2,1,19,B02
200500038438,0,07,000,00,2,2,15,A01
200500038438,0,02,000,00,2,1,18,B02
200500038439,0,07,000,00,0,2,19,A01
200500038439,0,05,000,00,0,1,01,B02
200500038440,0,05,000,02,0,1,01,A01
200500038441,0,07,000,13,0,1,01,A01
200500038442,0,05,000,08,0,1,01,A01
200500038443,0,07,000,00,2,8,01,A01
200500038443,0,07,000,00,2,8,01,B02
200500038444,0,07,000,00,1,3,01,A01
200500038445,0,07,000,16,0,9,00,A01
200500038446,0,07,000,00,2,1,00,A01
200500038446,0,05,000,00,2,1,01,B02
200500038447,0,07,000,00,2,3,20,A01
200500038447,0,07,000,00,2,2,01,B02
200500038448,0,07,000,13,0,1,01,A01
200500038449,0,07,000,00,0,3,01,A01
200500038450,0,07,000,06,0,1,13,A01
200500038451,0,07,000,02,0,6,01,A01
200500038452,0,07,000,00,2,5,01,A01
200500038452,0,07,000,00,2,1,01,B02
200500038453,0,07,000,13,0,1,13,A01
200500038454,0,07,000,00,2,6,04,A01
200500038454,0,02,000,00,2,1,01,B02
200500038455,0,07,000,02,0,2,01,A01
200500038456,0,07,000,00,9,8,15,A01
200500038456,0,01,000,00,2,1,01,B02
200500038457,0,07,000,00,0,9,13,A01
200500038458,0,04,000,00,2,8,19,A01
200500038458,0,07,000,00,2,1,01,B02
200500038459,0,02,000,00,2,1,17,A01
200500038459,0,07,000,00,2,1,01,B02
200500038460,0,07,000,00,2,1,13,A01
200500038460,0,07,000,00,2,6,01,B02
200500038460,0,07,000,00,2,1,01,C03
200500038461,0,07,000,02,0,1,01,A01
200500038462,0,04,000,00,2,1,13,A01
200500038462,0,07,000,00,2,8,01,B02
200500038463,0,07,000,00,2,3,13,A01
200500038463,0,02,000,00,2,1,01,B02
200500038464,0,07,000,00,2,1,17,A01
200500038464,0,07,000,00,2,1,01,B02
200500038465,0,07,000,03,0,3,00,A01
200500038466,0,07,000,06,0,1,01,A01
200500038467,0,07,000,02,0,1,01,A01
200500038467,0,02,000,16,0,0,01,B02
200500038468,0,05,000,00,2,0,13,A01
200500038468,0,07,000,00,2,3,01,B02
200500038469,0,07,000,00,0,5,19,A01
200500038469,0,05,000,00,2,1,01,B02
200500038470,0,07,000,00,2,1,13,A01
200500038470,0,18,000,00,2,3,01,B02
200500038470,0,07,000,00,2,1,01,C03
200500038471,0,07,000,00,2,1,15,A01
200500038471,0,05,000,00,2,1,01,B02
200500038472,0,07,000,15,0,1,13,A01
200500038473,0,01,000,00,2,1,01,A01
200500038473,0,07,000,00,9,1,15,B02
200500038474,0,07,000,16,0,2,01,A01
200500038475,0,07,000,00,2,1,20,A01
200500038475,0,05,000,00,2,1,01,B02
200500038476,0,07,000,00,2,1,01,A01
200500038476,0,07,000,00,2,4,01,B02
200500038476,0,07,000,00,2,4,15,C03
200500038477,0,01,000,12,0,7,01,A01
200500038478,0,01,000,00,2,1,13,A01
200500038478,0,07,000,00,2,3,01,B02
200500038479,0,05,000,00,2,1,19,A01
200500038479,0,07,000,00,2,1,01,B02
200500038480,0,07,000,02,0,1,01,A01
200500038481,0,07,000,00,2,3,13,A01
200500038481,0,10,000,00,2,3,01,B02
200500038482,0,07,000,00,2,8,17,A01
200500038482,0,05,000,00,2,7,17,B02
200500038483,0,07,000,00,2,3,13,A01
200500038483,0,07,000,00,2,3,01,B02
200500038484,0,07,000,00,2,3,01,A01
200500038484,0,07,000,00,2,5,17,B02
200500038485,0,07,000,00,2,5,15,A01
200500038485,0,05,000,00,2,2,01,B02
200500038485,0,07,000,00,2,3,01,C03
200500038486,0,07,000,00,2,3,03,A01
200500038486,0,07,000,00,2,1,01,B02
200500038487,0,02,000,00,2,1,13,A01
200500038487,0,07,000,00,2,3,01,B02
200500038488,0,07,000,02,0,9,01,A01
200500038489,0,17,000,13,0,7,01,A01
200500038490,0,01,000,00,2,1,19,A01
200500038490,0,07,000,00,9,3,01,B02
200500038491,0,07,000,00,2,2,19,A01
200500038491,0,05,000,00,2,1,01,B02
200500038492,0,07,000,00,1,2,01,A01
200500038493,0,07,000,00,2,3,01,A01
200500038493,0,17,000,00,2,3,01,B02
200500038494,0,07,000,02,0,1,01,A01
200500038495,0,07,000,13,0,2,01,A01
200500038496,0,07,000,00,2,8,15,A01
200500038496,0,02,000,00,2,1,17,B02
200500038497,0,07,000,02,0,2,01,A01
200500038498,0,02,000,00,0,5,19,A01
200500038498,0,07,000,00,0,1,00,B02
200500038499,0,07,000,00,2,3,13,A01
200500038499,0,07,000,00,2,8,01,B02
200500038500,0,01,000,00,2,8,15,A01
200500038500,0,07,000,00,9,2,17,B02
200500038501,0,07,000,00,0,1,00,A01
200500038502,0,07,000,13,0,9,01,A01
200500038503,0,07,000,00,2,3,06,A01
200500038503,0,07,000,00,2,3,01,B02
200500038504,0,02,000,00,0,4,01,B02
200500038505,0,07,000,00,2,3,18,A01
200500038505,0,07,000,00,2,5,15,B02
200500038505,0,07,000,00,2,3,01,C03
200500038506,0,07,000,00,1,2,01,A01
200500038507,0,07,000,08,0,7,14,A01
200500038508,0,07,000,03,0,2,01,A01
200500038509,0,07,000,00,2,2,01,A01
200500038509,0,02,000,00,2,1,15,B02
200500038510,0,05,000,00,0,7,01,A01
200500038511,0,02,000,10,2,3,01,A01
200500038511,0,07,000,00,2,3,01,B02
200500038512,0,02,000,00,2,1,13,A01
200500038512,0,07,000,00,2,3,01,B02
200500038513,0,07,000,02,9,1,01,B02
200500038513,0,07,000,00,9,1,01,C03
200500038514,0,07,000,13,0,1,01,A01
200500038515,0,05,000,16,0,0,01,A01
200500038516,0,02,000,00,2,1,13,A01
200500038516,0,14,000,00,2,1,01,B02
200500038517,0,07,000,13,0,2,01,A01
200500038518,0,07,000,12,0,2,00,A01
200500038519,0,02,000,06,0,1,01,A01
200500038520,0,09,000,00,2,5,15,A01
200500038520,0,07,000,00,2,1,01,B02
200500038521,0,01,000,00,2,1,19,A01
200500038521,0,07,000,00,9,1,01,B02
200500038522,0,07,000,00,0,0,21,A01
200500038523,0,21,000,00,2,3,19,A01
200500038523,0,07,000,00,2,2,01,B02
200500038524,0,07,000,02,0,1,01,A01
200500038525,0,02,000,13,0,0,01,A01
200500038526,0,07,000,06,0,2,01,A01
200500038527,0,05,000,00,2,1,01,A01
200500038527,0,07,000,15,0,4,01,B02
200500038528,0,07,000,16,0,9,01,A01
200500038529,0,07,000,00,2,1,01,A01
200500038529,0,07,000,00,2,8,01,B02
200500038530,0,07,000,00,2,2,01,A01
200500038530,0,07,000,00,2,3,01,B02
200500038531,0,02,000,00,0,0,01,A01
200500038532,0,07,000,00,2,7,01,A01
200500038532,0,10,000,00,2,1,01,B02
200500038533,0,07,000,00,2,2,15,A01
200500038533,0,05,000,00,2,1,01,B02
200500038534,0,07,000,06,0,1,01,A01
200500038535,0,05,000,00,0,3,01,A01
200500038536,0,07,000,16,0,9,15,A01
200500038537,0,07,000,00,0,1,01,A01
200500038538,0,05,000,15,0,7,01,A01
200500038539,0,07,000,00,9,2,01,A01
200500038539,0,02,000,00,2,7,01,B02
200500038540,0,02,000,02,0,1,14,A01
200500038541,0,02,000,00,2,1,01,A01
200500038541,0,07,000,00,2,2,13,B02
200500038542,0,07,000,02,0,7,01,A01
200500038543,0,08,000,13,0,1,17,A01
200500038544,0,14,000,00,2,1,02,A01
200500038544,0,17,000,00,2,4,02,B02
200500038545,0,07,000,06,0,9,01,A01
200500038546,0,01,000,02,0,1,01,A01
200500038547,0,07,000,00,1,1,02,A01
200500038548,0,02,000,00,0,0,01,A01
200500038549,0,07,000,00,2,2,17,A01
200500038549,0,21,000,00,2,6,01,B02
200500038549,0,07,000,00,2,3,01,C03
200500038550,0,07,000,00,1,3,01,A01
200500038551,0,07,000,10,0,2,01,A01
200500038551,0,07,000,10,0,2,01,B02
200500038552,0,05,000,00,2,2,01,A01
200500038552,0,07,000,00,2,3,05,B02
200500038553,0,07,000,00,2,1,01,A01
200500038553,0,07,000,00,2,1,06,B02
200500038553,0,07,000,00,2,8,01,C03
200500038554,0,07,000,02,0,7,01,A01
200500038555,0,14,000,14,0,1,01,A01
200500038556,0,05,000,00,2,2,01,A01
200500038556,0,05,000,00,2,6,01,B02
200500038557,0,02,000,00,0,1,01,A01
200500038558,0,07,000,00,2,1,13,A01
200500038558,0,02,000,00,2,1,01,B02
200500038559,0,02,000,00,2,1,02,A01
200500038559,0,02,000,00,2,4,02,B02
200500038559,0,09,000,00,0,0,15,C03
200500038560,0,07,000,13,0,1,01,A01
200500038561,0,07,000,08,0,3,15,A01
200500038562,0,07,000,00,9,3,01,A01
200500038562,0,01,000,00,2,7,15,B02
200500038563,0,07,000,00,0,7,06,A01
200500038563,0,07,000,00,2,1,01,B02
200500038564,0,02,000,00,2,8,13,A01
200500038564,0,07,000,00,2,3,01,B02
200500038565,0,10,000,00,2,3,13,A01
200500038565,0,07,000,03,2,3,01,B02
200500038566,0,07,000,13,0,3,01,A01
200500038567,0,07,000,00,2,2,01,A01
200500038567,0,07,000,00,2,8,15,B02
200500038568,0,05,000,00,2,1,01,A01
200500038568,0,07,000,00,2,3,01,B02
200500038569,0,07,000,00,2,1,02,A01
200500038569,0,07,000,00,2,4,00,B02
200500038570,0,17,000,00,0,8,13,A01
200500038571,0,05,000,00,2,7,01,A01
200500038571,0,07,000,00,2,3,01,B02
200500038572,0,05,000,00,2,0,02,A01
200500038572,0,07,000,00,2,4,15,B02
200500038573,0,07,000,00,2,2,15,A01
200500038573,0,07,000,00,2,3,01,B02
200500038574,0,07,000,00,2,8,15,A01
200500038574,0,02,000,00,2,1,01,B02
200500038575,0,05,000,00,2,1,17,A01
200500038575,0,07,000,00,2,8,15,B02
200500038576,0,07,000,02,0,3,13,A01
200500038577,0,07,000,00,1,0,01,A01
200500038578,0,05,000,13,0,2,01,A01
200500038579,0,07,000,00,2,8,19,A01
200500038579,0,07,000,00,2,1,01,B02
200500038580,0,07,000,06,0,3,13,A01
200500038581,0,07,000,13,0,1,14,A01
200500038582,0,07,000,13,0,1,01,A01
200500038583,0,07,000,08,0,2,17,A01
200500038584,0,07,000,00,2,0,15,A01
200500038584,0,07,000,00,2,2,01,B02
200500038585,0,07,000,00,2,1,19,A01
200500038585,0,07,000,00,2,8,01,B02
200500038586,0,07,000,02,0,8,01,A01
200500038587,0,07,000,00,2,1,13,A01
200500038587,0,05,000,00,2,1,01,B02
200500038588,0,07,000,13,0,2,01,A01
200500038589,0,02,000,00,2,0,13,A01
200500038589,0,07,000,00,2,1,00,B02
200500038590,0,05,000,13,0,1,01,A01
200500038591,0,09,000,01,0,2,14,A01
200500038591,0,15,000,00,0,6,24,B02
200500038592,0,07,000,00,2,1,13,A01
200500038592,0,07,000,00,2,1,01,B02
200500038593,0,07,000,00,2,8,16,A01
200500038593,0,07,000,00,2,1,00,B02
200500038594,0,07,000,00,2,1,15,A01
200500038594,0,05,000,00,2,1,13,B02
200500038595,0,07,000,00,1,3,01,A01
200500038596,0,07,000,00,2,1,19,A01
200500038596,0,05,000,00,0,0,00,B02
200500038597,0,05,000,14,0,1,02,A01
200500038598,0,05,000,00,2,1,02,A01
200500038598,0,07,000,00,2,3,01,B02
200500038598,0,07,000,00,0,6,02,C03
200500038599,0,02,000,00,2,0,19,A01
200500038599,0,07,000,00,1,1,01,B02
200500038600,0,07,000,00,2,3,01,A01
200500038600,0,02,000,00,2,2,02,B02
200500038601,0,18,000,00,2,3,15,A01
200500038601,0,05,000,00,2,3,01,B02
200500038602,0,07,000,11,2,7,17,A01
200500038602,0,07,000,00,0,3,14,B02
200500038603,0,21,000,00,0,7,15,A01
200500038603,0,05,000,00,0,7,01,B02
200500038604,0,02,000,00,2,1,15,A01
200500038604,0,07,000,00,2,1,16,B02
200500038605,0,05,000,00,2,1,13,A01
200500038605,0,07,000,00,2,3,01,B02
200500038606,0,05,000,00,2,1,01,A01
200500038606,0,07,000,00,2,7,15,B02
200500038607,0,05,000,00,2,1,01,A01
200500038607,0,07,000,00,2,3,01,B02
200500038608,0,07,000,00,1,5,04,A01
200500038609,0,05,000,00,2,2,01,A01
200500038609,0,07,000,00,2,6,19,B02
200500038610,0,07,000,00,0,0,17,A01
200500038610,0,07,000,13,0,9,21,B02
200500038611,0,02,000,00,0,7,01,A01
200500038612,0,07,000,08,0,1,01,A01
200500038613,0,02,000,00,0,2,00,A01
200500038614,0,07,000,11,0,2,14,A01
200500038615,0,07,000,13,0,9,00,A01
200500038616,0,07,000,00,2,1,13,A01
200500038616,0,07,000,00,2,1,17,B02
200500038617,0,07,000,00,1,1,01,A01
200500038618,0,07,000,00,2,7,15,A01
200500038618,0,07,000,00,2,1,01,B02
200500038619,0,07,000,00,2,8,15,A01
200500038619,0,05,000,00,2,1,01,B02
200500038620,0,07,000,00,0,4,01,A01
200500038620,0,07,000,00,2,1,02,B02
200500038621,0,07,000,00,2,5,15,A01
200500038621,0,02,000,00,2,7,01,B02
200500038622,0,05,000,00,9,0,21,A01
200500038623,0,04,000,13,0,1,01,A01
200500038624,0,05,000,13,0,8,01,A01
200500038624,0,05,000,16,0,5,01,B02
200500038625,0,07,000,00,2,1,02,A01
200500038625,0,07,000,00,2,4,00,B02
200500038625,0,07,000,00,2,4,00,C03
200500038626,0,17,000,09,0,2,01,A01
200500038627,0,07,000,00,0,7,01,A01
200500038628,0,07,000,00,2,8,09,A01
200500038628,0,07,000,00,2,1,01,B02
200500038629,0,02,000,13,2,1,13,A01
200500038629,0,10,000,00,9,2,13,B02
200500038630,0,07,000,00,2,1,05,A01
200500038630,0,07,000,00,2,8,21,B02
200500038630,0,07,000,03,2,1,01,C03
200500038630,0,07,000,00,2,3,21,D04
200500038631,0,02,000,00,9,1,02,A01
200500038632,0,07,000,00,2,1,13,A01
200500038632,0,10,000,00,2,1,01,B02
200500038633,0,07,000,00,2,4,23,A01
200500038633,0,02,000,00,2,1,01,B02
200500038634,0,02,000,00,2,1,13,A01
200500038634,0,07,000,00,2,3,01,B02
200500038635,0,07,000,00,2,1,13,A01
200500038635,0,07,000,00,2,3,01,B02
200500038636,0,07,000,00,2,1,01,A01
200500038636,0,07,000,00,2,2,15,B02
200500038637,0,07,000,00,2,7,01,A01
200500038637,0,07,000,00,2,1,01,B02
200500038638,0,14,000,00,0,1,01,A01
200500038638,0,07,000,00,0,4,01,B02
200500038638,0,07,000,00,0,4,01,C03
200500038639,0,07,000,00,0,3,15,A01
200500038639,0,07,000,00,0,3,00,B02
200500038640,0,02,000,00,2,0,02,A01
200500038640,0,07,000,00,0,5,15,B02
200500038641,0,02,000,00,2,1,00,A01
200500038641,0,07,000,00,2,3,00,B02
200500038642,0,02,000,00,2,1,05,A01
200500038642,0,07,000,00,2,3,05,B02
200500038643,0,07,000,00,9,3,15,A01
200500038643,0,01,000,00,2,1,01,B02
200500038644,0,05,000,00,2,1,01,A01
200500038644,0,07,000,00,0,6,15,B02
200500038645,0,05,000,00,2,1,02,A01
200500038645,0,05,000,00,2,1,02,B02
200500038645,0,07,000,00,2,4,15,C03
200500038646,0,07,000,00,2,3,15,A01
200500038646,0,05,000,00,2,1,01,B02
200500038647,0,07,000,00,2,1,01,A01
200500038647,0,07,000,00,2,8,15,B02
200500038648,0,07,000,02,0,8,14,A01
200500038649,0,07,000,00,1,6,21,A01
200500038650,0,07,000,00,0,0,15,A01
200500038651,0,07,000,00,2,1,01,A01
200500038651,0,07,000,00,2,8,15,B02
200500038652,0,05,000,00,2,2,01,A01
200500038653,0,07,000,00,2,2,15,A01
200500038653,0,02,000,00,2,1,01,B02
200500038654,0,07,000,13,0,1,01,A01
200500038655,0,07,000,00,2,2,10,A01
200500038655,0,05,000,00,2,3,01,B02
200500038656,0,07,000,00,2,1,01,A01
200500038656,0,07,000,00,2,1,15,B02
200500038657,0,07,000,00,2,1,13,A01
200500038657,0,08,000,00,2,1,01,B02
200500038658,0,07,000,00,0,2,13,A01
200500038658,0,05,000,00,0,1,16,B02
200500038659,0,07,000,00,2,2,11,A01
200500038659,0,05,000,00,2,1,01,B02
200500038660,0,07,000,02,0,3,01,A01
200500038661,0,07,000,00,0,7,01,A01
200500038662,0,07,000,13,6,7,01,A01
200500038663,0,04,000,00,2,9,05,A01
200500038663,0,07,000,00,2,3,01,B02
200500038664,0,07,000,00,0,4,02,A01
200500038664,0,07,000,00,2,4,02,B02
200500038664,0,04,000,00,2,1,02,C03
200500038665,0,15,000,00,2,5,15,A01
200500038665,0,07,000,00,2,1,01,B02
200500038666,0,07,000,00,2,1,15,A01
200500038666,0,07,000,00,2,1,01,B02
200500038667,0,07,000,00,1,8,01,A01
200500038668,0,02,000,00,2,2,01,A01
200500038668,0,99,000,00,2,3,16,B02
200500038669,0,07,000,13,0,2,01,A01
200500038670,0,07,000,00,0,1,13,A01
200500038670,0,07,000,00,0,1,01,B02
200500038671,0,07,000,00,2,2,11,A01
200500038671,0,01,000,00,2,3,11,B02
200500038672,0,07,000,00,0,3,15,A01
200500038672,0,05,000,00,2,1,17,B02
200500038673,0,07,000,00,2,1,13,A01
200500038673,0,09,000,00,2,1,01,B02
200500038674,0,05,000,00,2,8,17,A01
200500038674,0,07,000,00,9,3,01,B02
200500038675,0,07,000,00,2,1,01,A01
200500038675,0,07,000,00,2,4,23,B02
200500038676,0,07,000,02,0,2,01,A01
200500038677,0,09,000,00,0,4,23,A01
200500038677,0,02,000,01,0,1,01,B02
200500038678,0,07,000,00,0,8,19,A01
200500038678,0,07,000,00,2,1,00,B02
200500038679,0,07,000,00,0,3,01,A01
200500038679,0,05,000,00,2,1,01,B02
200500038680,0,07,000,00,2,1,01,A01
200500038680,2,10,000,00,2,0,15,B02
200500038681,0,07,000,02,0,3,00,A01
200500038682,0,07,000,00,2,3,13,A01
200500038682,0,07,000,00,2,3,01,B02
200500038683,0,01,000,00,0,0,00,A01
200500038684,0,05,000,00,2,8,01,A01
200500038684,0,07,000,00,2,2,15,B02
200500038685,0,07,000,00,2,3,01,A01
200500038685,0,07,000,00,0,3,13,B02
200500038686,0,07,000,10,0,9,01,A01
200500038687,0,01,000,00,0,1,02,A01
200500038688,0,07,000,00,0,2,02,A01
200500038688,0,01,000,00,0,4,02,B02
200500038689,0,07,000,00,2,3,15,A01
200500038689,0,02,000,00,2,1,01,B02
200500038690,0,07,000,00,2,1,13,A01
200500038690,0,07,000,00,2,1,01,B02
200500038691,0,07,000,00,0,1,13,A01
200500038691,0,07,000,00,0,1,01,B02
200500038692,0,07,000,00,2,8,15,A01
200500038692,0,07,000,00,2,2,01,B02
200500038693,0,07,000,02,0,1,19,A01
200500038694,0,05,000,00,2,8,05,A01
200500038694,0,07,000,00,2,3,05,B02
200500038695,0,02,000,00,0,7,01,A01
200500038696,0,07,000,00,2,8,13,A01
200500038696,0,07,000,00,2,1,17,B02
200500038697,0,07,000,08,0,1,01,A01
200500038698,0,07,000,06,0,1,01,A01
200500038699,0,05,000,10,0,1,15,A01
200500038699,0,05,000,00,2,2,01,B02
200500038700,0,07,000,13,0,2,01,A01
200500038701,0,07,000,06,0,3,01,A01
200500038702,0,07,000,02,0,1,14,A01
200500038703,0,07,000,02,0,0,01,A01
200500038704,0,07,000,00,0,2,01,A01
200500038704,0,01,000,00,0,8,19,B02
200500038705,0,99,000,02,0,1,15,A01
200500038706,0,07,000,00,1,3,01,A01
200500038707,0,07,000,00,0,0,13,A01
200500038708,0,99,000,00,9,0,01,A01
200500038709,0,07,000,00,2,3,01,A01
200500038709,0,02,000,00,2,1,01,B02
200500038710,0,07,000,00,2,5,01,A01
200500038710,0,05,000,00,2,1,01,B02
200500038711,0,07,000,00,2,3,01,A01
200500038711,0,02,000,00,2,2,01,B02
200500038712,0,07,000,02,0,1,01,A01
200500038713,0,07,000,01,0,1,19,A01
200500038714,0,05,000,00,2,1,01,A01
200500038714,0,05,000,00,2,1,13,B02
200500038715,0,05,000,00,0,3,01,A01
200500038715,0,07,000,00,0,3,00,B02
200500038716,0,07,000,00,2,2,01,A01
200500038716,0,02,000,00,2,7,15,B02
200500038717,0,07,000,00,2,1,17,A01
200500038717,0,17,000,00,2,3,01,B02
200500038718,0,07,000,00,0,1,01,A01
200500038719,0,07,000,00,2,8,17,A01
200500038719,0,07,000,00,2,8,17,B02
200500038719,0,07,000,00,2,3,01,C03
200500038720,0,07,000,00,2,3,13,A01
200500038720,0,07,000,00,2,3,00,B02
200500038721,0,07,000,13,0,1,01,A01
200500038722,0,17,000,13,0,7,01,A01
200500038723,0,07,000,00,1,7,01,A01
200500038724,0,02,000,15,0,1,00,A01
200500038725,0,07,000,00,2,1,00,A01
200500038725,0,07,000,00,2,1,13,B02
200500038726,0,07,000,00,2,3,13,A01
200500038726,0,07,000,06,2,3,01,B02
200500038727,0,07,000,00,2,2,19,A01
200500038727,0,07,000,00,2,3,01,B02
200500038728,0,07,000,00,9,2,01,A01
200500038728,0,01,000,00,2,1,19,B02
200500038729,0,07,000,00,2,7,01,A01
200500038729,0,07,000,00,2,7,19,B02
200500038730,0,07,000,08,0,0,01,A01
200500038731,0,07,000,00,2,2,09,A01
200500038731,0,07,000,00,2,5,01,B02
200500038732,0,07,000,00,2,3,01,A01
200500038732,0,02,000,00,2,1,11,B02
200500038733,0,02,000,00,2,1,01,A01
200500038733,0,07,000,00,2,3,13,B02
200500038734,0,07,000,00,2,8,19,A01
200500038734,0,07,000,00,2,1,01,B02
200500038735,0,07,000,00,2,3,13,A01
200500038735,0,07,000,00,2,8,01,B02
200500038736,0,07,000,00,2,3,19,A01
200500038736,0,07,000,00,2,1,01,B02
200500038737,0,07,000,00,2,3,19,A01
200500038737,0,05,000,00,2,1,01,B02
200500038738,0,07,000,00,2,3,01,A01
200500038738,0,07,000,00,2,3,01,B02
200500038739,0,07,000,00,1,3,16,A01
200500038739,0,02,000,00,2,7,00,B02