Num_Acc,senc,catv,occutc,obs,obsm,choc,manv,num_veh
200500039125,0,02,000,01,0,1,01,A01
200500039126,0,07,000,00,2,7,17,A01
200500039126,0,01,000,00,2,8,13,B02
200500039127,0,05,000,00,2,0,21,A01
200500039127,0,07,000,00,2,0,09,B02
200500039128,0,07,000,01,0,1,02,A01
200500039129,0,02,000,00,2,1,01,A01
200500039129,0,07,000,00,9,1,01,B02
200500039130,0,07,000,00,0,3,13,A01
200500039130,0,07,000,00,0,2,01,B02
200500039131,0,01,000,00,2,1,13,A01
200500039131,0,01,000,00,2,1,01,B02
200500039132,0,07,000,00,2,1,13,A01
200500039132,0,07,000,00,2,1,01,B02
200500039132,0,07,000,16,2,6,14,C03
200500039133,0,07,000,16,0,0,01,A01
200500039134,0,05,000,00,2,4,23,A01
200500039134,0,05,000,00,2,1,21,B02
200500039135,0,07,000,00,2,3,01,A01
200500039135,0,02,000,00,2,1,01,B02
200500039136,0,07,000,00,2,3,01,A01
200500039136,0,02,000,00,2,1,16,B02
200500039137,0,02,000,00,2,8,09,A01
200500039137,0,09,000,00,2,7,01,B02
200500039138,0,07,000,00,2,1,15,A01
200500039138,0,05,000,00,2,8,01,B02
200500039139,0,01,000,00,2,7,19,A01
200500039139,0,07,000,00,9,2,01,B02
200500039140,0,07,000,00,2,1,01,A01
200500039140,0,02,000,00,2,8,15,B02
200500039141,0,07,000,00,2,2,15,A01
200500039141,0,07,000,00,2,1,01,B02
200500039142,0,07,000,00,9,1,16,A01
200500039142,0,01,000,00,2,8,05,B02
200500039143,0,07,000,02,0,7,00,A01
200500039144,0,07,000,00,2,8,01,A01
200500039144,0,02,000,00,2,3,13,B02
200500039145,0,07,000,00,9,3,15,A01
200500039145,0,01,000,00,0,2,00,B02
200500039146,0,07,000,00,2,1,02,A01
200500039146,0,07,000,00,2,4,01,B02
200500039147,0,07,000,00,2,1,01,A01
200500039147,0,02,000,00,2,7,15,B02
200500039148,0,07,000,02,0,1,13,A01
200500039149,0,07,000,00,1,5,20,A01
200500039150,0,05,000,00,2,1,01,A01
200500039150,0,17,000,00,2,1,01,B02
200500039151,0,02,000,00,0,4,23,A01
200500039151,0,07,000,00,2,2,02,B02
200500039152,0,07,000,00,2,3,01,A01
200500039152,0,07,000,00,2,8,19,B02
200500039153,0,07,000,00,1,3,00,A01
200500039154,0,07,000,13,0,7,01,A01
200500039155,0,02,000,00,2,1,13,A01
200500039155,0,14,000,00,2,3,01,B02
200500039156,0,02,000,00,2,7,17,A01
200500039156,0,07,000,00,2,8,15,B02
200500039157,0,07,000,02,0,1,00,A01
200500039158,0,07,000,00,0,4,15,B02
200500039158,0,05,000,00,2,1,01,A01
200500039159,0,02,000,00,2,1,01,A01
200500039159,0,07,000,00,2,3,01,B02
200500039160,0,07,000,00,2,3,01,A01
200500039160,0,07,000,00,2,3,01,B02
200500039161,0,07,000,00,0,7,13,A01
200500039161,0,07,000,00,0,1,01,B02
200500039161,0,07,000,00,0,2,00,C03
200500039162,0,05,000,00,2,3,19,A01
200500039163,0,02,000,00,0,0,01,A01
200500039164,0,02,000,00,0,1,13,A01
200500039164,0,99,000,00,0,1,01,B02
200500039165,0,07,000,08,0,1,01,A01
200500039166,0,07,000,06,0,3,01,A01
200500039167,0,04,000,06,0,2,14,A01
200500039168,0,07,000,13,0,1,01,A01
200500039169,0,07,000,06,0,8,00,A01
200500039170,0,07,000,02,0,9,00,A01
200500039171,0,05,000,13,0,1,01,A01
200500039172,0,07,000,00,2,2,19,A01
200500039172,0,05,000,00,2,3,00,B02
200500039173,0,05,000,06,0,1,00,A01
200500039174,0,07,000,00,2,3,13,A01
200500039174,0,15,000,00,2,3,01,B02
200500039175,0,07,000,10,0,1,15,A01
200500039176,0,07,000,06,0,1,00,A01
200500039177,0,07,000,09,0,8,19,A01
200500039178,0,07,000,00,2,1,13,A01
200500039178,0,07,000,00,2,1,01,B02
200500039179,0,07,000,02,0,5,01,A01
200500039180,0,07,000,13,0,3,01,A01
200500039181,0,07,000,00,2,2,17,A01
200500039182,0,07,000,00,2,2,17,A01
200500039182,0,07,000,00,0,6,15,B02
200500039183,0,07,000,00,2,3,15,A01
200500039183,0,07,000,00,2,2,17,B02
200500039184,0,07,000,00,2,6,15,A01
200500039184,0,07,000,00,2,1,17,B02
200500039185,0,05,000,14,0,1,01,A01
200500039186,0,07,000,00,2,1,01,A01
200500039186,0,07,000,00,2,2,15,B02
200500039187,0,07,000,13,0,3,01,A01
200500039188,0,07,000,02,0,2,01,A01
200500039189,0,07,000,00,2,2,01,A01
200500039189,0,17,000,00,2,3,01,B02
200500039190,0,02,000,00,0,1,00,A01
200500039190,0,07,000,00,0,1,00,B02
200500039191,0,07,000,02,0,1,14,A01
200500039192,0,07,000,00,2,6,01,A01
200500039192,0,07,000,00,2,1,19,B02
200500039193,0,07,000,02,0,1,01,A01
200500039194,0,07,000,00,2,5,01,A01
200500039194,0,07,000,00,2,1,01,B02
200500039195,0,07,000,02,0,7,14,A01
200500039196,0,07,000,00,2,1,01,A01
200500039196,0,07,000,00,2,2,11,B02
200500039197,0,07,000,13,0,9,01,A01
200500039198,0,07,000,00,2,7,00,A01
200500039198,0,02,000,00,2,1,01,B02
200500039199,0,07,000,00,2,3,13,A01
200500039199,0,07,000,00,2,3,01,B02
200500039200,0,07,000,13,0,1,01,A01
200500039201,0,05,000,00,6,1,01,A01
200500039202,0,01,000,00,2,1,15,A01
200500039202,0,07,000,00,0,1,01,B02
200500039203,0,02,000,00,2,3,13,A01
200500039203,0,02,000,00,2,7,01,B02
200500039204,0,07,000,00,2,1,15,A01
200500039204,0,07,000,00,2,1,01,B02
200500039204,0,07,000,00,2,6,00,C03
200500039205,0,07,000,00,1,2,01,A01
200500039206,0,07,000,06,0,1,16,A01
200500039207,0,07,000,00,0,3,00,A01
200500039207,0,07,000,00,0,3,00,B02
200500039208,0,07,000,06,0,1,16,A01
200500039209,0,07,000,00,0,0,00,A01
200500039209,0,18,001,00,2,3,00,B02
200500039210,0,07,000,13,0,1,01,A01
200500039211,0,07,000,06,0,1,01,A01
200500039212,0,07,000,00,2,1,21,A01
200500039212,0,07,000,00,2,2,15,B02
200500039213,0,07,000,00,0,3,00,A01
200500039214,0,07,000,00,9,2,21,A01
200500039214,0,02,000,00,2,1,19,B02
200500039215,0,07,000,00,2,1,01,A01
200500039215,0,07,000,00,2,7,19,B02
200500039215,0,07,000,00,2,1,23,C03
200500039216,0,07,000,00,2,3,01,A01
200500039216,0,02,000,00,2,1,01,B02
200500039217,0,07,000,06,0,3,13,A01
200500039218,0,07,000,00,2,2,17,A01
200500039218,0,01,000,00,0,4,13,B02
200500039219,0,07,000,06,0,1,02,A01
200500039220,0,07,000,00,0,0,00,A01
200500039221,0,17,000,00,2,3,01,A01
200500039221,0,07,000,00,2,8,01,B02
200500039222,0,07,000,00,0,4,01,A01
200500039222,0,02,000,00,2,1,01,B02
200500039223,0,07,000,00,2,1,01,A01
200500039223,0,17,000,00,0,4,01,B02
200500039224,0,05,000,13,0,8,01,A01
200500039225,0,07,000,00,2,7,15,A01
200500039225,0,02,000,00,2,1,01,B02
200500039226,0,05,000,00,2,2,02,A01
200500039226,0,05,000,00,0,6,02,B02
200500039227,0,07,000,00,2,1,15,A01
200500039227,0,01,000,00,2,3,01,B02
200500039228,0,07,000,02,0,2,19,A01
200500039229,0,07,000,00,2,1,01,A01
200500039229,0,07,000,00,2,1,01,B02
200500039230,0,17,000,00,0,2,01,A01
200500039231,0,07,000,00,2,7,01,A01
200500039231,0,01,000,00,2,8,01,B02
200500039232,0,05,000,00,0,0,00,A01
200500039233,0,07,000,00,2,8,13,A01
200500039233,0,05,000,00,2,7,17,B02
200500039234,0,05,000,00,2,1,21,A01
200500039234,0,07,000,00,2,2,01,B02
200500039235,0,05,000,00,2,1,02,A01
200500039235,0,07,000,00,2,6,02,B02
200500039236,0,07,000,13,0,3,21,A01
200500039237,0,07,000,00,0,1,13,A01
200500039237,0,07,000,00,0,3,01,B02
200500039238,0,07,000,00,2,1,01,A01
200500039238,0,07,000,00,0,8,01,B02
200500039239,0,07,000,02,0,2,01,A01
200500039240,0,07,000,02,0,9,01,A01
200500039241,0,07,000,00,2,3,01,B02
200500039241,0,07,000,00,2,2,19,A01
200500039242,0,05,000,00,2,3,17,A01
200500039242,0,07,000,00,2,3,17,B02
200500039243,0,02,000,00,2,4,15,A01
200500039243,0,07,000,00,9,3,16,B02
200500039244,0,07,000,00,2,1,13,A01
200500039244,0,02,000,00,2,8,15,B02
200500039245,0,07,000,16,0,9,01,A01
200500039246,0,07,000,08,0,1,00,A01
200500039247,0,07,000,00,2,7,01,A01
200500039247,0,07,000,00,2,1,15,B02
200500039248,0,07,000,16,0,9,15,A01
200500039249,0,05,000,00,0,7,01,A01
200500039250,0,17,000,00,2,6,13,A01
200500039250,0,07,000,00,2,8,00,B02
200500039251,0,07,000,00,2,3,01,A01
200500039251,0,07,000,00,2,8,15,B02
200500039252,0,07,000,00,2,1,13,A01
200500039252,0,07,000,00,2,1,15,B02
200500039253,0,07,000,00,2,3,15,A01
200500039253,0,17,000,00,0,0,15,B02
200500039254,0,07,000,00,2,7,01,A01
200500039254,0,07,000,00,2,1,01,B02
200500039255,0,07,000,13,0,3,01,A01
200500039256,0,02,000,00,0,3,02,A01
200500039256,0,02,000,00,0,5,01,B02
200500039256,0,07,000,00,0,6,00,C03
200500039257,0,05,000,00,2,7,21,A01
200500039257,0,21,000,00,0,0,15,B02
200500039258,0,07,000,00,0,3,01,A01
200500039258,0,07,000,08,0,3,01,B02
200500039259,0,07,000,00,2,2,15,A01
200500039259,0,02,000,00,2,3,01,B02
200500039260,0,07,000,00,9,7,13,A01
200500039260,0,01,000,00,2,6,01,B02
200500039261,0,05,000,02,0,1,01,A01
200500039262,0,10,000,00,0,2,15,A01
200500039262,0,05,000,00,0,1,01,B02
200500039263,0,07,000,13,0,7,01,A01
200500039264,0,07,000,00,0,0,00,A01
200500039264,0,07,000,00,2,1,01,B02
200500039265,0,02,000,06,0,1,13,A01
200500039266,0,07,000,00,2,3,13,A01
200500039266,0,05,000,00,2,3,01,B02
200500039266,0,05,000,00,2,1,01,C03
200500039267,0,07,000,00,9,1,15,A01
200500039267,0,01,000,00,2,4,01,B02
200500039268,0,07,000,14,0,1,13,A01
200500039269,0,07,000,00,2,2,02,A01
200500039269,0,05,000,00,0,4,01,B02
200500039270,0,14,000,00,0,3,15,A01
200500039270,0,02,000,00,2,1,01,B02
200500039271,0,05,000,00,2,1,17,A01
200500039271,0,05,000,00,2,6,15,B02
200500039272,0,10,000,00,0,3,10,A01
200500039272,0,05,000,00,2,1,01,B02
200500039272,0,05,000,03,0,2,21,C03
200500039273,0,07,000,00,2,2,17,A01
200500039273,0,02,000,00,0,3,15,B02
200500039274,0,07,000,13,0,1,00,A01
200500039275,0,10,000,00,2,6,00,A01
200500039275,0,02,000,00,2,1,00,B02
200500039276,0,07,000,08,0,2,01,A01
200500039277,0,07,000,00,2,2,13,A01
200500039277,0,07,000,00,2,3,01,B02
200500039278,0,07,000,06,0,7,01,A01
200500039279,0,07,000,00,2,8,15,A01
200500039279,0,05,000,00,2,7,17,B02
200500039280,0,07,000,13,0,1,01,A01
200500039281,0,05,000,00,2,1,02,A01
200500039281,0,07,000,00,0,4,15,B02
200500039282,0,07,000,00,0,7,15,A01
200500039282,0,05,000,00,2,1,01,B02
200500039283,0,02,000,00,2,1,01,A01
200500039283,0,07,000,00,2,2,05,B02
200500039284,0,07,000,00,2,8,19,A01
200500039284,0,07,000,00,2,1,01,B02
200500039285,0,05,000,00,0,8,01,A01
200500039286,0,02,000,00,2,1,17,A01
200500039286,0,07,000,00,2,3,01,B02
200500039287,0,07,000,06,0,1,01,A01
200500039288,0,07,000,00,1,2,01,A01
200500039289,0,21,000,00,2,8,01,A01
200500039289,0,02,000,00,2,1,01,B02
200500039290,0,07,000,01,0,1,13,A01
200500039291,0,07,000,00,2,2,01,A01
200500039291,0,02,000,00,2,8,19,B02
200500039292,0,07,000,00,0,0,02,A01
200500039292,0,01,000,00,0,4,02,B02
200500039292,0,01,000,00,0,4,02,C03
200500039292,0,01,000,00,0,4,02,D04
200500039292,0,01,000,00,0,4,02,E05
200500039293,0,07,000,13,0,1,01,A01
200500039294,0,02,000,14,0,1,00,A01
200500039295,0,07,000,00,2,2,15,A01
200500039295,0,02,000,00,2,7,01,B02
200500039296,0,07,000,00,2,6,13,A01
200500039296,0,13,000,00,2,3,01,B02
200500039297,0,01,000,00,0,0,00,A01
200500039298,0,07,000,00,0,3,19,A01
200500039298,0,07,000,00,0,3,01,B02
200500039299,0,07,000,00,0,5,00,A01
200500039299,0,02,000,00,2,1,01,B02
200500039300,0,07,000,00,2,8,15,A01
200500039300,0,05,000,00,2,2,17,B02
200500039301,0,01,000,00,1,1,01,A01
200500039302,0,16,000,00,0,0,01,A01
200500039302,0,99,000,00,1,2,01,B02
200500039303,0,07,000,00,2,2,13,A01
200500039303,0,07,000,00,2,2,21,B02
200500039304,0,07,000,00,2,2,02,A01
200500039304,0,01,000,00,2,4,02,B02
200500039305,0,07,000,00,2,3,01,A01
200500039305,0,07,000,00,2,1,01,B02
200500039306,0,05,000,00,2,1,01,A01
200500039306,0,07,000,00,0,2,15,B02
200500039307,0,07,000,16,0,9,01,A01
200500039308,0,05,000,00,2,1,13,A01
200500039308,0,07,000,00,2,2,01,B02
200500039309,0,07,000,00,2,8,21,A01
200500039309,0,21,000,00,2,8,15,B02
200500039310,0,07,000,02,0,3,14,A01
200500039311,0,07,000,00,2,3,09,A01
200500039311,0,07,000,00,2,1,01,B02
200500039312,0,07,000,00,1,2,01,A01
200500039313,0,07,000,08,0,8,14,A01
200500039314,0,01,000,00,2,1,19,A01
200500039314,0,07,000,00,0,6,00,B02
200500039315,0,07,000,00,2,3,01,A01
200500039315,0,07,000,00,2,1,13,B02
200500039316,0,07,000,13,0,2,01,A01
200500039317,0,07,000,13,0,7,01,A01
200500039318,0,05,000,16,0,7,01,B02
200500039319,0,07,000,00,2,3,15,A01
200500039319,0,05,000,00,2,2,01,B02
200500039320,0,07,000,00,0,0,01,A01
200500039321,0,07,000,00,1,2,01,A01
200500039322,0,07,000,00,2,1,17,A01
200500039322,0,07,000,00,2,1,01,B02
200500039323,0,02,000,00,2,1,02,B02
200500039323,0,13,000,00,2,2,02,A01
200500039324,0,07,000,16,0,1,01,A01
200500039325,0,07,000,13,2,3,01,A01
200500039325,0,07,000,00,2,3,01,B02
200500039326,0,07,000,16,0,9,01,A01
200500039327,0,02,000,12,0,1,01,A01
200500039327,0,07,000,00,0,0,23,B02
200500039328,0,07,000,00,2,3,00,A01
200500039328,0,02,000,00,2,1,00,B02
200500039329,0,05,000,03,0,1,01,A01
200500039330,0,14,000,03,2,3,06,A01
200500039330,0,07,000,00,2,1,01,B02
200500039330,0,07,000,00,2,1,01,C03
200500039330,0,07,000,00,2,1,01,D04
200500039330,0,07,000,00,2,1,00,E05
200500039331,0,05,000,00,0,0,01,A01
200500039332,0,07,000,13,0,9,01,A01
200500039333,0,07,000,06,0,1,13,A01
200500039334,0,07,000,02,0,1,13,A01
200500039335,0,07,000,02,0,3,01,A01
200500039336,0,07,000,15,0,1,00,A01
200500039337,0,05,000,00,2,1,13,A01
200500039337,0,07,000,00,9,2,01,B02
200500039338,0,07,000,00,0,2,15,A01
200500039338,0,05,000,00,0,1,01,B02
200500039339,0,07,000,06,0,2,01,A01
200500039340,0,02,000,00,2,1,01,A01
200500039340,0,13,000,00,2,8,15,B02
200500039341,0,05,000,00,2,6,13,A01
200500039341,0,07,000,00,2,8,01,B02
200500039342,0,07,000,14,0,1,01,A01
200500039343,0,02,000,00,2,1,13,A01
200500039343,0,07,000,00,2,2,01,B02
200500039344,0,07,000,00,2,2,15,A01
200500039344,0,05,000,00,2,1,01,B02
200500039345,0,07,000,00,2,2,06,A01
200500039345,0,07,000,00,2,3,01,B02
200500039346,0,02,000,06,0,1,01,A01
200500039347,0,07,000,00,2,1,01,A01
200500039347,0,07,000,00,2,1,13,B02
200500039348,0,07,000,00,2,1,13,A01
200500039348,0,07,000,00,2,1,01,B02
200500039349,0,07,000,00,2,4,04,A01
200500039349,0,01,000,00,2,1,01,B02
200500039350,0,07,000,00,1,0,21,A01
200500039351,0,07,000,00,2,3,01,A01
200500039351,0,07,000,00,2,3,13,B02
200500039352,0,07,000,00,1,2,01,A01
200500039353,0,07,000,00,2,1,13,A01
200500039353,0,07,000,00,2,1,13,B02
200500039354,0,21,000,00,2,2,15,A01
200500039354,0,02,000,00,2,1,01,B02
200500039355,0,07,000,00,1,4,04,A01
200500039356,0,07,000,00,2,3,17,A01
200500039356,0,05,000,00,2,8,15,B02
200500039357,0,02,000,05,0,2,01,A01
200500039358,0,02,000,00,1,1,01,A01
200500039359,0,04,000,00,2,7,15,A01
200500039359,0,07,000,00,2,1,01,B02
200500039360,0,07,000,00,2,8,19,A01
200500039360,0,07,000,00,2,1,01,B02
200500039361,0,07,000,00,2,6,17,A01
200500039361,0,05,000,00,2,1,17,B02
200500039362,0,02,000,00,2,1,13,A01
200500039362,0,07,000,00,0,6,15,B02
200500039363,0,05,000,00,0,8,00,A01
200500039364,0,07,000,06,0,6,01,A01
200500039365,0,02,000,00,2,1,01,A01
200500039365,0,07,000,00,2,4,15,B02
200500039366,0,07,000,02,0,1,14,A01
200500039367,0,07,000,00,2,7,13,A01
200500039367,0,07,000,00,2,1,01,B02
200500039368,0,07,000,00,0,1,00,A01
200500039368,0,07,000,00,0,1,00,B02
200500039368,0,07,000,00,0,1,00,C03
200500039369,0,07,000,00,2,3,02,A01
200500039369,0,02,000,00,0,5,15,B02
200500039370,0,07,000,00,0,9,00,A01
200500039371,0,02,000,00,0,7,14,A01
200500039372,0,07,000,00,0,6,17,A01
200500039372,0,05,000,00,2,1,17,B02
200500039373,0,07,000,00,2,3,13,A01
200500039373,0,07,000,00,2,8,01,B02
200500039373,0,07,000,03,2,8,21,C03
200500039374,0,02,000,08,0,9,01,A01
200500039375,0,07,000,00,2,1,19,A01
200500039375,0,07,000,00,2,1,01,B02
200500039376,0,07,000,06,0,2,00,A01
200500039377,0,07,000,00,2,2,15,A01
200500039377,0,07,000,00,2,3,01,B02
200500039378,0,07,000,00,0,9,01,A01
200500039379,0,10,000,06,0,2,01,A01
200500039380,0,05,000,00,0,0,16,A01
200500039381,0,05,000,00,9,3,01,A01
200500039381,0,01,000,00,2,1,01,B02
200500039382,0,07,000,00,1,1,01,A01
200500039383,0,99,000,00,2,1,01,B02
200500039383,0,99,000,00,2,1,01,C03
200500039383,0,07,000,00,2,8,15,A01
200500039384,0,07,000,00,2,1,01,A01
200500039384,0,07,000,00,2,1,01,B02
200500039385,0,05,000,00,0,8,01,A01
200500039386,0,07,000,08,0,8,01,A01
200500039387,0,07,000,00,2,1,13,A01
200500039387,0,02,000,00,2,1,01,B02
200500039388,0,07,000,02,0,9,14,A01
200500039388,0,07,000,00,2,3,01,B02
200500039389,0,07,000,00,0,4,23,A01
200500039389,0,02,000,14,0,1,01,B02
200500039390,0,07,000,00,0,0,16,A01
200500039391,0,07,000,00,0,4,16,A01
200500039391,0,01,000,00,2,1,01,B02
200500039392,0,07,000,00,2,1,13,A01
200500039392,0,07,000,00,2,1,01,B02
200500039393,0,07,000,00,2,8,01,C03
200500039393,0,07,000,00,2,0,19,A01
200500039393,0,07,000,00,2,8,23,B02
200500039394,0,05,000,00,2,1,01,A01
200500039394,1,07,000,00,2,7,15,B02
200500039395,0,07,000,12,0,1,01,A01
200500039396,0,07,000,00,0,8,01,A01
200500039396,0,07,000,00,0,2,19,B02
200500039397,1,07,000,00,2,2,17,A01
200500039397,0,07,000,00,0,6,01,B02
200500039398,0,05,000,00,2,1,17,A01
200500039398,0,07,000,00,0,6,15,B02
200500039399,0,07,000,00,2,0,01,A01
200500039400,0,07,000,00,2,3,19,A01
200500039400,0,07,000,00,2,1,01,B02
200500039401,0,07,000,00,0,6,10,A01
200500039401,0,07,000,00,2,1,01,B02
200500039402,0,01,000,00,2,8,13,A01
200500039402,0,15,000,00,2,7,17,B02
200500039403,0,07,000,00,0,1,01,A01
200500039404,0,07,000,02,0,7,00,A01
200500039405,0,07,000,00,2,3,01,A01
200500039405,0,07,000,00,2,3,13,B02
200500039406,0,07,000,01,0,5,15,A01
200500039406,0,05,000,00,2,1,01,B02
200500039406,0,07,000,00,2,1,23,C03
200500039407,0,07,000,08,0,3,01,A01
200500039408,0,07,000,00,2,3,13,A01
200500039408,0,10,000,00,2,6,01,B02
200500039408,0,07,000,00,2,3,01,C03
200500039409,0,05,000,16,0,7,01,A01
200500039410,0,07,000,00,2,3,09,A01
200500039410,0,01,000,00,2,7,01,B02
200500039411,0,07,000,00,2,2,01,A01
200500039411,0,07,000,00,2,3,01,B02
200500039412,0,07,000,00,2,3,01,A01
200500039412,0,07,000,00,2,3,19,B02
200500039413,0,14,000,00,0,2,01,A01
200500039414,0,07,000,00,2,9,21,A01
200500039414,0,07,000,06,2,3,01,B02
200500039414,0,07,000,06,2,3,19,C03
200500039414,0,07,000,00,2,2,01,D04
200500039415,0,07,000,00,2,2,15,A01
200500039415,0,05,000,00,2,1,01,B02
200500039416,0,07,000,00,2,3,00,A01
200500039416,0,05,000,00,2,1,19,B02
200500039417,0,07,000,00,1,4,01,A01
200500039418,0,07,000,00,2,3,13,A01
200500039418,0,07,000,00,2,3,00,B02
200500039418,0,07,000,00,2,6,00,C03
200500039419,0,07,000,00,2,1,13,A01
200500039419,0,07,000,00,2,1,01,B02
200500039420,0,05,000,00,2,8,17,A01
200500039420,0,05,000,00,2,8,00,B02
200500039421,0,05,000,11,0,1,01,A01
200500039422,0,10,000,13,2,2,01,A01
200500039422,0,07,000,13,2,3,19,B02
200500039423,0,07,000,02,0,8,17,A01
200500039424,0,02,000,00,0,8,15,A01
200500039424,0,07,000,00,0,2,01,B02
200500039425,0,02,000,00,2,2,13,A01
200500039426,0,07,000,00,2,3,13,A01
200500039426,0,07,000,00,2,3,01,B02
200500039426,0,07,000,00,2,3,01,C03
200500039427,0,02,000,00,2,1,01,A01
200500039427,0,07,000,00,2,6,19,B02
200500039428,0,02,000,00,2,1,01,A01
200500039428,0,02,000,00,0,4,01,B02
200500039429,0,07,000,13,0,2,15,A01
200500039430,0,05,000,13,0,1,01,A01
200500039431,0,05,000,00,2,1,01,A01
200500039431,0,05,000,00,0,4,01,B02
200500039431,0,07,000,00,0,0,23,C03
200500039432,0,07,000,08,0,7,01,A01
200500039433,0,05,000,00,2,1,01,A01
200500039433,0,07,000,00,2,3,15,B02
200500039434,0,02,000,00,2,1,13,A01
200500039434,0,13,000,00,9,0,01,B02
200500039435,0,07,000,15,0,2,01,A01
200500039436,0,99,000,00,0,1,16,A01
200500039437,0,07,000,14,0,2,01,A01
200500039438,0,07,000,10,0,1,01,A01
200500039439,0,17,000,00,0,7,14,A01
200500039440,0,07,000,02,0,1,01,A01
200500039441,0,07,000,00,1,1,01,A01
200500039442,0,07,000,00,2,2,01,A01
200500039442,0,01,000,00,2,4,15,B02
200500039443,0,05,000,00,2,1,17,A01
200500039443,0,07,000,00,2,5,15,B02
200500039444,0,05,000,00,2,1,01,A01
200500039444,0,07,000,00,2,8,19,B02
200500039445,0,07,000,00,2,1,01,A01
200500039445,0,07,000,00,2,1,01,B02
200500039446,0,07,000,00,2,3,13,A01
200500039446,0,07,000,00,2,3,01,B02
200500039447,0,13,000,00,9,8,01,A01
200500039447,0,01,000,00,2,1,01,B02
200500039448,0,07,000,00,0,3,13,A01
200500039448,0,05,000,01,0,2,17,B02
200500039449,0,02,000,00,0,0,00,A01
200500039450,0,17,000,00,2,6,10,A01
200500039450,0,07,000,00,2,1,01,B02
200500039451,0,14,000,00,2,3,01,A01
200500039451,0,07,000,00,2,1,06,B02
200500039452,0,07,000,10,0,1,00,A01
200500039453,0,07,000,00,2,3,13,A01
200500039453,0,07,000,00,2,3,01,B02
200500039454,0,07,000,00,0,3,15,A01
200500039454,0,01,000,00,0,1,16,B02
200500039455,0,07,000,00,2,1,01,A01
200500039455,0,01,000,00,0,1,05,B02
200500039456,0,07,000,00,0,3,10,A01
200500039456,0,10,000,00,2,2,21,B02
200500039457,0,02,000,00,2,3,01,A01
200500039457,0,18,002,00,2,3,01,B02
200500039458,0,05,000,00,2,8,01,A01
200500039458,0,10,000,00,2,1,17,B02
200500039459,0,07,000,00,2,3,15,A01
200500039459,0,02,000,00,2,1,01,B02
200500039460,0,07,000,00,2,6,19,A01
200500039460,0,05,000,00,2,8,01,B02
200500039461,0,07,000,00,2,5,12,A01
200500039461,0,01,000,00,2,1,00,B02
200500039462,0,02,000,00,2,1,01,A01
200500039462,0,07,000,00,2,8,19,B02
200500039463,0,07,000,01,0,3,22,A01
200500039463,0,02,000,00,0,1,02,B02
200500039464,0,07,000,00,0,5,15,A01
200500039464,0,02,000,00,0,1,01,B02
200500039465,0,07,000,13,0,3,01,A01
200500039466,0,01,000,01,0,1,01,A01
200500039466,0,07,000,00,0,8,22,B02
200500039467,0,07,000,00,2,1,02,A01
200500039467,0,07,000,00,2,4,02,B02
200500039467,0,07,000,00,2,4,02,C03
200500039468,0,07,000,00,0,3,13,A01
200500039468,0,14,000,00,0,8,01,B02
200500039469,0,07,000,00,2,3,00,A01
200500039469,0,07,000,00,2,3,00,B02
200500039470,0,07,000,00,0,0,00,A01
200500039470,0,07,000,00,2,1,01,B02
200500039471,0,05,000,08,0,1,17,A01
200500039472,0,07,000,00,2,3,19,A01
200500039472,0,05,000,00,2,1,01,B02
200500039473,0,07,000,13,0,1,14,A01
200500039474,0,05,000,00,5,7,21,A01
200500039475,0,07,000,02,0,1,01,A01
200500039476,0,07,000,00,2,1,13,A01
200500039476,0,07,000,00,2,8,01,B02
200500039477,0,07,000,12,0,9,02,A01
200500039478,0,05,000,00,2,3,01,A01
200500039478,0,07,000,00,9,3,13,B02
200500039479,0,02,000,00,2,1,15,A01
200500039479,0,07,000,00,2,2,01,B02
200500039480,0,07,000,00,2,1,19,A01
200500039480,0,07,000,00,2,1,00,B02
200500039481,0,13,000,00,2,6,19,A01
200500039481,0,05,000,00,2,1,01,B02
200500039482,0,02,000,02,0,1,00,A01
200500039483,0,04,000,00,2,1,15,A01
200500039483,0,07,000,00,2,1,01,B02
200500039484,0,07,000,00,2,1,17,A01
200500039484,0,07,000,00,2,1,01,B02
200500039485,0,07,000,13,0,3,16,A01
200500039486,0,07,000,00,2,1,01,A01
200500039486,0,07,000,00,2,4,01,B02
200500039486,0,07,000,00,2,4,01,C03
200500039487,0,07,000,00,2,1,01,A01
200500039487,0,02,000,00,2,1,13,B02
200500039488,0,07,000,00,2,5,19,A01
200500039488,0,05,000,00,2,1,01,B02
200500039489,0,07,000,13,0,9,01,A01
200500039490,0,07,000,00,2,3,17,A01
200500039490,0,05,000,00,2,1,01,B02
200500039491,0,07,000,00,2,8,13,A01
200500039491,0,07,000,00,2,3,01,B02
200500039492,0,07,000,00,2,2,15,A01
200500039492,0,07,000,00,2,1,01,B02
200500039493,0,02,000,00,2,8,15,A01
200500039493,0,07,000,00,2,3,01,B02
200500039494,0,07,000,00,9,2,01,A01
200500039494,0,01,000,00,2,9,19,B02
200500039495,0,07,000,00,2,6,15,A01
200500039495,0,05,000,00,2,3,13,B02
200500039496,0,07,000,00,0,3,01,A01
200500039496,0,14,000,00,0,3,01,B02
200500039497,0,07,000,00,2,6,09,A01
200500039497,0,07,000,00,2,1,02,B02
200500039498,0,07,000,00,0,0,00,A01
200500039498,0,02,000,00,2,8,01,B02
200500039499,0,05,000,00,2,1,01,A01
200500039499,0,07,000,00,0,7,15,B02
200500039500,0,02,000,00,2,1,01,A01