Num_Acc,senc,catv,occutc,obs,obsm,choc,manv,num_veh
200500041000,0,01,000,00,2,4,01,B02
200500041001,0,07,000,00,2,1,01,A01
200500041001,0,02,000,00,2,8,05,B02
200500041002,0,05,000,00,2,2,01,A01
200500041002,0,07,000,00,2,1,01,B02
200500041003,0,07,000,13,0,1,01,A01
200500041004,0,02,000,07,0,1,01,A01
200500041005,0,07,000,00,2,4,15,A01
200500041005,0,05,000,00,2,1,01,B02
200500041006,0,10,000,00,0,1,01,A01
200500041007,0,07,000,02,0,1,13,A01
200500041008,0,07,000,00,2,1,00,A01
200500041008,0,07,000,00,2,1,01,B02
200500041009,0,07,000,00,2,7,19,B02
200500041009,0,05,000,00,2,1,01,A01
200500041010,0,07,000,00,2,3,20,A01
200500041010,0,02,000,00,2,1,21,B02
200500041011,0,18,002,00,2,3,01,A01
200500041011,0,07,000,00,2,1,01,B02
200500041012,0,07,000,00,2,1,01,A01
200500041012,0,01,000,00,2,7,19,B02
200500041013,0,07,000,00,2,2,15,A01
200500041013,0,07,000,00,2,1,16,B02
200500041013,0,01,000,00,2,1,01,C03
200500041014,0,05,000,00,0,4,16,A01
200500041014,0,05,000,00,2,1,02,B02
200500041015,0,07,000,00,2,8,01,A01
200500041015,0,05,000,00,2,1,01,B02
200500041016,0,07,000,00,0,2,17,A01
200500041016,0,04,000,00,0,6,15,B02
200500041017,0,07,000,00,2,1,17,A01
200500041017,0,02,000,00,2,8,15,B02
200500041018,0,07,000,00,2,1,01,A01
200500041018,0,14,000,00,2,8,15,B02
200500041019,0,07,000,00,0,0,15,A01
200500041019,0,07,000,13,0,9,01,B02
200500041020,0,02,000,01,0,1,14,A01
200500041021,0,07,000,08,0,2,01,A01
200500041022,0,02,000,12,0,6,01,A01
200500041023,0,01,000,00,0,0,01,A01
200500041024,0,07,000,00,2,2,01,A01
200500041024,0,07,000,00,2,3,15,B02
200500041025,0,07,000,00,2,3,13,A01
200500041025,0,07,000,00,2,3,01,B02
200500041026,0,07,000,00,2,1,01,A01
200500041026,0,07,000,00,2,3,01,B02
200500041027,0,07,000,00,2,1,02,A01
200500041027,0,07,000,00,0,4,15,B02
200500041028,0,01,000,00,0,0,00,A01
200500041028,0,01,000,00,0,0,00,B02
200500041028,0,01,000,00,0,0,00,C03
200500041029,0,07,000,00,2,2,20,A01
200500041029,0,02,000,00,2,1,01,B02
200500041030,0,02,000,01,0,1,01,A01
200500041031,0,07,000,00,2,1,13,A01
200500041031,0,07,000,00,2,1,01,B02
200500041032,0,07,000,00,0,9,01,A01
200500041033,0,10,000,00,2,7,01,B02
200500041033,0,10,000,00,2,1,01,A01
200500041034,0,15,000,00,2,1,01,A01
200500041034,0,07,000,00,2,1,13,B02
200500041035,0,07,000,00,2,1,01,A01
200500041035,0,07,000,00,2,1,01,B02
200500041036,0,07,000,13,0,7,00,A01
200500041037,0,10,000,00,2,7,19,B02
200500041037,0,07,000,00,2,1,01,A01
200500041038,0,07,000,00,0,0,16,A01
200500041038,0,07,000,00,2,0,21,B02
200500041039,0,05,000,00,0,8,01,A01
200500041039,0,07,000,00,0,1,19,B02
200500041040,0,07,000,00,2,7,14,A01
200500041040,0,01,000,00,2,8,01,B02
200500041041,0,15,000,00,2,1,01,A01
200500041041,0,07,000,00,2,7,19,B02
200500041042,0,07,000,00,2,2,01,A01
200500041042,0,07,000,00,2,2,15,B02
200500041043,0,07,000,13,0,3,01,A01
200500041044,0,05,000,13,0,1,01,A01
200500041045,0,10,000,00,1,2,01,A01
200500041046,0,07,000,08,0,1,01,A01
200500041046,0,07,000,06,0,7,01,B02
200500041047,0,02,000,00,2,1,13,A01
200500041047,0,07,000,00,2,1,01,B02
200500041048,0,07,000,00,2,1,01,A01
200500041048,0,07,000,00,2,4,01,B02
200500041049,0,07,000,00,2,3,01,A01
200500041049,0,99,000,00,2,3,01,B02
200500041050,0,07,000,06,0,2,11,A01
200500041051,0,07,000,00,2,2,01,A01
200500041051,0,04,000,00,2,3,01,B02
200500041052,0,07,000,00,2,4,23,A01
200500041052,0,02,000,01,0,0,00,B02
200500041053,0,07,000,00,2,2,01,A01
200500041053,0,07,000,00,2,2,13,B02
200500041054,0,07,000,13,0,1,01,A01
200500041055,0,05,000,13,0,1,14,A01
200500041056,0,07,000,00,0,8,09,A01
200500041056,0,07,000,00,2,1,01,B02
200500041057,0,07,000,00,2,1,17,A01
200500041057,0,02,000,00,0,6,15,B02
200500041058,0,13,000,00,2,1,02,A01
200500041058,0,07,000,00,0,4,02,B02
200500041059,0,01,000,00,2,1,01,A01
200500041059,0,02,000,00,2,1,15,B02
200500041060,0,07,000,00,2,3,05,A01
200500041060,0,07,000,00,2,8,21,B02
200500041060,0,07,000,00,2,1,01,C03
200500041061,0,07,000,02,0,2,01,A01
200500041062,0,05,000,00,2,1,02,A01
200500041062,0,07,000,00,2,5,02,B02
200500041063,0,07,000,00,2,4,01,A01
200500041063,0,07,000,00,2,1,01,B02
200500041064,0,07,000,00,2,1,01,A01
200500041064,0,07,000,00,0,4,01,B02
200500041065,0,02,000,00,2,2,15,A01
200500041065,0,07,000,00,2,3,01,B02
200500041066,0,07,000,00,2,2,13,A01
200500041066,0,07,000,00,2,3,21,B02
200500041067,0,07,000,00,2,1,16,A01
200500041067,0,05,000,00,2,1,01,B02
200500041068,0,07,000,00,2,8,01,A01
200500041068,0,02,000,00,2,0,13,B02
200500041069,0,02,000,00,2,7,01,A01
200500041069,0,02,000,00,0,0,15,B02
200500041070,0,07,000,00,2,2,01,A01
200500041070,0,07,000,00,2,8,19,B02
200500041071,0,07,000,00,2,8,01,B02
200500041071,0,07,000,00,2,1,01,A01
200500041072,0,07,000,00,2,2,15,A01
200500041072,0,01,000,00,2,1,01,B02
200500041073,0,05,000,13,0,1,01,A01
200500041074,0,07,000,00,2,3,13,A01
200500041074,0,15,000,00,2,3,00,B02
200500041074,0,07,000,00,2,3,00,C03
200500041075,0,07,000,00,2,3,01,A01
200500041075,0,07,000,00,2,3,01,B02
200500041076,0,02,000,00,2,2,13,A01
200500041076,0,13,000,00,2,2,13,B02
200500041077,0,07,000,00,2,1,01,A01
200500041077,0,07,000,00,2,1,01,B02
200500041078,0,07,000,02,0,9,13,A01
200500041079,0,05,000,00,2,1,01,B02
200500041079,0,10,000,00,2,2,19,A01
200500041080,0,05,000,13,5,1,01,A01
200500041081,0,07,000,02,0,1,17,A01
200500041082,0,07,000,03,0,2,01,A01
200500041083,0,17,000,00,2,3,13,A01
200500041083,0,17,000,00,2,3,01,B02
200500041084,0,07,000,00,2,7,19,A01
200500041084,0,07,000,00,2,1,01,B02
200500041085,0,02,000,00,2,1,01,A01
200500041086,0,02,000,00,2,8,01,A01
200500041086,0,17,000,00,0,5,17,B02
200500041087,0,07,000,05,0,1,01,A01
200500041088,0,07,000,00,1,2,01,A01
200500041089,0,05,000,00,2,1,02,A01
200500041089,0,10,000,00,0,5,23,B02
200500041089,0,05,000,00,2,1,02,C03
200500041090,0,09,000,00,2,1,01,A01
200500041090,0,07,000,00,2,1,13,B02
200500041091,0,07,000,00,2,3,13,A01
200500041091,0,15,000,00,2,3,01,B02
200500041092,0,17,000,00,2,3,01,B02
200500041092,0,04,000,00,2,7,19,A01
200500041093,0,02,000,00,2,7,15,A01
200500041093,0,07,000,00,2,3,01,B02
200500041094,0,05,000,00,2,1,17,A01
200500041094,0,07,000,00,0,6,15,B02
200500041095,0,07,000,00,2,3,13,A01
200500041095,0,02,000,00,2,3,01,B02
200500041096,0,07,000,00,2,6,04,A01
200500041096,0,05,000,00,2,1,01,B02
200500041096,0,07,000,00,1,8,01,C03
200500041097,0,17,000,13,0,3,01,A01
200500041098,0,17,000,00,2,1,02,A01
200500041098,0,07,000,00,0,4,02,B02
200500041099,0,07,000,00,2,6,09,A01
200500041099,0,05,000,00,2,1,01,B02
200500041099,0,05,000,00,0,1,01,C03
200500041100,0,07,000,00,2,1,01,B02
200500041100,0,10,000,00,2,7,01,A01
200500041101,0,07,000,00,2,1,13,A01
200500041101,0,07,000,00,2,1,01,B02
200500041102,0,01,000,00,2,3,01,B02
200500041103,0,07,000,00,2,3,01,A01
200500041103,0,08,000,00,2,8,01,B02
200500041104,0,07,000,00,0,1,01,A01
200500041104,0,01,000,00,2,8,01,B02
200500041105,0,05,000,00,2,1,02,A01
200500041105,0,07,000,00,2,6,15,B02
200500041106,0,07,000,00,2,2,13,A01
200500041106,0,07,000,00,2,1,01,B02
200500041107,0,07,000,02,0,3,01,A01
200500041108,0,07,000,00,0,8,01,A01
200500041108,0,07,000,00,0,1,01,B02
200500041109,0,05,000,05,0,5,00,A01
200500041110,0,07,000,00,2,7,17,A01
200500041110,0,02,000,00,2,8,15,B02
200500041111,0,07,000,00,2,3,13,A01
200500041111,0,07,000,00,2,3,01,B02
200500041112,0,07,000,00,2,3,19,A01
200500041112,0,07,000,00,2,3,15,B02
200500041112,0,07,000,00,2,1,01,C03
200500041113,0,07,000,00,2,1,13,A01
200500041113,0,07,000,00,2,1,01,B02
200500041114,0,07,000,00,0,3,13,A01
200500041114,0,07,000,00,2,3,01,B02
200500041115,0,02,000,00,2,1,01,A01
200500041115,0,07,000,00,2,3,19,B02
200500041116,0,07,000,00,2,1,15,A01
200500041116,0,07,000,00,2,1,01,B02
200500041117,0,07,000,00,2,3,00,A01
200500041117,0,01,000,00,2,1,01,B02
200500041118,0,07,000,00,9,3,01,A01
200500041118,0,99,000,00,2,1,01,B02
200500041119,0,07,000,02,0,2,00,A01
200500041120,0,05,000,00,2,8,13,A01
200500041120,0,07,000,00,2,8,01,B02
200500041121,0,02,000,00,0,0,00,A01
200500041121,0,07,000,00,1,3,01,B02
200500041122,0,05,000,00,2,1,17,A01
200500041122,0,07,000,00,2,8,15,B02
200500041123,0,07,000,00,1,2,01,A01
200500041124,0,07,000,00,2,8,19,A01
200500041124,0,02,000,00,2,1,01,B02
200500041125,0,07,000,00,0,3,19,A01
200500041125,0,02,000,00,2,1,01,B02
200500041126,0,02,000,00,0,0,02,B02
200500041127,0,13,000,00,9,2,17,A01
200500041127,0,02,000,00,2,8,15,B02
200500041128,0,05,000,00,2,1,01,A01
200500041128,0,07,000,00,2,3,01,B02
200500041129,0,07,000,00,2,7,19,A01
200500041129,0,07,000,00,2,1,01,B02
200500041130,0,07,000,00,2,1,13,A01
200500041130,0,07,000,00,2,1,01,B02
200500041131,0,07,000,00,2,1,13,A01
200500041131,0,07,000,00,2,1,01,B02
200500041132,0,05,000,00,2,1,01,B02
200500041132,0,07,000,00,2,3,15,A01
200500041133,0,02,000,00,2,4,01,A01
200500041133,0,07,000,00,2,1,02,B02
200500041133,0,07,000,00,2,2,02,C03
200500041134,0,07,000,13,0,2,01,A01
200500041135,0,04,000,00,2,7,01,A01
200500041135,0,07,000,00,2,3,00,B02
200500041136,0,07,000,00,2,7,19,A01
200500041136,0,07,000,00,2,1,01,B02
200500041137,0,02,000,00,2,1,19,A01
200500041137,0,10,000,00,2,8,01,B02
200500041138,0,05,000,13,0,2,01,A01
200500041139,0,07,000,02,0,2,01,A01
200500041140,0,07,000,00,2,5,01,A01
200500041140,0,05,000,00,2,1,02,B02
200500041141,0,02,000,00,0,8,01,A01
200500041142,0,07,000,00,2,1,01,A01
200500041142,0,07,000,00,0,8,15,B02
200500041143,0,02,000,00,2,1,17,A01
200500041143,0,07,000,00,0,3,01,B02
200500041144,0,07,000,00,2,7,13,A01
200500041144,0,07,000,00,2,1,01,B02
200500041145,0,10,000,13,0,9,01,A01
200500041146,0,07,000,00,9,2,15,A01
200500041147,0,10,000,00,2,1,13,A01
200500041147,0,07,000,00,2,1,01,B02
200500041148,0,07,000,00,0,4,02,A01
200500041148,0,05,000,00,2,1,02,B02
200500041149,0,07,000,00,2,8,19,A01
200500041149,0,07,000,00,2,1,01,B02
200500041150,0,07,000,00,2,3,01,B02
200500041150,0,07,000,00,2,3,15,A01
200500041151,0,05,000,14,0,1,02,A01
200500041151,0,07,000,00,2,4,23,B02
200500041152,0,07,000,00,2,3,01,A01
200500041152,0,02,000,00,2,8,19,B02
200500041153,0,07,000,00,2,1,19,A01
200500041153,0,07,000,00,2,7,01,B02
200500041154,0,07,000,13,0,1,01,A01
200500041155,0,07,000,00,2,2,13,A01
200500041155,0,07,000,00,2,3,15,B02
200500041156,0,07,000,00,1,3,01,A01
200500041157,0,07,000,00,2,8,15,A01
200500041157,0,05,000,00,2,2,17,B02
200500041158,0,07,000,02,0,2,01,A01
200500041159,0,07,000,00,9,9,01,A01
200500041160,0,07,000,00,2,7,01,A01
200500041160,0,05,000,00,2,1,01,B02
200500041161,0,01,000,00,5,1,01,A01
200500041162,0,07,000,00,0,0,01,A01
200500041163,0,07,000,13,0,7,13,A01
200500041164,0,07,000,00,2,1,01,A01
200500041164,0,07,000,00,2,1,01,B02
200500041164,0,07,000,00,2,1,01,C03
200500041165,0,07,000,00,2,2,17,A01
200500041165,0,07,000,00,2,3,15,B02
200500041166,0,07,000,00,1,3,01,A01
200500041167,0,05,000,16,0,7,01,A01
200500041168,0,07,000,00,2,3,13,A01
200500041168,0,07,000,00,2,2,01,B02
200500041169,0,07,000,02,0,1,01,A01
200500041170,0,07,000,02,0,1,01,A01
200500041171,0,07,000,00,2,3,13,A01
200500041171,0,07,000,00,2,3,01,B02
200500041172,0,05,000,00,2,1,01,A01
200500041172,0,05,000,00,2,4,01,B02
200500041172,0,05,000,00,2,1,01,C03
200500041172,0,07,000,00,2,3,01,D04
200500041172,0,07,000,00,9,4,23,E05
200500041172,0,07,000,00,2,6,01,F06
200500041172,0,07,000,00,0,0,00,G07
200500041173,0,07,000,00,0,2,01,A01
200500041173,0,07,000,00,0,2,15,B02
200500041174,0,07,000,00,2,3,01,A01
200500041174,0,05,000,00,2,4,23,B02
200500041174,0,07,000,00,2,3,01,C03
200500041175,0,07,000,00,0,8,13,A01
200500041176,0,07,000,00,2,1,17,A01
200500041176,0,17,000,00,2,1,01,B02
200500041177,0,02,000,00,2,1,01,A01
200500041177,0,10,000,00,2,7,01,B02
200500041178,0,07,000,00,0,0,10,A01
200500041178,0,07,000,00,2,1,13,B02
200500041178,0,07,000,00,2,1,01,C03
200500041179,0,07,000,06,2,1,01,A01
200500041180,0,05,000,00,2,4,05,A01
200500041180,0,07,000,00,2,3,05,B02
200500041181,0,07,000,02,0,3,21,A01
200500041182,0,07,000,00,0,4,15,A01
200500041182,0,02,000,00,2,1,02,B02
200500041183,0,07,000,00,1,4,20,A01
200500041184,0,05,000,00,2,8,01,B02
200500041184,0,07,000,00,2,8,17,A01
200500041185,0,07,000,00,2,2,01,B02
200500041185,0,07,000,00,2,1,01,A01
200500041186,0,07,000,06,0,3,01,A01
200500041187,0,02,000,00,2,8,19,A01
200500041187,0,07,000,00,2,1,01,B02
200500041188,0,07,000,00,2,1,15,A01
200500041188,0,05,000,00,2,1,01,B02
200500041189,0,05,000,08,0,1,01,A01
200500041190,0,07,000,00,2,1,13,A01
200500041190,0,07,000,00,2,1,01,B02
200500041191,0,07,000,00,0,0,01,A01
200500041192,0,07,000,00,1,2,01,A01
200500041193,0,02,000,09,0,1,01,A01
200500041194,0,07,000,00,2,1,05,A01
200500041194,0,07,000,00,2,1,01,B02
200500041195,0,07,000,02,0,1,14,A01
200500041196,0,07,000,00,2,7,19,A01
200500041196,0,02,000,00,2,1,01,B02
200500041197,0,07,000,00,2,3,17,A01
200500041197,0,07,000,00,2,3,01,B02
200500041197,0,07,000,00,2,1,01,C03
200500041198,0,07,000,00,2,1,17,A01
200500041198,0,07,000,00,2,6,15,B02
200500041199,0,05,000,00,2,1,17,A01
200500041199,0,14,000,00,2,4,23,B02
200500041200,0,07,000,00,2,8,01,A01
200500041200,0,05,000,00,2,1,01,B02
200500041201,0,07,000,00,0,0,00,A01
200500041202,0,07,000,00,1,1,00,A01
200500041203,0,07,000,00,2,3,01,A01
200500041203,0,07,000,00,2,3,01,B02
200500041204,0,07,000,00,2,3,15,A01
200500041204,0,02,000,00,2,1,17,B02
200500041205,0,07,000,00,0,1,02,A01
200500041205,0,07,000,00,0,4,15,B02
200500041206,0,07,000,02,0,1,13,A01
200500041207,0,07,000,13,0,9,17,A01
200500041208,0,07,000,00,1,2,01,A01
200500041209,0,07,000,13,0,1,01,A01
200500041210,0,02,000,06,0,1,01,A01
200500041211,1,07,000,00,1,2,02,A01
200500041212,0,07,000,00,0,1,00,A01
200500041213,0,07,000,00,2,1,01,A01
200500041213,0,07,000,00,2,1,01,B02
200500041214,0,02,000,13,0,3,13,A01
200500041215,0,07,000,00,2,3,01,A01
200500041215,0,07,000,00,2,3,01,B02
200500041216,0,05,000,14,0,1,00,A01
200500041217,0,07,000,02,0,1,01,A01
200500041218,0,07,000,00,2,3,19,B02
200500041218,0,05,000,00,2,8,01,C03
200500041219,0,07,000,16,0,9,01,A01
200500041220,0,02,000,00,0,7,01,A01
200500041221,0,07,000,01,0,6,24,A01
200500041221,0,02,000,01,0,1,01,B02
200500041222,0,07,000,00,2,1,13,A01
200500041222,0,07,000,00,0,8,01,B02
200500041223,0,02,000,00,2,1,02,A01
200500041223,0,07,000,00,0,5,02,B02
200500041224,0,07,000,00,2,3,01,A01
200500041224,0,07,000,00,2,3,13,B02
200500041225,0,07,000,06,0,1,19,A01
200500041226,0,07,000,00,2,2,01,A01
200500041226,0,05,000,00,2,8,15,B02
200500041227,0,07,000,00,9,7,17,A01
200500041227,0,01,000,00,2,8,02,B02
200500041228,0,07,000,00,2,3,01,A01
200500041228,0,01,000,00,2,1,01,B02
200500041228,0,01,000,00,2,1,01,C03
200500041229,0,02,000,00,2,1,01,A01
200500041229,2,01,000,00,2,4,01,B02
200500041230,0,07,000,00,2,1,01,A01
200500041230,0,07,000,00,1,2,01,B02
200500041230,0,07,000,00,2,4,23,C03
200500041231,0,02,000,00,2,3,15,A01
200500041231,0,07,000,00,2,3,01,B02
200500041232,0,07,000,00,2,1,01,A01
200500041232,0,07,000,00,2,1,01,B02
200500041233,0,07,000,02,0,1,21,A01
200500041234,0,07,000,00,2,2,01,A01
200500041234,0,01,000,00,2,8,01,B02
200500041235,0,05,000,00,2,8,17,A01
200500041235,0,07,000,00,2,3,01,B02
200500041235,0,07,000,00,2,3,01,C03
200500041236,0,07,000,00,6,1,01,A01
200500041237,0,05,000,08,0,0,01,A01
200500041238,0,02,000,00,2,1,15,A01
200500041238,0,07,000,00,2,2,01,B02
200500041239,0,07,000,02,0,2,01,A01
200500041240,0,07,000,13,0,1,01,A01
200500041241,0,07,000,13,0,1,01,A01
200500041242,0,07,000,00,2,2,19,C03
200500041242,0,07,000,00,2,6,01,A01
200500041242,0,07,000,00,2,1,17,B02
200500041243,0,05,000,06,0,1,01,A01
200500041244,0,07,000,02,0,1,01,A01
200500041245,0,05,000,00,2,2,17,A01
200500041245,0,07,000,00,2,8,15,B02
200500041246,0,02,000,00,2,3,01,A01
200500041246,0,07,000,00,2,3,00,B02
200500041247,0,07,000,00,5,2,21,A01
200500041248,0,07,000,06,0,8,14,A01
200500041249,0,02,000,00,2,5,01,B02
200500041250,0,07,000,00,2,1,13,A01
200500041250,0,07,000,00,2,1,01,B02
200500041251,0,07,000,02,0,1,01,A01
200500041252,0,07,000,13,0,1,01,A01
200500041253,0,07,000,00,0,9,01,A01
200500041254,0,07,000,00,2,1,21,A01
200500041254,0,07,000,08,2,8,23,B02
200500041254,0,07,000,00,2,3,23,C03
200500041255,0,07,000,00,2,1,01,A01
200500041255,0,07,000,00,2,4,01,B02
200500041255,0,07,000,00,2,4,15,C03
200500041256,0,17,000,00,2,1,15,A01
200500041256,0,02,000,00,2,1,01,B02
200500041257,0,07,000,00,2,1,01,A01
200500041257,0,07,000,00,2,7,15,B02
200500041257,0,17,000,00,2,3,01,C03
200500041257,0,07,000,00,2,6,16,D04
200500041258,0,07,000,10,0,1,15,A01
200500041259,0,15,000,00,0,0,01,A01
200500041259,0,10,000,00,2,3,01,C03
200500041260,0,07,000,08,0,1,01,A01
200500041261,0,07,000,13,0,1,01,A01
200500041262,0,07,000,00,2,2,01,A01
200500041262,0,07,000,00,2,8,15,B02
200500041263,0,02,000,13,0,7,14,A01
200500041264,0,02,000,00,0,2,01,A01
200500041265,0,07,000,00,2,3,01,A01
200500041265,0,07,000,00,2,1,13,B02
200500041266,0,07,000,13,0,1,01,A01
200500041267,0,05,000,00,0,0,01,A01
200500041268,0,01,000,14,2,1,01,A01
200500041268,0,07,000,00,9,1,19,B02
200500041269,0,07,000,00,2,7,13,A01
200500041269,0,07,000,00,2,1,01,B02
200500041269,0,07,000,00,2,1,01,C03
200500041270,0,07,000,02,0,2,01,A01
200500041271,0,07,000,00,2,8,17,A01
200500041271,0,05,000,00,2,8,01,B02
200500041271,0,07,000,00,0,0,24,C03
200500041272,0,02,000,00,2,8,18,A01
200500041272,0,07,000,00,2,7,02,B02
200500041273,0,05,000,03,0,1,15,A01
200500041274,0,07,000,00,2,1,01,A01
200500041274,0,02,000,00,2,1,13,B02
200500041275,0,07,000,00,2,1,15,A01
200500041275,0,07,000,00,2,1,15,B02
200500041276,0,07,000,00,1,2,01,A01
200500041277,0,02,000,00,0,8,05,A01
200500041278,0,07,000,00,2,3,19,A01
200500041278,0,07,000,00,2,8,01,B02
200500041279,0,02,000,01,0,1,13,A01
200500041280,0,07,000,00,2,1,15,A01
200500041280,0,02,000,00,2,1,01,B02
200500041281,0,07,000,00,2,3,15,A01
200500041281,0,01,000,00,2,1,01,B02
200500041282,0,02,000,00,0,8,10,A01
200500041282,0,07,000,00,2,1,01,B02
200500041283,0,07,000,07,0,3,01,A01
200500041284,0,07,000,02,0,3,01,A01
200500041285,0,02,000,06,0,1,01,A01
200500041286,0,07,000,00,2,1,02,A01
200500041286,0,07,000,00,2,4,01,B02
200500041287,0,07,000,00,2,1,13,A01
200500041287,0,07,000,00,2,1,01,B02
200500041288,0,07,000,06,0,1,14,A01
200500041289,0,07,000,00,2,8,01,A01
200500041289,0,02,000,00,2,8,01,B02
200500041290,0,17,000,00,2,1,15,A01
200500041290,0,07,000,00,2,1,01,B02
200500041291,0,07,000,08,0,0,01,A01
200500041292,0,07,000,13,0,1,01,A01
200500041293,0,07,000,00,0,3,00,A01
200500041294,0,21,000,00,2,1,01,A01
200500041294,0,07,000,00,2,1,01,B02
200500041295,0,07,000,02,0,8,01,A01
200500041296,0,07,000,00,2,3,01,A01
200500041296,0,01,000,00,2,1,10,B02
200500041297,0,07,000,06,0,1,01,A01
200500041298,0,07,000,02,0,3,01,A01
200500041299,0,02,000,10,0,1,01,A01
200500041300,0,07,000,00,2,1,01,A01
200500041300,0,05,000,00,2,1,01,B02
200500041301,0,13,000,00,2,3,01,A01
200500041301,0,07,000,00,2,1,01,B02
200500041302,0,07,000,00,2,7,19,A01
200500041302,0,02,000,00,2,1,01,B02
200500041303,0,07,000,00,2,5,13,A01
200500041303,0,01,000,00,2,1,01,B02
200500041304,0,07,000,00,2,2,13,A01
200500041304,0,14,000,00,2,2,01,B02
200500041305,0,07,000,00,0,2,01,A01
200500041305,0,02,000,00,0,2,15,B02
200500041306,0,07,000,08,0,3,00,A01
200500041307,0,07,000,00,1,3,01,A01
200500041308,0,05,000,14,0,3,21,A01
200500041309,0,02,000,00,0,7,16,A01
200500041310,0,07,000,00,1,2,01,A01
200500041311,0,07,000,00,2,3,13,A01
200500041311,0,07,000,00,2,3,14,B02
200500041312,0,07,000,08,0,8,13,A01
200500041313,0,07,000,02,0,2,01,A01
200500041314,0,07,000,00,2,1,17,A01
200500041314,0,07,000,00,2,1,00,B02
200500041315,0,07,000,00,0,1,14,A01
200500041315,0,02,000,00,0,1,15,B02
200500041316,0,07,000,13,0,9,01,A01
200500041317,0,07,000,00,2,2,17,A01
200500041317,0,02,000,00,2,7,15,B02
200500041318,0,07,000,16,0,2,00,A01
200500041319,0,07,000,01,2,2,15,A01
200500041319,0,07,000,01,2,1,01,B02
200500041320,0,01,000,00,0,1,01,A01
200500041321,0,15,000,00,2,6,13,A01
200500041321,0,09,000,00,2,1,01,B02
200500041322,0,07,000,00,0,8,15,A01
200500041322,0,05,000,00,2,1,17,B02
200500041323,0,07,000,00,2,1,20,A01
200500041323,0,05,000,00,2,7,01,B02
200500041324,0,02,000,00,2,1,13,A01
200500041324,0,07,000,00,2,3,01,B02
200500041325,0,07,000,00,2,2,01,A01
200500041325,0,01,000,00,0,6,01,B02
200500041326,0,07,000,13,0,1,00,A01
200500041327,0,07,000,13,0,3,01,A01
200500041328,0,07,000,00,0,0,00,C03
200500041328,0,07,000,00,2,1,01,A01
200500041329,0,07,000,13,0,3,01,A01
200500041330,0,02,000,06,0,1,01,A01
200500041331,0,06,000,00,2,3,01,A01
200500041331,0,07,000,00,2,3,01,B02
200500041332,0,07,000,06,0,1,01,A01
200500041333,0,07,000,00,2,1,13,A01
200500041333,0,07,000,00,2,8,01,B02
200500041333,0,07,000,00,2,1,01,C03
200500041334,0,07,000,00,2,2,01,A01
200500041334,0,99,000,00,2,4,01,B02
200500041335,0,03,000,06,0,1,01,A01
200500041336,0,07,000,00,1,2,01,A01
200500041337,0,07,000,00,2,6,15,A01
200500041337,0,05,000,00,2,1,01,B02
200500041338,0,07,000,00,9,2,01,A01
200500041338,0,01,000,00,2,1,01,B02
200500041339,0,07,000,00,2,1,01,A01
200500041339,0,07,000,00,2,7,15,B02
200500041340,0,07,000,00,2,2,21,A01
200500041340,0,21,000,00,0,6,01,B02
200500041340,0,07,000,00,0,3,01,C03
200500041341,0,07,000,13,0,3,13,A01
200500041342,0,07,000,00,2,3,19,A01
200500041342,0,05,000,00,2,1,01,B02
200500041343,0,02,000,00,0,4,23,A01
200500041343,0,02,000,00,9,1,01,B02
200500041344,0,10,000,00,2,3,11,A01
200500041344,0,07,000,00,2,3,01,B02
200500041345,0,07,000,13,0,1,01,A01
200500041346,0,07,000,00,2,2,17,A01
200500041346,0,17,000,00,2,8,01,B02
200500041346,0,10,000,00,2,1,01,C03
200500041347,0,07,000,00,1,0,01,A01
200500041347,0,02,000,00,0,0,01,B02
200500041348,0,05,000,00,0,8,01,A01
200500041349,0,07,000,00,2,1,17,A01
200500041349,0,07,000,00,2,3,01,B02
200500041349,0,07,000,00,2,6,01,C03
200500041350,0,05,000,00,2,4,15,A01
200500041350,0,05,000,00,2,1,02,B02
200500041351,0,07,000,06,0,3,00,A01
200500041352,0,07,000,00,2,1,19,A01
200500041352,0,05,000,00,2,8,01,B02
200500041353,0,07,000,06,0,3,16,A01
200500041354,0,07,000,00,2,1,01,A01
200500041354,0,07,000,00,2,1,01,B02
200500041355,0,07,000,00,2,7,19,A01
200500041355,0,07,000,00,2,3,01,B02
200500041356,0,05,000,00,0,1,00,A01
200500041356,0,99,000,00,0,2,00,B02
200500041357,0,07,000,00,2,7,19,A01
200500041357,0,05,000,00,2,1,00,B02
200500041358,0,07,000,00,9,2,01,A01
200500041358,0,01,000,00,2,4,01,B02
200500041359,0,07,000,06,0,1,01,A01
200500041360,0,07,000,02,0,1,00,A01
200500041361,0,05,000,00,0,0,01,A01
200500041362,0,07,000,00,2,1,01,A01
200500041362,0,01,000,00,0,4,19,B02
200500041363,0,07,000,00,2,2,15,A01
200500041363,0,01,000,00,2,1,01,B02
200500041364,0,05,000,00,2,6,02,A01
200500041364,0,05,000,13,0,0,02,B02
200500041364,0,07,000,00,0,6,02,C03
200500041365,0,05,000,16,0,1,13,A01
200500041366,0,07,000,02,0,1,01,A01
200500041367,0,07,000,00,2,1,13,A01
200500041367,0,07,000,00,2,1,01,B02
200500041368,0,07,000,13,0,1,01,A01
200500041369,0,05,000,00,2,0,02,A01
200500041370,0,07,000,08,0,3,01,A01
200500041371,0,07,000,04,0,2,00,A01
200500041372,0,07,000,00,2,2,02,A01