Num_Acc,senc,catv,occutc,obs,obsm,choc,manv,num_veh
200500041372,0,02,000,00,2,8,10,B02
200500041373,0,02,000,08,0,1,14,A01
200500041374,0,07,000,00,2,3,13,A01
200500041374,0,07,000,00,2,3,01,B02
200500041375,0,07,000,00,2,1,15,A01
200500041375,0,07,000,00,2,1,01,B02
200500041376,0,05,000,00,6,1,01,A01
200500041377,0,12,000,00,2,8,14,A01
200500041377,0,02,000,00,2,8,13,B02
200500041378,1,07,000,00,1,2,01,A01
200500041379,0,17,000,13,0,2,14,A01
200500041380,0,02,000,06,0,1,01,A01
200500041381,0,07,000,00,2,2,19,A01
200500041381,0,07,000,00,2,3,01,B02
200500041382,0,07,000,00,2,1,01,A01
200500041382,0,07,000,00,2,8,19,B02
200500041383,0,07,000,02,0,1,00,A01
200500041384,0,07,000,00,2,3,13,A01
200500041384,0,05,000,00,2,1,01,B02
200500041385,0,07,000,00,2,9,00,A01
200500041385,0,08,000,00,2,8,01,B02
200500041385,0,17,000,00,2,3,01,D04
200500041385,0,07,000,00,2,1,01,F06
200500041386,0,07,000,00,2,2,15,A01
200500041386,0,02,000,00,2,2,05,B02
200500041387,0,07,000,00,2,1,05,A01
200500041387,0,07,000,00,2,1,01,B02
200500041388,0,07,000,00,2,2,01,A01
200500041388,0,02,000,00,2,1,15,B02
200500041389,0,07,000,02,0,8,13,A01
200500041390,0,07,000,00,2,6,01,A01
200500041390,0,07,000,00,2,3,01,B02
200500041390,0,05,000,00,2,3,01,C03
200500041391,0,07,000,02,0,2,01,A01
200500041392,0,07,000,00,2,6,13,A01
200500041392,0,07,000,00,2,1,01,B02
200500041393,0,07,000,00,2,2,02,A01
200500041393,0,07,000,00,0,4,01,B02
200500041394,0,07,000,00,2,1,01,A01
200500041394,0,04,000,00,2,1,01,B02
200500041395,0,07,000,02,0,3,01,A01
200500041396,0,02,000,00,2,3,15,A01
200500041396,0,07,000,00,2,1,01,B02
200500041397,0,07,000,00,0,3,00,A01
200500041398,0,07,000,13,0,3,01,A01
200500041399,0,07,000,13,0,9,13,A01
200500041400,0,05,000,00,2,1,02,A01
200500041400,0,09,000,00,9,3,01,B02
200500041400,0,07,000,00,0,6,01,C03
200500041401,0,07,000,00,2,3,01,A01
200500041401,0,07,000,00,2,2,15,B02
200500041402,0,05,000,00,2,1,02,A01
200500041402,0,07,000,00,2,3,15,B02
200500041403,0,07,000,15,0,3,01,A01
200500041404,0,07,000,13,0,1,01,A01
200500041405,0,07,000,00,2,1,01,B02
200500041405,0,07,000,00,2,8,19,A01
200500041406,0,07,000,13,0,1,01,A01
200500041407,0,07,000,00,2,3,13,A01
200500041407,0,07,000,00,2,3,01,B02
200500041408,0,07,000,00,2,3,05,A01
200500041408,0,07,000,00,2,1,01,B02
200500041409,0,07,000,06,0,1,14,A01
200500041410,0,02,000,12,0,1,13,A01
200500041411,0,07,000,00,2,1,01,A01
200500041411,0,07,000,00,2,1,01,B02
200500041412,0,07,000,13,0,9,01,A01
200500041413,0,07,000,00,0,1,01,A01
200500041413,0,07,000,00,0,1,01,B02
200500041414,0,02,000,00,2,1,01,A01
200500041414,0,07,000,00,2,2,01,B02
200500041415,0,07,000,13,0,2,14,A01
200500041416,0,07,000,00,1,2,01,A01
200500041417,0,07,000,08,0,2,13,A01
200500041418,0,07,000,00,1,3,01,A01
200500041419,0,10,000,01,0,6,23,A01
200500041419,0,02,000,01,0,1,02,B02
200500041420,0,07,000,00,2,3,05,A01
200500041420,0,07,000,00,2,3,01,B02
200500041421,0,05,000,00,2,1,01,A01
200500041421,0,07,000,00,2,3,19,B02
200500041422,0,07,000,00,2,1,02,A01
200500041422,0,02,000,00,0,8,15,B02
200500041423,0,07,000,00,9,2,01,A01
200500041423,0,01,000,00,2,3,19,B02
200500041424,0,07,000,00,2,3,01,B02
200500041424,0,07,000,00,2,2,19,A01
200500041425,0,07,000,03,0,8,01,A01
200500041426,0,07,000,00,2,2,01,A01
200500041426,0,07,000,00,2,3,01,B02
200500041427,0,02,000,08,0,1,01,A01
200500041428,0,02,000,00,2,1,13,A01
200500041428,0,02,000,00,2,1,13,B02
200500041429,0,05,000,13,0,1,01,A01
200500041430,0,07,000,06,0,3,01,A01
200500041431,0,05,000,00,2,1,13,A01
200500041431,0,07,000,00,2,1,01,B02
200500041432,0,04,000,02,0,7,01,A01
200500041433,0,07,000,02,0,3,05,A01
200500041434,0,07,000,00,0,0,00,A01
200500041434,0,02,000,00,0,5,19,B02
200500041435,0,07,000,00,2,3,15,A01
200500041435,0,05,000,00,2,3,01,B02
200500041436,0,07,000,02,0,1,00,A01
200500041437,0,07,000,06,0,1,01,A01
200500041438,0,07,000,00,2,2,01,A01
200500041438,0,02,000,00,2,1,19,B02
200500041439,0,14,000,00,9,7,01,A01
200500041439,0,01,000,00,2,8,09,B02
200500041440,0,07,000,00,9,3,01,A01
200500041441,0,07,000,06,2,8,13,A01
200500041441,0,07,000,00,2,7,18,B02
200500041441,0,07,000,00,2,8,09,C03
200500041442,0,05,000,00,2,8,15,A01
200500041442,0,07,000,00,2,1,15,B02
200500041443,0,07,000,00,2,2,10,A01
200500041443,0,02,000,00,2,1,01,B02
200500041444,0,02,000,00,2,1,01,A01
200500041444,0,10,000,00,2,3,15,B02
200500041445,0,02,000,00,2,3,17,A01
200500041445,0,07,000,00,2,3,01,B02
200500041446,0,05,000,00,2,3,01,A01
200500041446,0,07,000,00,2,5,15,B02
200500041447,0,07,000,00,9,1,23,A01
200500041447,0,05,000,00,2,7,01,B02
200500041448,0,07,000,13,0,3,13,B02
200500041449,0,05,000,06,0,1,00,A01
200500041450,0,07,000,00,2,6,10,A01
200500041450,0,05,000,00,2,1,01,B02
200500041451,0,02,000,00,2,8,01,A01
200500041451,0,10,000,00,2,3,01,B02
200500041452,0,07,000,00,2,2,15,A01
200500041452,0,05,000,00,2,1,01,B02
200500041453,0,07,000,00,2,1,01,A01
200500041453,0,07,000,00,2,4,01,B02
200500041453,0,19,000,00,2,1,01,C03
200500041454,0,07,000,00,2,3,01,A01
200500041454,0,01,000,00,0,0,01,B02
200500041455,0,05,000,00,2,8,15,B02
200500041455,0,07,000,00,0,7,01,A01
200500041456,0,07,000,00,0,3,17,A01
200500041456,0,07,000,00,0,8,01,B02
200500041457,0,02,000,00,2,3,01,A01
200500041457,0,07,000,00,2,2,19,B02
200500041458,0,07,000,00,2,7,01,A01
200500041458,0,07,000,00,2,1,01,B02
200500041459,0,07,000,00,0,1,17,A01
200500041459,0,07,000,00,2,1,01,B02
200500041460,0,01,000,00,0,0,01,A01
200500041461,0,07,000,00,2,2,15,A01
200500041461,0,02,000,00,2,1,01,B02
200500041462,0,99,000,00,0,3,01,A01
200500041463,0,05,000,00,0,3,10,A01
200500041463,0,05,000,00,9,1,01,B02
200500041464,0,14,000,00,2,6,01,A01
200500041464,0,01,000,00,2,1,13,B02
200500041465,0,07,000,02,0,3,00,A01
200500041466,0,07,000,02,0,1,13,A01
200500041467,0,07,000,10,0,9,13,A01
200500041468,0,07,000,00,0,3,01,A01
200500041469,0,07,000,00,2,7,15,A01
200500041469,0,07,000,00,2,2,01,B02
200500041470,0,07,000,16,0,9,14,A01
200500041471,0,07,000,00,2,1,19,A01
200500041471,0,07,000,00,2,7,01,B02
200500041472,0,07,000,00,1,1,16,A01
200500041473,0,07,000,00,2,1,17,A01
200500041473,0,17,000,00,2,3,17,B02
200500041474,0,09,000,00,2,1,02,A01
200500041474,0,07,000,00,0,4,02,B02
200500041475,0,09,000,00,2,2,14,A01
200500041475,0,07,000,00,2,6,23,B02
200500041476,0,07,000,00,1,2,01,A01
200500041477,0,07,000,00,2,3,13,A01
200500041477,0,07,000,00,2,3,01,B02
200500041478,0,07,000,00,0,0,01,A01
200500041478,0,07,000,00,0,3,01,B02
200500041479,0,07,000,00,2,3,01,A01
200500041479,0,07,000,00,2,3,01,B02
200500041480,0,07,000,00,2,8,01,A01
200500041480,0,07,000,00,2,1,01,B02
200500041481,0,07,000,13,0,9,01,A01
200500041482,0,07,000,00,2,3,13,A01
200500041482,0,09,000,00,2,1,01,B02
200500041483,0,14,000,00,0,0,01,A01
200500041483,0,07,000,00,1,8,01,B02
200500041484,0,07,000,02,0,3,00,A01
200500041485,0,07,000,02,0,3,13,A01
200500041486,0,02,000,08,0,1,01,A01
200500041487,0,02,000,00,2,8,01,A01
200500041487,0,07,000,00,2,3,01,B02
200500041488,0,08,000,00,9,5,01,A01
200500041488,0,05,000,00,2,1,19,B02
200500041489,0,02,000,00,2,0,00,A01
200500041489,1,07,000,00,0,0,00,B02
200500041490,0,05,000,00,2,7,17,A01
200500041490,0,20,000,00,2,3,10,B02
200500041491,0,02,000,00,2,1,01,A01
200500041491,0,07,000,00,2,3,01,B02
200500041492,0,07,000,00,2,3,01,A01
200500041492,0,01,000,00,2,3,01,B02
200500041493,0,07,000,07,0,1,01,A01
200500041494,0,07,000,00,2,5,01,A01
200500041494,0,02,000,00,2,1,16,B02
200500041495,0,07,000,00,2,3,13,A01
200500041495,0,17,000,00,2,3,01,B02
200500041496,0,07,000,00,2,3,01,A01
200500041496,0,03,000,00,2,7,15,B02
200500041497,0,07,000,08,0,1,01,A01
200500041498,0,10,000,00,2,1,23,A01
200500041498,0,05,000,00,2,7,01,B02
200500041499,0,07,000,00,2,1,17,A01
200500041499,0,07,000,00,2,1,01,B02
200500041500,0,07,000,13,0,1,01,A01
200500041501,0,07,000,00,2,2,17,A01
200500041501,0,21,000,00,2,3,15,B02
200500041502,0,17,000,00,1,1,15,A01
200500041503,0,05,000,00,2,1,01,A01
200500041503,0,07,000,00,2,3,15,B02
200500041504,0,05,000,00,0,8,19,A01
200500041505,0,07,000,02,0,2,01,A01
200500041506,0,07,000,13,0,1,01,A01
200500041507,0,07,000,00,2,1,00,B02
200500041507,0,07,000,00,2,8,00,A01
200500041508,0,05,000,00,0,1,01,A01
200500041509,0,07,000,00,2,1,13,A01
200500041509,0,14,000,00,2,8,01,B02
200500041510,0,07,000,00,0,2,01,A01
200500041511,0,07,000,00,1,2,21,A01
200500041512,0,07,000,08,0,8,13,A01
200500041513,0,07,000,13,0,1,01,A01
200500041514,0,05,000,00,2,2,17,A01
200500041514,0,07,000,00,0,6,01,B02
200500041514,0,07,000,00,2,1,01,C03
200500041515,0,05,000,00,2,2,17,A01
200500041515,0,02,000,00,2,8,15,B02
200500041516,0,05,000,01,0,1,01,A01
200500041517,0,07,000,00,2,8,01,B02
200500041517,0,02,000,00,2,1,19,A01
200500041518,0,07,000,00,2,3,17,A01
200500041518,0,07,000,00,2,2,01,B02
200500041519,0,05,000,00,2,9,21,A01
200500041519,0,07,000,00,2,3,21,B02
200500041519,0,07,000,00,2,3,01,C03
200500041519,0,07,000,00,2,2,00,D04
200500041520,0,07,000,13,0,2,01,A01
200500041521,0,07,000,02,0,9,01,A01
200500041522,0,07,000,00,1,2,19,A01
200500041523,0,09,000,00,2,3,01,A01
200500041523,0,02,000,00,2,1,17,B02
200500041524,0,07,000,00,2,3,01,A01
200500041524,0,07,000,00,2,3,01,B02
200500041525,0,07,000,00,2,8,13,A01
200500041525,0,07,000,00,2,8,01,B02
200500041526,0,07,000,00,0,6,01,A01
200500041526,0,07,000,00,0,3,21,B02
200500041527,0,07,000,02,0,1,13,A01
200500041528,0,05,000,00,2,1,01,A01
200500041528,0,07,000,00,2,3,01,B02
200500041529,0,05,000,06,0,6,01,A01
200500041530,0,07,000,00,2,8,15,A01
200500041530,0,05,000,00,2,2,17,B02
200500041531,0,07,000,00,2,3,01,A01
200500041531,0,15,000,00,2,8,01,B02
200500041532,0,07,000,00,2,1,01,A01
200500041532,0,07,000,00,2,8,19,B02
200500041533,0,07,000,00,9,4,01,A01
200500041533,0,01,000,00,2,1,18,B02
200500041534,0,07,000,00,0,8,00,A01
200500041535,0,07,000,02,0,8,01,A01
200500041536,0,07,000,00,2,3,13,A01
200500041536,0,07,000,00,2,8,01,B02
200500041536,0,07,000,00,2,1,01,C03
200500041537,0,07,000,00,2,6,13,A01
200500041537,0,07,000,00,2,3,01,B02
200500041538,0,07,000,00,2,8,13,A01
200500041538,0,14,000,00,2,8,01,B02
200500041539,0,07,000,00,2,2,02,A01
200500041539,0,01,000,00,2,4,02,B02
200500041540,0,02,000,00,1,1,01,B02
200500041541,0,02,000,00,2,3,13,A01
200500041541,0,07,000,00,2,3,01,B02
200500041542,0,07,000,00,2,3,01,A01
200500041542,0,02,000,00,2,1,05,B02
200500041543,0,07,000,00,2,1,02,A01
200500041543,0,07,000,00,2,4,02,B02
200500041544,0,07,000,13,0,1,01,A01
200500041545,0,07,000,02,0,2,14,A01
200500041546,0,05,000,02,0,8,14,A01
200500041547,0,14,000,00,2,7,15,A01
200500041547,0,05,000,00,2,1,01,B02
200500041548,0,05,000,00,0,7,01,A01
200500041549,0,02,000,00,2,1,05,A01
200500041549,0,07,000,00,2,3,01,B02
200500041550,0,05,000,13,0,1,01,A01
200500041551,0,07,000,02,0,1,01,A01
200500041552,0,07,000,00,1,2,02,A01
200500041553,0,02,000,00,1,1,01,A01
200500041554,0,07,000,02,0,1,00,A01
200500041555,0,07,000,00,2,8,19,A01
200500041555,0,07,000,00,2,1,01,B02
200500041556,0,07,000,00,9,8,01,A01
200500041557,0,07,000,13,0,1,01,A01
200500041558,0,01,000,00,2,8,15,A01
200500041558,0,07,000,00,2,3,16,B02
200500041559,0,07,000,02,0,1,01,A01
200500041560,0,07,000,00,2,8,01,B02
200500041561,0,07,000,02,0,1,01,A01
200500041562,0,07,000,00,0,1,01,A01
200500041563,0,07,000,00,2,1,01,A01
200500041563,0,02,000,00,2,7,15,B02
200500041564,0,05,000,00,2,1,01,A01
200500041564,0,02,000,00,0,4,10,B02
200500041565,0,07,000,00,2,2,01,A01
200500041565,0,01,000,00,2,1,00,B02
200500041566,0,07,000,00,0,6,01,A01
200500041567,0,07,000,00,5,9,01,A01
200500041568,0,02,000,06,0,1,01,A01
200500041569,0,08,000,00,2,5,02,A01
200500041569,0,01,000,00,2,6,02,B02
200500041570,0,07,000,13,0,1,13,A01
200500041571,0,07,000,00,2,2,01,A01
200500041571,0,02,000,00,2,1,01,B02
200500041572,0,07,000,00,2,1,15,A01
200500041572,0,07,000,00,0,8,00,B02
200500041573,0,07,000,06,0,1,01,A01
200500041574,0,07,000,00,9,6,02,A01
200500041574,0,05,000,00,2,6,02,B02
200500041575,0,07,000,16,0,9,01,A01
200500041576,1,13,000,14,1,2,02,A01
200500041576,0,07,000,00,2,7,22,B02
200500041576,0,07,000,00,2,2,00,C03
200500041577,0,07,000,00,2,3,15,A01
200500041577,0,07,000,00,2,7,17,B02
200500041578,0,07,000,00,0,3,01,A01
200500041578,0,07,000,00,0,3,00,B02
200500041579,0,10,000,00,0,3,01,A01
200500041580,0,07,000,13,0,9,01,A01
200500041581,0,02,000,08,0,1,16,A01
200500041582,0,07,000,00,2,3,13,A01
200500041582,0,07,000,00,2,3,01,B02
200500041583,0,02,000,00,2,4,01,B02
200500041583,0,07,000,00,2,2,19,A01
200500041584,0,07,000,13,0,2,00,A01
200500041585,0,07,000,00,0,0,15,A01
200500041585,0,05,000,00,0,1,17,B02
200500041586,0,05,000,00,2,1,01,A01
200500041586,0,07,000,00,2,3,15,B02
200500041587,0,10,000,00,1,6,01,A01
200500041588,0,07,000,00,2,1,01,A01
200500041588,0,07,000,00,2,1,00,B02
200500041589,0,07,000,00,2,1,01,A01
200500041589,0,07,000,00,2,4,23,B02
200500041589,0,09,000,00,0,4,23,C03
200500041590,0,05,000,00,2,1,02,A01
200500041590,0,07,000,00,0,4,01,B02
200500041591,0,07,000,08,0,3,01,A01
200500041592,0,07,000,00,9,3,01,A01
200500041592,0,01,000,00,2,1,19,B02
200500041593,0,07,000,00,1,2,01,A01
200500041594,0,02,000,00,2,1,21,A01
200500041594,0,07,000,00,2,3,15,B02
200500041595,0,03,000,11,0,2,01,A01
200500041596,0,04,000,00,2,1,16,B02
200500041596,0,13,000,00,2,6,01,A01
200500041597,0,07,000,02,0,3,01,A01
200500041598,0,07,000,00,2,2,19,A01
200500041598,0,07,000,00,2,1,01,B02
200500041599,0,07,000,00,2,3,17,A01
200500041599,0,05,000,00,2,3,01,B02
200500041600,0,07,000,05,0,0,01,A01
200500041601,0,07,000,00,2,3,13,A01
200500041601,0,01,000,00,2,1,01,B02
200500041602,0,02,000,00,1,2,21,A01
200500041603,0,05,000,00,2,2,05,A01
200500041603,0,07,000,00,9,2,01,B02
200500041604,0,07,000,08,0,1,01,A01
200500041605,0,07,000,00,0,1,00,A01
200500041606,0,07,000,00,0,0,01,A01
200500041607,0,05,000,00,2,1,01,A01
200500041607,0,07,000,00,2,3,01,B02
200500041607,0,07,000,00,9,1,01,C03
200500041608,0,02,000,00,1,1,01,A01
200500041609,0,07,000,02,0,2,14,A01
200500041610,0,07,000,00,2,3,15,A01
200500041610,0,05,000,00,2,1,17,B02
200500041611,0,02,000,00,2,1,13,A01
200500041611,0,07,000,00,9,2,01,B02
200500041612,0,07,000,00,2,2,13,A01
200500041613,0,07,000,00,2,3,00,A01
200500041613,0,07,000,00,2,3,00,B02
200500041614,0,07,000,00,2,1,17,A01
200500041614,0,07,000,00,2,1,01,B02
200500041615,0,07,000,00,2,3,05,A01
200500041615,0,07,000,00,2,3,01,B02
200500041616,0,07,000,00,2,1,01,A01
200500041616,0,07,000,00,2,1,13,B02
200500041617,0,02,000,00,2,5,15,A01
200500041617,0,14,000,00,0,2,01,B02
200500041618,0,07,000,00,0,5,15,A01
200500041618,0,02,000,00,2,1,01,B02
200500041619,0,05,000,12,0,3,01,A01
200500041620,0,07,000,06,0,1,16,A01
200500041621,0,02,000,01,2,2,13,A01
200500041621,0,07,000,00,9,2,01,B02
200500041622,0,07,000,13,0,9,13,A01
200500041623,0,07,000,05,0,2,14,A01
200500041623,0,07,000,00,0,0,00,B02
200500041624,0,07,000,13,0,1,01,A01
200500041625,0,07,000,00,2,6,04,A01
200500041626,0,09,000,00,2,1,11,A01
200500041626,0,07,000,00,2,7,01,B02
200500041627,0,07,000,02,0,8,01,A01
200500041628,0,07,000,00,2,1,01,A01
200500041628,0,07,000,00,2,1,01,B02
200500041629,0,07,000,00,0,9,00,A01
200500041630,2,05,000,00,2,1,01,A01
200500041630,0,07,000,00,2,6,15,B02
200500041631,0,07,000,00,2,7,17,A01
200500041631,0,14,000,00,2,3,02,B02
200500041632,0,07,000,00,0,0,00,A01
200500041632,0,07,000,00,2,1,13,B02
200500041633,0,05,000,00,2,1,17,A01
200500041633,0,01,000,00,2,8,15,B02
200500041634,0,02,000,00,2,1,13,A01
200500041634,0,07,000,00,2,3,01,B02
200500041635,0,07,000,00,1,2,01,A01
200500041635,0,07,000,00,1,2,01,B02
200500041636,0,07,000,00,2,8,15,A01
200500041636,0,05,000,00,2,1,17,B02
200500041637,0,01,000,14,0,1,01,A01
200500041638,0,07,000,00,9,9,01,A01
200500041639,0,07,000,00,0,1,01,A01
200500041640,0,05,000,06,0,2,01,A01
200500041641,0,05,000,00,2,3,13,A01
200500041641,0,07,000,00,2,7,01,B02
200500041642,0,07,000,13,0,8,19,A01
200500041643,0,07,000,00,2,3,15,A01
200500041643,0,02,000,00,2,1,01,B02
200500041644,0,07,000,00,0,1,01,A01
200500041644,0,04,000,00,0,1,01,B02
200500041645,0,07,000,00,2,3,15,A01
200500041645,0,02,000,00,2,1,01,B02
200500041646,0,15,000,00,2,3,01,A01
200500041646,0,15,000,00,2,2,11,B02
200500041647,0,07,000,00,2,1,02,A01
200500041647,0,21,000,00,2,4,02,B02
200500041648,0,07,000,02,0,1,01,A01
200500041649,0,07,000,00,0,7,01,A01
200500041650,0,13,000,00,9,3,05,A01
200500041650,0,01,000,00,2,1,01,B02
200500041651,0,05,000,00,0,2,01,A01
200500041652,0,07,000,00,2,7,06,A01
200500041652,0,07,000,00,2,1,01,B02
200500041653,0,02,000,00,2,1,01,A01
200500041653,0,07,000,00,2,3,01,B02
200500041654,0,07,000,00,2,6,01,A01
200500041654,0,09,000,00,2,3,13,B02
200500041654,0,07,000,00,2,3,01,C03
200500041655,0,07,000,13,0,1,01,A01
200500041656,0,07,000,00,0,7,01,A01
200500041657,0,07,000,03,0,3,17,B02
200500041658,0,07,000,00,2,1,13,A01
200500041658,0,07,000,00,2,1,01,B02
200500041659,0,07,000,02,0,1,01,A01
200500041660,0,14,000,00,2,1,01,A01
200500041660,0,05,000,00,2,1,17,B02
200500041661,0,07,000,00,0,1,13,A01
200500041662,0,01,000,00,2,8,01,A01
200500041662,0,02,000,00,2,1,17,B02
200500041663,0,07,000,13,0,1,13,A01
200500041664,0,14,000,00,2,2,19,A01
200500041664,0,05,000,00,2,1,01,B02
200500041665,0,07,000,00,2,3,01,A01
200500041665,0,07,000,00,2,8,11,B02
200500041666,0,07,000,02,0,1,01,A01
200500041667,0,05,000,13,0,1,14,A01
200500041668,0,01,000,00,0,8,01,A01
200500041669,0,07,000,06,0,3,01,A01
200500041670,0,07,000,00,2,2,13,A01
200500041670,0,07,000,00,2,1,01,B02
200500041671,0,21,000,00,2,3,19,A01
200500041671,0,05,000,00,2,1,01,B02
200500041672,0,05,000,02,0,1,01,A01
200500041673,0,07,000,13,0,1,13,A01
200500041674,0,02,000,00,2,2,01,A01
200500041674,0,02,000,00,2,6,01,B02
200500041675,0,05,000,01,0,2,14,A01
200500041676,0,07,000,00,2,1,13,A01
200500041676,0,07,000,00,2,1,01,B02
200500041677,0,07,000,00,2,1,01,A01
200500041677,0,07,000,00,2,3,01,B02
200500041678,0,05,000,00,2,3,13,A01
200500041678,0,18,000,00,2,3,01,B02
200500041679,0,02,000,00,2,1,13,A01
200500041679,0,07,000,00,2,3,01,B02
200500041680,0,07,000,00,2,1,17,A01
200500041680,0,07,000,00,2,3,00,B02
200500041680,0,07,000,00,2,1,00,C03
200500041681,0,07,000,00,2,3,13,A01
200500041681,0,07,000,00,2,8,01,B02
200500041682,0,05,000,13,0,1,01,A01
200500041683,0,02,000,00,2,1,17,A01
200500041683,0,21,000,00,2,1,15,B02
200500041684,0,07,000,00,2,3,21,A01
200500041684,0,07,000,00,2,3,01,B02
200500041685,0,05,000,00,2,1,13,A01
200500041685,0,07,000,00,2,3,01,B02
200500041686,0,07,000,00,2,3,00,A01
200500041686,0,05,000,00,2,1,01,B02
200500041687,0,01,000,00,0,1,01,A01
200500041688,0,07,000,00,0,3,15,A01
200500041689,0,07,000,02,0,3,01,A01
200500041690,0,07,000,00,2,4,23,A01
200500041690,0,07,000,00,2,1,01,B02
200500041690,0,10,000,00,2,8,15,C03
200500041691,0,07,000,00,2,3,09,A01
200500041691,0,02,000,00,2,1,01,B02
200500041692,0,02,000,00,0,0,13,A01
200500041692,0,05,000,00,0,0,17,B02
200500041693,0,07,000,00,2,3,19,A01
200500041693,0,02,000,00,2,1,01,B02
200500041694,0,05,000,00,2,1,01,A01
200500041694,0,07,000,00,0,0,00,B02
200500041695,0,18,014,00,2,8,01,A01
200500041695,0,07,000,00,2,1,01,B02
200500041696,0,07,000,13,0,9,01,A01
200500041697,0,07,000,06,0,3,01,A01
200500041698,0,07,000,06,0,1,13,A01
200500041699,0,07,000,00,1,1,01,A01
200500041700,0,07,000,00,2,2,21,A01
200500041700,0,05,000,00,2,2,15,B02
200500041701,0,07,000,02,0,1,01,A01
200500041702,0,07,000,13,2,2,14,A01
200500041703,0,07,000,02,0,3,14,A01
200500041704,0,07,000,00,1,2,01,A01
200500041705,0,05,000,00,2,2,17,A01
200500041705,0,10,000,00,2,6,17,B02
200500041706,0,07,000,00,0,3,01,A01
200500041706,0,07,000,00,2,2,10,B02
200500041707,0,21,000,00,0,4,01,A01
200500041707,0,07,000,00,2,1,01,B02
200500041708,0,05,000,00,2,1,17,A01
200500041708,0,21,000,00,0,6,15,B02
200500041709,0,02,000,00,0,1,13,A01
200500041710,0,07,000,00,1,5,16,A01
200500041711,0,07,000,00,2,1,01,A01
200500041711,0,07,000,00,2,1,13,B02
200500041711,0,07,000,00,0,0,01,C03
200500041711,0,07,000,00,2,4,24,D04
200500041712,0,07,000,00,0,0,14,A01
200500041713,0,05,000,00,2,8,01,B02
200500041714,0,07,000,00,2,3,13,A01
200500041714,0,07,000,00,2,3,01,B02
200500041715,0,05,000,00,2,1,13,A01
200500041715,0,07,000,00,9,3,01,B02
200500041716,1,07,000,00,0,0,16,A01
200500041716,0,07,000,00,2,4,16,B02
200500041716,0,05,000,00,2,1,01,C03
200500041717,0,07,000,03,0,2,15,A01
200500041717,0,15,000,00,0,6,01,B02
200500041717,0,07,000,03,2,3,01,C03
200500041718,0,07,000,00,2,1,01,A01
200500041718,0,07,000,00,2,1,01,B02
200500041718,0,07,000,00,2,1,01,C03
200500041719,0,07,000,00,0,8,15,A01
200500041719,0,05,000,00,0,1,01,B02
200500041720,0,07,000,00,0,0,13,A01
200500041721,0,07,000,00,9,1,01,A01
200500041722,0,07,000,00,2,1,01,A01
200500041722,0,05,000,00,2,5,01,B02
200500041723,0,07,000,00,2,8,19,A01
200500041723,0,07,000,00,2,1,01,B02
200500041724,0,07,000,00,0,8,01,A01
200500041724,0,02,000,00,2,2,01,B02
200500041725,0,05,000,00,2,1,01,A01
200500041725,0,07,000,00,2,7,17,B02
200500041726,0,05,000,00,0,0,01,A01
200500041726,0,07,000,00,0,0,15,B02
200500041727,0,17,000,00,0,5,15,A01
200500041727,0,05,000,00,2,1,01,B02
200500041728,0,07,000,00,2,1,01,A01
200500041729,0,07,000,06,0,9,01,A01
200500041730,0,07,000,00,9,7,17,A01
200500041730,0,07,000,00,9,7,01,B02
200500041730,0,01,000,00,2,8,01,C03
200500041731,0,07,000,02,0,7,01,A01
200500041732,0,07,000,02,0,1,14,A01
200500041733,0,07,000,08,0,2,01,A01
200500041734,0,07,000,08,0,2,01,A01
200500041735,0,15,000,00,2,3,01,A01
200500041735,0,07,000,00,0,4,01,B02
200500041736,0,07,000,13,0,3,01,A01
200500041737,0,02,000,00,0,8,23,A01
200500041737,0,02,000,00,0,8,16,B02
200500041738,0,07,000,00,1,4,04,A01
200500041739,0,07,000,00,2,2,15,A01
200500041739,0,02,000,00,2,1,18,B02
200500041740,0,07,000,00,0,1,01,A01
200500041740,0,05,000,00,0,1,00,B02
200500041741,0,99,000,06,0,1,13,A01
200500041742,0,07,000,08,0,8,01,A01
200500041743,0,07,000,00,2,2,19,A01
200500041743,0,05,000,00,2,1,01,B02
200500041744,0,07,000,00,2,1,15,A01
200500041744,0,05,000,00,0,8,01,B02
200500041745,1,07,000,00,2,6,17,A01
200500041745,0,05,000,00,2,2,17,B02
200500041746,0,07,000,00,2,1,17,A01
200500041746,0,07,000,00,2,1,01,B02
200500041747,0,07,000,06,0,0,01,A01
200500041748,0,07,000,02,0,1,01,A01
200500041749,0,05,000,14,0,7,01,A01
200500041750,0,07,000,00,2,1,13,A01
200500041750,0,07,000,00,2,9,00,B02
200500041751,0,07,000,00,2,2,01,A01
200500041751,0,07,000,00,2,3,15,B02
200500041752,0,09,000,00,2,4,02,A01
200500041752,0,07,000,00,2,4,02,B02
200500041752,2,07,000,00,2,1,02,C03
200500041753,0,18,006,00,9,7,01,A01
200500041753,0,02,000,00,2,1,16,B02
200500041754,0,07,000,00,2,3,00,A01
200500041754,0,07,000,00,2,3,00,B02
200500041755,0,07,000,00,2,2,01,A01
200500041755,0,07,000,00,2,1,15,B02
200500041756,0,07,000,02,0,3,13,A01
200500041757,0,05,000,12,0,1,01,A01
200500041758,0,07,000,00,2,7,13,A01
200500041758,0,07,000,00,2,1,01,B02
200500041759,0,05,000,00,1,1,01,A01
200500041760,0,07,000,00,2,2,17,A01
200500041760,0,01,000,00,2,4,01,B02
200500041761,0,07,000,00,2,3,13,A01
200500041761,0,07,000,00,2,3,01,B02