Num_Acc,senc,catv,occutc,obs,obsm,choc,manv,num_veh
200500041762,0,07,000,00,2,3,13,A01
200500041762,0,05,000,00,2,1,01,B02
200500041763,0,01,000,00,2,7,01,A01
200500041763,0,07,000,00,9,1,19,B02
200500041764,0,07,000,00,2,3,01,A01
200500041764,0,21,000,00,2,3,01,B02
200500041765,0,07,000,00,0,0,20,A01
200500041765,0,05,000,00,0,0,01,B02
200500041766,0,07,000,00,2,1,17,A01
200500041766,0,07,000,00,2,1,01,B02
200500041767,0,07,000,00,2,2,19,A01
200500041767,0,05,000,00,2,1,00,B02
200500041768,0,07,000,00,2,7,19,A01
200500041768,0,10,000,14,2,1,01,B02
200500041769,0,07,000,00,2,3,15,A01
200500041769,0,05,000,00,2,7,01,B02
200500041770,0,07,000,00,9,6,04,A01
200500041770,0,01,000,00,2,1,01,B02
200500041771,0,05,000,00,2,1,01,A01
200500041771,0,05,000,00,0,4,01,B02
200500041772,0,07,000,00,2,3,09,A01
200500041772,0,02,000,00,2,1,02,B02
200500041773,0,02,000,00,0,0,01,A01
200500041774,0,07,000,00,9,2,15,A01
200500041774,0,01,000,00,2,1,01,B02
200500041775,0,07,000,03,0,1,02,A01
200500041776,0,07,000,00,2,7,15,A01
200500041776,0,05,000,00,2,1,01,B02
200500041777,0,07,000,00,2,4,23,A01
200500041777,0,15,000,01,0,1,01,B02
200500041778,0,07,000,13,0,4,13,A01
200500041779,0,07,000,00,2,8,19,A01
200500041779,0,07,000,00,2,1,01,B02
200500041780,0,02,000,00,2,8,13,A01
200500041780,0,07,000,00,2,3,01,B02
200500041781,0,07,000,08,0,3,13,A01
200500041782,0,02,000,13,0,1,01,A01
200500041783,0,07,000,13,0,2,01,A01
200500041784,0,10,000,00,2,2,19,A01
200500041784,0,07,000,00,2,3,01,B02
200500041785,0,07,000,00,2,8,01,A01
200500041785,0,07,000,00,2,1,01,B02
200500041785,0,07,000,00,2,1,13,C03
200500041786,0,07,000,00,0,3,13,A01
200500041786,0,07,000,00,0,3,01,B02
200500041787,0,07,000,00,2,2,17,A01
200500041787,0,01,000,00,2,8,15,B02
200500041788,0,07,000,00,2,1,01,A01
200500041788,0,07,000,00,2,8,01,B02
200500041789,0,07,000,13,0,9,01,A01
200500041790,0,07,000,00,0,7,17,A01
200500041790,0,01,000,00,2,1,00,B02
200500041791,0,07,000,00,0,3,01,A01
200500041791,0,05,000,00,0,1,01,B02
200500041792,0,07,000,02,0,7,01,A01
200500041793,0,05,000,00,2,7,17,A01
200500041793,0,07,000,00,2,8,15,B02
200500041794,0,14,000,00,2,1,01,A01
200500041794,0,07,000,00,2,8,15,B02
200500041795,0,05,000,00,2,7,01,A01
200500041795,0,07,000,00,2,1,15,B02
200500041796,0,07,000,00,9,3,01,A01
200500041796,0,07,000,00,2,3,01,B02
200500041797,0,05,000,00,2,1,17,A01
200500041797,0,07,000,00,2,8,15,B02
200500041798,0,08,000,00,0,1,13,A01
200500041798,0,02,000,00,0,1,00,B02
200500041799,0,07,000,00,2,3,13,A01
200500041799,0,07,000,00,2,3,01,B02
200500041800,0,07,000,00,2,3,01,B02
200500041800,0,07,000,00,2,1,01,A01
200500041801,0,07,000,00,1,2,01,A01
200500041802,0,01,000,00,2,1,01,A01
200500041802,0,13,000,00,2,3,15,B02
200500041803,0,07,000,06,0,3,17,A01
200500041804,0,07,000,00,1,4,04,A01
200500041805,0,05,000,00,2,1,05,A01
200500041805,0,07,000,00,2,1,01,B02
200500041806,0,05,000,00,2,1,02,A01
200500041806,0,07,000,00,0,4,02,B02
200500041807,0,07,000,00,9,2,16,A01
200500041807,0,01,000,00,2,1,01,B02
200500041808,0,07,000,13,0,0,14,A01
200500041809,0,01,000,00,0,7,01,A01
200500041810,0,07,000,03,0,1,01,A01
200500041811,0,10,000,13,0,9,01,A01
200500041812,0,01,000,00,2,1,01,A01
200500041812,0,07,000,00,2,2,15,B02
200500041813,0,07,000,04,0,8,10,A01
200500041813,0,07,000,00,2,1,21,B02
200500041814,0,07,000,00,2,8,19,A01
200500041814,0,05,000,00,2,1,01,B02
200500041815,0,05,000,00,0,7,01,A01
200500041816,0,05,000,00,2,7,17,A01
200500041816,0,07,000,00,2,8,15,B02
200500041817,0,07,000,06,0,2,01,A01
200500041818,0,07,000,01,0,1,01,A01
200500041818,0,07,000,00,2,9,24,B02
200500041819,0,07,000,00,2,6,01,A01
200500041819,0,07,000,00,2,3,00,B02
200500041820,0,07,000,00,2,2,01,A01
200500041820,0,02,000,00,2,1,19,B02
200500041821,0,07,000,00,1,2,01,A01
200500041822,0,04,000,00,2,3,13,A01
200500041822,0,04,000,00,2,2,02,B02
200500041823,0,07,000,00,2,3,01,A01
200500041823,0,07,000,00,2,3,17,B02
200500041824,0,07,000,00,2,3,13,A01
200500041824,0,14,000,00,2,3,01,B02
200500041825,0,07,000,00,2,3,01,A01
200500041825,0,02,000,00,2,1,05,B02
200500041826,0,07,000,08,0,7,17,A01
200500041827,0,07,000,00,2,3,01,A01
200500041827,0,07,000,00,2,1,13,B02
200500041827,0,07,000,00,2,1,01,C03
200500041828,0,07,000,00,2,2,15,A01
200500041828,0,01,000,00,2,1,01,B02
200500041829,0,05,000,00,2,1,17,A01
200500041829,0,07,000,00,2,5,15,B02
200500041830,0,02,000,00,0,0,01,A01
200500041830,0,07,000,00,0,0,00,B02
200500041831,0,07,000,00,0,1,05,A01
200500041831,0,07,000,00,0,1,01,B02
200500041832,0,07,000,00,0,3,01,A01
200500041833,0,14,000,00,1,6,01,A01
200500041834,0,05,000,00,0,0,00,A01
200500041834,0,07,000,00,0,0,00,B02
200500041835,0,07,000,00,2,3,00,A01
200500041835,0,05,000,00,2,3,13,B02
200500041836,0,05,000,00,2,1,21,A01
200500041836,0,05,000,00,2,8,01,B02
200500041836,0,07,000,00,2,1,23,C03
200500041837,0,07,000,03,2,3,05,A01
200500041837,0,07,000,00,2,5,21,B02
200500041837,0,07,000,00,2,1,21,C03
200500041838,0,07,000,02,0,1,19,A01
200500041839,0,07,000,00,9,1,01,A01
200500041839,0,01,000,00,2,4,01,B02
200500041840,0,05,000,16,0,1,01,A01
200500041841,0,07,000,00,2,2,02,A01
200500041841,0,01,000,00,0,4,02,B02
200500041842,0,07,000,00,1,2,01,A01
200500041843,0,05,000,00,2,1,17,A01
200500041843,0,01,000,00,0,4,01,B02
200500041844,0,07,000,00,1,3,01,A01
200500041845,0,07,000,00,9,1,01,A01
200500041846,0,07,000,00,2,5,05,A01
200500041846,0,05,000,00,2,1,05,B02
200500041847,0,07,000,00,2,3,11,A01
200500041847,0,05,000,00,2,8,01,B02
200500041848,0,07,000,00,2,3,15,A01
200500041848,0,07,000,13,2,3,00,B02
200500041849,0,07,000,00,1,1,01,A01
200500041850,0,07,000,00,2,1,13,A01
200500041850,0,07,000,00,2,3,01,B02
200500041851,0,07,000,00,2,3,13,A01
200500041851,0,17,000,00,2,0,01,B02
200500041852,0,05,000,00,2,1,17,A01
200500041852,0,21,000,00,2,3,15,B02
200500041853,0,07,000,00,2,1,21,A01
200500041853,0,07,000,00,2,8,19,B02
200500041854,0,07,000,00,2,8,13,A01
200500041854,0,07,000,00,2,8,00,B02
200500041855,0,07,000,08,0,1,01,A01
200500041856,0,07,000,00,2,8,15,A01
200500041856,0,02,000,00,2,1,17,B02
200500041857,0,07,000,00,0,1,21,A01
200500041858,0,07,000,00,9,3,01,A01
200500041858,0,01,000,00,2,4,05,B02
200500041859,0,07,000,00,0,6,23,A01
200500041859,0,99,000,03,0,3,01,B02
200500041859,0,05,000,00,2,1,17,C03
200500041860,0,07,000,00,2,3,13,A01
200500041860,0,07,000,00,2,3,01,B02
200500041861,0,07,000,00,2,3,13,A01
200500041861,0,07,000,00,2,3,01,B02
200500041861,0,07,000,00,2,3,01,C03
200500041862,0,07,000,02,0,2,01,A01
200500041863,0,07,000,00,2,1,13,A01
200500041863,0,07,000,00,2,1,00,B02
200500041864,0,05,000,16,0,1,13,A01
200500041865,0,05,000,00,2,1,01,A01
200500041865,0,07,000,00,2,2,15,B02
200500041866,0,07,000,00,0,2,14,A01
200500041867,0,07,000,00,2,3,13,A01
200500041867,0,17,000,00,2,8,01,B02
200500041868,0,05,000,00,0,7,13,A01
200500041869,0,07,000,13,0,9,15,A01
200500041870,0,02,000,00,1,1,01,A01
200500041871,0,07,000,06,0,1,01,A01
200500041872,0,07,000,00,2,1,13,A01
200500041872,0,05,000,00,2,1,15,B02
200500041873,0,01,000,00,2,7,09,A01
200500041873,0,07,000,00,9,1,01,B02
200500041874,0,17,000,03,0,8,01,A01
200500041875,0,07,000,00,2,1,13,A01
200500041875,0,07,000,00,2,3,01,B02
200500041876,0,07,000,00,2,3,15,A01
200500041876,0,01,000,00,2,1,01,B02
200500041877,0,07,000,00,2,7,15,A01
200500041877,0,07,000,00,2,1,01,B02
200500041878,0,01,000,00,0,0,00,A01
200500041879,0,02,000,06,0,2,00,A01
200500041880,0,02,000,00,0,7,01,A01
200500041881,0,07,000,00,2,3,13,A01
200500041881,0,07,000,00,2,3,01,B02
200500041882,0,09,000,00,9,2,01,A01
200500041882,0,01,000,00,2,8,19,B02
200500041883,0,07,000,02,0,4,01,A01
200500041884,0,07,000,00,1,4,20,A01
200500041885,0,07,000,00,0,0,01,A01
200500041886,0,07,000,00,2,3,13,A01
200500041886,0,05,000,00,2,1,01,B02
200500041887,0,07,000,00,2,1,01,A01
200500041887,0,02,000,00,2,1,13,B02
200500041888,0,07,000,13,0,3,01,A01
200500041889,0,09,000,00,9,2,01,A01
200500041889,0,01,000,00,0,4,01,B02
200500041889,0,01,000,00,0,4,01,C03
200500041890,0,07,000,01,0,2,13,A01
200500041890,0,07,000,00,0,2,00,B02
200500041891,0,07,000,06,0,3,01,A01
200500041892,0,07,000,00,2,1,01,A01
200500041892,0,02,000,00,2,7,05,B02
200500041893,0,10,000,13,0,2,01,A01
200500041894,0,05,000,00,0,1,01,A01
200500041894,0,07,000,00,0,3,19,B02
200500041895,0,05,000,00,1,1,21,A01
200500041896,0,14,000,00,2,1,02,A01
200500041896,0,15,000,00,0,4,02,B02
200500041897,0,17,000,00,2,2,01,A01
200500041897,0,21,000,03,2,6,01,B02
200500041898,0,07,000,00,2,1,13,A01
200500041898,0,07,000,00,2,1,01,B02
200500041899,0,03,000,00,2,7,15,A01
200500041899,0,07,000,00,2,1,01,B02
200500041900,0,05,000,00,2,8,00,A01
200500041900,0,07,000,00,2,3,00,B02
200500041901,0,07,000,00,2,3,13,A01
200500041901,0,07,000,00,2,3,21,B02
200500041902,0,07,000,00,2,3,01,A01
200500041902,0,15,000,00,2,3,01,B02
200500041903,0,07,000,00,0,9,01,A01
200500041904,0,07,000,13,0,9,01,A01
200500041905,0,05,000,00,2,1,01,A01
200500041905,0,07,000,00,2,4,01,B02
200500041906,0,07,000,00,2,1,01,A01
200500041906,0,07,000,06,2,8,19,B02
200500041907,0,07,000,15,0,1,01,A01
200500041908,0,07,000,00,2,3,01,A01
200500041908,0,07,000,00,2,3,01,B02
200500041909,0,03,000,00,1,1,02,A01
200500041910,0,07,000,13,0,3,13,A01
200500041911,0,21,000,00,2,6,01,A01
200500041911,0,01,000,00,2,1,15,B02
200500041912,0,07,000,02,0,3,01,A01
200500041913,0,02,000,00,0,4,01,A01
200500041913,0,07,000,00,2,1,01,B02
200500041914,0,05,000,00,2,1,17,A01
200500041914,0,07,000,00,0,4,15,B02
200500041915,0,07,000,00,0,8,13,A01
200500041915,0,07,000,00,0,8,01,B02
200500041916,0,07,000,00,2,1,01,A01
200500041916,0,07,000,00,2,8,01,B02
200500041917,0,02,000,00,2,2,05,A01
200500041917,0,07,000,00,9,2,01,B02
200500041917,0,02,000,00,2,1,01,C03
200500041918,0,07,000,00,2,3,15,A01
200500041918,0,07,000,00,2,3,01,B02
200500041918,0,07,000,03,2,3,01,C03
200500041919,0,13,000,00,2,3,01,A01
200500041919,0,07,000,00,2,3,01,B02
200500041920,0,07,000,00,0,1,00,A01
200500041920,0,07,000,00,0,1,00,B02
200500041921,0,07,000,00,2,3,13,A01
200500041921,0,07,000,00,2,3,01,B02
200500041922,0,02,000,00,2,1,01,A01
200500041922,0,07,000,00,0,3,01,B02
200500041923,0,07,000,00,2,2,15,A01
200500041923,0,07,000,00,2,2,01,B02
200500041924,0,07,000,08,0,9,01,A01
200500041925,0,07,000,00,2,1,01,A01
200500041925,0,07,000,00,2,1,01,B02
200500041926,0,02,000,00,2,8,01,A01
200500041926,0,07,000,00,2,3,01,B02
200500041927,0,05,000,00,2,8,17,A01
200500041927,0,07,000,00,2,3,01,B02
200500041927,0,17,000,00,2,3,01,C03
200500041928,0,05,000,14,0,8,01,A01
200500041929,0,07,000,00,2,3,09,A01
200500041929,0,05,000,00,2,1,01,B02
200500041930,0,07,000,00,2,8,15,A01
200500041930,0,02,000,00,2,1,01,B02
200500041931,0,05,000,00,2,1,01,A01
200500041931,0,05,000,00,2,1,01,B02
200500041932,0,05,000,00,2,1,01,A01
200500041932,0,14,000,00,2,8,01,B02
200500041933,0,05,000,00,2,6,17,A01
200500041933,0,07,000,00,0,6,01,B02
200500041934,0,07,000,00,2,3,15,A01
200500041934,0,02,000,00,2,1,17,B02
200500041935,0,07,000,00,2,3,00,A01
200500041935,0,07,000,00,2,3,00,B02
200500041936,0,21,000,00,0,6,15,A01
200500041936,0,05,000,00,2,1,17,B02
200500041937,0,07,000,06,0,3,13,A01
200500041938,0,05,000,00,2,6,00,A01
200500041938,0,05,000,00,2,6,02,B02
200500041939,0,07,000,01,1,2,01,A01
200500041940,0,05,000,15,0,8,00,A01
200500041941,0,07,000,02,0,1,13,A01
200500041942,0,02,000,02,0,9,01,A01
200500041943,0,07,000,06,0,2,01,A01
200500041944,0,07,000,00,2,1,01,A01
200500041944,0,10,000,00,2,8,19,B02
200500041945,0,07,000,00,2,2,19,A01
200500041945,0,05,000,00,2,3,01,B02
200500041946,0,02,000,00,0,0,00,A01
200500041946,0,07,000,00,2,3,01,B02
200500041947,0,07,000,13,0,3,14,A01
200500041948,0,07,000,13,0,1,17,A01
200500041949,0,07,000,00,0,6,23,A01
200500041949,0,07,000,01,0,1,02,B02
200500041950,0,02,000,00,1,1,01,A01
200500041951,0,05,000,00,0,8,01,A01
200500041952,0,07,000,16,0,1,01,A01
200500041953,0,07,000,13,0,1,01,A01
200500041954,0,07,000,00,2,1,01,A01
200500041954,0,07,000,00,0,4,01,B02
200500041955,0,07,000,00,1,1,16,A01
200500041956,0,02,000,12,0,1,01,A01
200500041957,1,07,000,00,0,0,00,A01
200500041958,0,07,000,00,2,3,13,A01
200500041958,0,07,000,00,2,3,01,B02
200500041959,0,03,000,00,0,6,01,A01
200500041959,0,07,000,00,2,2,13,B02
200500041960,0,18,001,00,2,7,17,A01
200500041960,0,01,000,00,0,8,01,B02
200500041961,0,05,000,01,0,2,01,A01
200500041962,0,07,000,00,2,3,15,A01
200500041962,0,02,000,00,2,1,01,B02
200500041963,0,07,000,00,2,3,19,A01
200500041963,0,07,000,00,2,2,01,B02
200500041964,0,07,000,07,2,2,13,A01
200500041964,0,01,000,00,2,3,01,B02
200500041965,0,99,000,08,0,1,13,A01
200500041966,0,07,000,00,0,0,15,A01
200500041966,0,99,000,00,2,4,01,B02
200500041966,0,15,000,00,2,1,01,C03
200500041966,0,07,000,00,2,3,01,D04
200500041967,0,05,000,15,0,1,01,A01
200500041968,0,07,000,00,2,1,01,A01
200500041968,0,07,000,00,2,3,19,B02
200500041969,0,07,000,00,0,3,19,A01
200500041969,0,05,000,00,2,1,01,B02
200500041970,0,07,000,02,0,0,01,A01
200500041971,0,07,000,00,0,3,15,A01
200500041971,0,07,000,00,2,1,01,B02
200500041972,0,07,000,00,0,8,13,A01
200500041972,0,05,000,00,2,8,01,B02
200500041973,0,07,000,00,2,5,15,A01
200500041973,0,05,000,00,2,0,01,B02
200500041974,0,02,000,12,0,1,01,A01
200500041975,0,07,000,02,0,2,00,A01
200500041976,0,07,000,00,2,3,01,A01
200500041976,0,02,000,00,2,1,01,B02
200500041977,0,05,000,00,0,0,21,A01
200500041978,0,05,000,00,0,1,01,A01
200500041979,0,07,000,00,0,5,15,A01
200500041979,0,05,000,00,0,1,01,B02
200500041980,0,07,000,00,2,1,05,A01
200500041980,0,07,000,00,2,8,15,B02
200500041981,0,02,000,00,2,1,02,A01
200500041981,0,07,000,00,2,4,23,B02
200500041982,0,07,000,00,2,1,01,A01
200500041982,0,07,000,00,2,4,23,B02
200500041982,0,07,000,00,0,4,23,C03
200500041983,0,07,000,13,0,9,01,A01
200500041984,0,04,000,01,0,7,01,A01
200500041985,0,05,000,00,0,8,01,A01
200500041986,0,07,000,02,0,8,21,A01
200500041987,0,07,000,02,0,1,14,A01
200500041988,0,07,000,00,0,3,01,A01
200500041989,0,07,000,00,2,2,01,A01
200500041989,0,01,000,00,2,8,01,B02
200500041990,0,17,000,00,1,4,04,A01
200500041991,0,07,000,00,2,7,01,A01
200500041991,0,07,000,00,2,6,04,B02
200500041992,0,07,000,13,0,9,01,A01
200500041993,0,01,000,00,2,1,13,A01
200500041993,0,07,000,00,9,1,00,B02
200500041994,0,05,000,13,0,7,21,A01
200500041995,0,05,000,00,0,0,00,A01
200500041996,0,07,000,00,2,1,01,A01
200500041996,0,05,000,00,2,9,01,B02
200500041997,0,05,000,10,0,7,16,A01
200500041998,0,07,000,08,0,7,01,A01
200500041999,0,05,000,00,0,7,01,A01
200500042000,0,02,000,00,2,5,17,A01
200500042000,0,02,000,00,2,3,01,B02
200500042001,0,07,000,00,2,5,15,A01
200500042001,0,05,000,00,2,8,01,B02
200500042002,0,02,000,00,2,7,19,A01
200500042002,0,07,000,00,2,3,01,B02
200500042003,0,07,000,13,0,7,14,A01
200500042004,0,17,000,00,0,6,01,A01
200500042004,0,07,000,00,2,1,01,B02
200500042004,0,17,000,00,2,1,01,C03
200500042005,0,07,000,13,0,7,01,A01
200500042006,0,07,000,06,0,1,01,A01
200500042007,0,07,000,13,0,1,01,A01
200500042008,0,07,000,13,0,3,13,A01
200500042009,0,05,000,00,0,8,01,A01
200500042010,0,07,000,00,2,7,15,A01
200500042010,0,07,000,00,0,1,01,B02
200500042010,0,07,000,00,2,3,23,C03
200500042011,0,07,000,00,2,8,01,A01
200500042011,0,07,000,00,2,1,19,B02
200500042012,0,07,000,00,2,5,01,A01
200500042012,0,07,000,00,2,1,01,B02
200500042013,0,07,000,06,0,2,01,A01
200500042014,0,07,000,00,1,1,01,A01
200500042015,0,07,000,01,0,6,00,A01
200500042015,0,02,000,01,0,7,15,B02
200500042016,0,05,000,13,0,9,01,A01
200500042017,0,07,000,00,2,3,15,A01
200500042017,0,07,000,00,2,3,01,B02
200500042018,0,05,000,00,0,1,14,A01
200500042018,0,13,000,00,9,2,01,B02
200500042019,0,17,000,00,0,6,01,A01
200500042019,0,07,000,00,2,2,02,B02
200500042020,0,07,000,00,2,7,13,A01
200500042020,0,07,000,00,2,1,01,B02
200500042021,0,01,000,00,0,2,00,A01
200500042022,0,07,000,00,2,8,19,A01
200500042022,0,02,000,00,2,3,01,B02
200500042023,0,99,000,00,2,2,13,A01
200500042023,0,07,000,00,2,2,01,B02
200500042024,0,07,000,00,2,1,13,A01
200500042024,0,07,000,00,2,3,01,B02
200500042025,0,07,000,02,0,2,01,A01
200500042026,0,07,000,13,0,9,01,A01
200500042027,0,07,000,13,0,1,01,A01
200500042028,0,05,000,06,0,4,01,A01
200500042029,0,07,000,00,2,4,20,A01
200500042029,0,02,000,00,2,1,01,B02
200500042030,0,07,000,00,2,1,00,A01
200500042030,0,07,000,00,2,1,00,B02
200500042031,0,07,000,00,0,1,15,A01
200500042031,0,01,000,00,0,1,01,B02
200500042032,0,02,000,06,0,1,15,A01
200500042033,0,07,000,13,0,1,01,A01
200500042034,0,07,000,00,2,2,01,A01
200500042034,0,07,000,00,2,1,01,B02
200500042035,0,07,000,00,2,2,19,A01
200500042035,0,01,000,00,2,1,19,B02
200500042036,0,07,000,00,2,1,01,A01
200500042036,0,07,000,00,2,1,05,B02
200500042037,0,07,000,00,9,2,01,A01
200500042037,0,01,000,00,2,1,05,B02
200500042038,0,07,000,05,0,1,01,A01
200500042039,0,07,000,00,1,2,01,A01
200500042040,0,07,000,06,0,1,01,A01
200500042041,0,07,000,00,2,4,01,B02
200500042041,0,10,000,00,9,1,13,A01
200500042042,0,07,000,00,2,1,20,A01
200500042042,0,02,000,00,2,2,01,B02
200500042043,0,07,000,00,0,3,13,A01
200500042043,0,07,000,00,0,3,01,B02
200500042044,0,07,000,00,2,2,16,A01
200500042044,0,01,000,00,0,5,01,B02
200500042045,0,02,000,00,2,1,01,A01
200500042045,0,14,000,00,2,6,15,B02
200500042046,0,07,000,00,2,2,15,A01
200500042046,0,07,000,00,0,1,01,B02
200500042047,0,05,000,02,2,2,17,A01
200500042047,0,07,000,00,2,8,17,B02
200500042048,0,10,000,00,2,7,19,A01
200500042048,0,07,000,00,2,1,01,B02
200500042049,0,05,000,02,0,1,14,A01
200500042050,0,05,000,00,2,3,05,A01
200500042050,0,05,000,00,2,3,01,B02
200500042051,0,07,000,00,2,1,17,A01
200500042051,0,07,000,00,2,1,01,B02
200500042052,0,07,000,00,0,0,01,A01
200500042053,0,04,000,00,0,1,19,A01
200500042053,0,07,000,00,0,2,01,B02
200500042054,0,07,000,00,2,2,19,A01
200500042054,0,05,000,00,2,1,01,B02
200500042055,0,02,000,00,2,2,17,A01
200500042055,0,07,000,00,2,6,20,B02
200500042056,0,07,000,00,2,9,17,A01
200500042056,0,07,000,15,2,9,23,B02
200500042056,0,07,000,00,2,8,01,C03
200500042057,0,07,000,00,9,1,15,A01
200500042057,0,01,000,00,2,3,01,B02
200500042058,0,05,000,00,0,2,16,A01
200500042059,0,07,000,00,2,1,01,A01
200500042059,0,07,000,00,2,1,13,B02
200500042060,0,05,000,00,0,1,01,A01
200500042060,0,07,000,00,9,2,01,B02
200500042061,0,02,000,00,2,1,01,A01
200500042061,0,07,000,00,2,1,01,B02
200500042062,0,02,000,00,0,1,00,A01
200500042063,0,02,000,00,2,1,16,A01
200500042063,0,07,000,00,2,7,01,B02
200500042064,0,07,000,06,6,2,15,A01
200500042065,0,07,000,02,0,8,01,A01
200500042066,0,07,000,00,2,2,01,A01
200500042066,0,07,000,00,2,3,17,B02
200500042067,0,03,000,00,1,2,02,A01
200500042068,0,07,000,00,2,2,01,B02
200500042068,0,02,000,00,2,2,15,A01
200500042069,0,07,000,00,0,0,01,A01
200500042070,0,07,000,00,2,1,15,A01
200500042070,0,07,000,00,2,1,01,B02
200500042071,0,02,000,00,0,0,21,A01
200500042072,0,07,000,00,2,3,16,A01
200500042072,0,05,000,00,2,8,01,B02
200500042073,0,07,000,00,2,1,11,A01
200500042073,0,07,000,00,2,1,01,B02
200500042074,0,05,000,13,0,8,00,A01
200500042075,0,07,000,00,1,1,01,A01
200500042076,0,05,000,00,2,7,15,A01
200500042076,0,05,000,00,2,1,01,B02
200500042077,0,07,000,00,2,3,01,A01
200500042077,0,07,000,00,2,3,01,B02
200500042078,0,05,000,00,2,1,13,A01
200500042078,0,07,000,00,2,1,01,B02
200500042079,0,07,000,00,2,2,01,A01
200500042079,0,01,000,00,2,6,15,B02
200500042080,0,05,000,00,2,3,00,A01
200500042080,0,10,000,00,0,3,00,B02
200500042081,0,07,000,00,0,4,02,A01
200500042081,0,05,000,00,2,1,02,B02
200500042082,0,05,000,00,2,1,17,A01
200500042082,0,07,000,00,0,6,15,B02
200500042083,0,07,000,00,0,4,23,A01
200500042083,0,07,000,00,2,1,02,B02
200500042084,0,07,000,00,2,8,10,A01
200500042084,0,05,000,00,2,1,01,B02
200500042085,0,07,000,02,0,1,01,A01
200500042086,0,07,000,00,0,1,01,A01
200500042086,0,02,000,00,0,8,19,B02
200500042087,0,07,000,00,1,3,01,A01
200500042088,0,05,000,00,2,4,01,A01
200500042088,0,05,000,00,2,1,15,B02
200500042089,0,07,000,00,0,9,13,A01
200500042090,0,07,000,00,2,1,01,A01
200500042090,0,01,000,00,2,7,15,B02
200500042090,0,07,000,00,2,3,01,C03
200500042091,0,02,000,13,0,8,01,A01
200500042092,0,07,000,00,0,2,01,A01
200500042093,0,07,000,02,0,1,01,A01
200500042094,0,02,000,00,1,2,17,A01
200500042095,0,07,000,00,2,1,13,A01
200500042095,0,07,000,00,2,1,01,B02
200500042096,0,07,000,00,2,7,13,A01
200500042096,0,07,000,00,2,3,00,B02
200500042097,0,07,000,02,0,2,01,A01
200500042098,0,07,000,02,0,1,01,A01
200500042099,0,01,000,12,0,0,14,A01
200500042100,0,17,000,00,2,3,16,A01
200500042100,0,01,000,00,2,1,01,B02
200500042101,0,07,000,00,9,3,15,A01
200500042101,0,01,000,00,2,8,01,B02
200500042102,0,05,000,06,0,0,01,A01
200500042103,0,07,000,00,0,3,16,A01
200500042103,0,01,000,00,2,1,01,B02
200500042104,0,01,000,00,0,0,01,A01
200500042104,0,07,000,00,0,0,01,B02
200500042105,0,07,000,02,0,1,01,A01
200500042106,0,02,000,00,0,7,02,A01
200500042106,0,02,000,00,0,8,02,B02
200500042107,0,07,000,02,2,1,01,A01
200500042107,0,07,000,01,0,3,01,B02
200500042108,0,07,000,00,0,4,01,C03
200500042108,0,07,000,00,2,1,02,D04
200500042109,0,07,000,00,1,2,01,A01
200500042110,0,07,000,08,0,1,13,A01
200500042111,0,05,000,05,0,1,16,A01
200500042112,0,07,000,00,2,5,13,A01
200500042112,0,07,000,00,2,2,01,B02
200500042113,0,05,000,05,0,7,01,A01
200500042114,0,07,000,00,2,3,13,A01
200500042114,0,07,000,00,2,8,01,B02
200500042115,0,07,000,00,2,1,01,A01
200500042115,0,07,000,00,2,8,01,B02
200500042116,0,07,000,00,2,3,13,A01
200500042116,0,07,000,00,0,2,23,B02
200500042117,0,02,000,00,2,3,05,A01
200500042117,0,07,000,00,2,3,01,B02
200500042118,0,15,000,00,2,1,01,A01
200500042118,0,07,000,00,0,1,13,B02
200500042119,0,07,000,16,0,9,16,A01
200500042120,0,07,000,13,0,3,01,A01
200500042121,0,02,000,00,2,1,01,A01
200500042121,0,21,000,00,0,8,01,B02
200500042122,0,07,000,06,0,1,14,A01
200500042123,2,07,000,02,0,3,00,A01
200500042124,0,02,000,00,2,1,17,A01
200500042124,0,07,000,00,0,3,15,B02
200500042125,0,02,000,02,0,1,14,A01
200500042126,0,07,000,00,1,2,01,A01
200500042127,0,07,000,02,0,9,14,A01
200500042128,0,07,000,02,0,2,13,A01
200500042129,0,07,000,00,1,5,20,A01
200500042130,0,07,000,13,0,2,01,A01
200500042131,0,05,000,16,0,0,14,A01
200500042132,0,07,000,00,2,1,13,A01
200500042132,0,15,000,00,2,3,01,B02
200500042133,0,07,000,00,2,4,01,A01
200500042133,0,02,000,00,2,1,02,B02
200500042134,0,05,000,00,2,1,13,A01
200500042134,0,07,000,00,0,3,01,B02
200500042135,0,07,000,00,9,1,01,A01
200500042135,0,01,000,00,2,4,01,B02
200500042135,0,01,000,00,2,4,01,C03
200500042135,0,01,000,00,2,4,01,D04
200500042136,0,07,000,00,2,1,16,A01
200500042136,0,02,000,00,2,1,13,B02
200500042137,0,07,000,03,0,3,01,A01
200500042138,0,21,000,00,0,3,15,A01
200500042138,0,07,000,00,0,1,01,B02
200500042139,0,07,000,02,0,1,13,A01
200500042140,0,21,000,00,2,5,19,A01
200500042140,0,07,000,00,2,8,01,B02
200500042141,0,07,000,02,0,1,01,A01
200500042142,0,07,000,13,0,3,01,A01
200500042143,0,07,000,00,1,1,00,A01
200500042144,0,05,000,00,2,3,01,A01
200500042144,0,07,000,00,2,3,09,B02
200500042145,0,05,000,00,2,7,01,A01
200500042145,0,07,000,00,9,1,15,B02
200500042146,0,05,000,00,0,1,13,A01