Num_Acc,senc,catv,occutc,obs,obsm,choc,manv,num_veh
200500042930,0,07,000,00,2,8,15,A01
200500042930,0,07,000,00,2,1,01,B02
200500042931,2,07,000,06,0,1,01,A01
200500042932,0,02,000,00,2,1,01,A01
200500042932,0,02,000,00,2,1,00,B02
200500042933,0,07,000,13,0,1,01,A01
200500042934,0,07,000,00,2,5,15,A01
200500042934,0,02,000,00,2,1,01,B02
200500042935,0,07,000,00,2,2,02,A01
200500042935,0,01,000,00,2,4,01,B02
200500042936,0,07,000,00,0,6,01,A01
200500042937,0,05,000,00,2,1,01,A01
200500042937,0,07,000,00,2,1,01,B02
200500042938,0,07,000,00,0,1,17,A01
200500042938,0,07,000,00,0,7,00,B02
200500042939,0,07,000,00,2,7,15,A01
200500042939,0,02,000,00,2,1,01,B02
200500042940,0,07,000,00,9,2,00,A01
200500042940,0,02,000,00,2,1,02,B02
200500042941,0,07,000,00,0,1,01,A01
200500042941,0,07,000,00,0,2,01,B02
200500042942,0,07,000,02,0,3,01,A01
200500042943,0,05,000,16,0,8,01,A01
200500042944,0,07,000,00,2,2,15,A01
200500042944,0,02,000,00,2,1,01,B02
200500042945,0,07,000,00,2,7,01,A01
200500042945,0,07,000,06,2,1,06,B02
200500042946,0,07,000,00,2,7,01,A01
200500042946,0,99,000,00,2,3,10,B02
200500042947,0,07,000,00,2,1,17,A01
200500042947,0,07,000,00,2,3,17,B02
200500042948,0,07,000,04,0,3,01,A01
200500042948,0,07,000,04,0,8,01,B02
200500042949,0,07,000,03,2,1,02,B02
200500042950,0,17,000,00,2,4,23,A01
200500042950,0,17,000,00,2,1,23,B02
200500042950,0,17,000,00,2,1,23,C03
200500042950,0,07,000,00,2,4,23,D04
200500042950,0,14,000,00,2,4,23,E05
200500042950,0,17,000,00,2,1,02,F06
200500042951,0,14,000,13,0,2,00,A01
200500042952,0,07,000,00,2,7,01,A01
200500042952,0,07,000,00,2,8,01,B02
200500042953,0,07,000,04,0,1,01,A01
200500042954,0,02,000,00,2,1,18,A01
200500042954,0,07,000,00,2,7,20,B02
200500042955,0,07,000,00,2,1,13,A01
200500042955,0,07,000,00,2,1,00,B02
200500042956,0,07,000,06,0,3,14,A01
200500042957,0,07,000,16,0,3,01,A01
200500042957,0,07,000,00,2,1,02,B02
200500042958,0,05,000,03,0,1,01,A01
200500042959,0,07,000,00,2,7,14,A01
200500042959,0,09,000,00,2,6,01,B02
200500042959,0,07,000,00,2,5,17,C03
200500042959,0,07,000,00,1,2,01,D04
200500042959,0,07,000,14,0,1,01,E05
200500042960,0,07,000,00,2,4,04,A01
200500042960,0,07,000,00,2,1,01,B02
200500042961,0,07,000,06,0,1,14,A01
200500042962,0,07,000,00,2,2,17,A01
200500042962,0,07,000,00,2,6,01,B02
200500042963,0,99,000,00,2,1,01,A01
200500042963,0,07,000,00,0,4,01,B02
200500042964,0,17,000,00,0,0,00,A01
200500042965,0,16,000,00,2,6,01,A01
200500042965,0,07,000,04,2,1,01,B02
200500042966,0,10,000,00,2,1,12,A01
200500042966,0,15,000,00,2,4,01,B02
200500042967,0,07,000,00,0,9,01,A01
200500042968,0,07,000,00,0,1,01,A01
200500042969,0,15,000,00,2,2,01,A01
200500042969,0,15,000,00,0,4,01,B02
200500042970,0,10,000,04,0,1,00,A01
200500042971,0,17,000,00,0,6,01,A01
200500042971,0,18,009,00,2,1,02,B02
200500042972,0,05,000,00,6,1,01,A01
200500042973,0,07,000,04,0,2,14,A01
200500042974,0,05,000,00,2,1,01,A01
200500042974,0,07,000,00,2,6,01,B02
200500042975,0,07,000,03,0,1,02,A01
200500042976,0,17,000,00,2,2,01,A01
200500042976,0,10,000,00,2,1,06,B02
200500042977,0,07,000,16,0,7,01,A01
200500042978,0,07,000,00,2,2,15,A01
200500042978,0,02,000,00,2,1,01,B02
200500042979,0,01,000,00,0,4,01,A01
200500042980,0,07,000,00,2,9,21,A01
200500042980,0,07,000,00,2,0,21,B02
200500042981,0,07,000,08,0,1,01,A01
200500042982,0,05,000,00,6,3,01,A01
200500042983,0,07,000,08,0,1,01,A01
200500042984,0,07,000,00,0,1,23,A01
200500042984,0,01,000,00,0,1,00,B02
200500042985,0,07,000,00,2,7,00,A01
200500042985,0,07,000,00,2,2,13,B02
200500042986,0,07,000,04,0,1,01,A01
200500042987,0,17,000,00,2,1,02,A01
200500042987,0,17,000,00,0,4,02,B02
200500042988,0,10,000,00,0,6,14,A01
200500042989,0,07,000,04,0,3,17,A01
200500042990,0,07,000,00,2,3,01,A01
200500042990,0,07,000,00,2,3,01,B02
200500042991,0,05,000,04,0,8,01,A01
200500042992,0,07,000,03,0,2,01,A01
200500042993,0,17,000,00,2,3,02,A01
200500042993,0,07,000,00,0,5,00,B02
200500042994,0,07,000,00,2,1,17,A01
200500042994,0,14,000,00,0,4,00,B02
200500042995,0,07,000,04,0,9,01,A01
200500042995,0,07,000,00,2,2,01,B02
200500042996,0,08,000,00,0,7,12,A01
200500042996,0,15,000,00,2,8,02,B02
200500042997,0,14,000,00,1,3,01,A01
200500042998,0,01,000,00,2,1,15,A01
200500042999,0,02,000,00,2,1,13,A01
200500042999,0,07,000,00,2,1,01,B02
200500043000,0,07,000,00,0,0,00,A01
200500043001,0,03,000,00,2,6,01,A01
200500043001,0,13,000,00,2,2,01,B02
200500043002,0,07,000,00,2,1,01,A01
200500043002,0,07,000,00,0,8,10,B02
200500043003,0,07,000,00,2,3,10,A01
200500043003,0,05,000,00,2,1,01,B02
200500043004,0,02,000,00,0,0,01,A01
200500043005,0,02,000,15,0,2,01,A01
200500043006,0,07,000,00,0,0,01,A01
200500043007,0,07,000,00,2,2,01,A01
200500043007,0,17,000,00,2,6,01,C03
200500043007,0,07,000,00,2,3,01,D04
200500043008,0,07,000,02,0,2,01,A01
200500043009,0,07,000,01,0,1,00,A01
200500043009,0,14,000,01,0,6,00,B02
200500043010,0,07,000,12,0,1,01,A01
200500043011,0,07,000,00,0,0,00,A01
200500043011,0,13,000,00,2,4,02,B02
200500043012,0,07,000,00,2,1,02,A01
200500043012,0,07,000,00,2,4,23,B02
200500043012,0,07,000,00,2,4,23,C03
200500043013,0,07,000,00,0,1,02,A01
200500043013,0,07,000,00,0,6,02,B02
200500043013,0,07,000,00,0,8,02,C03
200500043013,0,07,000,00,0,4,02,D04
200500043014,0,07,000,04,0,2,12,A01
200500043015,0,07,000,04,2,3,13,A01
200500043015,0,17,000,00,2,6,11,B02
200500043016,0,07,000,13,0,1,01,A01
200500043017,0,05,000,00,2,3,17,A01
200500043017,0,05,000,00,2,3,01,B02
200500043017,0,05,000,00,2,3,01,C03
200500043017,0,07,000,00,2,1,01,D04
200500043018,0,07,000,00,2,0,00,A01
200500043018,0,05,000,00,2,0,00,B02
200500043019,0,05,000,00,2,7,19,A01
200500043019,0,07,000,00,2,1,01,B02
200500043020,0,07,000,00,2,6,19,A01
200500043020,0,05,000,00,2,1,01,B02
200500043021,0,05,000,00,2,2,03,A01
200500043021,0,07,000,00,2,6,11,B02
200500043022,0,07,000,13,0,2,01,A01
200500043023,0,07,000,04,2,3,21,A01
200500043023,0,07,000,00,2,3,01,B02
200500043024,0,10,000,04,0,7,01,A01
200500043025,0,07,000,00,0,1,00,A01
200500043026,0,07,000,00,2,1,01,A01
200500043026,0,05,000,00,2,1,01,B02
200500043027,0,07,000,00,9,7,14,A01
200500043027,0,01,000,00,2,8,02,B02
200500043028,0,07,000,00,2,3,15,A01
200500043028,0,05,000,00,2,1,01,B02
200500043029,0,07,000,02,0,4,01,A01
200500043030,0,07,000,00,0,3,01,A01
200500043031,0,07,000,00,2,1,11,A01
200500043031,0,10,000,00,0,4,20,B02
200500043032,0,02,000,00,2,1,13,A01
200500043032,0,07,000,00,2,8,01,B02
200500043033,0,07,000,14,0,1,01,A01
200500043034,0,05,000,00,2,1,01,A01
200500043034,0,07,000,00,2,3,19,B02
200500043035,0,02,000,00,0,1,01,A01
200500043035,0,07,000,00,0,8,01,B02
200500043036,0,07,000,02,0,8,13,A01
200500043037,0,07,000,00,2,3,19,A01
200500043037,0,05,000,00,2,1,01,B02
200500043038,0,07,000,00,2,3,15,A01
200500043038,0,02,000,00,2,7,17,B02
200500043039,0,13,000,00,2,1,01,A01
200500043039,0,05,000,00,2,1,13,B02
200500043040,0,07,000,00,1,4,04,A01
200500043041,0,07,000,00,2,7,01,A01
200500043041,0,07,000,00,2,1,15,B02
200500043042,0,07,000,00,2,2,01,A01
200500043042,0,07,000,00,2,1,01,B02
200500043042,0,07,000,00,2,4,01,C03
200500043043,0,07,000,00,1,2,01,A01
200500043044,0,18,069,03,0,7,01,A01
200500043045,0,07,000,00,0,6,01,A01
200500043045,0,07,000,00,0,9,17,B02
200500043046,0,17,000,00,0,6,01,A01
200500043046,0,07,000,00,2,1,02,B02
200500043047,0,05,000,00,0,0,01,A01
200500043048,0,02,000,00,2,1,02,A01
200500043048,0,07,000,00,0,6,02,B02
200500043049,0,07,000,05,0,9,01,A01
200500043050,0,05,000,00,0,7,17,A01
200500043051,0,07,000,00,0,9,01,A01
200500043052,0,07,000,04,0,1,12,A01
200500043053,0,07,000,00,2,2,21,A01
200500043053,0,99,000,00,2,6,02,B02
200500043054,0,07,000,13,0,2,21,A01
200500043055,0,07,000,00,0,6,13,A01
200500043055,0,15,000,00,0,2,00,B02
200500043056,0,17,000,00,2,1,02,A01
200500043056,0,07,000,00,0,5,01,B02
200500043056,0,07,000,00,0,4,02,C03
200500043056,0,07,000,00,0,4,02,D04
200500043057,0,17,000,03,0,3,01,A01
200500043058,0,07,000,03,0,1,01,A01
200500043059,0,07,000,00,2,1,02,A01
200500043059,0,17,000,00,0,4,00,B02
200500043060,0,07,000,01,2,1,01,A01
200500043060,0,07,000,15,2,3,09,B02
200500043061,0,07,000,00,0,5,02,A01
200500043061,0,07,000,00,2,3,02,B02
200500043062,0,07,000,00,2,3,00,A01
200500043062,0,05,000,00,2,1,00,B02
200500043062,1,07,000,00,2,3,00,C03
200500043063,0,07,000,04,0,1,01,A01
200500043064,0,10,000,00,2,1,01,A01
200500043064,0,17,000,00,0,6,01,B02
200500043065,0,07,000,05,0,3,17,A01
200500043066,0,07,000,03,0,8,13,A01
200500043067,0,07,000,13,0,5,01,A01
200500043068,0,07,000,00,2,1,02,A01
200500043069,0,07,000,04,0,3,13,A01
200500043070,0,07,000,00,2,1,01,A01
200500043070,0,07,000,00,0,4,23,B02
200500043071,0,07,000,13,0,0,00,A01
200500043072,0,07,000,00,0,0,01,A01
200500043073,0,07,000,04,0,3,01,A01
200500043074,0,07,000,00,0,8,00,A01
200500043074,0,07,000,00,2,1,02,B02
200500043074,0,07,000,00,2,4,02,C03
200500043074,0,07,000,00,2,8,00,D04
200500043075,0,14,000,03,0,7,01,A01
200500043076,0,07,000,00,2,4,01,A01
200500043076,0,07,000,00,2,1,02,B02
200500043076,0,07,000,00,2,5,01,C03
200500043077,0,07,000,00,2,8,11,A01
200500043077,0,07,000,03,0,9,01,B02
200500043077,0,07,000,00,0,0,00,C03
200500043078,0,07,000,00,2,2,17,A01
200500043078,0,17,000,00,0,0,01,B02
200500043079,0,07,000,03,0,2,17,A01
200500043080,0,07,000,03,0,8,13,A01
200500043081,0,07,000,00,2,1,13,A01
200500043081,0,07,000,00,2,1,01,B02
200500043082,0,17,000,03,0,3,00,A01
200500043083,0,07,000,03,0,0,01,A01
200500043084,0,07,000,00,2,3,05,A01
200500043084,0,07,000,00,0,8,01,B02
200500043085,0,02,000,08,0,1,01,A01
200500043086,0,05,000,00,2,8,11,A01
200500043086,0,07,000,00,2,7,01,B02
200500043087,0,07,000,13,0,1,01,A01
200500043088,0,07,000,00,2,6,02,A01
200500043088,0,05,000,00,2,1,01,B02
200500043089,0,07,000,13,0,2,14,A01
200500043090,0,07,000,13,0,1,14,A01
200500043091,0,07,000,00,0,8,11,A01
200500043091,0,17,000,00,2,2,01,B02
200500043092,0,05,000,00,2,8,11,A01
200500043092,0,07,000,00,2,5,01,B02
200500043093,0,07,000,03,0,7,02,A01
200500043094,0,07,000,04,2,7,17,A01
200500043094,0,07,000,04,2,7,17,B02
200500043094,0,17,000,00,2,8,17,C03
200500043095,0,07,000,00,2,3,05,A01
200500043095,0,07,000,00,2,1,01,B02
200500043095,0,07,000,00,2,3,01,C03
200500043095,0,07,000,00,2,3,01,D04
200500043096,0,99,000,03,2,2,11,A01
200500043096,0,17,000,00,2,8,01,B02
200500043097,0,07,000,00,2,3,01,A01
200500043097,0,02,000,00,2,1,13,B02
200500043098,0,07,000,01,2,4,02,A01
200500043098,0,07,000,00,2,1,02,B02
200500043098,0,07,000,00,2,1,02,C03
200500043098,0,07,000,03,2,6,23,D04
200500043098,0,07,000,03,2,4,23,E05
200500043099,0,07,000,00,0,0,00,A01
200500043099,0,13,000,00,2,4,02,B02
200500043100,0,07,000,03,2,1,17,A01
200500043100,0,07,000,00,2,3,01,B02
200500043101,0,07,000,00,2,2,02,A01
200500043101,0,02,000,00,2,1,09,B02
200500043102,0,07,000,00,0,3,20,A01
200500043102,0,12,000,00,2,1,01,B02
200500043102,0,99,000,00,2,1,01,C03
200500043102,0,07,000,00,2,1,01,D04
200500043102,0,07,000,00,2,1,01,E05
200500043103,0,02,000,00,2,2,01,A01
200500043103,1,07,000,00,2,3,01,B02
200500043104,0,17,000,00,2,2,02,A01
200500043104,0,15,000,00,0,6,00,B02
200500043105,0,07,000,00,2,1,02,A01
200500043105,0,07,000,00,9,4,02,B02
200500043106,0,05,000,16,0,8,01,A01
200500043107,0,07,000,13,0,2,01,A01
200500043108,0,07,000,03,2,4,02,A01
200500043108,0,07,000,00,2,1,02,B02
200500043109,0,07,000,00,0,9,01,A01
200500043110,0,07,000,03,0,2,14,A01
200500043111,0,07,000,00,2,4,02,A01
200500043111,0,15,000,01,2,1,02,B02
200500043112,0,07,000,00,2,7,17,A01
200500043112,0,07,000,00,2,8,01,B02
200500043113,0,07,000,00,2,4,11,A01
200500043113,0,07,000,00,2,1,09,B02
200500043114,0,07,000,04,0,2,00,A01
200500043115,0,07,000,00,2,2,02,A01
200500043115,0,07,000,00,0,6,02,B02
200500043116,0,07,000,03,0,3,01,A01
200500043117,0,17,000,00,0,4,02,A01
200500043117,0,10,000,04,2,4,02,B02
200500043117,0,17,000,00,2,1,02,C03
200500043118,0,10,000,00,2,2,02,A01
200500043118,0,14,000,00,0,6,02,B02
200500043119,0,07,000,13,0,1,01,A01
200500043120,0,07,000,03,0,9,01,A01
200500043121,0,14,000,01,0,2,00,A01
200500043121,0,15,000,00,2,6,23,B02
200500043122,0,07,000,00,2,2,01,A01
200500043122,0,07,000,00,2,3,13,B02
200500043123,0,07,000,13,0,7,14,A01
200500043124,0,07,000,02,0,9,19,A01
200500043125,0,07,000,02,0,2,14,A01
200500043126,0,07,000,03,0,2,01,A01
200500043127,0,07,000,02,0,2,01,A01
200500043128,0,01,000,00,0,8,01,A01
200500043128,0,01,000,00,0,8,13,B02
200500043129,0,05,000,00,2,1,02,A01
200500043129,0,14,000,00,0,3,15,B02
200500043130,0,05,000,00,2,1,13,A01
200500043130,0,07,000,00,2,1,01,B02
200500043131,0,05,000,00,1,1,01,A01
200500043132,0,05,000,00,0,1,17,A01
200500043132,0,01,000,00,0,1,15,B02
200500043133,0,07,000,00,0,2,15,A01
200500043133,0,07,000,00,2,1,01,B02
200500043134,0,07,000,00,1,3,01,A01
200500043135,0,07,000,04,0,3,00,A01
200500043136,0,17,000,03,0,3,01,A01
200500043137,0,07,000,03,0,1,01,A01
200500043138,0,07,000,00,0,4,02,A01
200500043138,0,07,000,00,2,1,02,B02
200500043139,0,07,000,07,0,1,01,A01
200500043140,0,14,000,04,0,3,01,A01
200500043141,0,02,000,13,0,1,01,A01
200500043142,0,07,000,00,2,3,13,A01
200500043142,0,07,000,00,2,8,01,B02
200500043142,0,07,000,00,2,1,01,C03
200500043142,0,07,000,00,2,3,01,D04
200500043143,0,07,000,00,2,3,13,A01
200500043143,0,07,000,00,2,9,21,B02
200500043144,0,07,000,08,0,7,01,A01
200500043145,0,07,000,00,2,6,19,A01
200500043145,0,07,000,00,2,1,01,B02
200500043146,0,07,000,00,2,6,15,A01
200500043146,0,07,000,00,2,1,01,B02
200500043147,0,02,000,00,2,1,18,A01
200500043147,0,07,000,00,2,2,15,B02
200500043148,0,07,000,04,0,3,01,A01
200500043149,0,07,000,00,2,3,13,A01
200500043149,0,07,000,00,2,8,01,B02
200500043150,0,07,000,00,2,3,03,A01
200500043150,0,17,000,00,2,3,02,B02
200500043151,0,05,000,03,0,8,01,A01
200500043152,0,07,000,03,0,1,18,A01
200500043153,0,07,000,03,6,2,21,A01
200500043154,0,07,000,00,2,1,02,A01
200500043154,0,17,000,00,2,4,02,B02
200500043155,0,07,000,00,2,3,05,A01
200500043155,0,07,000,00,2,3,01,B02
200500043156,0,07,000,00,2,2,01,A01
200500043156,0,07,000,00,2,1,05,B02
200500043157,0,07,000,00,2,2,10,A01
200500043157,0,07,000,00,2,1,01,B02
200500043158,0,07,000,00,2,1,14,A01
200500043158,0,02,000,00,2,8,19,B02
200500043159,0,05,000,00,2,1,01,A01
200500043159,0,07,000,00,2,1,01,B02
200500043160,0,02,000,06,0,1,14,A01
200500043161,0,07,000,06,0,3,01,A01
200500043162,0,05,000,00,0,2,00,A01
200500043163,0,07,000,00,0,0,00,A01
200500043163,0,17,000,00,0,6,02,B02
200500043164,0,15,000,14,0,1,01,A01
200500043165,0,07,000,03,0,5,01,A01
200500043166,0,07,000,00,0,3,01,A01
200500043166,0,05,000,00,2,1,00,B02
200500043167,0,05,000,00,2,1,13,A01
200500043167,0,05,000,00,0,1,01,B02
200500043168,0,07,000,10,0,3,13,A01
200500043169,0,07,000,00,2,1,02,A01
200500043169,0,05,000,00,2,1,02,B02
200500043169,0,07,000,00,2,6,01,C03
200500043170,0,07,000,04,0,3,01,A01
200500043171,0,07,000,13,0,1,01,A01
200500043172,0,07,000,00,2,6,19,A01
200500043172,0,05,000,00,2,1,01,B02
200500043173,0,07,000,00,2,1,15,A01
200500043173,0,01,000,00,2,1,01,B02
200500043174,0,07,000,03,0,3,01,A01
200500043175,0,09,000,03,0,1,01,A01
200500043176,0,05,000,00,2,1,01,A01
200500043176,0,07,000,00,2,5,15,B02
200500043177,0,07,000,03,0,2,00,A01
200500043178,0,18,000,13,0,7,00,A01
200500043179,0,07,000,13,0,1,01,A01
200500043180,0,07,000,00,2,1,14,A01
200500043180,0,07,000,00,0,4,01,B02
200500043181,0,07,000,00,0,1,01,A01
200500043182,0,07,000,00,0,2,00,A01
200500043183,1,07,000,00,2,1,19,A01
200500043183,0,01,000,00,2,4,01,B02
200500043184,0,05,000,00,0,0,17,A01
200500043184,0,07,000,00,0,0,19,B02
200500043185,0,07,000,00,2,1,02,A01
200500043185,0,07,000,00,2,4,02,B02
200500043186,0,07,000,13,0,1,01,A01
200500043187,0,07,000,13,2,2,21,A01
200500043187,0,07,000,00,2,1,01,B02
200500043188,0,07,000,16,0,1,00,A01
200500043189,0,07,000,00,2,1,01,A01
200500043189,0,07,000,00,2,3,01,B02
200500043189,0,07,000,00,2,1,01,C03
200500043190,0,01,000,00,2,4,01,A01
200500043190,0,07,000,00,2,3,01,B02
200500043191,0,07,000,00,1,3,15,A01
200500043192,0,07,000,00,2,2,01,B02
200500043192,0,07,000,00,2,3,19,A01
200500043193,0,04,000,00,2,1,02,A01
200500043193,0,02,000,00,0,6,15,B02
200500043194,0,07,000,03,0,9,11,A01
200500043194,0,07,000,14,0,1,02,B02
200500043195,0,10,000,00,2,1,02,A01
200500043195,0,07,000,00,0,4,02,B02
200500043196,0,07,000,00,2,3,21,A01
200500043196,0,07,000,00,2,5,01,B02
200500043197,0,02,000,12,0,1,01,A01
200500043198,0,07,000,00,2,3,13,A01
200500043198,0,07,000,00,2,3,01,B02
200500043199,0,07,000,15,0,3,01,A01
200500043200,0,07,000,00,9,5,20,A01
200500043200,0,01,000,00,2,1,01,B02
200500043201,0,02,000,00,2,1,13,A01
200500043201,0,07,000,00,2,3,01,B02
200500043202,0,07,000,00,2,3,19,A01
200500043202,0,05,000,00,2,1,01,B02
200500043203,0,07,000,00,2,3,01,A01
200500043203,0,05,000,00,2,1,13,B02
200500043204,0,05,000,12,0,1,01,A01
200500043205,0,07,000,00,2,3,12,A01
200500043205,0,17,000,00,0,4,01,B02
200500043206,0,07,000,00,2,1,01,A01
200500043206,0,17,000,00,2,6,01,B02
200500043207,0,07,000,03,0,1,01,A01
200500043208,0,07,000,07,0,1,01,A01
200500043209,0,07,000,03,0,1,00,A01
200500043210,0,15,000,03,2,1,06,A01
200500043210,0,14,000,00,2,3,01,B02
200500043211,0,07,000,03,0,9,01,A01
200500043212,0,07,000,13,0,1,01,A01
200500043213,0,07,000,13,0,1,01,A01
200500043214,0,10,000,00,0,7,01,A01
200500043215,0,07,000,03,2,4,01,A01
200500043215,0,07,000,03,2,1,01,B02
200500043216,0,07,000,00,0,9,01,A01
200500043217,0,07,000,01,0,3,12,A01
200500043217,0,07,000,00,0,5,23,B02
200500043218,0,07,000,03,0,1,01,A01
200500043219,0,07,000,03,0,8,14,A01
200500043220,0,07,000,03,0,1,01,A01
200500043221,0,07,000,00,0,4,23,A01
200500043221,0,07,000,00,2,4,23,B02
200500043221,0,07,000,00,2,1,02,C03
200500043222,0,07,000,00,2,1,15,A01
200500043222,0,05,000,00,2,1,01,B02
200500043223,0,07,000,13,0,2,00,A01
200500043224,0,07,000,00,2,3,19,A01
200500043224,0,07,000,00,2,2,01,C03
200500043225,0,08,000,00,2,3,15,A01
200500043225,0,05,000,00,2,1,01,B02
200500043226,0,07,000,04,0,1,01,A01
200500043226,0,07,000,04,0,3,00,B02
200500043227,0,07,000,00,0,4,02,A01
200500043227,0,07,000,00,2,1,02,B02
200500043228,0,07,000,00,2,2,03,A01
200500043228,0,17,000,00,0,0,01,B02
200500043229,0,17,000,00,0,8,16,A01
200500043230,0,07,000,07,0,9,01,A01
200500043231,0,07,000,03,0,3,01,A01
200500043232,0,17,000,00,0,8,16,A01
200500043233,0,07,000,13,0,3,01,A01
200500043234,0,07,000,00,2,3,15,A01
200500043234,0,07,000,00,0,2,17,B02
200500043235,0,07,000,04,0,1,01,A01
200500043236,0,07,000,04,0,3,01,A01
200500043237,0,07,000,04,0,3,13,A01
200500043238,0,07,000,07,0,1,21,A01
200500043239,0,07,000,04,0,3,01,A01
200500043240,0,07,000,04,0,3,00,A01
200500043241,0,07,000,03,0,3,13,A01
200500043242,0,07,000,13,0,1,01,A01
200500043243,0,07,000,03,2,1,11,A01
200500043243,0,13,000,00,0,6,00,B02
200500043244,0,07,000,00,2,1,17,A01
200500043244,0,14,000,00,2,6,01,B02
200500043245,0,07,000,00,2,2,17,A01
200500043245,0,07,000,01,0,8,01,B02
200500043245,0,15,000,00,0,5,24,C03
200500043246,0,07,000,13,0,2,01,A01
200500043247,0,17,000,01,0,1,01,A01
200500043247,0,07,000,03,0,3,01,C03
200500043248,0,07,000,00,0,1,01,A01
200500043249,0,07,000,01,0,2,14,A01
200500043250,0,07,000,03,0,2,17,A01
200500043251,0,07,000,04,0,2,01,A01
200500043252,0,05,000,03,0,2,18,A01
200500043253,0,07,000,02,0,3,01,A01
200500043254,0,07,000,04,0,3,01,A01
200500043255,0,07,000,04,0,2,14,A01
200500043256,0,05,000,00,0,1,01,A01
200500043257,0,07,000,00,2,1,09,A01
200500043257,0,05,000,00,2,8,09,B02
200500043258,0,07,000,00,2,2,01,A01
200500043258,0,07,000,00,2,1,01,B02
200500043259,0,07,000,02,0,3,13,A01
200500043260,0,07,000,02,0,3,00,A01
200500043261,0,07,000,00,2,6,15,A01
200500043261,0,04,000,00,2,1,00,B02
200500043262,0,10,000,00,2,1,01,A01
200500043262,0,17,000,00,0,4,01,B02
200500043263,0,07,000,03,0,3,01,A01
200500043264,0,07,000,03,0,9,01,A01
200500043264,0,07,000,01,0,1,01,B02
200500043264,0,07,000,01,0,3,02,C03
200500043265,0,07,000,13,0,2,01,A01
200500043266,0,05,000,13,0,3,01,A01
200500043267,0,07,000,02,0,1,01,A01
200500043268,0,07,000,00,6,3,00,A01
200500043269,0,07,000,13,0,1,00,A01
200500043270,0,07,000,00,2,1,01,A01
200500043270,0,07,000,00,2,1,01,B02
200500043271,0,07,000,00,2,1,19,A01
200500043271,0,02,000,00,2,7,01,B02
200500043272,0,07,000,00,2,8,19,A01
200500043272,0,17,000,00,2,2,01,B02
200500043273,0,07,000,00,2,8,15,A01
200500043273,2,02,000,00,2,7,17,B02
200500043274,0,07,000,00,0,0,19,A01
200500043274,0,07,000,13,2,3,01,B02
200500043275,0,07,000,00,2,8,01,A01
200500043275,0,01,000,00,2,1,01,B02
200500043276,0,07,000,00,2,2,18,A01
200500043276,0,07,000,00,2,3,01,B02
200500043276,0,07,000,00,0,0,15,C03
200500043277,0,07,000,00,2,1,00,B02
200500043277,0,07,000,00,2,2,19,A01
200500043278,0,07,000,06,0,1,13,A01
200500043279,0,04,000,14,0,1,01,A01
200500043280,0,07,000,11,0,1,01,A01
200500043281,0,07,000,13,0,2,14,A01
200500043282,0,07,000,00,2,1,13,A01
200500043282,0,07,000,00,2,1,01,B02
200500043283,0,07,000,00,2,3,17,A01
200500043283,0,07,000,00,2,3,17,B02
200500043283,0,18,042,00,2,3,01,C03
200500043284,0,05,000,12,0,3,01,A01
200500043285,0,07,000,00,2,8,10,A01
200500043285,0,05,000,00,2,1,01,B02
200500043286,0,03,000,00,2,2,13,A01
200500043286,0,03,000,00,2,4,00,B02
200500043286,0,03,000,00,2,4,00,C03
200500043286,0,07,000,00,2,3,00,D04
200500043287,0,07,000,16,0,0,13,A01
200500043288,0,07,000,08,0,1,01,A01
200500043289,0,07,000,08,0,1,01,A01
200500043290,0,07,000,00,0,7,16,A01
200500043290,0,07,000,00,0,7,01,B02
200500043291,0,02,000,08,0,1,01,A01
200500043292,0,07,000,00,0,5,15,A01
200500043292,0,02,000,00,2,1,02,B02
200500043293,0,07,000,00,2,7,15,A01
200500043293,0,05,000,00,2,8,01,B02
200500043294,0,15,000,00,0,8,09,A01
200500043295,0,07,000,00,0,0,00,A01
200500043295,0,07,000,00,0,4,02,B02
200500043296,0,07,000,00,2,1,01,A01
200500043296,0,07,000,00,2,1,01,B02
200500043297,0,07,000,00,2,1,01,A01
200500043297,0,01,000,00,2,1,05,B02
200500043298,0,07,000,00,0,6,02,A01
200500043298,0,07,000,00,0,2,02,B02
200500043299,0,07,000,06,2,2,01,B02
200500043299,0,07,000,00,2,3,19,A01
200500043300,0,03,000,13,0,1,01,A01
200500043301,0,07,000,13,0,2,15,A01
200500043302,0,07,000,00,0,1,00,A01
200500043302,0,07,000,00,0,1,00,B02
200500043303,0,07,000,00,2,2,13,A01
200500043303,0,07,000,00,2,3,00,B02
200500043304,0,17,000,00,0,3,17,A01
200500043305,0,07,000,00,2,2,15,A01
200500043305,0,05,000,00,2,1,01,B02
200500043306,0,01,000,00,2,2,01,A01
200500043307,1,07,000,00,2,7,01,A01
200500043307,0,01,000,00,2,8,01,B01
200500043308,0,07,000,00,1,1,02,A01
200500043308,0,07,000,00,2,4,02,B01
200500043309,0,04,000,00,2,1,01,A01
200500043309,0,07,000,00,2,2,01,B01
200500043310,0,07,000,00,2,8,15,A01
200500043310,0,10,000,00,2,1,01,B01
200500043311,0,07,000,00,2,1,02,A01
200500043311,0,07,000,00,2,5,02,B01
200500043311,0,07,000,00,2,4,02,C01
200500043312,0,05,000,00,0,9,01,A01
200500043313,0,07,000,16,2,2,01,B01
200500043313,0,07,000,16,2,3,05,A01
200500043314,0,07,000,00,0,4,23,B01
200500043314,0,07,000,00,2,1,02,A01
200500043315,0,02,000,00,2,1,01,B01