Num_Acc,senc,catv,occutc,obs,obsm,choc,manv,num_veh
200500043672,0,05,000,15,0,1,14,A01
200500043673,0,07,000,00,2,7,15,A01
200500043673,0,04,000,00,2,1,01,B01
200500043674,0,05,000,03,0,7,14,A01
200500043675,0,07,000,00,2,1,21,A01
200500043675,0,07,000,03,2,3,21,B01
200500043675,0,07,000,00,2,8,21,C01
200500043676,0,07,000,00,2,1,02,A01
200500043676,0,07,000,00,2,4,23,B01
200500043677,0,07,000,02,0,5,13,A01
200500043678,0,07,000,00,2,3,02,A01
200500043678,0,07,000,00,2,7,15,B01
200500043679,0,07,000,00,2,2,01,A01
200500043679,0,04,000,00,2,1,13,B01
200500043680,0,07,000,00,1,7,01,A01
200500043681,0,07,000,06,0,1,21,B01
200500043681,0,07,000,00,0,0,09,A01
200500043682,0,02,000,00,2,1,18,A01
200500043682,0,07,000,00,2,4,15,B01
200500043683,0,07,000,00,2,1,01,A01
200500043683,0,07,000,00,2,4,01,B01
200500043683,0,07,000,00,2,4,01,C01
200500043684,0,07,000,00,2,5,17,A01
200500043684,0,07,000,00,2,3,01,B01
200500043685,0,07,000,00,1,2,01,A01
200500043686,0,10,000,00,2,1,01,A01
200500043686,0,07,000,00,2,4,01,B01
200500043687,0,17,000,00,2,1,01,A01
200500043687,0,07,000,00,2,4,01,B01
200500043688,0,07,000,00,2,2,15,A01
200500043688,0,05,000,00,2,1,01,B01
200500043689,0,05,000,00,2,8,01,B01
200500043689,0,07,000,00,2,2,15,A01
200500043690,0,07,000,00,2,3,19,A01
200500043690,0,05,000,00,2,1,01,B01
200500043691,0,07,000,00,2,3,13,A01
200500043691,0,07,000,00,2,3,01,B01
200500043692,0,07,000,14,0,1,02,A01
200500043692,0,07,000,00,0,4,23,B01
200500043693,0,07,000,13,2,7,19,A01
200500043693,0,99,000,13,2,1,01,B01
200500043694,0,07,000,00,2,3,15,A01
200500043694,0,02,000,00,2,8,01,B01
200500043695,0,02,000,00,2,8,02,A01
200500043695,0,04,000,00,2,1,02,B01
200500043696,0,05,000,05,2,1,13,A01
200500043696,0,07,000,00,2,3,01,B01
200500043697,0,07,000,00,0,5,20,A01
200500043697,0,02,000,00,2,4,23,B01
200500043698,0,05,000,00,2,1,13,A01
200500043698,0,05,000,00,2,1,01,B01
200500043699,0,07,000,00,2,1,01,A01
200500043699,0,07,000,00,2,4,01,B01
200500043700,0,07,000,00,2,3,19,A01
200500043700,0,02,000,00,2,1,02,B01
200500043701,0,07,000,00,2,3,01,B01
200500043701,0,07,000,00,2,2,15,A01
200500043702,0,07,000,00,2,4,02,A01
200500043702,0,07,000,00,2,4,23,B01
200500043702,0,07,000,00,2,5,23,C01
200500043703,0,07,000,00,2,2,21,A01
200500043703,0,07,000,00,0,5,15,B01
200500043704,0,07,000,00,2,3,21,A01
200500043704,0,07,000,00,0,4,15,B01
200500043705,0,07,000,00,2,1,21,A01
200500043705,0,07,000,00,0,3,15,B01
200500043706,0,07,000,00,2,7,15,A01
200500043706,0,07,000,00,2,2,21,B01
200500043707,0,04,000,00,2,1,16,A01
200500043707,0,07,000,00,2,5,16,B01
200500043708,0,07,000,00,2,2,15,A01
200500043708,0,20,000,00,0,0,00,B01
200500043709,0,05,000,00,0,0,00,A01
200500043709,0,07,000,00,0,0,00,B01
200500043710,0,07,000,00,2,1,00,A01
200500043710,0,05,000,00,2,1,00,B01
200500043711,0,07,000,00,2,0,02,A01
200500043711,0,04,000,00,2,2,23,B01
200500043712,0,07,000,00,0,4,02,B01
200500043712,0,02,000,00,2,1,02,A01
200500043713,0,05,000,00,9,8,00,A01
200500043714,0,07,000,00,2,5,06,A01
200500043714,0,05,000,00,2,1,02,B01
200500043715,0,07,000,00,0,6,01,B01
200500043715,0,07,000,03,2,2,12,A01
200500043716,0,04,000,00,0,0,01,A01
200500043717,1,07,000,00,2,1,01,A01
200500043717,0,07,000,00,2,4,00,B01
200500043718,0,07,000,00,2,7,01,A01
200500043718,0,07,000,01,0,1,01,B01
200500043719,0,07,000,00,2,4,01,A01
200500043719,0,02,000,00,0,0,00,B01
200500043720,1,07,000,00,0,0,00,A01
200500043720,0,07,000,00,2,8,01,B01
200500043721,0,04,000,00,2,1,02,B01
200500043721,0,07,000,00,2,6,10,A01
200500043722,0,07,000,00,1,2,01,A01
200500043723,0,07,000,00,2,0,00,B01
200500043723,0,07,000,00,2,1,00,A01
200500043724,0,05,000,12,2,1,01,B01
200500043724,0,07,000,00,2,2,12,A01
200500043725,0,07,000,00,2,1,02,A01
200500043725,0,07,000,00,2,4,02,C01
200500043725,0,07,000,00,0,4,02,D01
200500043725,0,07,000,01,2,4,02,B01
200500043726,0,17,000,00,2,2,01,A01
200500043726,0,07,000,00,2,1,01,B01
200500043727,0,05,000,00,2,1,01,B01
200500043727,0,07,000,00,0,2,20,A01
200500043728,0,05,000,00,2,0,00,B01
200500043728,0,07,000,00,2,0,15,A01
200500043729,0,07,000,00,2,1,19,A01
200500043729,0,07,000,00,2,7,00,B01
200500043730,0,07,000,00,2,2,19,A01
200500043730,0,05,000,00,2,1,01,B01
200500043731,0,07,000,00,2,3,00,A01
200500043731,0,07,000,00,2,8,00,B01
200500043732,0,04,000,00,0,0,00,B01
200500043732,0,07,000,00,0,0,00,A01
200500043733,0,04,000,00,2,8,03,A01
200500043733,1,07,000,00,9,7,02,B01
200500043734,0,05,000,00,0,2,00,A01
200500043735,0,05,000,00,2,1,01,B01
200500043735,0,07,000,00,2,6,10,A01
200500043736,1,07,000,00,0,0,00,A01
200500043736,0,04,000,00,2,4,01,B01
200500043737,0,07,000,00,2,8,13,A01
200500043737,0,04,000,00,2,7,17,B01
200500043738,0,04,000,00,2,2,01,B01
200500043738,0,07,000,00,2,6,04,A01
200500043739,0,07,000,00,2,1,00,B01
200500043739,0,07,000,00,2,8,15,A01
200500043740,0,07,000,00,2,3,01,B01
200500043740,0,07,000,00,2,2,15,A01
200500043741,0,07,000,12,0,2,01,A01
200500043742,0,05,000,00,2,1,02,A01
200500043742,0,07,000,00,2,4,02,B01
200500043743,0,07,000,00,0,4,00,B01
200500043743,0,07,000,00,2,1,01,A01
200500043744,0,07,000,00,2,8,01,A01
200500043744,0,17,000,00,2,1,01,B01
200500043745,0,05,000,12,0,1,01,A01
200500043746,0,07,000,00,2,3,09,A01
200500043746,0,07,000,00,2,2,01,B01
200500043747,0,02,000,00,2,1,16,A01
200500043747,0,07,000,00,2,2,16,B01
200500043748,0,07,000,00,2,1,02,A01
200500043748,0,07,000,00,2,4,23,C01
200500043748,0,07,000,00,2,9,23,B01
200500043749,0,02,000,00,0,0,01,A01
200500043750,0,07,000,00,2,4,02,B01
200500043750,0,07,000,00,2,1,02,A01
200500043751,0,05,000,00,2,2,01,B01
200500043752,0,04,000,00,2,1,01,B01
200500043752,0,07,000,00,2,1,19,A01
200500043753,0,07,000,00,2,3,17,A01
200500043753,0,07,000,00,2,6,00,B01
200500043754,0,07,000,06,0,1,00,A01
200500043755,0,08,000,00,2,1,00,B01
200500043755,0,16,000,00,2,4,00,C01
200500043755,0,07,000,00,2,1,02,A01
200500043756,1,04,000,00,2,1,01,A01
200500043756,0,07,000,00,0,3,15,B01
200500043757,0,07,000,00,2,1,01,A01
200500043757,0,07,000,00,2,4,01,B01
200500043758,0,07,000,00,2,4,02,B01
200500043758,0,07,000,00,2,4,02,A01
200500043759,1,04,000,00,1,0,00,A01
200500043760,0,07,000,00,2,4,23,A01
200500043760,1,07,000,00,2,1,01,B01
200500043761,0,07,000,00,2,7,14,A01
200500043761,0,04,000,00,2,8,01,B01
200500043762,0,05,000,00,0,2,01,B01
200500043762,0,07,000,00,0,3,11,A01
200500043763,0,07,000,00,2,8,00,C01
200500043763,0,07,000,01,2,3,01,B01
200500043763,0,04,000,00,2,0,01,A01
200500043764,0,18,044,00,1,7,01,A01
200500043765,0,07,000,00,0,0,00,B01
200500043765,0,07,000,00,0,0,00,A01
200500043765,0,07,000,00,0,0,00,C01
200500043766,0,07,000,00,2,3,15,A01
200500043766,0,07,000,00,2,2,01,B01
200500043767,0,05,000,11,0,0,00,A01
200500043768,0,04,000,00,0,0,00,A01
200500043769,0,07,000,00,2,2,02,B01
200500043769,0,07,000,15,2,9,02,A01
200500043770,0,07,000,00,1,1,01,A01
200500043770,1,04,000,00,0,0,00,B01
200500043771,0,07,000,00,2,1,00,C01
200500043771,0,07,000,00,2,1,00,B01
200500043771,0,07,000,00,2,1,05,A01
200500043772,0,07,000,00,2,1,02,A01
200500043772,0,07,000,00,2,3,09,B01
200500043773,0,18,000,00,2,2,01,B01
200500043773,1,07,000,00,2,3,16,A01
200500043774,1,99,000,00,0,0,00,A01
200500043774,0,05,000,00,2,7,01,B01
200500043775,0,07,000,00,2,8,14,B01
200500043775,0,05,000,00,2,3,16,A01
200500043776,0,07,000,00,2,1,15,A01
200500043776,0,07,000,00,2,8,01,B01
200500043777,0,07,000,00,2,0,00,A01
200500043777,0,04,000,00,2,0,00,B01
200500043778,0,05,000,00,2,1,00,A01
200500043778,0,07,000,00,2,0,00,B01
200500043779,0,07,000,00,0,6,02,B01
200500043779,0,02,000,00,2,1,02,A01
200500043780,0,04,000,01,0,6,00,A01
200500043781,0,99,000,00,2,0,15,A01
200500043781,0,04,000,00,2,3,00,B01
200500043782,0,07,000,00,2,1,02,A01
200500043782,0,07,000,00,2,4,23,B01
200500043783,0,07,000,00,2,1,23,B01
200500043783,0,07,000,00,2,3,02,A01
200500043783,0,07,000,00,2,2,00,C01
200500043784,0,07,000,00,2,3,15,B01
200500043784,0,04,000,00,2,2,01,A01
200500043785,0,05,000,00,2,1,02,B01
200500043785,0,07,000,00,2,4,01,A01
200500043786,0,05,000,00,2,1,17,B01
200500043786,0,07,000,00,0,6,15,A01
200500043787,0,02,000,00,0,0,01,A01
200500043788,0,07,000,00,0,4,02,B01
200500043788,0,07,000,00,2,1,02,A01
200500043789,0,07,000,00,2,6,01,A01
200500043789,0,04,000,00,2,2,14,B01
200500043790,0,05,000,16,0,1,01,A01
200500043791,1,10,000,00,2,3,19,A01
200500043791,0,04,000,00,2,5,01,B01
200500043792,0,07,000,00,2,1,05,A01
200500043792,0,07,000,00,2,1,01,B01
200500043793,0,07,000,00,2,1,01,A01
200500043793,0,07,000,00,2,3,01,B01
200500043794,0,07,000,00,2,1,02,A01
200500043794,0,07,000,00,0,6,02,B01
200500043795,0,07,000,00,9,1,00,B01
200500043795,0,04,000,00,2,8,01,A01
200500043796,0,07,000,11,0,9,02,A01
200500043797,0,07,000,00,2,1,01,B01
200500043797,0,07,000,00,2,1,05,A01
200500043798,0,07,000,00,1,1,01,A01
200500043799,0,04,000,00,0,0,00,B01
200500043799,0,07,000,00,0,0,00,A01
200500043800,0,07,000,00,0,0,00,A01
200500043801,0,04,000,00,2,1,00,A01
200500043801,0,04,000,00,2,0,00,B01
200500043802,0,07,000,00,2,1,01,B01
200500043802,0,07,000,00,2,8,09,A01
200500043803,0,07,000,00,0,0,02,D01
200500043803,0,07,000,00,2,0,02,C01
200500043803,0,07,000,00,2,0,02,B01
200500043803,0,07,000,00,2,0,02,A01
200500043804,0,07,000,00,2,3,19,A01
200500043804,0,04,000,00,2,2,01,B01
200500043805,0,07,000,00,2,1,01,A01
200500043805,0,07,000,00,2,3,01,B01
200500043806,0,07,000,00,1,1,01,A01
200500043807,0,07,000,00,2,7,01,A01
200500043807,0,04,000,00,2,1,03,B01
200500043808,0,04,000,00,2,4,17,A01
200500043808,0,07,000,00,9,3,15,B01
200500043809,0,02,000,00,2,1,02,A01
200500043809,0,07,000,00,0,4,02,B01
200500043810,0,04,000,00,2,4,01,A01
200500043810,1,03,000,00,0,0,00,B01
200500043811,0,07,000,00,2,1,10,A01
200500043811,0,05,000,00,2,2,03,B01
200500043812,0,07,000,00,0,0,19,A01
200500043812,0,07,000,00,0,0,00,B01
200500043813,0,02,000,00,2,3,01,B01
200500043813,0,07,000,00,2,2,15,A01
200500043814,0,07,000,00,1,5,00,A01
200500043815,0,18,000,00,1,2,01,A01
200500043816,0,07,000,00,2,6,04,A01
200500043816,0,05,000,00,2,7,01,B01
200500043817,0,04,000,00,1,1,01,A01
200500043818,0,07,000,00,0,4,23,B01
200500043818,0,15,000,00,2,1,01,A01
200500043819,0,01,000,00,2,8,01,A01
200500043819,0,07,000,00,2,1,01,B01
200500043820,0,07,000,00,0,8,01,B01
200500043820,0,07,000,00,2,1,15,A01
200500043821,0,07,000,00,2,2,02,A01
200500043821,0,07,000,00,2,6,16,B01
200500043822,0,07,000,00,2,8,15,B01
200500043822,0,04,000,00,2,3,01,A01
200500043823,0,07,000,00,2,3,00,A01
200500043823,0,02,000,00,2,1,05,B01
200500043824,0,02,000,00,1,1,01,A01
200500043825,0,07,000,00,2,1,01,A01
200500043825,0,07,000,00,2,1,15,B01
200500043826,0,07,000,00,2,1,02,A01
200500043826,0,07,000,00,0,4,02,D01
200500043826,0,07,000,00,2,4,02,C01
200500043826,0,07,000,00,2,4,02,B01
200500043827,0,07,000,00,2,1,02,A01
200500043827,0,07,000,00,0,4,02,B01
200500043828,0,02,000,00,2,1,01,A01
200500043828,1,07,000,00,2,1,01,B01
200500043829,0,07,000,12,0,2,12,A01
200500043830,0,07,000,00,2,6,00,A01
200500043830,0,04,000,00,2,1,01,B01
200500043831,0,04,000,00,2,8,17,B01
200500043831,0,07,000,00,9,3,13,A01
200500043832,0,07,000,00,1,1,01,A01
200500043833,0,05,000,00,2,1,17,A01
200500043833,0,07,000,00,2,3,15,B01
200500043834,0,07,000,00,0,0,00,A01
200500043834,0,05,000,00,0,0,00,B01
200500043835,0,07,000,00,2,1,01,A01
200500043835,0,07,000,00,2,4,23,B01
200500043836,0,05,000,00,2,3,01,B01
200500043836,0,07,000,00,0,3,15,A01
200500043837,0,07,000,00,1,5,00,A01
200500043838,0,07,000,00,0,4,02,B01
200500043838,0,07,000,00,2,1,02,A01
200500043839,0,01,000,00,2,2,02,A01
200500043839,0,07,000,00,9,3,02,B01
200500043840,0,07,000,00,0,6,04,A01
200500043841,0,07,000,00,2,1,01,A01
200500043841,0,07,000,00,0,4,01,B01
200500043842,0,07,000,00,2,6,00,A01
200500043842,0,07,000,00,2,3,00,B01
200500043842,0,07,000,00,2,3,24,C01
200500043843,0,99,000,00,0,6,23,B01
200500043843,0,07,000,00,1,2,01,A01
200500043844,0,07,000,00,0,4,02,B01
200500043844,0,14,000,00,2,1,02,A01
200500043845,0,18,000,00,2,2,01,B01
200500043845,0,04,000,00,0,4,09,A01
200500043846,0,04,000,00,2,2,01,B01
200500043846,0,07,000,00,2,3,15,A01
200500043847,0,04,000,00,0,0,00,B01
200500043847,0,07,000,00,2,0,00,A01
200500043848,0,10,000,00,1,1,00,A01
200500043849,0,07,000,01,0,0,13,A01
200500043850,0,07,000,00,0,8,01,C01
200500043850,0,07,000,00,0,6,01,B01
200500043850,0,07,000,01,0,0,13,A01
200500043850,1,07,000,00,0,0,00,D01
200500043851,1,07,000,00,2,4,02,A01
200500043851,0,02,000,00,2,7,02,B01
200500043852,0,07,000,00,0,0,00,B01
200500043852,0,04,000,00,2,0,00,C01
200500043852,0,07,000,00,0,0,00,A01
200500043853,0,07,000,00,0,0,15,B01
200500043853,0,02,000,00,2,0,01,A01
200500043854,0,07,000,00,0,0,00,B01
200500043854,0,07,000,00,0,6,00,A01
200500043855,0,07,000,00,2,8,16,A01
200500043855,0,05,000,00,2,1,01,B01
200500043856,1,07,000,00,0,0,00,A01
200500043857,0,04,000,00,0,0,00,B01
200500043857,0,07,000,00,2,0,00,A01
200500043858,0,02,000,00,0,7,00,A01
200500043859,0,07,000,00,1,2,05,A01
200500043860,0,02,000,00,0,0,00,A01
200500043861,0,07,000,08,0,2,15,A01
200500043862,0,07,000,00,2,4,02,B01
200500043862,0,07,000,00,2,1,02,A01
200500043863,1,99,000,00,0,0,00,A01
200500043864,0,07,000,00,0,4,23,B01
200500043864,0,05,000,01,0,1,01,A01
200500043865,0,07,000,00,2,3,09,A01
200500043865,0,07,000,00,2,2,01,B01
200500043866,0,07,000,00,2,3,15,A01
200500043866,0,07,000,06,2,3,01,B01
200500043867,0,07,000,00,2,8,01,B01
200500043867,0,07,000,00,2,1,15,A01
200500043868,0,07,000,00,1,1,01,A01
200500043869,0,07,000,00,0,8,01,B01
200500043869,0,07,000,00,2,1,15,A01
200500043870,1,99,000,00,1,0,00,A01
200500043871,0,07,000,00,2,8,15,A01
200500043871,0,05,000,00,2,2,17,B01
200500043872,0,07,000,00,1,2,00,A01
200500043873,0,07,000,00,1,0,00,A01
200500043874,0,05,000,00,2,8,01,B01
200500043874,0,07,000,00,2,3,15,A01
200500043875,0,05,000,00,2,1,01,B01
200500043875,0,07,000,00,2,3,01,A01
200500043876,0,02,000,00,2,1,00,A01
200500043876,0,07,000,00,2,1,00,B01
200500043877,0,07,000,00,2,0,01,B01
200500043877,0,02,000,00,2,1,05,A01
200500043878,0,07,000,00,1,7,01,A01
200500043879,0,07,000,00,2,1,01,B01
200500043879,0,07,000,00,2,1,15,A01
200500043880,0,07,000,00,0,4,15,B01
200500043880,0,05,000,00,2,5,00,A01
200500043880,0,07,000,00,2,8,01,C01
200500043881,0,07,000,00,1,8,13,A01
200500043882,0,07,000,00,2,4,01,B01
200500043882,0,07,000,00,2,4,01,C01
200500043882,0,07,000,00,2,1,01,A01
200500043883,0,05,000,00,0,1,01,A01
200500043884,0,07,000,06,0,1,01,A01
200500043885,0,05,000,00,0,0,00,A01
200500043886,0,07,000,00,1,1,01,A01
200500043887,0,07,000,00,2,2,02,B01
200500043887,0,07,000,00,2,4,02,A01
200500043888,0,07,000,00,0,1,00,A01
200500043888,0,99,000,00,0,1,00,B01
200500043889,0,07,000,00,2,2,15,A01
200500043889,0,05,000,00,2,1,01,B01
200500043890,0,05,000,00,0,0,21,B01
200500043890,0,07,000,00,0,0,15,A01
200500043891,0,02,000,00,2,2,15,B01
200500043891,0,07,000,08,0,1,14,A01
200500043892,0,05,000,00,0,8,02,A01
200500043893,0,07,000,00,2,5,15,A01
200500043893,0,18,025,00,2,5,02,B01
200500043894,0,07,000,00,2,3,09,A01
200500043894,0,07,000,00,2,7,01,B01
200500043895,0,05,000,00,0,0,02,A01
200500043896,0,07,000,00,2,2,15,A01
200500043896,0,07,000,00,2,1,01,B01
200500043897,1,99,000,00,1,0,00,A01
200500043898,1,07,000,00,1,0,00,A01
200500043899,0,05,000,00,0,7,01,A01
200500043900,0,07,000,00,0,1,15,B01
200500043900,0,02,000,00,0,0,00,A01
200500043901,0,07,000,00,0,3,00,A01
200500043901,0,07,000,00,0,3,00,B01
200500043902,0,07,000,01,2,2,01,A01
200500043902,0,07,000,00,0,8,00,C01
200500043902,0,07,000,00,2,5,00,B01
200500043903,0,07,000,00,0,0,10,C01
200500043903,0,07,000,00,0,4,02,B01
200500043903,0,07,000,00,2,1,02,A01
200500043904,1,07,000,00,2,4,04,A01
200500043904,0,02,000,00,2,1,23,B01
200500043905,0,05,000,01,5,1,01,A01
200500043906,0,04,000,00,2,7,01,B01
200500043906,0,07,000,00,2,1,15,A01
200500043907,0,07,000,00,1,2,01,A01
200500043908,0,07,000,00,2,1,02,A01
200500043908,0,07,000,00,2,4,02,B01
200500043909,1,07,000,00,2,1,00,A01
200500043909,0,07,000,00,2,4,00,B01
200500043910,1,07,000,00,1,1,00,A01
200500043911,0,05,000,00,2,7,01,B01
200500043911,0,07,000,00,2,3,15,A01
200500043912,0,07,000,00,1,1,00,A01
200500043913,0,02,000,00,2,1,01,B01
200500043913,0,03,000,00,2,4,01,A01
200500043914,0,07,000,16,2,3,16,A01
200500043914,0,02,000,00,2,1,01,B01
200500043915,0,07,000,00,2,3,10,A01
200500043915,0,04,000,00,2,1,21,B01
200500043916,0,04,000,00,2,1,01,B01
200500043916,0,07,000,00,2,1,13,A01
200500043917,0,05,000,00,2,7,01,B01
200500043917,0,07,000,00,2,1,01,A01
200500043918,0,05,000,00,2,3,01,B01
200500043918,0,13,000,00,2,2,01,A01
200500043919,0,07,000,01,0,1,01,A01
200500043920,0,04,000,00,2,1,01,A01
200500043920,0,07,000,00,2,2,02,B01
200500043921,0,05,000,00,2,8,00,B01
200500043921,0,07,000,00,9,8,12,A01
200500043922,0,02,000,00,1,2,01,A01
200500043923,0,07,000,00,2,1,01,A01
200500043923,0,07,000,00,2,4,02,B01
200500043924,0,07,000,08,0,1,00,A01
200500043925,0,07,000,06,0,1,21,B01
200500043925,1,07,000,00,0,0,00,A01
200500043926,0,05,000,00,2,8,21,B01
200500043926,2,07,000,00,2,0,00,A01
200500043927,0,07,000,00,1,4,04,A01
200500043928,0,07,000,00,2,7,10,A01
200500043928,0,04,000,00,2,0,00,B01
200500043929,0,07,000,00,2,1,01,A01
200500043929,0,07,000,00,2,8,01,B01
200500043930,0,07,000,00,2,3,01,B01
200500043930,0,07,000,00,2,2,01,A01
200500043931,0,18,044,00,2,2,01,B01
200500043931,0,07,000,00,2,3,19,A01
200500043932,0,07,000,00,1,1,01,A01
200500043933,0,07,000,00,2,0,01,B01
200500043933,0,02,000,00,2,0,15,A01
200500043934,1,07,000,00,2,0,12,A01
200500043934,0,04,000,00,2,3,02,B01
200500043935,0,07,000,00,2,4,02,B01
200500043935,0,07,000,00,2,1,02,A01
200500043936,0,07,000,00,2,3,10,A01
200500043936,0,05,000,00,2,2,07,B01
200500043937,0,05,000,00,2,1,00,A01
200500043937,0,07,000,00,2,6,00,B01
200500043938,0,07,000,00,1,2,01,A01
200500043939,0,04,000,00,0,0,00,A01
200500043939,0,05,000,00,0,0,00,B01
200500043940,0,07,000,00,2,5,15,B01
200500043940,0,07,000,00,2,1,01,C01
200500043940,0,05,000,00,2,1,01,A01
200500043941,0,04,000,00,0,0,00,A01
200500043941,0,07,000,00,0,0,00,B01
200500043942,0,05,000,00,0,0,00,A01
200500043943,0,07,000,00,1,7,01,A01
200500043944,0,07,000,00,1,1,00,A01
200500043945,0,07,000,00,0,4,01,B01
200500043945,0,07,000,00,0,1,01,A01
200500043946,0,07,000,00,0,0,00,C01
200500043946,0,07,000,00,0,0,00,A01
200500043946,0,07,000,00,0,0,00,D01
200500043946,0,07,000,00,0,0,00,B01
200500043947,0,04,000,00,2,1,00,A01
200500043947,0,07,000,00,0,3,00,B01
200500043948,0,07,000,00,2,3,01,C01
200500043948,0,10,000,00,2,3,01,B01
200500043948,0,07,000,00,2,8,06,A01
200500043949,0,07,000,00,0,4,01,B01
200500043949,0,07,000,00,2,1,01,A01
200500043950,0,04,000,00,2,7,02,B01
200500043950,0,07,000,00,2,8,15,A01
200500043951,0,07,000,00,0,4,09,B01
200500043951,0,07,000,00,2,2,02,A01
200500043952,0,07,000,12,0,2,21,A01
200500043953,0,07,000,00,2,5,15,B01
200500043953,0,07,000,00,2,1,01,A01
200500043954,0,07,000,00,2,1,01,B01
200500043954,0,07,000,00,2,8,15,A01
200500043955,0,04,000,00,2,1,02,A01
200500043955,0,07,000,00,2,4,02,C01
200500043955,0,07,000,00,2,4,02,B01
200500043956,0,05,000,00,2,2,00,B01
200500043956,0,02,000,00,2,3,15,A01
200500043957,0,07,000,00,2,8,19,B01
200500043957,0,07,000,00,2,0,19,A01
200500043958,0,07,000,14,2,1,00,A01
200500043958,0,07,000,00,9,4,00,B01
200500043959,0,07,000,00,2,5,10,A01
200500043959,0,04,000,00,2,1,01,B01
200500043960,0,07,000,11,1,1,01,A01
200500043961,0,07,000,00,2,5,04,A01
200500043961,0,05,000,00,2,1,14,B01
200500043962,0,07,000,00,2,1,01,A01
200500043962,0,04,000,00,2,1,01,B01
200500043963,0,10,000,00,1,7,05,A01
200500043964,0,04,000,00,1,1,01,A01
200500043965,0,07,000,00,1,1,02,A01
200500043966,0,02,000,00,2,0,03,B01
200500043966,0,07,000,00,9,3,09,A01
200500043967,0,07,000,00,2,9,01,B01
200500043967,0,07,000,00,2,1,02,A01
200500043968,0,07,000,00,2,4,01,B01
200500043968,0,07,000,00,2,1,00,A01
200500043969,0,07,000,00,2,3,15,A01
200500043969,0,05,000,00,2,1,01,B01
200500043970,1,07,000,00,1,1,01,A01
200500043971,0,07,000,00,2,8,01,B01
200500043971,0,14,000,00,2,2,16,A01
200500043972,0,07,000,00,2,0,00,B01
200500043972,0,07,000,00,2,0,00,A01
200500043973,0,07,000,00,2,5,01,A01
200500043973,0,07,000,00,2,1,01,B01
200500043974,1,07,000,00,0,0,00,A01
200500043975,0,07,000,00,1,2,01,A01
200500043976,0,07,000,00,1,3,01,A01
200500043977,0,07,000,00,1,2,01,A01
200500043978,0,07,000,00,1,1,01,A01
200500043979,0,04,000,00,2,1,05,A01
200500043979,0,07,000,00,2,2,01,B01
200500043980,0,05,000,00,2,7,17,B01
200500043980,0,07,000,00,2,8,15,A01
200500043981,0,10,000,00,2,7,01,B01
200500043981,0,07,000,00,2,1,01,A01
200500043982,0,07,000,00,2,3,15,B01
200500043982,0,02,000,00,2,1,01,A01
200500043983,0,07,000,00,1,1,01,A01
200500043984,0,02,000,00,2,1,03,B01
200500043985,0,07,000,00,2,1,02,A01
200500043985,0,07,000,00,0,4,02,B01
200500043985,0,07,000,00,2,1,02,C01
200500043986,0,07,000,00,2,1,02,A01
200500043986,0,07,000,00,0,4,02,B01
200500043987,1,99,000,00,0,0,00,A01
200500043988,0,05,000,00,1,2,05,A01
200500043989,0,07,000,00,2,1,02,A01
200500043989,0,04,000,00,2,4,02,B01
200500043989,0,07,000,00,0,4,02,C01
200500043990,0,07,000,11,2,1,06,A01
200500043990,0,07,000,00,0,3,01,B01
200500043991,0,05,000,00,2,1,01,B01
200500043991,0,07,000,00,2,6,09,A01
200500043992,0,07,000,00,2,2,13,A01
200500043992,0,07,000,15,2,3,01,B01
200500043993,0,07,000,00,1,1,01,A01
200500043994,2,07,000,00,1,1,14,A01
200500043995,0,07,000,08,0,1,13,A01
200500043996,2,07,000,00,2,2,15,A01
200500043996,0,07,000,00,2,1,01,B01
200500043997,0,07,000,00,2,3,19,A01
200500043997,0,07,000,00,2,2,01,B01
200500043997,0,13,000,00,2,3,01,C01
200500043998,0,07,000,00,2,4,01,B01
200500043998,0,07,000,00,2,1,01,A01
200500043999,0,07,000,00,1,1,00,A01
200500044000,0,14,000,00,2,7,12,A01
200500044000,0,07,000,00,2,8,01,B01
200500044001,0,07,000,00,2,1,15,A01
200500044001,0,07,000,00,0,1,01,B01
200500044002,0,07,000,00,2,1,01,A01
200500044002,0,07,000,00,2,4,23,B01
200500044003,0,17,000,04,0,3,01,A01
200500044004,0,07,000,00,2,1,01,A01
200500044004,0,07,000,00,2,4,01,B01
200500044005,0,07,000,00,2,1,01,A01
200500044005,0,07,000,00,2,4,23,B01
200500044006,0,14,000,00,2,1,01,A01
200500044006,0,07,000,00,2,4,15,B01
200500044006,0,07,000,00,2,1,01,C01
200500044007,0,07,000,00,2,1,01,A01
200500044007,0,07,000,00,2,3,23,B01
200500044007,0,07,000,00,2,4,23,C01
200500044007,0,07,000,00,2,4,23,D01
200500044008,0,07,000,00,2,0,14,A01
200500044008,0,05,000,00,2,8,01,B01
200500044009,0,07,000,00,2,5,15,A01
200500044009,0,05,000,00,2,1,01,B01
200500044009,0,07,000,00,2,1,01,C01
200500044010,0,07,000,01,2,8,10,A01
200500044010,0,05,000,01,2,1,23,B01
200500044011,0,05,000,01,0,1,00,A01
200500044011,0,02,000,00,2,1,23,B01
200500044012,1,07,000,00,2,1,01,A01
200500044012,0,07,000,00,2,4,01,B01
200500044013,0,07,000,00,1,1,01,A01
200500044014,0,07,000,00,2,1,01,A01
200500044014,0,07,000,00,2,4,01,B01
200500044014,0,07,000,00,2,4,23,C01
200500044015,0,07,000,09,0,9,01,A01
200500044016,0,05,000,00,0,0,00,A01
200500044017,0,07,000,14,0,1,01,A01