Num_Acc,senc,catv,occutc,obs,obsm,choc,manv,num_veh
200500044372,0,07,000,00,2,3,13,A01
200500044372,0,07,000,00,2,3,02,B01
200500044373,0,07,000,08,0,1,13,A01
200500044374,0,07,000,04,0,1,01,A01
200500044375,0,12,000,00,2,1,15,A01
200500044375,0,05,000,00,2,1,01,B01
200500044376,0,07,000,00,2,3,15,A01
200500044376,0,07,000,00,2,1,01,B01
200500044377,0,07,000,00,2,5,01,A01
200500044377,0,02,000,00,2,1,01,B01
200500044378,0,07,000,00,2,1,01,A01
200500044378,0,14,000,00,2,5,01,B01
200500044379,0,07,000,00,2,1,01,B01
200500044379,0,02,000,00,2,7,00,A01
200500044380,0,07,000,00,2,1,15,A01
200500044380,0,05,000,00,2,1,01,B01
200500044381,0,07,000,00,2,1,02,A01
200500044381,0,07,000,00,2,4,02,B01
200500044381,0,07,000,00,2,4,02,C01
200500044382,0,05,000,00,2,1,01,A01
200500044382,0,10,000,00,0,4,24,B01
200500044383,0,07,000,00,2,1,01,A01
200500044383,0,07,000,00,2,3,15,B01
200500044384,0,07,000,00,2,2,02,A01
200500044384,0,07,000,00,0,6,02,B01
200500044385,0,02,000,00,2,7,02,A01
200500044385,0,07,000,00,2,0,00,B01
200500044386,0,04,000,00,1,7,16,A01
200500044387,0,10,000,00,2,2,15,A01
200500044387,0,05,000,00,0,1,15,B01
200500044388,0,07,000,00,2,3,15,A01
200500044388,0,05,000,00,2,3,01,B01
200500044389,0,04,000,00,2,1,01,A01
200500044389,0,07,000,00,0,3,15,B01
200500044390,0,07,000,00,2,1,02,A01
200500044390,0,07,000,00,0,4,02,B01
200500044391,0,07,000,00,2,1,15,A01
200500044391,0,04,000,00,0,8,01,B01
200500044392,0,02,000,14,0,1,01,A01
200500044393,0,05,000,00,0,1,01,A01
200500044394,0,05,000,00,2,9,01,A01
200500044394,0,07,000,00,2,4,13,B01
200500044394,0,07,000,00,0,4,01,C01
200500044395,0,07,000,00,2,1,01,A01
200500044395,0,07,000,00,0,0,00,B01
200500044396,0,07,000,00,2,8,09,A01
200500044396,0,04,000,00,2,1,01,B01
200500044397,0,07,000,00,1,4,01,A01
200500044398,0,07,000,00,2,2,15,A01
200500044398,0,04,000,00,2,1,01,B01
200500044399,0,02,000,00,2,2,01,A01
200500044399,0,07,000,00,2,3,15,B01
200500044400,0,10,000,00,2,1,01,A01
200500044400,0,10,000,00,2,6,01,B01
200500044401,0,05,000,00,2,3,13,A01
200500044401,0,07,000,00,2,7,01,B01
200500044402,0,05,000,00,2,8,01,A01
200500044402,0,07,000,00,2,5,16,B01
200500044403,0,02,000,00,2,9,02,A01
200500044403,0,07,000,00,2,4,01,B01
200500044404,0,05,000,00,0,7,01,A01
200500044405,0,07,000,00,2,1,13,A01
200500044405,0,07,000,00,2,1,16,B01
200500044406,0,07,000,00,2,1,15,A01
200500044406,0,07,000,00,2,1,01,B01
200500044407,0,01,000,00,0,1,01,A01
200500044408,0,07,000,04,0,2,13,A01
200500044409,0,07,000,04,0,8,13,A01
200500044410,0,02,000,00,2,1,01,A01
200500044410,0,07,000,00,2,3,01,B01
200500044411,0,07,000,00,2,9,15,A01
200500044411,0,04,000,00,2,1,01,B01
200500044411,0,05,000,00,2,1,01,C01
200500044412,0,04,000,00,2,1,01,A01
200500044413,1,07,000,00,2,0,17,A01
200500044413,0,07,000,00,2,3,15,B01
200500044414,0,07,000,00,2,8,01,B01
200500044414,0,02,000,00,2,2,12,A01
200500044415,0,07,000,00,2,0,15,A01
200500044415,0,05,000,00,2,8,01,B01
200500044416,0,04,000,00,2,3,01,A01
200500044416,0,07,000,00,2,2,16,B01
200500044417,0,05,000,00,1,3,07,A01
200500044418,0,02,000,00,2,9,08,A01
200500044418,0,07,000,00,2,1,15,B01
200500044419,0,07,000,00,2,2,15,A01
200500044419,0,07,000,00,2,1,01,B01
200500044420,0,07,000,00,2,1,01,A01
200500044420,0,07,000,00,2,1,01,B01
200500044420,0,07,000,00,2,4,01,C01
200500044421,0,07,000,00,2,2,15,A01
200500044421,0,07,000,00,2,1,01,B01
200500044422,0,07,000,00,1,2,01,A01
200500044423,0,07,000,00,2,1,01,A01
200500044423,0,07,000,00,2,4,01,B01
200500044424,0,07,000,05,0,1,01,A01
200500044425,0,07,000,00,0,0,00,A01
200500044426,0,07,000,00,2,7,01,A01
200500044426,0,07,000,00,2,1,01,B01
200500044427,0,07,000,00,2,8,16,A01
200500044427,0,04,000,00,2,7,01,B01
200500044428,0,07,000,00,2,3,16,A01
200500044428,0,07,000,00,2,3,01,B01
200500044429,0,07,000,00,2,1,01,A01
200500044429,0,07,000,00,2,1,01,B01
200500044429,0,07,000,00,2,4,01,C01
200500044430,0,07,000,00,2,7,01,A01
200500044430,0,07,000,00,2,4,01,B01
200500044431,0,05,000,00,2,7,17,A01
200500044431,0,07,000,00,2,3,14,B01
200500044432,0,07,000,00,1,7,01,A01
200500044433,0,17,000,00,2,7,16,A01
200500044433,0,18,001,00,0,3,01,B01
200500044434,0,05,000,00,0,9,01,A01
200500044435,0,01,000,00,2,4,19,A01
200500044435,0,02,000,00,2,1,01,B01
200500044436,0,07,000,00,2,2,11,B01
200500044436,0,20,000,00,2,2,00,A01
200500044437,0,07,000,00,2,3,13,A01
200500044437,0,07,000,00,2,8,01,B01
200500044438,0,05,000,00,2,8,15,A01
200500044438,0,07,000,00,2,7,01,B01
200500044439,0,07,000,00,2,4,04,A01
200500044439,0,02,000,01,2,1,01,B01
200500044440,0,07,000,00,2,3,01,A01
200500044440,0,07,000,00,0,1,01,B01
200500044441,0,04,000,00,2,1,01,A01
200500044441,0,07,000,00,2,5,01,B01
200500044442,0,07,000,00,9,1,01,A01
200500044443,0,07,000,00,2,1,13,A01
200500044443,0,07,000,00,2,1,01,B01
200500044444,0,05,000,08,0,2,14,A01
200500044445,0,02,000,00,2,1,02,A01
200500044445,0,10,000,00,0,4,02,B01
200500044446,0,05,000,00,2,0,01,A01
200500044446,0,05,000,00,2,6,01,B01
200500044447,0,07,000,00,2,3,01,B01
200500044447,0,07,000,00,0,2,01,C01
200500044447,0,07,000,00,2,1,01,A01
200500044448,0,07,000,12,0,9,01,A01
200500044448,0,07,000,00,0,0,00,B01
200500044449,0,07,000,12,0,1,01,A01
200500044450,0,05,000,00,0,1,14,A01
200500044451,0,07,000,00,2,3,13,A01
200500044451,0,07,000,00,2,6,01,B01
200500044452,0,07,000,00,1,4,04,A01
200500044453,0,02,000,12,0,1,01,A01
200500044454,0,07,000,04,0,1,01,A01
200500044455,0,07,000,00,0,0,15,A01
200500044455,0,05,000,00,0,8,21,B01
200500044456,0,04,000,05,0,7,01,A01
200500044457,0,07,000,00,2,1,02,A01
200500044457,0,01,000,00,2,4,02,B01
200500044458,0,07,000,00,2,3,15,A01
200500044458,0,05,000,00,0,7,01,B01
200500044459,1,07,000,00,2,3,15,A01
200500044459,0,05,000,11,2,0,00,B01
200500044460,0,18,021,00,1,0,16,A01
200500044461,0,05,000,00,2,9,15,A01
200500044461,0,10,000,00,2,3,01,B01
200500044461,0,10,000,00,0,4,15,C01
200500044462,0,18,001,01,0,2,00,A01
200500044463,0,07,000,00,2,1,17,A01
200500044463,0,07,000,00,2,7,15,B01
200500044464,0,07,000,04,0,1,00,A01
200500044465,0,07,000,09,0,1,01,A01
200500044466,0,07,000,00,2,3,15,A01
200500044466,0,07,000,00,2,1,01,B01
200500044467,0,07,000,08,0,1,14,A01
200500044468,0,10,000,00,1,1,15,A01
200500044469,0,05,000,00,2,2,17,A01
200500044469,0,08,000,00,2,3,15,B01
200500044470,0,01,000,14,1,2,01,A01
200500044471,0,05,000,12,2,8,01,A01
200500044471,0,07,000,00,2,3,01,B01
200500044472,0,01,000,00,1,1,01,A01
200500044473,0,10,000,00,2,7,15,A01
200500044473,0,05,000,00,2,2,01,B01
200500044474,0,07,000,00,2,8,01,A01
200500044474,0,05,000,00,2,1,01,B01
200500044475,0,07,000,06,0,2,01,A01
200500044476,0,10,000,00,1,2,01,A01
200500044477,0,07,000,06,2,9,01,A01
200500044477,0,07,000,00,2,1,01,B01
200500044478,0,07,000,00,2,1,01,A01
200500044478,0,07,000,00,2,3,01,B01
200500044479,0,13,000,00,2,2,01,A01
200500044479,0,07,000,00,2,1,01,B01
200500044480,0,07,000,00,2,7,16,A01
200500044480,0,02,000,00,2,3,01,B01
200500044481,0,05,000,01,2,9,01,A01
200500044481,0,07,000,00,2,2,16,B01
200500044482,0,07,000,00,2,0,01,A01
200500044482,0,01,000,00,2,1,19,B01
200500044483,0,07,000,00,2,1,01,A01
200500044483,0,02,000,00,2,1,15,B01
200500044484,0,07,000,00,1,2,01,A01
200500044485,0,05,000,08,0,1,01,A01
200500044486,0,07,000,00,2,4,23,A01
200500044486,0,01,000,14,0,1,01,B01
200500044487,0,07,000,00,2,6,04,A01
200500044487,0,02,000,00,2,2,01,B01
200500044488,0,07,000,00,2,7,15,A01
200500044488,0,02,000,00,2,1,01,B01
200500044489,0,02,000,00,2,1,01,A01
200500044489,0,07,000,00,2,3,01,B01
200500044490,0,01,000,00,4,0,00,A01
200500044490,0,19,000,00,2,0,00,B01
200500044491,0,02,000,00,2,0,01,A01
200500044491,0,07,000,00,2,6,23,B01
200500044491,0,07,000,00,2,0,23,C01
200500044492,0,07,000,00,2,3,20,A01
200500044492,0,02,000,00,2,2,01,B01
200500044493,0,19,000,00,1,0,01,A01
200500044494,0,07,000,00,2,3,15,A01
200500044494,0,07,000,00,2,3,01,B01
200500044495,0,10,000,00,2,1,01,A01
200500044495,0,07,000,00,2,9,02,B01
200500044495,0,10,000,00,2,4,02,C01
200500044496,0,07,000,00,1,1,01,A01
200500044497,0,02,000,00,2,1,01,A01
200500044497,0,07,000,00,2,1,01,B01
200500044498,0,07,000,00,2,1,20,A01
200500044498,0,05,000,00,2,1,01,B01
200500044499,0,07,000,00,2,3,15,A01
200500044499,0,05,000,00,2,1,01,B01
200500044500,0,07,000,00,2,3,15,A01
200500044500,0,07,000,00,2,1,01,B01
200500044501,0,07,000,00,5,6,21,A01
200500044502,0,10,000,00,2,1,01,A01
200500044502,0,07,000,00,2,4,01,B01
200500044503,0,02,000,00,2,1,00,A01
200500044503,0,02,000,00,2,1,00,B01
200500044504,0,01,000,00,2,1,01,A01
200500044504,0,01,000,00,2,1,01,B01
200500044505,0,01,000,00,1,1,01,A01
200500044506,0,04,000,00,2,8,01,A01
200500044506,0,07,000,00,2,1,01,B01
200500044507,0,07,000,00,1,1,01,A01
200500044508,0,07,000,00,1,2,15,A01
200500044509,0,05,000,00,9,8,01,B01
200500044510,0,02,000,00,1,1,01,A01
200500044511,0,07,000,00,2,2,01,A01
200500044511,0,07,000,00,2,4,02,B01
200500044512,2,07,000,00,2,1,05,A01
200500044512,0,18,002,00,2,1,01,B01
200500044513,1,06,000,00,2,2,01,A01
200500044513,0,07,000,00,2,2,01,B01
200500044514,1,07,000,00,1,1,01,A01
200500044515,0,07,000,00,2,2,01,A01
200500044515,0,07,000,00,2,4,23,B01
200500044516,0,07,000,00,2,1,01,A01
200500044516,0,07,000,00,2,8,01,B01
200500044517,0,07,000,00,1,2,01,A01
200500044518,0,07,000,00,2,5,16,A01
200500044518,0,01,000,00,2,1,07,B01
200500044519,0,07,000,00,2,1,01,A01
200500044519,0,07,000,00,2,9,01,B01
200500044520,0,07,000,00,2,2,01,A01
200500044520,0,07,000,00,2,1,01,B01
200500044521,0,05,000,01,0,3,14,A01
200500044522,0,01,000,00,2,2,16,A01
200500044522,0,07,000,00,2,0,01,B01
200500044523,0,05,000,00,2,1,01,A01
200500044523,0,07,000,00,2,4,02,B01
200500044524,0,02,000,00,2,1,15,A01
200500044524,0,07,000,00,2,2,01,B01
200500044525,0,05,000,01,0,1,01,A01
200500044525,0,10,000,00,2,6,23,B01
200500044526,0,07,000,00,2,8,15,A01
200500044526,0,02,000,00,2,1,01,B01
200500044527,0,07,000,00,2,1,15,A01
200500044527,0,07,000,15,2,2,01,B01
200500044528,0,07,000,00,2,1,01,A01
200500044528,0,01,000,00,2,1,15,B01
200500044529,1,02,000,00,1,0,00,A01
200500044530,0,02,000,00,1,1,01,A01
200500044531,0,07,000,00,2,3,01,A01
200500044531,0,07,000,00,2,1,01,B01
200500044532,0,05,000,00,2,1,01,A01
200500044532,0,07,000,00,2,3,09,B01
200500044533,0,07,000,00,1,3,01,A01
200500044534,1,10,000,00,2,2,01,A01
200500044534,0,01,000,00,2,8,01,B01
200500044535,0,07,000,00,2,8,01,A01
200500044535,0,07,000,00,2,1,01,B01
200500044536,0,02,000,00,2,1,02,A01
200500044536,0,07,000,00,2,4,01,B01
200500044537,0,07,000,00,2,1,16,A01
200500044537,0,07,000,00,2,0,15,B01
200500044538,1,02,000,00,1,0,00,A01
200500044539,0,07,000,00,2,1,15,A01
200500044539,0,02,000,00,2,1,01,B01
200500044540,0,07,000,00,1,1,01,A01
200500044541,0,02,000,14,0,1,01,A01
200500044542,0,07,000,00,2,0,15,A01
200500044542,0,07,000,00,2,0,01,B01
200500044543,0,07,000,00,2,3,16,A01
200500044543,0,02,000,00,2,4,01,B01
200500044544,0,01,000,00,2,1,12,A01
200500044544,0,07,000,00,2,7,01,B01
200500044545,0,07,000,00,2,1,01,A01
200500044545,0,07,000,00,2,1,15,B01
200500044546,0,07,000,09,0,1,01,A01
200500044547,0,07,000,00,2,1,01,A01
200500044547,0,07,000,00,2,7,15,B01
200500044548,0,02,000,00,2,7,15,A01
200500044548,0,05,000,12,2,2,01,B01
200500044549,0,07,000,00,2,1,01,A01
200500044549,0,07,000,00,2,7,01,B01
200500044550,0,02,000,01,0,2,14,A01
200500044551,0,07,000,00,2,2,15,A01
200500044551,0,01,000,00,2,1,01,B01
200500044552,0,07,000,01,0,9,13,A01
200500044553,0,10,000,14,2,1,06,A01
200500044553,0,07,000,00,2,1,01,B01
200500044554,0,02,000,00,2,7,17,A01
200500044554,0,07,000,00,2,8,15,B01
200500044555,0,07,000,00,2,1,15,A01
200500044555,0,02,000,00,2,1,01,B01
200500044556,0,07,000,00,2,7,19,B01
200500044556,0,02,000,00,2,1,01,A01
200500044557,0,07,000,10,0,4,16,A01
200500044557,0,07,000,00,2,2,01,B01
200500044558,0,02,000,00,2,3,01,A01
200500044558,1,07,000,00,2,0,15,B01
200500044559,0,07,000,00,2,1,09,A01
200500044559,0,04,000,00,2,7,01,B01
200500044560,0,07,000,00,2,2,15,A01
200500044560,0,05,000,00,2,1,01,B01
200500044561,0,07,000,00,9,2,01,A01
200500044561,0,01,000,00,2,1,01,B01
200500044562,0,07,000,00,2,2,15,A01
200500044562,0,05,000,00,2,5,01,B01
200500044563,0,07,000,00,2,1,15,A01
200500044563,0,05,000,00,2,7,01,B01
200500044564,0,07,000,00,9,8,10,A01
200500044564,0,05,000,00,2,1,02,B01
200500044565,0,07,000,00,9,1,01,A01
200500044565,0,01,000,00,0,4,12,B01
200500044566,0,07,000,00,2,3,13,A01
200500044566,0,04,000,00,2,1,01,B01
200500044567,0,07,000,00,0,8,22,A01
200500044567,0,01,000,01,0,1,21,B01
200500044568,0,07,000,00,9,2,11,A01
200500044568,0,02,000,00,2,8,01,B01
200500044569,0,07,000,09,1,7,01,A01
200500044570,0,18,029,00,1,5,00,A01
200500044571,0,07,000,00,1,2,02,A01
200500044572,0,02,000,13,2,1,02,A01
200500044572,0,07,000,09,2,4,23,B01
200500044573,0,05,000,13,9,0,01,A01
200500044574,0,07,000,06,2,3,02,A01
200500044574,0,10,000,00,2,0,09,B01
200500044574,0,07,000,13,2,0,01,C01
200500044575,0,07,000,00,2,3,13,A01
200500044575,0,07,000,00,2,3,01,B01
200500044575,0,08,000,00,2,3,13,C01
200500044576,0,07,000,00,2,1,05,A01
200500044576,0,07,000,00,2,1,01,B01
200500044577,0,07,000,09,1,1,01,A01
200500044578,0,07,000,00,1,6,04,A01
200500044579,0,07,000,00,2,8,10,A01
200500044579,0,07,000,00,2,1,01,B01
200500044580,0,07,000,00,2,1,01,A01
200500044580,0,07,000,00,2,3,00,B01
200500044581,0,07,000,00,2,1,15,A01
200500044581,0,07,000,00,2,2,00,B01
200500044582,0,07,000,00,2,1,00,A01
200500044582,0,07,000,00,2,1,00,B01
200500044583,0,07,000,00,2,1,01,A01
200500044583,0,01,000,00,2,8,01,B01
200500044584,0,07,000,14,0,8,06,A01
200500044584,0,05,000,14,0,8,17,B01
200500044585,0,07,000,09,2,1,01,A01
200500044585,0,15,000,09,2,7,15,B01
200500044586,0,07,000,09,2,7,15,B01
200500044586,0,07,000,09,2,1,09,A01
200500044587,0,07,000,09,0,0,00,A01
200500044588,0,07,000,14,0,1,02,A01
200500044588,0,07,000,14,0,4,00,B01
200500044588,0,02,000,00,0,6,15,C01
200500044588,0,02,000,00,0,6,15,D01
200500044589,0,07,000,00,0,8,10,A01
200500044589,0,02,000,00,0,1,00,B01
200500044590,0,07,000,07,2,1,02,B01
200500044590,0,07,000,07,2,1,01,A01
200500044591,0,05,000,09,2,1,17,A01
200500044591,0,07,000,09,2,7,15,B01
200500044592,0,07,000,13,2,2,02,A01
200500044592,0,21,000,13,0,4,00,B01
200500044593,0,07,000,01,2,1,02,A01
200500044593,0,07,000,01,2,4,01,B01
200500044594,0,10,000,12,2,1,02,A01
200500044594,0,07,000,12,2,4,01,B01
200500044595,0,07,000,01,1,1,01,A01
200500044596,0,07,000,01,1,1,01,A01
200500044597,0,07,000,03,0,7,14,A01
200500044598,0,05,000,09,2,1,17,A01
200500044598,0,07,000,09,2,8,16,B01
200500044599,0,07,000,11,1,4,04,A01
200500044600,0,04,000,00,2,7,01,B01
200500044601,0,07,000,00,2,2,15,A01
200500044601,0,05,000,00,2,1,01,B01
200500044602,0,07,000,00,2,1,01,A01
200500044602,0,07,000,00,2,4,21,B01
200500044602,1,07,000,00,0,0,00,C01
200500044603,0,07,000,00,0,3,09,A01
200500044603,0,02,000,00,2,2,01,B01
200500044604,0,05,000,00,0,1,01,A01
200500044605,0,07,000,00,2,2,01,B01
200500044605,0,07,000,00,2,3,13,A01
200500044606,0,05,000,00,2,8,01,A01
200500044606,0,07,000,00,0,2,01,B01
200500044607,0,17,000,13,2,2,01,A01
200500044607,0,07,000,00,2,1,01,B01
200500044608,0,07,000,12,0,2,01,A01
200500044609,0,07,000,00,9,2,01,B01
200500044609,0,01,000,00,2,3,19,A01
200500044610,0,05,000,00,0,7,15,B01
200500044610,0,07,000,00,0,0,15,A01
200500044611,0,07,000,00,2,4,01,A01
200500044611,0,05,000,00,0,0,01,B01
200500044612,0,07,000,04,0,8,13,A01
200500044613,0,05,000,00,1,2,21,A01
200500044614,0,07,000,00,2,3,01,A01
200500044614,0,07,000,00,2,3,19,B01
200500044615,0,05,000,00,2,2,17,A01
200500044615,0,07,000,00,2,6,15,B01
200500044616,0,07,000,00,2,3,15,A01
200500044616,0,05,000,00,2,1,01,B01
200500044617,0,02,000,01,0,1,13,A01
200500044618,0,07,000,00,2,6,04,A01
200500044618,0,07,000,00,2,2,01,B01
200500044619,0,05,000,00,2,1,01,B01
200500044619,0,07,000,00,2,8,09,A01
200500044620,0,07,000,00,0,0,00,A01
200500044620,0,02,000,00,0,0,01,B01
200500044621,0,07,000,00,0,4,02,B01
200500044621,0,07,000,00,2,1,02,A01
200500044621,0,07,000,00,0,4,02,C01
200500044622,0,02,000,00,0,2,01,A01
200500044623,0,07,000,12,2,1,05,A01
200500044623,0,07,000,00,2,3,01,B01
200500044623,0,07,000,00,2,1,01,C01
200500044624,0,07,000,00,0,0,15,A01
200500044624,0,05,000,12,0,1,01,B01
200500044625,0,04,000,00,2,1,21,B01
200500044625,0,07,000,00,2,2,15,A01
200500044626,0,07,000,00,2,1,15,A01
200500044626,0,05,000,00,2,1,01,B01
200500044627,0,07,000,00,5,3,21,A01
200500044628,0,07,000,00,2,8,01,A01
200500044628,0,14,000,00,2,2,01,B01
200500044629,0,07,000,00,0,6,24,A01
200500044629,1,07,000,01,0,2,14,B01
200500044630,0,07,000,13,0,1,00,A01
200500044631,0,05,000,00,0,7,01,A01
200500044632,0,07,000,00,2,1,01,A01
200500044632,0,07,000,00,0,4,01,B01
200500044632,0,07,000,00,0,4,01,C01
200500044633,0,07,000,00,1,1,01,A01
200500044634,0,04,000,00,2,1,17,A01
200500044635,0,07,000,00,0,9,01,A01
200500044636,0,07,000,00,2,5,11,A01
200500044636,0,05,000,00,2,1,01,B01
200500044637,0,07,000,00,2,1,01,B01
200500044637,0,07,000,00,2,2,00,A01
200500044638,0,07,000,13,0,0,00,A01
200500044639,0,07,000,00,2,3,15,A01
200500044639,0,05,000,00,2,2,01,B01
200500044640,0,10,000,00,0,0,15,A01
200500044640,0,04,000,12,0,1,21,B01
200500044641,0,07,000,00,2,2,01,B01
200500044641,0,07,000,00,2,2,01,A01
200500044642,0,04,000,00,1,1,01,B01
200500044642,0,01,000,00,2,1,05,A01
200500044643,0,07,000,00,0,0,01,A01
200500044644,0,07,000,00,2,6,16,A01
200500044644,0,02,000,00,2,2,16,B01
200500044645,0,07,000,00,2,8,01,B01
200500044645,0,07,000,00,2,1,01,C01
200500044645,0,07,000,00,2,1,15,A01
200500044646,0,07,000,00,2,1,01,A01
200500044646,0,01,000,00,2,1,01,B01
200500044647,0,07,000,00,0,5,10,A01
200500044647,0,05,000,00,2,3,01,B01
200500044648,0,04,000,00,2,1,17,A01
200500044648,0,07,000,00,2,1,01,B01
200500044649,0,07,000,00,2,1,15,A01
200500044649,0,02,000,00,2,8,01,B01
200500044650,0,02,000,00,1,1,01,A01
200500044651,0,05,000,00,2,1,17,B01
200500044651,0,07,000,00,2,3,15,A01
200500044652,0,07,000,00,2,1,13,A01
200500044652,0,07,000,00,2,1,01,B01
200500044653,0,07,000,00,2,3,01,A01
200500044653,0,10,000,00,2,2,01,B01
200500044654,0,07,000,00,2,2,15,A01
200500044654,0,05,000,00,2,1,01,B01
200500044655,0,07,000,00,2,3,15,A01
200500044655,0,02,000,00,2,7,17,B01
200500044656,0,02,000,00,2,8,13,A01
200500044656,0,07,000,00,2,8,01,B01
200500044657,0,02,000,00,1,1,01,A01
200500044658,0,07,000,13,0,1,00,A01
200500044659,0,07,000,03,0,9,00,A01
200500044660,0,07,000,00,2,1,02,A01
200500044660,0,07,000,00,2,4,23,B01
200500044660,0,07,000,00,2,4,23,C01
200500044661,0,07,000,00,2,1,09,A01
200500044661,0,01,000,00,2,4,01,B01
200500044662,0,07,000,07,2,1,10,A01
200500044662,0,04,000,00,2,0,21,B01
200500044663,0,18,000,00,2,2,21,B01
200500044663,0,07,000,00,2,1,09,A01
200500044664,0,07,000,00,2,7,23,A01
200500044664,0,01,000,00,2,0,01,B01
200500044665,0,07,000,00,2,1,02,A01
200500044665,0,07,000,00,2,1,02,B01
200500044666,0,02,000,00,2,1,09,A01
200500044666,0,07,000,00,2,8,01,B01
200500044667,0,05,000,00,2,1,17,A01
200500044667,0,07,000,00,2,3,15,B01
200500044668,0,07,000,00,2,1,02,A01
200500044668,0,07,000,00,2,4,23,B01
200500044669,0,07,000,02,0,9,00,A01
200500044670,0,07,000,16,0,9,13,A01
200500044671,0,07,000,02,0,1,00,A01
200500044672,0,07,000,12,0,2,00,A01
200500044673,1,07,000,00,2,0,13,A01
200500044673,0,01,000,00,2,8,00,B01
200500044674,0,01,000,00,1,1,01,A01
200500044675,0,14,000,00,0,0,01,A01
200500044675,0,05,000,14,0,0,00,B01
200500044676,0,02,000,00,0,0,01,A01
200500044677,0,07,000,00,2,1,15,A01
200500044677,0,05,000,00,2,1,00,B01
200500044678,0,02,000,00,2,7,00,A01
200500044678,0,04,000,00,2,0,01,B01
200500044679,0,07,000,00,1,1,00,A01
200500044680,0,07,000,00,2,1,00,B01
200500044680,0,01,000,00,2,0,01,A01
200500044681,0,07,000,14,0,1,01,A01
200500044682,0,07,000,00,2,1,02,A01
200500044682,0,07,000,00,2,4,02,B01
200500044683,0,07,000,00,1,1,15,A01
200500044684,0,07,000,00,1,2,01,A01
200500044685,0,02,000,00,0,3,09,A01
200500044686,0,07,000,00,2,5,16,A01
200500044686,0,07,000,00,2,3,01,B01
200500044687,0,07,000,00,9,1,09,A01
200500044687,0,01,000,00,2,7,00,B01
200500044688,0,02,000,00,2,1,17,A01
200500044688,0,18,001,00,2,3,15,B01
200500044689,0,07,000,00,2,1,01,A01
200500044689,0,07,000,00,2,4,16,B01
200500044690,0,07,000,00,2,2,01,A01
200500044690,0,07,000,00,2,6,12,B01
200500044691,0,07,000,00,2,1,00,A01
200500044691,0,07,000,00,2,5,01,B01
200500044692,0,07,000,00,0,0,15,A01
200500044692,0,02,000,00,0,8,01,B01
200500044693,0,07,000,00,2,3,15,A01
200500044693,0,05,000,00,2,1,01,B01
200500044694,0,07,000,00,1,1,02,A01
200500044695,0,07,000,00,2,8,19,A01
200500044695,0,07,000,00,2,1,02,B01
200500044695,0,07,000,00,2,5,23,C01
200500044696,0,05,000,00,2,8,02,B01
200500044696,0,07,000,00,9,1,15,A01
200500044697,0,99,000,00,2,2,01,B01
200500044697,0,07,000,00,2,3,09,A01
200500044698,0,07,000,00,2,1,01,A01
200500044698,0,07,000,00,2,1,01,B01
200500044699,0,07,000,00,2,8,15,A01
200500044699,0,05,000,00,2,1,01,B01
200500044700,0,07,000,00,1,1,01,A01
200500044701,0,07,000,00,2,1,01,A01
200500044701,0,02,000,00,2,4,01,B01
200500044702,0,07,000,00,2,1,01,A01
200500044702,0,03,000,00,2,4,01,B01
200500044703,0,07,000,00,2,7,15,A01
200500044703,0,07,000,00,2,1,01,B01
200500044704,0,07,000,00,1,1,01,A01
200500044705,0,07,000,00,2,1,15,A01
200500044705,0,07,000,00,2,8,01,B01
200500044706,0,07,000,00,2,1,18,A01
200500044706,0,02,000,00,2,1,01,B01
200500044707,0,02,000,00,1,1,17,A01
200500044708,0,07,000,00,2,1,17,A01
200500044708,0,07,000,00,2,3,15,B01
200500044709,0,02,000,00,2,1,02,A01
200500044709,0,07,000,00,2,4,02,B01
200500044710,0,07,000,00,2,3,19,B01
200500044710,0,07,000,00,2,1,19,A01
200500044711,0,05,000,01,0,1,01,A01
200500044712,0,18,000,00,1,2,01,A01
200500044713,0,01,000,00,0,0,00,A01
200500044713,0,01,000,00,0,0,00,B01
200500044714,0,07,000,00,2,4,01,B01
200500044714,0,12,000,00,2,1,02,A01
200500044715,0,07,000,00,2,7,01,A01
200500044715,0,07,000,00,2,3,01,B01
200500044716,0,02,000,00,2,8,01,A01
200500044716,0,07,000,00,2,1,01,B01
200500044717,0,07,000,01,0,1,19,A01
200500044718,0,07,000,00,2,3,15,A01
200500044718,0,05,000,00,2,7,17,B01
200500044719,0,07,000,00,2,3,09,A01
200500044719,0,05,000,00,2,1,01,B01
200500044720,0,07,000,01,0,1,14,A01
200500044721,0,05,000,00,2,4,21,A01
200500044721,0,07,000,00,2,3,17,B01
200500044722,0,07,000,00,2,3,01,A01
200500044722,0,05,000,00,2,7,01,B01
200500044723,0,02,000,00,2,7,19,A01
200500044723,0,07,000,00,2,1,01,B01
200500044724,0,02,000,11,0,1,01,A01
200500044725,0,05,000,01,2,7,01,A01
200500044725,0,07,000,00,2,1,01,B01
200500044726,0,02,000,00,2,1,01,A01
200500044726,0,07,000,00,0,2,01,B01
200500044727,0,07,000,00,2,3,15,A01
200500044727,0,07,000,00,2,1,01,B01
200500044728,0,07,000,00,1,0,21,A01
200500044729,0,18,005,00,1,2,01,A01
200500044730,0,07,000,00,2,2,16,A01
200500044730,0,01,000,00,2,3,01,B01
200500044731,0,05,000,00,2,8,13,A01
200500044731,0,18,020,00,2,2,01,B01
200500044732,0,07,000,14,0,1,06,A01
200500044733,0,02,000,00,4,1,15,A01
200500044733,0,07,000,00,2,1,01,B01
200500044734,0,05,000,00,2,2,17,A01