Num_Acc,senc,catv,occutc,obs,obsm,choc,manv,num_veh
200500044735,0,07,000,00,2,1,15,A01
200500044735,0,01,000,00,2,3,01,B01
200500044736,0,07,000,00,2,1,01,A01
200500044736,0,07,000,00,2,8,01,B01
200500044737,0,05,000,00,2,6,17,A01
200500044737,0,07,000,00,2,3,15,B01
200500044738,0,01,000,00,2,1,19,A01
200500044738,0,07,000,00,2,3,01,B01
200500044739,0,04,000,00,2,2,01,A01
200500044739,0,02,000,00,2,1,01,B01
200500044739,0,07,000,00,2,1,01,C01
200500044740,0,07,000,00,2,2,15,A01
200500044740,0,01,000,00,2,7,01,B01
200500044741,0,07,000,00,2,3,16,A01
200500044741,0,07,000,00,2,3,01,B01
200500044742,1,07,000,00,2,1,13,A01
200500044742,0,07,000,00,2,8,15,B01
200500044743,0,07,000,00,2,1,16,A01
200500044743,0,01,000,00,2,1,01,B01
200500044744,0,07,000,00,2,3,10,A01
200500044744,0,05,000,00,2,1,01,B01
200500044745,0,07,000,00,2,3,01,A01
200500044745,0,05,000,00,2,6,01,B01
200500044746,0,07,000,00,1,3,04,A01
200500044747,0,07,000,00,1,4,04,A01
200500044748,0,01,000,00,2,2,01,A01
200500044748,0,07,000,00,2,3,01,B01
200500044749,0,07,000,00,1,2,01,A01
200500044750,0,07,000,00,2,3,01,B01
200500044750,0,07,000,00,2,1,01,C01
200500044750,0,07,000,00,2,7,15,A01
200500044751,0,07,000,00,2,2,01,A01
200500044751,0,07,000,00,2,3,01,B01
200500044752,0,07,000,00,2,7,15,A01
200500044752,0,07,000,00,2,1,01,B01
200500044753,0,07,000,00,2,1,05,A01
200500044753,0,18,001,00,2,1,01,B01
200500044754,0,05,000,00,2,1,02,A01
200500044754,0,07,000,00,2,5,02,B01
200500044755,0,02,000,00,1,1,01,A01
200500044756,0,07,000,00,2,8,15,A01
200500044756,0,01,000,00,2,1,13,B01
200500044757,0,07,000,00,0,1,01,B01
200500044757,0,07,000,00,2,2,01,A01
200500044758,0,07,000,00,0,1,01,A01
200500044758,0,07,000,00,0,4,02,B01
200500044758,0,07,000,00,0,4,02,C01
200500044759,0,01,000,00,2,7,15,A01
200500044759,0,07,000,00,0,3,01,B01
200500044760,1,07,000,00,2,1,05,A01
200500044760,0,04,000,00,2,1,01,B01
200500044761,0,05,000,00,2,1,18,A01
200500044761,0,07,000,00,0,5,01,B01
200500044762,0,07,000,00,2,1,02,A01
200500044762,0,02,000,00,2,8,02,B01
200500044763,0,17,000,00,2,2,17,A01
200500044763,0,07,000,04,2,6,01,B01
200500044764,0,07,000,00,2,2,01,A01
200500044764,0,10,000,00,2,1,01,B01
200500044765,0,07,000,00,1,1,01,A01
200500044766,0,07,000,00,2,1,02,A01
200500044766,0,07,000,14,2,4,23,B01
200500044766,0,07,000,00,2,4,23,C01
200500044767,0,07,000,00,2,4,23,B01
200500044767,0,05,000,00,2,1,14,A01
200500044768,0,07,000,00,2,3,11,A01
200500044768,0,02,000,00,2,1,15,B01
200500044769,0,07,000,00,2,3,09,A01
200500044769,0,02,000,00,2,1,01,B01
200500044770,0,07,000,00,2,2,13,A01
200500044770,0,07,000,00,2,1,01,B01
200500044771,0,03,000,00,1,1,16,A01
200500044772,0,07,000,00,2,4,15,A01
200500044772,0,07,000,00,2,1,01,B01
200500044772,0,07,000,00,2,1,01,C01
200500044773,0,07,000,02,2,1,01,B01
200500044773,0,02,000,00,2,1,13,A01
200500044773,0,07,000,00,9,1,01,C01
200500044774,0,07,000,00,2,6,01,B01
200500044774,0,07,000,00,2,2,19,A01
200500044775,0,10,000,00,1,8,01,A01
200500044776,0,07,000,14,0,1,01,A01
200500044777,0,07,000,00,9,3,01,C01
200500044777,0,07,000,00,2,6,17,B01
200500044777,0,05,000,04,2,2,17,A01
200500044778,0,07,000,00,2,1,15,A01
200500044778,0,05,000,00,2,1,01,B01
200500044779,0,02,000,00,2,1,01,A01
200500044779,0,07,000,00,2,2,15,B01
200500044780,0,02,000,00,0,8,21,A01
200500044781,0,07,000,00,1,1,01,A01
200500044782,0,05,000,00,0,7,02,A01
200500044783,0,07,000,00,2,1,01,A01
200500044783,0,07,000,00,2,1,01,C01
200500044783,0,07,000,00,2,1,01,B01
200500044784,0,07,000,00,2,1,02,A01
200500044784,0,07,000,00,2,4,23,B01
200500044784,0,07,000,00,2,4,23,C01
200500044785,0,07,000,00,2,7,01,B01
200500044785,0,14,000,00,2,1,15,A01
200500044786,0,07,000,00,1,2,01,A01
200500044787,0,07,000,00,2,2,01,A01
200500044787,0,01,000,00,2,1,05,B01
200500044788,0,07,000,00,2,1,02,A01
200500044788,0,07,000,00,2,4,02,B01
200500044788,0,07,000,01,2,4,02,C01
200500044789,0,07,000,00,2,1,13,A01
200500044789,0,07,000,00,2,1,23,B01
200500044790,0,02,000,06,2,1,21,A01
200500044790,0,13,000,00,2,4,02,B01
200500044791,0,07,000,14,9,1,02,A01
200500044791,0,07,000,14,9,4,23,B01
200500044791,0,07,000,00,2,4,23,C01
200500044792,0,02,000,12,0,7,14,A01
200500044793,0,07,000,00,2,1,09,A01
200500044793,0,07,000,00,2,1,01,B01
200500044794,0,07,000,00,2,1,15,A01
200500044794,0,07,000,00,2,1,05,B01
200500044795,0,02,000,12,0,1,01,A01
200500044796,0,07,000,00,1,3,15,A01
200500044797,0,07,000,01,0,1,02,A01
200500044797,0,14,000,00,0,4,23,B01
200500044798,0,07,000,09,0,2,01,A01
200500044799,0,07,000,08,0,3,01,A01
200500044800,0,07,000,00,2,8,00,B01
200500044800,0,07,000,00,2,2,00,A01
200500044801,0,07,000,00,9,8,00,A01
200500044801,0,04,000,00,2,1,01,B01
200500044802,0,07,000,00,2,3,01,A01
200500044802,0,04,000,00,2,1,01,B01
200500044803,0,07,000,00,2,1,01,A01
200500044803,0,07,000,00,2,1,01,B01
200500044804,0,07,000,00,2,2,06,A01
200500044804,0,07,000,00,2,3,01,B01
200500044805,0,07,000,06,0,2,01,A01
200500044806,0,01,000,00,2,1,05,A01
200500044806,0,07,000,00,2,1,01,B01
200500044807,0,07,000,00,2,1,01,A01
200500044807,0,07,000,00,2,7,01,B01
200500044808,0,05,000,00,1,1,01,A01
200500044809,0,01,000,00,2,1,01,A01
200500044809,0,07,000,00,9,4,01,B01
200500044810,0,07,000,00,2,1,01,C01
200500044810,0,07,000,00,2,2,01,B01
200500044810,0,07,000,00,2,3,09,A01
200500044811,0,07,000,00,2,3,09,A01
200500044811,0,05,000,00,2,7,09,B01
200500044812,0,02,000,00,2,1,01,B01
200500044812,0,07,000,00,2,3,15,A01
200500044813,0,07,000,00,2,1,02,A01
200500044813,0,07,000,00,0,4,23,B01
200500044814,0,07,000,00,2,1,01,B01
200500044814,0,12,000,03,2,1,03,A01
200500044815,0,02,000,00,2,1,15,A01
200500044815,0,04,000,00,2,3,02,B01
200500044816,0,07,000,00,1,3,01,A01
200500044817,0,07,000,00,2,1,01,A01
200500044817,0,07,000,00,2,4,23,B01
200500044818,0,07,000,00,2,1,01,A01
200500044818,0,07,000,00,2,1,13,B01
200500044819,0,07,000,00,2,1,01,A01
200500044819,0,02,000,00,2,4,15,B01
200500044820,0,07,000,00,2,1,01,A01
200500044820,0,07,000,00,2,1,01,B01
200500044821,0,07,000,00,2,1,16,A01
200500044821,0,07,000,00,2,1,15,B01
200500044822,0,07,000,00,2,1,15,A01
200500044822,0,02,000,00,2,3,01,B01
200500044823,0,07,000,00,2,1,01,B01
200500044823,0,99,000,00,2,8,01,A01
200500044824,0,07,000,00,2,2,01,B01
200500044824,0,07,000,00,2,8,15,A01
200500044825,0,02,000,15,2,1,01,A01
200500044825,0,07,000,00,2,7,15,B01
200500044826,0,07,000,02,0,1,01,A01
200500044827,0,01,000,14,0,1,01,A01
200500044828,0,14,000,00,2,6,04,A01
200500044828,0,04,000,00,2,1,01,B01
200500044829,0,07,000,00,1,1,01,A01
200500044830,0,07,000,02,0,1,01,A01
200500044831,0,07,000,00,2,7,15,A01
200500044831,0,07,000,00,2,1,01,B01
200500044832,0,07,000,00,9,8,01,B01
200500044832,0,01,000,00,2,3,09,A01
200500044833,0,14,000,16,0,9,01,A01
200500044834,0,07,000,00,1,3,01,A01
200500044835,0,07,000,00,1,3,01,A01
200500044836,0,13,000,00,0,0,23,A01
200500044836,0,07,000,00,1,0,01,B01
200500044837,0,07,000,00,1,7,14,A01
200500044838,0,01,000,00,2,1,00,B01
200500044838,0,07,000,00,2,7,15,A01
200500044839,0,07,000,00,1,1,01,A01
200500044840,0,07,000,00,0,8,22,A01
200500044840,0,01,000,01,0,1,01,B01
200500044841,0,07,000,00,2,2,01,A01
200500044841,0,07,000,00,2,4,01,B01
200500044842,0,07,000,00,2,2,13,A01
200500044842,0,02,000,00,2,7,01,B01
200500044843,0,01,000,00,2,1,13,A01
200500044843,0,07,000,00,2,2,01,B01
200500044844,0,07,000,00,2,1,01,A01
200500044844,0,07,000,00,0,4,01,B01
200500044845,0,07,000,00,2,8,11,A01
200500044845,0,05,000,00,2,2,01,B01
200500044845,0,07,000,00,2,1,01,C01
200500044846,0,05,000,06,2,8,01,A01
200500044846,0,07,000,00,2,2,15,B01
200500044847,0,07,000,00,2,2,17,A01
200500044847,0,07,000,00,2,8,15,B01
200500044848,0,07,000,00,1,3,15,A01
200500044849,0,02,000,01,0,7,14,A01
200500044850,0,07,000,00,0,8,22,A01
200500044850,0,01,000,01,0,1,01,B01
200500044851,0,07,000,00,2,2,21,B01
200500044851,0,10,000,00,2,8,09,A01
200500044852,0,07,000,00,2,2,01,A01
200500044852,0,05,000,00,2,1,01,B01
200500044853,0,10,000,00,2,7,15,B01
200500044853,0,02,000,00,2,1,17,A01
200500044854,0,07,000,00,1,2,01,A01
200500044855,0,07,000,00,2,2,09,A01
200500044855,0,01,000,00,2,1,21,B01
200500044856,0,10,000,00,1,4,04,A01
200500044857,0,07,000,00,9,8,01,C01
200500044857,0,07,000,00,2,3,01,B01
200500044857,0,07,000,00,2,3,23,D01
200500044857,0,05,000,00,2,6,17,A01
200500044858,0,03,000,00,2,8,15,A01
200500044858,0,04,000,00,2,1,01,B01
200500044859,0,07,000,01,0,1,01,A01
200500044859,0,07,000,00,2,4,15,B01
200500044860,0,01,000,00,1,1,00,A01
200500044861,0,07,000,00,2,5,15,A01
200500044861,0,02,000,00,2,7,01,B01
200500044862,0,07,000,13,0,1,01,A01
200500044863,0,07,000,00,1,4,04,A01
200500044864,0,07,000,00,2,1,01,A01
200500044864,0,07,000,00,2,4,01,B01
200500044865,0,07,000,00,2,1,01,A01
200500044865,0,07,000,00,2,8,01,B01
200500044866,0,07,000,00,2,1,01,A01
200500044866,0,07,000,00,2,3,01,B01
200500044867,0,04,000,00,2,1,01,B01
200500044867,0,10,000,00,0,3,15,A01
200500044868,0,07,000,00,1,1,00,A01
200500044869,0,02,000,00,2,5,18,A01
200500044869,0,07,000,00,2,5,01,B01
200500044870,0,05,000,00,2,8,01,A01
200500044870,0,07,000,00,2,2,16,B01
200500044871,0,05,000,00,1,0,01,A01
200500044872,0,07,000,00,9,1,15,A01
200500044872,0,01,000,00,9,1,01,B01
200500044873,0,05,000,00,2,2,01,B01
200500044873,0,07,000,00,2,1,09,A01
200500044874,0,10,000,00,2,5,15,A01
200500044874,0,02,000,00,2,1,01,B01
200500044875,0,07,000,00,2,2,15,A01
200500044875,0,05,000,00,2,3,01,B01
200500044876,0,02,000,00,0,0,00,A01
200500044877,0,07,000,00,2,1,13,A01
200500044877,0,10,000,00,2,3,01,B01
200500044878,0,07,000,00,2,2,01,A01
200500044878,0,07,000,00,2,1,01,B01
200500044879,0,19,000,00,1,7,01,A01
200500044880,0,10,000,00,2,5,15,A01
200500044880,0,05,000,00,2,1,01,B01
200500044881,0,07,000,00,2,2,01,C01
200500044881,0,01,000,00,2,1,05,A01
200500044881,0,07,000,00,2,2,01,B01
200500044882,0,05,000,00,2,7,07,A01
200500044882,0,07,000,00,2,3,15,B01
200500044883,0,07,000,00,2,7,05,A01
200500044883,0,01,000,00,2,1,01,B01
200500044884,1,04,000,00,1,0,00,A01
200500044885,0,07,000,08,0,1,14,A01
200500044885,0,07,000,08,9,4,23,B01
200500044886,0,07,000,00,2,3,09,A01
200500044886,0,05,000,00,2,2,09,B01
200500044886,0,14,000,00,2,3,09,C01
200500044887,1,17,000,00,2,0,02,A01
200500044887,0,01,000,00,2,0,02,B01
200500044888,0,02,000,12,0,1,14,A01
200500044889,0,07,000,00,2,1,02,A01
200500044889,0,01,000,00,2,3,01,B01
200500044890,0,07,000,00,2,8,22,A01
200500044890,0,01,000,01,0,1,01,B01
200500044891,1,13,000,00,0,0,02,A01
200500044891,0,01,000,00,0,0,02,B01
200500044892,0,07,000,00,2,0,01,B01
200500044892,0,01,000,00,2,1,01,A01
200500044893,0,02,000,00,2,3,15,A01
200500044893,0,07,000,00,2,1,01,B01
200500044894,0,07,000,08,0,1,00,A01
200500044895,0,07,000,06,0,1,14,A01
200500044896,0,07,000,00,0,3,09,A01
200500044896,0,04,000,00,2,1,01,B01
200500044897,0,19,000,00,2,1,01,B01
200500044897,0,07,000,08,4,2,19,A01
200500044898,0,07,000,00,2,2,01,A01
200500044898,0,07,000,01,2,6,24,B01
200500044899,0,07,000,00,0,8,02,B01
200500044899,0,07,000,00,2,2,01,A01
200500044900,0,07,000,00,2,1,01,A01
200500044900,0,02,000,00,2,1,01,B01
200500044901,0,05,000,00,0,0,00,A01
200500044902,0,07,000,00,2,2,15,A01
200500044902,0,01,000,00,2,2,01,B01
200500044903,0,05,000,00,1,0,02,A01
200500044904,0,05,000,12,0,0,14,A01
200500044905,0,07,000,00,1,1,01,A01
200500044906,0,02,000,00,2,1,02,A01
200500044906,0,07,000,00,2,4,23,B01
200500044907,0,10,000,00,4,7,01,A01
200500044907,0,19,000,00,2,8,01,B01
200500044908,0,07,000,00,2,7,15,A01
200500044908,0,02,000,00,2,1,01,B01
200500044909,0,05,000,00,2,1,18,A01
200500044909,0,07,000,00,2,7,20,B01
200500044910,0,02,000,08,0,1,07,A01
200500044911,0,07,000,00,2,1,13,A01
200500044911,0,07,000,00,2,1,01,B01
200500044912,0,07,000,00,2,3,07,A01
200500044912,0,02,000,00,2,1,01,B01
200500044913,0,02,000,00,2,1,02,A01
200500044913,0,07,000,00,2,6,01,B01
200500044914,0,05,000,00,0,7,01,A01
200500044915,0,07,000,00,2,1,13,A01
200500044915,0,14,000,00,2,3,01,B01
200500044916,0,10,000,00,2,5,01,A01
200500044916,0,07,000,00,2,1,01,B01
200500044917,0,02,000,00,2,1,01,A01
200500044917,0,07,000,00,2,7,20,B01
200500044918,0,07,000,00,2,1,01,A01
200500044918,0,07,000,00,2,4,23,B01
200500044919,0,05,000,07,0,1,01,A01
200500044920,0,07,000,06,0,1,01,A01
200500044921,0,01,000,00,1,1,01,A01
200500044922,1,02,000,00,2,1,02,A01
200500044922,0,04,000,00,2,6,02,B01
200500044923,0,05,000,00,2,1,17,A01
200500044923,0,07,000,00,2,3,15,B01
200500044924,0,07,000,03,0,1,14,A01
200500044925,0,01,000,00,2,3,02,A01
200500044925,0,07,000,00,2,8,02,B01
200500044926,0,07,000,13,0,2,02,A01
200500044927,0,04,000,00,2,1,02,A01
200500044927,0,07,000,00,2,3,02,B01
200500044928,0,02,000,00,2,1,02,B01
200500044928,0,07,000,00,2,5,19,A01
200500044929,0,07,000,02,0,1,02,A01
200500044930,0,07,000,00,2,1,02,B01
200500044930,0,07,000,00,2,8,02,A01
200500044931,0,07,000,06,0,9,01,A01
200500044932,0,07,000,00,2,3,16,A01
200500044932,0,05,000,00,2,0,02,B01
200500044933,0,10,000,00,2,1,01,A01
200500044933,0,07,000,00,2,4,01,B01
200500044934,0,02,000,00,2,1,01,A01
200500044934,0,07,000,00,2,3,15,B01
200500044935,0,07,000,00,4,2,06,A01
200500044935,0,19,000,00,2,1,00,B01
200500044936,0,02,000,00,2,2,17,A01
200500044936,0,07,000,00,2,3,15,B01
200500044937,0,07,000,00,2,8,22,A01
200500044937,0,01,000,01,0,1,01,B01
200500044938,0,02,000,00,4,8,00,A01
200500044938,0,19,000,00,2,1,00,B01
200500044939,0,07,000,00,1,1,16,A01
200500044940,0,07,000,00,1,2,01,A01
200500044941,0,07,000,00,2,1,15,A01
200500044941,0,07,000,00,2,3,01,B01
200500044942,0,02,000,00,2,0,17,A01
200500044942,0,07,000,00,2,3,00,B01
200500044943,0,07,000,06,0,1,13,B01
200500044944,0,07,000,14,0,1,01,A01
200500044944,0,07,000,00,2,4,23,B01
200500044945,0,07,000,00,2,1,01,B01
200500044945,0,07,000,00,2,8,16,A01
200500044946,0,01,000,00,2,1,01,B01
200500044946,0,07,000,00,2,2,09,A01
200500044947,0,07,000,14,2,1,01,A01
200500044947,0,07,000,00,2,8,05,B01
200500044948,0,07,000,00,2,0,01,A01
200500044948,0,01,000,00,2,0,00,B01
200500044949,0,07,000,01,0,9,13,A01
200500044950,0,02,000,00,2,6,01,A01
200500044950,0,07,000,00,2,6,23,B01
200500044951,0,07,000,14,2,4,23,A01
200500044951,0,07,000,14,2,4,23,B01
200500044951,0,07,000,00,2,4,23,C01
200500044951,1,07,000,00,0,0,00,D01
200500044952,0,07,000,00,2,2,17,A01
200500044952,0,01,000,01,2,4,01,B01
200500044953,0,05,000,00,2,0,01,A01
200500044953,0,07,000,00,2,0,09,B01
200500044954,0,07,000,00,2,1,15,A01
200500044954,0,07,000,00,2,1,02,B01
200500044955,0,07,000,00,2,1,01,A01
200500044955,0,07,000,00,2,4,01,B01
200500044956,0,07,000,00,2,3,13,A01
200500044956,0,07,000,00,2,3,01,B01
200500044957,0,07,000,00,2,3,13,A01
200500044957,0,07,000,00,2,3,01,B01
200500044958,0,02,000,00,2,1,01,A01
200500044958,0,07,000,00,2,1,09,B01
200500044959,0,07,000,00,1,1,01,A01
200500044959,0,07,000,00,1,6,24,B01
200500044960,1,07,000,00,1,2,02,A01
200500044961,0,07,000,00,1,2,01,A01
200500044962,0,07,000,00,2,5,01,A01
200500044962,0,05,000,00,2,1,02,B01
200500044963,0,07,000,00,1,2,01,A01
200500044964,0,16,000,00,2,1,01,A01
200500044964,0,15,000,00,2,4,23,B01
200500044965,0,05,000,01,0,1,19,A01
200500044966,0,07,000,00,2,1,15,A01
200500044966,0,01,000,00,0,1,19,B01
200500044967,0,07,000,14,0,9,17,A01
200500044968,0,07,000,13,0,1,14,A01
200500044969,0,07,000,00,2,5,15,B01
200500044969,0,02,000,00,2,1,21,A01
200500044970,1,02,000,00,1,0,21,A01
200500044971,0,07,000,00,2,8,16,A01
200500044971,0,02,000,00,2,7,02,B01
200500044972,0,07,000,00,2,7,15,A01
200500044972,0,07,000,00,2,1,01,B01
200500044973,0,01,000,00,0,0,14,A01
200500044974,0,07,000,00,2,1,01,B01
200500044974,0,07,000,00,2,5,01,A01
200500044975,0,01,000,01,0,1,01,A01
200500044976,0,07,000,15,0,1,01,A01
200500044977,0,07,000,00,2,1,01,A01
200500044977,0,07,000,00,0,7,15,B01
200500044978,0,02,000,00,0,0,01,A01
200500044979,0,07,000,00,0,0,01,A01
200500044980,0,02,000,00,2,1,01,A01
200500044980,0,07,000,00,2,4,23,B01
200500044981,0,07,000,00,2,1,01,A01
200500044981,0,05,000,00,2,4,01,B01
200500044982,0,07,000,00,1,4,04,A01
200500044983,0,07,000,00,2,2,15,A01
200500044983,0,05,000,00,2,1,01,B01
200500044984,0,07,000,00,1,1,01,A01
200500044985,0,02,000,00,2,1,09,A01
200500044985,0,07,000,00,2,5,01,B01
200500044986,0,07,000,07,0,1,01,A01
200500044987,0,07,000,00,2,1,06,A01
200500044987,0,02,000,00,2,8,01,B01
200500044988,0,07,000,00,0,2,01,A01
200500044989,0,05,000,00,0,8,15,A01
200500044990,0,07,000,09,0,1,01,A01
200500044991,0,02,000,12,0,0,01,A01
200500044992,0,07,000,00,5,2,01,A01
200500044993,0,02,000,00,2,3,18,A01
200500044993,0,07,000,00,0,5,16,B01
200500044994,0,02,000,15,0,1,01,A01
200500044995,0,10,000,00,2,1,20,A01
200500044995,0,05,000,00,2,1,01,B01
200500044996,0,02,000,00,0,0,00,A01
200500044997,0,05,000,00,2,3,17,A01
200500044997,0,07,000,00,2,2,17,B01
200500044998,0,07,000,00,2,1,01,A01
200500044998,0,20,000,00,2,4,23,B01
200500044998,0,07,000,00,2,4,23,C01
200500044999,0,07,000,00,2,8,22,A01
200500044999,0,01,000,01,0,1,01,B01
200500045000,0,02,000,00,2,1,01,A01
200500045000,0,07,000,00,2,5,20,B01
200500045001,0,07,000,00,2,2,16,A01
200500045001,0,07,000,00,2,1,19,B01
200500045002,0,02,000,00,0,0,01,A01
200500045003,0,05,000,00,0,0,01,A01
200500045004,0,09,000,00,2,4,02,A01
200500045004,0,05,000,00,2,1,02,B01
200500045005,0,02,000,02,0,1,00,A01
200500045006,0,07,000,04,0,9,01,A01
200500045007,0,07,000,00,2,1,01,B01
200500045007,0,07,000,00,2,2,01,A01
200500045008,0,04,000,00,2,2,16,A01
200500045008,0,07,000,00,2,3,01,B01
200500045009,0,07,000,15,0,0,01,A01
200500045010,0,07,000,02,0,1,01,A01
200500045011,0,02,000,00,0,0,01,A01
200500045012,0,02,000,00,0,0,01,A01
200500045013,0,02,000,00,2,3,01,B01
200500045013,1,07,000,00,2,2,01,A01
200500045014,0,07,000,00,2,3,15,A01
200500045014,0,02,000,00,2,2,13,B01
200500045015,0,02,000,00,0,0,01,A01
200500045016,0,05,000,15,0,1,02,A01
200500045017,0,02,000,15,0,1,02,A01
200500045018,0,02,000,00,2,1,02,A01
200500045018,0,07,000,00,2,4,15,B01
200500045019,0,07,000,00,2,8,15,A01
200500045019,0,02,000,00,2,1,02,B01
200500045020,0,07,000,06,0,1,02,A01
200500045021,0,02,000,00,2,1,02,A01
200500045021,0,07,000,00,2,8,15,B01
200500045022,0,07,000,00,2,1,13,A01
200500045022,0,07,000,00,2,1,01,B01
200500045022,0,07,000,00,2,1,01,C01
200500045022,0,07,000,00,2,1,01,D01
200500045023,0,07,000,15,0,1,01,A01
200500045024,0,07,000,13,0,2,01,A01
200500045025,0,07,000,00,2,2,01,B01
200500045025,0,02,000,00,2,3,15,A01
200500045026,0,02,000,00,2,5,01,B01
200500045026,1,99,000,00,0,0,00,A01
200500045027,0,07,000,00,2,3,15,A01
200500045027,0,05,000,00,2,6,01,B01
200500045028,0,07,000,00,2,1,09,A01
200500045028,0,05,000,00,2,1,01,B01
200500045029,0,07,000,00,2,1,01,A01
200500045029,0,07,000,00,2,1,01,B01
200500045030,0,07,000,01,0,1,14,A01
200500045030,0,07,000,00,2,4,24,B01
200500045031,0,07,000,08,0,1,01,A01
200500045032,0,07,000,00,2,4,02,C01
200500045032,0,07,000,00,2,1,01,A01
200500045032,0,07,000,00,2,4,02,B01
200500045033,1,07,000,00,2,1,01,A01
200500045033,0,07,000,00,2,4,23,B01
200500045034,0,07,000,00,2,1,02,A01
200500045034,0,07,000,00,2,4,23,B01
200500045035,0,07,000,00,2,1,15,A01
200500045035,0,05,000,00,2,1,01,B01
200500045036,0,05,000,00,2,1,17,A01
200500045036,0,07,000,00,2,8,15,B01
200500045037,0,07,000,06,0,1,17,A01
200500045038,0,07,000,00,1,2,01,A01
200500045039,0,07,000,00,2,1,02,A01
200500045039,0,07,000,00,2,4,01,B01
200500045040,0,07,000,00,2,8,10,A01
200500045040,0,01,000,00,2,1,01,B01
200500045041,0,05,000,12,0,1,13,A01
200500045042,0,07,000,13,0,1,13,A01
200500045043,0,02,000,00,0,0,01,A01
200500045044,0,07,000,00,2,1,17,A01
200500045044,0,01,000,00,2,4,15,B01
200500045045,0,01,000,00,2,1,13,A01
200500045045,0,07,000,00,2,8,01,B01
200500045046,0,02,000,12,0,0,01,A01
200500045047,0,07,000,08,0,1,13,A01
200500045048,0,07,000,00,1,1,01,A01
200500045049,0,07,000,00,2,0,01,A01
200500045049,0,01,000,00,2,1,01,B01
200500045050,0,02,000,14,0,1,01,A01
200500045051,0,05,000,01,2,1,01,A01
200500045051,0,07,000,00,2,2,01,B01
200500045052,0,07,000,08,0,1,13,A01
200500045053,0,07,000,00,0,5,02,B01
200500045053,0,10,000,00,2,3,02,A01
200500045054,0,07,000,00,2,4,02,B01
200500045054,0,14,000,00,2,1,21,A01
200500045054,0,07,000,00,2,4,02,C01
200500045054,0,07,000,00,0,4,02,E01
200500045054,0,07,000,00,2,4,02,D01
200500045055,0,02,000,11,0,1,01,A01
200500045056,0,07,000,00,0,2,01,B01
200500045056,0,05,000,14,0,7,01,A01
200500045057,0,07,000,01,2,1,01,B01
200500045057,0,07,000,01,2,1,01,A01
200500045058,0,07,000,00,2,8,10,A01
200500045058,0,05,000,00,2,1,01,B01
200500045059,0,07,000,00,2,1,09,A01
200500045059,0,02,000,00,2,7,09,B01
200500045060,0,01,000,00,1,1,05,A01
200500045061,0,18,018,00,2,1,01,B01
200500045061,0,01,000,00,2,1,15,A01
200500045062,0,07,000,00,2,3,09,A01
200500045062,0,07,000,00,2,2,12,B01
200500045063,0,03,000,00,2,5,15,A01
200500045063,0,02,000,00,2,1,16,B01
200500045064,0,07,000,00,2,3,05,A01
200500045064,0,07,000,00,2,3,01,B01
200500045064,0,07,000,14,0,1,01,C01
200500045065,0,07,000,00,2,1,00,A01
200500045065,0,07,000,00,2,8,00,B01
200500045066,0,07,000,00,2,3,00,A01
200500045066,0,07,000,00,2,1,00,B01
200500045067,0,02,000,00,2,1,17,A01
200500045067,0,07,000,00,2,7,15,B01
200500045068,0,07,000,00,1,1,02,A01
200500045069,0,10,000,00,2,1,13,A01
200500045069,0,02,000,00,2,1,01,B01
200500045070,0,07,000,00,1,2,01,A01
200500045071,0,02,000,00,2,1,01,A01
200500045071,0,07,000,00,2,5,01,B01
200500045072,0,07,000,00,2,1,01,A01
200500045072,0,01,000,00,2,8,02,B01
200500045073,0,07,000,02,2,4,01,A01
200500045073,0,07,000,00,2,2,00,B01
200500045074,0,07,000,00,2,3,05,A01
200500045074,0,07,000,01,0,3,01,B01
200500045075,0,04,000,12,0,1,14,A01
200500045076,0,07,000,00,2,1,01,B01
200500045076,0,07,000,00,2,8,15,A01
200500045077,0,05,000,16,0,1,01,A01
200500045078,0,07,000,06,0,1,14,A01
200500045079,0,07,000,00,2,1,02,A01
200500045079,0,07,000,00,2,4,23,B01
200500045079,0,07,000,00,2,4,23,C01
200500045080,0,07,000,00,2,1,01,B01
200500045080,0,07,000,00,2,1,13,A01
200500045081,0,01,000,00,2,8,01,A01
200500045081,1,99,000,00,0,0,00,B01
200500045082,0,07,000,00,2,1,01,A01
200500045082,0,07,000,00,2,4,23,B01
200500045082,0,07,000,00,2,4,23,C01
200500045082,0,07,000,00,2,4,23,D01
200500045083,0,07,000,00,2,2,21,A01
200500045083,0,01,000,00,2,3,09,B01
200500045084,0,07,000,13,0,1,09,A01
200500045085,0,07,000,00,1,3,01,A01
200500045086,0,07,000,14,0,1,16,A01
200500045087,0,07,000,00,1,2,15,A01
200500045088,0,17,000,03,2,2,19,A01
200500045088,0,07,000,03,2,1,08,B01
200500045089,0,02,000,00,2,1,01,A01
200500045089,0,07,000,00,2,3,15,B01
200500045090,0,07,000,00,2,3,15,A01
200500045090,0,05,000,00,2,1,02,B01
200500045091,0,07,000,00,2,1,15,A01
200500045091,0,07,000,00,2,1,08,B01
200500045092,0,17,000,03,0,8,00,A01
200500045093,0,12,000,00,2,0,01,A01
200500045093,0,07,000,13,9,7,01,B01
200500045094,0,07,000,00,2,1,01,A01
200500045094,0,01,000,00,2,1,19,B01
200500045095,0,07,000,00,2,1,05,A01
200500045095,0,07,000,00,2,3,05,B01
200500045095,0,07,000,00,2,3,05,C01
200500045095,0,07,000,00,2,1,02,D01