Num_Acc,senc,catv,occutc,obs,obsm,choc,manv,num_veh
200500045096,0,07,000,00,2,7,17,A01
200500045096,0,01,000,00,2,8,13,B01
200500045097,0,07,000,12,2,2,14,A01
200500045097,0,07,000,00,2,1,01,B01
200500045098,0,07,000,00,2,1,01,A01
200500045098,0,09,000,00,2,4,01,B01
200500045098,0,07,000,00,2,4,01,C01
200500045099,0,07,000,00,1,1,01,A01
200500045100,0,07,000,00,2,1,01,A01
200500045100,0,07,000,00,0,1,01,B01
200500045101,0,07,000,02,0,1,01,A01
200500045102,1,07,000,00,2,1,02,A01
200500045102,0,07,000,00,0,4,23,B01
200500045103,0,07,000,00,1,1,15,A01
200500045104,0,07,000,00,2,3,16,B01
200500045104,0,02,000,00,2,1,01,A01
200500045105,0,02,000,00,0,1,01,A01
200500045105,1,99,000,00,0,0,00,B01
200500045106,0,07,000,00,2,1,09,A01
200500045106,0,02,000,00,2,0,17,B01
200500045107,0,07,000,02,0,1,13,A01
200500045108,0,21,000,00,2,8,15,A01
200500045108,0,07,000,00,2,1,17,B01
200500045109,0,07,000,00,2,1,01,A01
200500045109,0,07,000,00,2,4,23,B01
200500045110,0,05,000,00,2,3,01,A01
200500045110,0,07,000,15,2,8,01,B01
200500045111,0,01,000,00,1,1,01,A01
200500045112,0,02,000,00,2,1,18,A01
200500045112,0,07,000,00,2,5,01,B01
200500045113,0,07,000,00,2,1,01,A01
200500045113,0,05,000,00,2,4,17,B01
200500045114,0,02,000,00,2,1,01,A01
200500045114,0,07,000,00,2,7,15,B01
200500045115,0,07,000,00,2,1,01,A01
200500045115,0,07,000,00,2,4,00,B01
200500045116,0,07,000,00,1,1,01,A01
200500045117,0,07,000,00,2,6,00,A01
200500045117,0,10,000,08,2,2,00,B01
200500045118,0,07,000,00,2,5,15,A01
200500045118,0,07,000,08,2,6,01,B01
200500045119,0,05,000,01,0,1,01,A01
200500045120,0,05,000,00,1,1,01,A01
200500045121,0,07,000,00,2,2,15,A01
200500045121,0,10,000,00,2,3,01,B01
200500045122,0,07,000,00,2,3,01,A01
200500045122,0,07,000,00,2,8,15,B01
200500045123,0,07,000,00,2,2,16,A01
200500045123,0,04,000,00,2,1,01,B01
200500045124,0,07,000,00,2,1,01,A01
200500045124,0,07,000,00,2,1,01,B01
200500045125,0,05,000,13,0,1,14,A01
200500045126,0,07,000,14,1,1,01,A01
200500045127,0,07,000,00,2,1,02,A01
200500045127,0,07,000,00,0,4,02,B01
200500045128,0,07,000,00,0,2,00,B01
200500045128,0,02,000,00,2,1,00,A01
200500045129,0,07,000,00,2,1,01,B01
200500045129,0,02,000,00,2,7,01,A01
200500045130,0,07,000,13,0,2,01,A01
200500045131,0,02,000,00,2,1,13,A01
200500045131,0,07,000,00,2,8,01,B01
200500045132,0,02,000,12,0,1,01,A01
200500045133,0,07,000,00,2,1,01,B01
200500045133,0,07,000,00,2,2,15,A01
200500045134,0,02,000,16,0,2,01,A01
200500045135,0,02,000,16,0,2,01,A01
200500045136,0,05,000,00,0,2,01,A01
200500045137,0,07,000,06,2,1,01,A01
200500045137,0,01,000,00,0,3,01,B01
200500045138,0,05,000,00,2,1,01,B01
200500045138,0,07,000,00,2,8,01,A01
200500045139,0,07,000,00,2,7,15,A01
200500045139,0,02,000,00,2,1,01,B01
200500045140,0,07,000,00,2,1,01,A01
200500045140,0,07,000,00,0,4,01,B01
200500045141,0,02,000,00,0,8,01,A01
200500045142,0,07,000,16,0,1,01,A01
200500045143,0,07,000,00,1,4,04,A01
200500045144,0,07,000,00,2,1,01,A01
200500045144,0,07,000,00,0,4,01,B01
200500045145,0,02,000,00,0,2,01,A01
200500045146,0,07,000,00,2,2,15,A01
200500045146,0,05,000,00,2,1,01,B01
200500045147,0,07,000,00,2,3,15,A01
200500045147,0,05,000,00,2,1,01,B01
200500045148,0,07,000,00,2,1,01,A01
200500045148,0,07,000,00,2,1,01,B01
200500045149,0,02,000,00,0,3,01,A01
200500045150,0,07,000,00,2,2,15,A01
200500045150,0,02,000,00,2,1,01,B01
200500045151,0,02,000,00,2,1,01,A01
200500045151,0,07,000,00,2,3,01,B01
200500045152,0,02,000,00,2,1,01,A01
200500045152,0,07,000,00,2,3,01,B01
200500045153,0,07,000,00,1,1,16,A01
200500045154,0,02,000,00,2,1,01,A01
200500045154,0,07,000,00,0,4,01,B01
200500045155,0,07,000,02,0,1,01,A01
200500045156,0,07,000,00,2,1,01,B01
200500045156,0,07,000,00,2,3,16,A01
200500045157,0,05,000,09,0,1,01,A01
200500045158,0,02,000,00,2,2,01,A01
200500045158,0,07,000,00,0,3,01,B01
200500045159,0,07,000,13,0,1,01,A01
200500045160,0,07,000,00,2,3,01,A01
200500045160,0,07,000,00,2,6,01,B01
200500045160,0,15,000,00,2,6,01,C01
200500045161,0,05,000,00,0,8,01,A01
200500045162,0,07,000,00,2,1,18,A01
200500045162,0,07,000,00,2,1,01,B01
200500045163,0,05,000,00,2,1,17,A01
200500045163,0,07,000,00,2,8,15,B01
200500045164,0,07,000,15,0,1,01,A01
200500045165,0,07,000,07,0,1,01,A01
200500045166,0,07,000,00,1,4,04,A01
200500045167,0,07,000,01,2,3,01,A01
200500045167,0,07,000,00,2,3,01,B01
200500045168,0,07,000,00,2,1,01,A01
200500045168,0,07,000,00,0,4,01,B01
200500045169,0,07,000,00,2,1,01,A01
200500045169,0,07,000,00,2,1,01,B01
200500045169,0,07,000,00,2,1,01,C01
200500045170,0,07,000,00,2,1,01,A01
200500045170,0,07,000,00,2,4,23,B01
200500045170,0,07,000,00,0,4,23,C01
200500045171,0,01,000,00,2,4,01,A01
200500045171,0,07,000,00,2,0,01,B01
200500045172,0,07,000,00,2,3,01,A01
200500045172,0,07,000,00,2,8,01,B01
200500045173,0,07,000,01,0,1,01,A01
200500045174,0,07,000,00,1,1,01,A01
200500045175,0,07,000,00,2,1,01,A01
200500045175,0,07,000,00,2,4,02,B01
200500045176,0,07,000,03,0,9,17,A01
200500045177,0,07,000,00,2,7,01,B01
200500045177,0,07,000,00,2,1,01,A01
200500045178,1,07,000,14,0,2,17,A01
200500045178,0,02,000,00,2,4,23,B01
200500045178,0,07,000,00,2,4,23,C01
200500045179,0,07,000,00,2,2,09,A01
200500045179,0,05,000,00,2,1,01,B01
200500045180,0,05,000,00,0,0,01,A01
200500045181,0,07,000,14,0,1,02,A01
200500045181,0,07,000,00,2,4,02,B01
200500045182,0,02,000,01,0,3,01,A01
200500045183,0,07,000,03,0,9,13,A01
200500045184,0,05,000,00,2,8,11,A01
200500045184,0,07,000,00,2,1,01,B01
200500045185,0,07,000,14,0,1,01,A01
200500045185,0,07,000,00,2,4,23,B01
200500045186,0,07,000,00,5,1,21,A01
200500045187,0,07,000,14,0,1,02,A01
200500045187,0,07,000,14,0,1,02,B01
200500045187,0,07,000,00,2,4,23,C01
200500045188,0,02,000,00,0,8,00,A01
200500045189,0,05,000,00,2,3,01,A01
200500045189,0,07,000,00,2,4,16,B01
200500045190,0,07,000,01,0,1,14,A01
200500045191,0,02,000,00,2,1,09,A01
200500045191,0,07,000,00,2,1,01,B01
200500045192,0,07,000,00,2,1,01,C01
200500045192,0,07,000,00,2,4,01,B01
200500045192,0,07,000,00,2,1,02,A01
200500045193,0,07,000,00,2,1,01,B01
200500045193,0,02,000,00,2,1,01,A01
200500045194,0,07,000,00,2,1,01,B01
200500045194,0,07,000,00,2,1,09,A01
200500045195,0,01,000,14,0,0,01,A01
200500045196,0,07,000,03,0,1,01,A01
200500045197,0,07,000,00,2,1,01,A01
200500045197,0,02,000,00,2,4,23,B01
200500045198,0,07,000,08,0,1,01,A01
200500045199,0,07,000,00,2,1,01,A01
200500045199,0,07,000,00,2,1,01,B01
200500045199,0,07,000,00,2,1,01,C01
200500045200,0,07,000,00,2,3,22,A01
200500045200,0,01,000,01,0,1,01,B01
200500045201,0,07,000,00,2,1,01,A01
200500045201,0,14,000,00,2,4,01,B01
200500045202,0,05,000,00,0,0,15,A01
200500045203,0,02,000,00,2,8,15,A01
200500045203,0,02,000,00,2,7,17,B01
200500045204,0,02,000,00,2,2,01,A01
200500045204,0,07,000,00,2,3,15,B01
200500045205,0,07,000,00,1,2,01,A01
200500045206,0,07,000,00,1,2,01,A01
200500045207,0,07,000,00,9,3,24,A01
200500045207,0,01,000,01,0,1,01,B01
200500045208,0,07,000,00,9,7,14,A01
200500045208,0,01,000,00,2,1,01,B01
200500045209,0,07,000,00,2,3,15,A01
200500045209,0,07,000,00,2,1,01,B01
200500045210,0,14,000,00,2,3,01,A01
200500045210,0,07,000,00,2,1,01,B01
200500045211,0,07,000,00,2,8,01,B01
200500045211,0,07,000,00,2,1,01,A01
200500045212,0,02,000,09,0,1,01,A01
200500045213,0,01,000,00,2,1,01,A01
200500045213,0,07,000,00,9,1,01,B01
200500045214,0,07,000,00,1,1,01,A01
200500045215,0,07,000,00,2,1,01,A01
200500045215,0,01,000,00,2,0,19,B01
200500045216,0,07,000,00,2,3,15,A01
200500045216,0,05,000,00,2,1,01,B01
200500045217,0,01,000,00,2,0,02,A01
200500045217,1,99,000,00,2,0,02,B01
200500045218,0,07,000,00,1,1,16,A01
200500045219,0,07,000,00,1,2,01,A01
200500045220,1,07,000,00,9,1,02,A01
200500045220,0,01,000,00,0,4,01,B01
200500045221,1,02,000,00,1,0,15,A01
200500045222,0,10,000,00,2,2,15,A01
200500045222,0,07,000,00,2,1,01,B01
200500045223,0,02,000,00,2,7,01,B01
200500045223,0,07,000,00,2,5,15,A01
200500045224,0,07,000,01,0,1,01,A01
200500045224,0,07,000,01,0,4,01,F01
200500045224,0,07,000,01,0,4,01,B01
200500045224,0,07,000,01,0,4,01,C01
200500045224,0,07,000,01,0,4,01,D01
200500045224,0,07,000,01,0,4,01,E01
200500045225,0,07,000,00,2,1,15,A01
200500045225,0,04,000,00,2,1,01,B01
200500045226,0,07,000,00,1,2,00,A01
200500045227,0,04,000,00,0,0,00,A01
200500045228,0,05,000,00,2,2,02,A01
200500045228,0,07,000,00,2,8,15,B01
200500045229,0,07,000,00,0,3,01,A01
200500045230,1,07,000,00,0,1,01,A01
200500045231,0,07,000,00,2,6,04,A01
200500045231,0,07,000,00,0,2,23,B01
200500045232,0,02,000,00,2,7,17,A01
200500045232,0,07,000,00,2,8,15,B01
200500045233,0,07,000,01,2,1,01,A01
200500045233,0,07,000,00,2,4,24,B01
200500045234,0,02,000,12,0,7,01,A01
200500045235,0,02,000,14,0,1,01,A01
200500045236,0,01,000,00,0,0,01,A01
200500045237,0,07,000,00,9,8,09,A01
200500045237,0,01,000,00,2,1,01,B01
200500045238,0,02,000,00,2,3,01,B01
200500045238,0,07,000,00,2,2,01,A01
200500045239,0,07,000,00,2,1,02,A01
200500045239,0,07,000,00,2,3,02,B01
200500045239,0,07,000,00,0,7,09,C01
200500045240,0,07,000,00,2,8,15,A01
200500045240,0,02,000,00,2,8,17,B01
200500045240,0,02,000,00,2,1,17,C01
200500045241,0,13,000,06,0,1,01,A01
200500045242,0,02,000,00,2,1,02,A01
200500045242,0,07,000,00,0,5,02,B01
200500045243,0,07,000,00,2,1,01,B01
200500045243,0,02,000,00,2,5,01,A01
200500045244,0,02,000,01,0,1,01,A01
200500045245,0,07,000,08,0,6,01,A01
200500045246,0,07,000,00,1,1,00,B01
200500045247,0,07,000,00,2,8,16,A01
200500045247,0,04,000,00,2,1,01,B01
200500045248,0,15,000,00,2,2,01,B01
200500045248,0,07,000,15,2,8,09,A01
200500045249,0,05,000,16,0,0,01,A01
200500045250,0,02,000,00,2,1,02,A01
200500045250,0,17,000,00,2,3,15,B01
200500045251,0,07,000,00,2,2,11,A01
200500045251,0,07,000,00,2,5,01,B01
200500045251,0,07,000,00,0,3,01,C01
200500045252,0,05,000,00,2,0,00,A01
200500045252,1,07,000,00,0,0,00,B01
200500045253,0,07,000,15,0,1,01,A01
200500045254,0,07,000,00,2,3,01,A01
200500045254,0,07,000,00,2,2,01,B01
200500045255,0,02,000,00,2,8,15,A01
200500045255,0,07,000,00,2,7,17,B01
200500045256,0,20,000,00,0,0,00,A01
200500045256,0,01,000,00,0,0,05,B01
200500045257,0,14,000,00,9,2,16,A01
200500045257,0,01,000,00,2,1,19,B01
200500045258,0,07,000,00,2,2,15,A01
200500045258,0,05,000,00,2,3,01,B01
200500045259,0,07,000,00,2,1,01,A01
200500045259,0,10,000,00,2,8,15,B01
200500045260,0,07,000,00,2,2,01,A01
200500045260,0,07,000,00,2,3,01,B01
200500045261,0,07,000,00,1,1,13,A01
200500045262,0,07,000,00,2,1,01,A01
200500045262,0,07,000,00,2,3,01,B01
200500045263,1,07,000,00,1,1,01,A01
200500045264,1,07,000,00,2,2,00,A01
200500045264,0,01,000,00,2,8,01,B01
200500045265,0,07,000,00,2,3,10,A01
200500045265,0,05,000,00,2,3,17,B01
200500045266,0,02,000,00,2,1,01,A01
200500045266,0,02,000,00,2,1,01,B01
200500045267,0,02,000,01,0,1,00,A01
200500045268,1,07,000,00,1,0,00,A01
200500045269,0,07,000,00,1,2,01,A01
200500045270,0,02,000,00,2,1,01,A01
200500045270,0,07,000,00,2,1,01,B01
200500045271,0,07,000,00,2,1,01,A01
200500045271,0,07,000,00,2,4,01,B01
200500045271,0,07,000,00,2,4,01,C01
200500045272,0,02,000,00,2,7,01,A01
200500045272,1,07,000,00,2,1,09,B01
200500045273,0,02,000,00,2,7,15,A01
200500045273,0,07,000,00,2,2,01,B01
200500045274,0,07,000,00,0,1,01,A01
200500045275,0,07,000,00,2,3,10,A01
200500045275,0,02,000,00,2,1,17,B01
200500045276,0,07,000,00,2,3,15,B01
200500045276,0,07,000,00,2,1,01,A01
200500045277,0,07,000,00,2,4,04,A01
200500045277,0,05,000,06,2,1,01,B01
200500045278,0,07,000,00,2,2,15,B01
200500045278,0,02,000,00,2,1,01,A01
200500045279,0,02,000,00,2,1,01,A01
200500045279,0,07,000,00,2,2,16,B01
200500045280,0,07,000,00,2,1,01,A01
200500045280,0,07,000,00,2,7,11,B01
200500045281,0,07,000,00,0,3,01,B01
200500045281,0,01,000,00,0,1,01,A01
200500045282,0,01,000,00,1,1,13,A01
200500045283,0,05,000,00,2,1,01,B01
200500045283,0,07,000,00,2,5,15,A01
200500045284,0,02,000,00,2,5,02,A01
200500045284,0,04,000,00,2,1,02,B01
200500045285,0,07,000,00,2,1,02,A01
200500045285,0,18,011,00,2,6,23,B01
200500045286,1,07,000,00,1,2,16,A01
200500045287,0,02,000,00,2,1,17,A01
200500045287,0,07,000,00,2,3,15,B01
200500045288,0,07,000,00,2,3,02,A01
200500045288,0,01,000,00,2,1,00,B01
200500045289,0,01,000,00,2,7,01,B01
200500045289,1,07,000,00,9,1,09,A01
200500045290,0,07,000,00,2,1,15,A01
200500045290,0,05,000,01,2,2,01,B01
200500045291,0,07,000,00,1,0,04,A01
200500045292,0,07,000,00,2,3,15,A01
200500045292,0,01,000,00,2,6,02,B01
200500045293,0,07,000,00,2,2,01,A01
200500045293,0,07,000,00,2,8,01,B01
200500045294,0,01,000,00,2,5,15,A01
200500045294,0,07,000,00,2,1,01,B01
200500045295,0,04,000,00,2,1,01,A01
200500045295,0,07,000,00,2,6,20,B01
200500045296,0,07,000,00,1,1,20,A01
200500045297,0,07,000,00,2,7,01,B01
200500045297,0,07,000,00,2,1,01,A01
200500045298,0,05,000,00,2,2,17,A01
200500045298,0,07,000,00,9,3,15,B01
200500045299,0,07,000,15,0,2,13,A01
200500045300,0,07,000,09,2,0,00,A01
200500045300,0,07,000,00,2,0,00,B01
200500045301,0,02,000,00,2,7,01,B01
200500045301,1,06,000,00,2,0,00,A01
200500045302,0,10,000,11,0,1,12,A01
200500045303,0,07,000,00,2,1,01,A01
200500045303,0,05,000,00,2,2,01,B01
200500045304,0,07,000,00,2,1,10,A01
200500045304,0,01,000,00,2,1,19,B01
200500045304,0,01,000,01,2,1,19,C01
200500045305,0,07,000,00,2,0,00,A01
200500045305,0,01,000,00,2,4,00,B01
200500045306,0,07,000,00,2,1,15,A01
200500045306,0,04,000,00,2,3,01,B01
200500045307,0,07,000,00,9,2,01,B01
200500045307,0,02,000,00,2,1,16,A01
200500045308,0,07,000,00,2,2,15,A01
200500045308,0,01,000,00,2,1,16,B01
200500045309,0,10,000,00,2,1,13,A01
200500045309,0,07,000,00,2,1,01,B01
200500045310,0,10,000,00,1,2,02,B01
200500045311,1,07,000,00,2,0,14,A01
200500045311,0,01,000,00,2,1,01,B01
200500045312,0,07,000,00,2,1,10,A01
200500045312,0,02,000,00,2,1,01,B01
200500045313,0,07,000,08,0,2,13,A01
200500045314,1,07,000,00,2,1,00,A01
200500045314,0,01,000,00,2,4,01,B01
200500045315,0,20,000,00,2,5,16,A01
200500045315,0,02,000,00,2,1,01,B01
200500045316,0,07,000,00,1,1,01,B01
200500045317,0,07,000,02,0,9,01,A01
200500045318,0,07,000,00,2,3,09,A01
200500045318,0,02,000,00,2,1,02,B01
200500045319,0,07,000,00,2,2,02,A01
200500045319,0,07,000,00,2,3,02,B01
200500045320,0,07,000,03,0,1,12,C01
200500045320,0,07,000,00,2,1,14,A01
200500045321,0,07,000,00,9,2,15,A01
200500045321,0,05,000,00,2,1,01,B01
200500045322,1,07,000,01,1,1,00,A01
200500045322,0,07,000,00,2,4,24,B01
200500045323,0,05,000,00,1,1,01,A01
200500045324,0,07,000,00,1,2,01,A01
200500045325,0,07,000,00,2,1,01,B01
200500045325,0,02,000,00,2,1,01,A01
200500045326,0,02,000,00,0,0,01,A01
200500045327,0,02,000,12,0,0,00,A01
200500045328,0,07,000,00,0,8,15,A01
200500045328,0,02,000,00,2,5,01,B01
200500045329,0,07,000,00,2,2,01,A01
200500045329,0,07,000,00,0,3,16,B01
200500045330,0,07,000,00,1,1,01,A01
200500045331,0,07,000,00,1,1,01,A01
200500045332,0,02,000,00,1,1,01,A01
200500045333,0,07,000,00,2,2,01,A01
200500045333,0,02,000,00,2,1,01,B01
200500045334,0,02,000,00,2,1,01,A01
200500045334,0,07,000,00,2,3,01,B01
200500045335,0,07,000,00,2,1,01,B01
200500045335,0,07,000,00,2,3,09,A01
200500045336,0,07,000,00,1,0,01,A01
200500045337,0,07,000,00,1,0,00,A01
200500045338,0,07,000,00,2,1,15,A01
200500045338,0,07,000,00,2,1,01,B01
200500045339,0,07,000,00,2,1,01,A01
200500045339,0,07,000,00,0,0,01,B01
200500045339,0,07,000,00,2,4,00,C01
200500045340,0,07,000,00,2,2,17,A01
200500045340,2,07,000,00,2,1,01,B01
200500045341,0,03,000,00,2,1,01,A01
200500045341,0,07,000,00,2,1,00,B01
200500045342,0,02,000,01,0,1,01,A01
200500045343,0,07,000,00,2,1,01,A01
200500045343,0,01,000,00,2,8,00,B01
200500045344,0,02,000,01,0,1,01,A01
200500045345,0,02,000,00,2,1,01,A01
200500045345,0,07,000,00,2,1,00,B01
200500045346,0,07,000,00,2,1,19,A01
200500045346,0,07,000,00,2,0,11,B01
200500045347,0,07,000,00,1,1,01,A01
200500045348,0,07,000,00,2,1,01,A01
200500045348,0,07,000,00,2,1,01,B01
200500045349,0,07,000,00,1,1,01,A01
200500045350,0,02,000,00,2,1,01,A01
200500045350,0,07,000,00,0,7,15,B01
200500045351,0,07,000,00,2,1,01,A01
200500045351,0,01,000,00,2,3,01,B01
200500045352,0,07,000,00,1,1,01,A01
200500045353,0,02,000,00,2,2,12,A01
200500045353,0,07,000,00,2,1,01,B01
200500045354,1,07,000,00,2,0,01,A01
200500045354,0,02,000,00,2,4,23,B01
200500045355,0,02,000,00,2,1,18,A01
200500045355,0,07,000,00,2,7,01,B01
200500045356,0,07,000,00,2,2,01,B01
200500045356,0,02,000,00,2,1,01,A01
200500045357,0,07,000,00,2,1,01,A01
200500045357,0,07,000,00,2,1,01,B01
200500045358,0,07,000,00,2,3,15,B01
200500045358,0,02,000,00,2,1,17,A01
200500045359,0,07,000,00,1,1,01,A01
200500045360,0,07,000,00,9,4,04,A01
200500045360,0,01,000,00,2,1,01,B01
200500045361,0,02,000,00,1,1,01,A01
200500045362,0,01,000,00,1,0,01,A01
200500045363,0,07,000,15,0,7,01,A01
200500045364,1,07,000,00,0,0,00,A01
200500045365,0,07,000,00,0,0,00,A01
200500045366,0,07,000,00,2,1,15,A01
200500045366,0,02,000,00,2,3,13,B01
200500045367,0,07,000,00,1,1,02,A01
200500045368,0,07,000,08,0,1,00,A01
200500045369,0,02,000,00,2,1,01,A01
200500045369,0,07,000,00,0,3,00,B01
200500045370,0,07,000,14,0,0,13,A01
200500045371,0,07,000,00,2,3,15,A01
200500045371,0,02,000,00,2,1,01,B01
200500045372,0,02,000,00,9,5,23,A01
200500045372,0,19,000,00,2,3,01,B01
200500045373,0,07,000,00,2,2,16,A01
200500045373,0,02,000,00,2,1,01,B01
200500045374,0,07,000,01,2,1,00,A01
200500045374,0,07,000,00,2,1,00,B01
200500045375,0,02,000,01,0,1,01,A01
200500045376,0,07,000,00,1,3,01,A01
200500045377,0,07,000,15,0,1,01,A01
200500045378,0,07,000,08,2,1,01,B01
200500045378,0,05,000,00,0,4,12,A01
200500045379,2,07,000,00,2,1,02,A01
200500045379,0,07,000,00,2,4,23,B01
200500045380,0,05,000,00,2,1,02,A01
200500045380,0,07,000,00,2,4,02,B01
200500045380,0,07,000,00,2,1,02,C01
200500045381,0,07,000,01,0,1,01,A01
200500045381,0,10,000,00,2,8,23,B01
200500045382,0,05,000,00,2,1,17,A01
200500045382,0,07,000,00,0,6,15,B01
200500045383,0,02,000,00,2,1,02,A01
200500045383,0,07,000,00,0,5,15,B01
200500045384,0,07,000,00,1,1,16,A01
200500045385,0,02,000,01,0,3,13,A01
200500045386,0,02,000,00,0,8,01,A01
200500045387,0,07,000,16,0,1,01,A01
200500045388,0,07,000,02,0,1,00,A01
200500045389,0,02,000,01,0,1,02,A01
200500045389,0,07,000,00,0,4,23,B01
200500045390,0,07,000,00,2,3,00,B01
200500045390,0,07,000,00,0,8,15,A01
200500045391,0,09,000,00,2,1,01,A01
200500045391,0,14,000,00,2,7,01,B01
200500045391,0,07,000,15,0,9,01,C01
200500045392,0,07,000,00,2,2,12,A01
200500045392,0,07,000,00,2,1,00,B01
200500045393,0,07,000,00,1,3,01,A01
200500045394,0,02,000,01,0,1,21,B01
200500045395,0,02,000,00,2,1,00,A01
200500045395,0,07,000,00,2,3,00,B01
200500045396,0,07,000,00,2,3,17,A01
200500045396,0,07,000,00,2,3,01,B01
200500045396,0,07,000,00,2,1,01,C01
200500045397,0,12,000,10,0,3,01,A01
200500045398,0,10,000,00,2,1,21,B01
200500045398,0,07,000,00,2,1,13,A01
200500045399,0,01,000,00,2,4,13,A01
200500045399,0,05,000,00,9,1,02,B01
200500045400,0,17,000,14,0,1,01,A01
200500045400,0,17,000,00,2,4,23,B01
200500045401,0,02,000,00,2,1,01,B01
200500045401,0,07,000,00,2,2,15,A01
200500045402,0,02,000,01,0,1,05,A01
200500045403,0,07,000,16,0,9,13,A01
200500045404,0,01,000,00,2,1,01,B01
200500045404,0,07,000,00,2,1,00,A01
200500045405,0,07,000,00,2,1,02,A01
200500045406,0,07,000,00,2,3,15,A01
200500045406,0,07,000,00,2,1,01,B01
200500045407,0,03,000,00,0,9,21,A01
200500045408,0,15,000,00,2,1,01,A01
200500045408,0,07,000,00,2,4,15,B01
200500045409,0,07,000,00,1,3,01,A01
200500045410,0,01,000,00,2,1,15,A01
200500045410,1,07,000,00,2,4,04,B01
200500045411,0,07,000,00,2,1,13,A01
200500045411,0,07,000,00,2,1,01,B01
200500045412,0,07,000,08,0,1,01,A01
200500045413,0,02,000,00,2,1,01,A01
200500045413,0,07,000,00,0,3,01,B01
200500045414,0,05,000,00,2,1,11,A01
200500045414,0,07,000,00,0,8,15,B01
200500045415,0,07,000,06,0,3,01,A01
200500045416,0,07,000,00,1,4,04,A01
200500045417,0,07,000,00,0,3,10,A01
200500045417,0,05,000,00,2,1,01,B01
200500045418,0,02,000,00,2,1,01,A01
200500045418,0,07,000,00,0,4,01,B01
200500045419,0,02,000,00,1,1,01,A01
200500045420,0,07,000,00,1,7,01,A01
200500045420,0,07,000,00,2,2,01,B01
200500045421,0,01,000,00,0,0,19,A01
200500045422,0,07,000,00,9,1,02,A01
200500045422,0,02,000,00,0,8,02,B01
200500045423,0,07,000,06,0,1,01,A01
200500045424,0,07,000,06,0,1,01,A01
200500045425,0,07,000,09,0,1,14,A01
200500045426,0,07,000,00,2,2,01,B01
200500045426,0,02,000,00,2,1,01,A01
200500045427,0,07,000,00,2,1,15,A01
200500045427,0,07,000,00,2,1,01,B01
200500045428,0,07,000,00,2,3,15,A01
200500045428,0,07,000,00,1,3,01,B01
200500045429,0,05,000,00,2,1,21,B01
200500045429,0,07,000,00,0,2,19,A01
200500045430,0,04,000,00,2,1,19,A01
200500045430,0,07,000,00,2,1,13,B01
200500045430,0,07,000,00,2,1,23,C01
200500045431,1,07,000,00,9,0,02,A01
200500045431,0,01,000,00,0,4,01,B01
200500045432,1,07,000,00,1,2,02,A01
200500045433,0,07,000,00,5,8,23,B01
200500045433,0,99,000,00,2,7,05,A01
200500045434,0,07,000,00,2,4,12,A01
200500045434,0,04,000,00,2,1,01,B01
200500045435,0,07,000,01,0,1,14,A01
200500045436,0,07,000,00,1,1,01,A01
200500045437,0,07,000,12,0,1,16,A01
200500045438,0,07,000,00,2,1,01,A01
200500045438,0,07,000,00,2,3,01,B01
200500045439,0,07,000,00,2,3,15,A01
200500045439,0,07,000,00,2,8,01,B01
200500045440,0,04,000,00,2,1,01,A01
200500045440,0,07,000,00,2,8,01,B01
200500045441,0,07,000,08,0,2,01,A01
200500045442,0,07,000,00,2,5,01,A01
200500045442,0,04,000,00,2,1,01,B01
200500045443,0,07,000,08,0,1,01,A01
200500045444,0,07,000,00,2,8,11,A01
200500045444,0,04,000,00,2,8,01,B01
200500045445,0,02,000,00,0,0,17,A01
200500045446,0,01,000,00,2,1,15,A01
200500045446,0,07,000,00,2,3,01,B01
200500045447,0,07,000,00,2,2,01,A01
200500045447,0,07,000,00,2,8,15,B01
200500045448,0,99,000,01,0,1,01,A01
200500045449,0,07,000,00,2,8,01,A01
200500045449,0,05,000,00,2,1,01,B01
200500045450,0,10,000,04,0,3,01,A01
200500045451,0,04,000,00,2,1,17,A01
200500045451,0,07,000,00,2,8,15,B01
200500045452,0,07,000,00,2,3,15,A01
200500045452,0,07,000,00,2,1,01,B01
200500045453,0,04,000,00,2,1,18,A01
200500045453,0,07,000,00,2,7,16,B01
200500045454,1,02,000,00,1,0,01,A01
200500045455,0,07,000,00,2,3,01,B01
200500045455,0,02,000,00,2,8,01,A01
200500045456,0,07,000,00,2,1,01,A01
200500045456,0,07,000,00,2,3,01,B01
200500045457,0,07,000,00,2,1,20,A01
200500045457,0,05,000,00,2,1,01,B01
200500045458,0,07,000,00,2,4,01,C01
200500045458,0,07,000,00,2,1,01,B01
200500045458,0,07,000,00,2,1,01,A01
200500045459,0,07,000,00,2,1,02,A01
200500045459,0,07,000,00,2,4,02,B01
200500045460,0,07,000,00,2,8,01,A01
200500045460,0,04,000,00,2,7,01,B01
200500045461,0,07,000,00,2,3,09,A01
200500045461,0,05,000,00,2,1,01,B01
200500045462,0,02,000,00,2,1,01,A01
200500045462,0,07,000,00,2,3,01,B01
200500045463,0,07,000,00,1,1,01,A01
200500045464,0,07,000,00,2,0,15,A01
200500045464,0,07,000,00,2,1,01,B01
200500045465,0,05,000,00,1,7,01,A01
200500045466,0,02,000,01,0,1,01,A01
200500045467,0,07,000,09,0,2,01,A01
200500045468,0,02,000,00,2,3,15,A01
200500045468,0,07,000,00,2,1,01,B01
200500045469,0,02,000,00,2,1,01,A01
200500045469,0,02,000,00,2,4,01,B01
200500045470,0,07,000,00,1,1,01,A01
200500045471,0,05,000,00,2,7,01,A01