Num_Acc,senc,catv,occutc,obs,obsm,choc,manv,num_veh
200500046219,0,04,000,15,0,1,01,A01
200500046220,0,04,000,00,1,1,01,A01
200500046221,0,01,000,00,2,3,18,A01
200500046221,0,07,000,00,2,2,01,B01
200500046222,0,07,000,00,2,2,12,A01
200500046222,0,18,000,00,2,3,01,B01
200500046222,0,07,000,00,2,4,01,C01
200500046223,0,07,000,00,2,2,01,A01
200500046223,0,07,000,00,2,1,01,B01
200500046224,0,07,000,00,1,1,01,A01
200500046225,0,07,000,00,2,1,01,A01
200500046225,0,10,000,00,2,4,23,B01
200500046226,0,07,000,00,2,1,01,A01
200500046226,0,07,000,00,2,4,23,B01
200500046227,0,07,000,15,0,1,14,A01
200500046228,0,07,000,00,2,3,11,A01
200500046228,0,07,000,00,2,2,01,B01
200500046229,0,01,000,00,2,1,01,A01
200500046229,0,07,000,00,2,3,01,B01
200500046230,0,05,000,01,2,2,17,A01
200500046230,0,14,000,14,2,3,01,B01
200500046231,0,07,000,00,1,1,01,A01
200500046232,0,07,000,00,2,7,01,A01
200500046232,0,07,000,00,2,1,23,C01
200500046232,0,10,000,00,2,1,01,B01
200500046233,0,10,000,00,2,2,01,A01
200500046233,0,07,000,00,2,3,01,B01
200500046234,0,07,000,00,2,8,22,A01
200500046234,0,05,000,00,2,2,01,B01
200500046235,0,07,000,11,0,1,01,A01
200500046236,0,02,000,00,2,3,16,A01
200500046236,0,07,000,00,2,1,01,B01
200500046237,0,07,000,00,1,3,01,A01
200500046238,0,05,000,00,0,1,21,A01
200500046239,0,07,000,00,2,3,01,A01
200500046239,0,07,000,00,2,1,01,B01
200500046240,0,10,000,00,2,3,11,A01
200500046240,0,05,000,00,2,2,01,B01
200500046241,0,02,000,00,0,2,01,A01
200500046242,0,02,000,00,2,1,01,A01
200500046242,0,04,000,00,2,4,16,B01
200500046243,0,02,000,00,0,2,21,A01
200500046244,0,02,000,00,2,2,17,A01
200500046244,0,07,000,00,2,3,15,B01
200500046245,0,07,000,00,2,1,02,A01
200500046245,0,07,000,00,2,4,02,B01
200500046245,0,07,000,00,2,4,02,C01
200500046246,0,07,000,00,2,1,01,A01
200500046246,0,07,000,00,2,2,15,B01
200500046247,0,07,000,00,1,1,07,A01
200500046248,0,05,000,00,5,1,01,A01
200500046249,0,04,000,00,2,2,01,A01
200500046249,0,07,000,00,2,1,05,B01
200500046250,0,07,000,00,2,1,01,A01
200500046250,0,07,000,00,2,4,01,B01
200500046251,0,18,000,00,1,1,07,A01
200500046252,0,02,000,00,0,3,15,A01
200500046253,0,04,000,00,0,1,01,A01
200500046254,0,07,000,00,1,1,15,A01
200500046255,0,07,000,00,2,4,21,A01
200500046255,0,07,000,00,2,1,02,B01
200500046255,0,18,000,00,2,1,02,C01
200500046256,0,05,000,00,1,1,01,A01
200500046257,0,07,000,00,2,1,01,A01
200500046257,0,05,000,00,2,4,16,B01
200500046258,0,07,000,00,2,8,15,A01
200500046258,0,05,000,00,2,2,15,B01
200500046259,0,07,000,00,2,3,09,A01
200500046259,0,05,000,00,2,2,01,B01
200500046260,0,04,000,00,2,2,16,A01
200500046260,0,05,000,00,2,3,01,B01
200500046261,0,07,000,00,1,1,16,A01
200500046262,0,02,000,00,2,1,01,A01
200500046262,0,05,000,00,2,2,01,B01
200500046263,0,05,000,00,2,2,01,A01
200500046263,0,07,000,00,2,1,01,B01
200500046264,0,07,000,00,2,3,15,A01
200500046264,0,05,000,00,2,2,01,B01
200500046265,0,07,000,00,2,8,22,A01
200500046265,0,02,000,00,2,1,01,B01
200500046266,0,07,000,00,2,1,01,A01
200500046266,0,02,000,00,2,3,01,B01
200500046267,1,04,000,00,1,1,00,A01
200500046268,0,01,000,01,0,1,01,A01
200500046269,0,02,000,00,2,2,05,A01
200500046269,0,10,000,00,2,3,10,B01
200500046270,0,02,000,12,0,2,21,A01
200500046271,0,02,000,00,0,2,21,A01
200500046272,2,07,000,15,2,1,01,A01
200500046272,0,10,000,00,2,2,01,B01
200500046273,0,02,000,00,2,3,15,A01
200500046273,0,02,000,00,2,2,01,B01
200500046274,0,05,000,00,0,3,21,A01
200500046275,0,04,000,00,2,2,17,A01
200500046275,0,07,000,00,2,3,15,B01
200500046276,0,07,000,00,1,4,04,A01
200500046277,0,07,000,00,1,1,01,A01
200500046278,0,04,000,08,0,1,01,A01
200500046279,0,07,000,00,1,1,01,A01
200500046280,0,01,000,00,1,1,05,A01
200500046281,1,02,000,00,2,2,00,A01
200500046281,0,05,000,00,2,3,01,B01
200500046282,0,05,000,00,2,1,01,A01
200500046282,0,07,000,00,2,4,01,B01
200500046283,0,01,000,00,2,1,05,A01
200500046283,0,07,000,00,2,1,16,B01
200500046284,0,18,000,00,1,1,01,A01
200500046285,0,04,000,00,2,3,07,A01
200500046285,0,10,000,00,2,2,16,B01
200500046286,0,10,000,00,2,1,02,A01
200500046286,0,07,000,00,2,4,02,B01
200500046287,0,02,000,00,1,1,01,A01
200500046288,0,04,000,00,2,2,17,A01
200500046288,0,07,000,00,2,3,15,B01
200500046289,0,10,000,00,2,3,09,A01
200500046289,0,02,000,00,2,1,01,B01
200500046289,0,05,000,00,2,1,01,C01
200500046290,0,07,000,00,2,1,01,A01
200500046290,0,04,000,00,2,4,23,B01
200500046291,0,07,000,00,2,3,01,A01
200500046291,0,05,000,00,2,2,01,B01
200500046292,0,18,000,00,1,1,01,A01
200500046293,0,07,000,00,1,1,01,A01
200500046294,1,07,000,00,1,1,00,A01
200500046295,0,02,000,00,2,3,05,A01
200500046295,0,07,000,00,2,2,01,B01
200500046296,0,10,000,00,1,1,01,A01
200500046297,0,07,000,00,1,1,01,A01
200500046298,0,04,000,00,2,1,01,A01
200500046298,0,07,000,00,2,3,01,B01
200500046299,0,10,000,00,2,2,15,A01
200500046299,0,05,000,00,2,1,01,B01
200500046300,0,07,000,00,2,1,01,A01
200500046300,0,07,000,00,2,4,23,B01
200500046301,0,14,000,08,1,5,16,A01
200500046302,0,05,000,00,1,2,15,A01
200500046303,0,07,000,00,2,2,15,A01
200500046303,0,18,000,00,2,3,08,B01
200500046304,0,07,000,00,2,1,01,A01
200500046304,0,07,000,00,2,4,23,B01
200500046305,0,07,000,00,1,4,10,A01
200500046306,0,07,000,00,1,3,01,A01
200500046307,0,02,000,00,1,1,01,A01
200500046308,0,04,000,00,2,1,17,A01
200500046308,0,07,000,00,2,3,09,B01
200500046309,0,07,000,00,1,2,01,A01
200500046310,0,01,000,00,2,1,05,A01
200500046310,0,01,000,00,2,1,07,B01
200500046311,0,02,000,00,2,1,17,A01
200500046311,0,07,000,00,2,3,15,B01
200500046312,0,05,000,00,2,3,13,A01
200500046312,0,07,000,00,2,7,01,B01
200500046313,0,02,000,00,0,1,01,A01
200500046314,0,07,000,01,0,3,01,A01
200500046315,0,02,000,12,0,1,18,A01
200500046316,0,14,000,00,2,2,16,A01
200500046316,0,01,000,00,2,3,01,B01
200500046317,0,07,000,00,1,1,01,A01
200500046318,0,05,000,00,2,2,17,A01
200500046318,0,07,000,00,2,3,15,B01
200500046319,0,02,000,00,2,1,01,A01
200500046319,0,07,000,00,2,3,15,B01
200500046320,0,02,000,00,2,1,01,A01
200500046320,0,03,000,00,2,4,01,B01
200500046321,0,07,000,00,1,4,20,A01
200500046322,0,07,000,00,2,3,01,A01
200500046322,0,07,000,00,2,1,01,B01
200500046323,0,07,000,00,2,3,15,A01
200500046323,0,04,000,00,2,2,17,B01
200500046324,0,07,000,14,0,2,14,A01
200500046325,0,07,000,00,2,1,01,A01
200500046325,0,05,000,00,2,3,01,B01
200500046326,0,02,000,00,2,3,01,A01
200500046326,0,07,000,00,2,1,01,B01
200500046327,0,02,000,00,2,3,11,A01
200500046327,0,07,000,00,2,2,07,B01
200500046328,0,02,000,00,2,3,18,A01
200500046328,0,01,000,14,2,2,01,B01
200500046329,0,05,000,00,2,1,01,A01
200500046329,0,05,000,00,2,4,23,B01
200500046330,0,05,000,00,2,2,17,A01
200500046330,0,07,000,00,2,3,15,B01
200500046331,1,07,000,00,2,1,00,A01
200500046331,0,02,000,00,2,3,01,B01
200500046332,0,02,000,00,1,1,01,A01
200500046333,0,07,000,01,0,1,01,A01
200500046334,0,02,000,00,2,3,11,A01
200500046334,0,07,000,00,2,2,17,B01
200500046335,0,07,000,03,2,1,01,A01
200500046335,0,10,000,00,2,4,01,B01
200500046336,0,07,000,00,2,1,02,A01
200500046336,0,07,000,00,2,4,23,B01
200500046336,0,07,000,00,2,4,23,C01
200500046336,0,07,000,00,2,4,23,D01
200500046337,0,05,000,00,2,1,02,A01
200500046337,0,05,000,00,2,4,02,B01
200500046338,0,07,000,00,2,1,02,A01
200500046338,0,07,000,00,2,4,02,B01
200500046339,0,07,000,00,2,6,15,A01
200500046339,0,02,000,00,2,2,17,B01
200500046340,0,10,000,00,2,8,22,A01
200500046340,0,01,000,00,2,1,07,B01
200500046341,0,04,000,00,2,2,17,A01
200500046341,0,10,000,00,2,8,10,B01
200500046342,0,02,000,00,2,1,18,A01
200500046342,0,14,000,00,2,2,16,B01
200500046343,0,18,000,00,0,1,21,A01
200500046344,0,02,000,00,1,1,01,A01
200500046345,0,07,000,00,2,1,01,A01
200500046345,0,07,000,00,2,4,01,B01
200500046346,0,07,000,00,2,8,22,A01
200500046346,0,01,000,00,2,2,01,B01
200500046347,0,05,000,00,0,1,01,A01
200500046348,0,02,000,00,2,3,18,A01
200500046348,0,07,000,00,2,5,15,B01
200500046349,0,04,000,04,0,2,14,A01
200500046350,0,07,000,00,2,3,11,A01
200500046350,0,04,000,00,2,2,01,B01
200500046351,0,07,000,00,2,1,01,A01
200500046351,0,07,000,00,2,4,01,B01
200500046352,0,07,000,00,2,3,11,A01
200500046352,0,05,000,00,2,2,01,B01
200500046353,0,07,000,00,2,2,12,A01
200500046353,0,05,000,00,2,1,03,B01
200500046354,0,05,000,00,2,1,01,A01
200500046354,0,07,000,00,2,4,01,B01
200500046355,0,05,000,00,2,1,02,A01
200500046355,0,10,000,00,2,4,01,B01
200500046356,0,07,000,00,2,1,02,A01
200500046356,0,07,000,00,2,4,23,B01
200500046357,0,07,000,00,2,3,11,A01
200500046357,0,05,000,00,2,2,01,B01
200500046358,0,05,000,00,2,1,01,A01
200500046358,0,04,000,00,2,4,01,B01
200500046359,0,07,000,00,2,1,02,A01
200500046359,0,07,000,00,2,4,02,B01
200500046360,0,05,000,00,2,1,03,A01
200500046360,0,10,000,00,2,4,01,B01
200500046361,0,07,000,07,2,1,01,A01
200500046361,0,07,000,00,2,1,01,B01
200500046362,0,07,000,00,2,4,11,A01
200500046362,0,04,000,00,2,1,03,B01
200500046363,0,05,000,00,0,3,21,A01
200500046364,0,05,000,00,2,1,01,A01
200500046364,0,07,000,00,2,4,12,B01
200500046365,0,05,000,00,0,1,01,A01
200500046366,0,07,000,00,2,3,11,A01
200500046366,0,05,000,00,2,2,01,B01
200500046367,0,07,000,00,2,6,11,A01
200500046367,0,17,000,04,2,2,01,B01
200500046368,0,07,000,00,2,1,02,A01
200500046368,0,07,000,00,2,4,02,B01
200500046368,0,07,000,00,2,4,02,C01
200500046369,0,05,000,00,2,1,02,A01
200500046369,0,07,000,00,2,4,02,B01
200500046370,0,05,000,00,2,1,03,A01
200500046370,0,07,000,00,2,2,12,B01
200500046371,0,17,000,00,2,2,12,A01
200500046371,0,07,000,00,2,3,01,B01
200500046372,0,07,000,15,0,1,01,A01
200500046373,1,07,000,00,2,2,00,A01
200500046373,0,04,000,00,2,3,01,B01
200500046374,0,07,000,00,2,5,12,A01
200500046374,0,05,000,00,2,3,03,B01
200500046375,0,07,000,00,2,3,01,A01
200500046375,0,07,000,04,2,5,01,B01
200500046375,0,07,000,00,2,4,01,C01
200500046376,0,07,000,00,2,3,11,A01
200500046376,0,05,000,00,2,2,01,B01
200500046377,0,14,000,00,2,2,12,A01
200500046377,0,07,000,00,2,3,01,B01
200500046378,0,05,000,00,2,2,01,A01
200500046378,0,07,000,04,2,1,01,B01
200500046379,1,07,000,00,2,1,00,A01
200500046379,0,07,000,00,2,4,23,B01
200500046380,0,04,000,00,0,2,01,A01
200500046381,0,17,000,00,2,2,12,A01
200500046381,0,07,000,04,2,3,01,B01
200500046382,0,07,000,00,0,4,15,A01
200500046382,0,02,000,00,2,1,02,B01
200500046383,0,07,000,00,2,1,21,A01
200500046383,0,07,000,00,2,4,23,B01
200500046384,0,10,000,00,2,3,13,A01
200500046384,0,02,000,00,2,2,21,B01
200500046385,0,07,000,15,0,1,21,A01
200500046385,0,07,000,00,0,0,11,B01
200500046386,0,07,000,00,2,2,17,A01
200500046386,0,01,000,00,0,4,02,B01
200500046387,0,07,000,06,0,1,01,A01
200500046388,0,07,000,07,0,2,01,A01
200500046389,0,07,000,00,2,2,15,A01
200500046389,0,01,000,00,2,1,01,B01
200500046390,0,04,000,00,1,1,01,A01
200500046391,0,07,000,00,1,1,01,A01
200500046392,1,07,000,00,1,1,01,A01
200500046393,0,07,000,00,1,3,15,A01
200500046394,0,14,000,00,2,0,16,A01
200500046394,0,01,000,00,2,7,01,B01
200500046395,0,02,000,01,0,0,01,A01
200500046395,0,14,000,00,2,6,23,B01
200500046396,0,07,000,00,1,1,15,A01
200500046397,0,07,000,00,2,7,01,A01
200500046397,0,07,000,00,2,1,01,B01
200500046398,0,07,000,00,1,1,01,A01
200500046399,0,07,000,00,2,1,01,A01
200500046399,0,07,000,00,2,3,01,B01
200500046400,0,07,000,00,2,1,01,A01
200500046400,0,07,000,00,2,8,01,B01
200500046401,0,07,000,00,2,3,00,A01
200500046401,0,05,000,00,2,2,16,B01
200500046402,0,07,000,00,2,5,04,A01
200500046402,0,07,000,00,2,7,01,B01
200500046403,0,07,000,00,2,7,05,A01
200500046403,0,07,000,00,2,1,01,B01
200500046403,0,07,000,00,2,8,01,C01
200500046403,0,07,000,00,2,1,01,D01
200500046403,0,07,000,00,2,4,01,E01
200500046404,0,07,000,02,0,1,11,A01
200500046405,0,10,000,00,2,1,01,B01
200500046405,0,07,000,00,2,1,01,A01
200500046406,0,05,000,04,0,0,00,A01
200500046407,0,07,000,00,1,1,01,A01
200500046408,0,07,000,00,2,6,01,B01
200500046408,0,02,000,00,2,1,01,A01
200500046409,0,07,000,00,2,7,15,A01
200500046409,0,02,000,00,2,1,02,B01
200500046410,0,07,000,00,2,2,01,B01
200500046410,0,02,000,00,2,1,16,A01
200500046411,0,07,000,08,0,8,06,A01
200500046412,0,02,000,01,0,1,14,A01
200500046413,0,02,000,00,2,1,13,A01
200500046413,0,07,000,00,2,1,01,B01
200500046414,0,07,000,00,2,7,15,A01
200500046414,0,07,000,00,2,1,01,B01
200500046415,0,10,000,00,2,3,13,A01
200500046415,0,14,000,00,2,1,01,B01
200500046416,0,07,000,00,1,1,02,A01
200500046417,0,05,000,00,2,7,12,A01
200500046417,0,13,000,00,2,3,01,B01
200500046418,0,05,000,00,2,1,02,A01
200500046418,0,07,000,00,0,4,01,B01
200500046419,1,07,000,00,1,0,00,A01
200500046420,0,07,000,00,2,1,13,A01
200500046420,0,07,000,00,2,1,01,B01
200500046420,0,07,000,00,2,1,01,C01
200500046421,0,07,000,00,2,1,15,A01
200500046421,0,07,000,00,2,1,01,B01
200500046422,0,04,000,00,2,1,02,A01
200500046422,0,07,000,00,2,4,02,B01
200500046423,0,02,000,00,2,7,19,A01
200500046423,0,07,000,00,2,1,01,B01
200500046424,0,07,000,00,2,7,01,A01
200500046424,0,07,000,00,2,1,01,B01
200500046425,0,02,000,00,2,1,15,A01
200500046425,0,07,000,00,2,2,15,B01
200500046426,0,07,000,00,2,1,02,A01
200500046426,0,07,000,00,2,4,23,B01
200500046427,0,07,000,00,1,3,02,A01
200500046428,0,14,000,00,2,0,01,A01
200500046428,0,14,000,00,2,8,01,B01
200500046429,0,07,000,00,2,1,01,B01
200500046429,0,07,000,00,0,3,15,A01
200500046430,0,07,000,00,2,3,01,B01
200500046430,0,07,000,00,2,6,15,A01
200500046431,0,07,000,00,2,1,01,B01
200500046431,0,07,000,00,2,5,01,A01
200500046432,0,07,000,00,2,1,02,A01
200500046432,0,07,000,00,0,4,02,B01
200500046433,0,15,000,00,2,1,01,B01
200500046433,0,07,000,15,2,8,01,A01
200500046434,0,07,000,00,9,2,01,A01
200500046434,0,01,000,00,9,8,01,B01
200500046435,0,07,000,01,2,3,01,A01
200500046435,0,07,000,00,2,3,01,B01
200500046436,0,05,000,00,2,5,21,A01
200500046436,0,07,000,00,2,3,15,B01
200500046437,0,07,000,00,2,7,15,A01
200500046437,0,05,000,00,2,1,01,B01
200500046438,0,07,000,13,6,0,00,A01
200500046439,0,02,000,09,0,1,05,A01
200500046440,0,07,000,00,2,3,15,A01
200500046440,0,05,000,00,2,1,01,B01
200500046441,0,05,000,00,0,4,00,B01
200500046441,1,07,000,00,0,3,02,A01
200500046442,0,07,000,15,2,1,01,B01
200500046442,0,07,000,15,2,7,06,A01
200500046443,0,02,000,00,0,0,00,A01
200500046444,0,07,000,03,2,1,01,A01
200500046444,0,07,000,00,2,7,15,B01
200500046445,0,07,000,00,2,1,01,A01
200500046445,0,07,000,00,0,4,23,B01
200500046446,0,07,000,00,2,1,02,A01
200500046446,0,07,000,00,0,4,23,B01
200500046447,0,02,000,00,0,8,01,A01
200500046448,0,05,000,00,0,8,01,A01
200500046449,0,10,000,00,2,1,01,A01
200500046449,0,07,000,00,0,4,23,B01
200500046450,0,02,000,12,0,2,02,A01
200500046451,0,99,000,02,0,1,02,A01
200500046452,0,07,000,16,0,9,02,A01
200500046453,0,07,000,00,2,6,13,A01
200500046453,0,05,000,00,2,1,17,B01
200500046454,0,01,000,00,2,2,02,A01
200500046454,0,07,000,00,2,3,02,B01
200500046455,0,02,000,00,2,1,13,A01
200500046455,0,07,000,00,2,1,02,B01
200500046456,0,07,000,00,1,1,02,A01
200500046457,0,02,000,11,0,8,02,A01
200500046458,0,07,000,06,0,8,00,A01
200500046459,0,07,000,00,1,1,00,A01
200500046460,0,07,000,00,2,3,01,B01
200500046460,0,05,000,00,2,1,03,A01
200500046461,0,10,000,03,2,3,19,A01
200500046461,0,18,002,04,2,2,21,B01
200500046462,0,07,000,00,0,0,00,A01
200500046463,0,07,000,00,0,0,00,A01
200500046463,0,07,000,00,0,0,00,B01
200500046464,0,02,000,12,0,1,16,A01
200500046465,0,02,000,00,0,7,19,A01
200500046465,0,07,000,00,0,2,15,B01
200500046466,0,07,000,00,2,2,00,B01
200500046466,0,07,000,00,2,1,15,A01
200500046467,0,07,000,00,0,2,00,B01
200500046467,0,07,000,00,0,3,19,A01
200500046468,0,07,000,00,0,1,17,A01
200500046468,0,07,000,00,0,6,15,B01
200500046469,0,04,000,00,0,1,05,A01
200500046469,0,07,000,00,0,3,19,B01
200500046470,0,07,000,00,2,1,01,B01
200500046470,0,01,000,00,2,8,01,A01
200500046471,0,02,000,00,1,0,13,A01
200500046472,0,07,000,00,9,4,04,A01
200500046472,0,01,000,00,2,0,19,B01
200500046473,0,07,000,00,1,1,02,A01
200500046474,0,07,000,00,1,1,00,A01
200500046475,0,03,000,13,0,4,02,C01
200500046475,0,05,000,00,2,1,02,B01
200500046475,0,05,000,00,2,1,02,A01
200500046476,0,05,000,00,2,1,01,A01
200500046476,0,10,000,00,2,8,15,B01
200500046477,0,07,000,00,0,1,02,A01
200500046477,0,07,000,00,0,1,02,B01
200500046478,0,07,000,00,0,3,02,B01
200500046478,0,07,000,00,2,1,19,A01
200500046479,0,07,000,00,0,3,10,A01
200500046479,0,07,000,00,2,1,02,B01
200500046480,0,07,000,00,2,1,15,A01
200500046480,0,05,000,00,2,0,21,B01
200500046481,0,07,000,00,0,1,13,A01
200500046481,0,05,000,00,2,2,01,B01
200500046481,0,05,000,00,2,3,01,D01
200500046481,0,05,000,00,2,8,01,C01
200500046481,0,05,000,00,2,7,01,E01
200500046482,0,07,000,00,1,2,01,A01
200500046483,0,07,000,13,0,9,00,A01
200500046484,0,01,000,00,2,1,06,B01
200500046484,0,07,000,00,0,3,02,A01
200500046485,0,05,000,00,2,1,01,B01
200500046485,0,07,000,00,2,3,09,A01
200500046486,0,07,000,00,0,2,00,A01
200500046487,0,07,000,12,0,0,10,A01
200500046487,0,05,000,00,0,1,01,B01
200500046488,0,04,000,00,2,1,02,A01
200500046488,0,07,000,00,0,3,23,B01
200500046489,0,07,000,00,2,1,01,A01
200500046489,0,07,000,00,2,8,01,B01
200500046489,0,07,000,00,2,1,01,C01
200500046490,0,07,000,00,2,2,12,A01
200500046490,0,05,000,00,2,0,01,B01
200500046491,0,04,000,00,0,1,00,A01
200500046492,0,02,000,00,2,1,17,A01
200500046492,0,10,000,00,2,3,15,B01
200500046493,0,07,000,00,2,3,01,A01
200500046493,0,07,000,00,2,6,15,B01
200500046494,0,10,000,00,2,3,01,A01
200500046494,0,07,000,00,2,0,21,B01
200500046495,0,18,000,01,0,0,00,A01
200500046495,0,17,000,00,2,0,24,B01
200500046496,0,07,000,00,1,7,01,A01
200500046497,0,07,000,00,2,3,15,A01
200500046497,0,02,000,00,2,1,17,B01
200500046498,0,07,000,08,0,2,21,A01
200500046498,0,07,000,00,0,0,10,B01
200500046499,0,05,000,00,2,1,00,A01
200500046499,0,07,000,00,2,4,01,B01
200500046500,0,18,000,00,1,3,01,A01
200500046501,0,07,000,06,0,8,13,A01
200500046502,0,07,000,00,2,2,15,A01
200500046502,0,05,000,00,2,1,02,B01
200500046503,0,07,000,00,2,1,13,A01
200500046503,0,07,000,06,2,1,01,B01
200500046504,0,07,000,00,2,1,01,B01
200500046504,0,07,000,00,2,7,00,A01
200500046505,0,14,000,00,2,1,12,A01
200500046505,0,07,000,03,2,7,01,B01
200500046506,0,07,000,00,2,1,17,B01
200500046506,0,07,000,00,2,1,01,C01
200500046506,0,07,000,00,2,6,15,A01
200500046507,0,07,000,00,2,1,02,A01
200500046507,0,04,000,00,2,1,02,B01
200500046507,0,07,000,00,2,4,23,C01
200500046508,0,07,000,04,0,9,01,A01
200500046509,0,05,000,00,2,8,15,A01
200500046509,1,07,000,00,2,2,17,B01
200500046510,0,07,000,00,1,1,00,A01
200500046510,0,07,000,00,0,0,00,B01
200500046511,0,07,000,00,2,8,15,A01
200500046511,0,07,000,00,2,1,02,B01
200500046512,0,07,000,00,2,3,00,A01
200500046512,0,07,000,00,2,5,01,B01
200500046513,0,05,000,00,2,1,17,A01
200500046513,0,07,000,00,0,3,15,B01
200500046514,0,07,000,10,2,1,01,A01
200500046514,0,07,000,00,2,2,01,B01
200500046515,0,07,000,00,2,2,15,A01
200500046515,0,05,000,00,2,1,01,B01
200500046516,0,07,000,08,0,1,14,A01
200500046517,0,05,000,00,2,1,02,A01
200500046517,0,07,000,00,2,4,02,B01
200500046518,0,10,000,00,2,1,13,A01
200500046518,0,14,000,00,2,3,01,B01
200500046519,0,05,000,14,0,8,01,A01
200500046520,0,05,000,03,0,7,14,A01
200500046521,0,07,000,00,2,2,16,A01
200500046521,0,05,000,00,2,1,18,B01
200500046522,0,07,000,06,0,1,01,A01
200500046523,1,07,000,00,1,0,01,A01
200500046524,0,07,000,00,2,1,15,A01
200500046524,0,07,000,00,2,1,02,B01
200500046525,0,07,000,00,2,4,01,A01
200500046525,0,07,000,00,0,4,01,B01
200500046525,0,10,000,00,2,4,01,C01
200500046525,1,07,000,00,2,1,01,D01
200500046526,1,99,000,00,0,0,00,A01
200500046526,0,01,000,00,0,4,01,B01
200500046527,0,07,000,00,2,1,01,A01
200500046527,0,07,000,00,2,1,01,B01
200500046528,0,02,000,00,2,1,01,A01
200500046528,0,10,000,00,0,4,01,B01
200500046529,0,07,000,13,0,1,01,A01
200500046530,0,07,000,04,1,1,01,A01
200500046531,0,07,000,11,0,1,01,A01
200500046532,0,05,000,00,0,9,01,A01
200500046533,0,07,000,06,0,1,01,A01
200500046534,0,07,000,06,0,5,01,B01
200500046534,0,07,000,00,2,1,01,A01
200500046535,0,05,000,11,0,1,01,A01
200500046536,0,07,000,14,0,1,00,A01
200500046537,0,07,000,00,2,1,00,A01
200500046537,0,07,000,00,2,4,00,B01
200500046538,0,07,000,01,0,1,14,A01
200500046539,0,07,000,09,0,1,01,A01
200500046540,0,07,000,00,0,1,01,A01
200500046541,0,07,000,02,0,4,01,A01
200500046542,0,10,000,00,2,1,02,A01
200500046542,0,10,000,00,2,4,02,B01
200500046542,0,07,000,00,2,4,23,C01
200500046543,0,04,000,00,2,5,17,A01
200500046543,0,07,000,00,2,3,15,B01
200500046544,0,07,000,00,2,1,01,A01
200500046544,0,07,000,00,2,6,19,B01
200500046545,0,07,000,06,0,1,01,A01
200500046546,0,07,000,00,2,3,10,A01
200500046546,0,07,000,00,2,1,01,B01
200500046547,0,10,000,00,2,1,01,A01
200500046547,0,07,000,00,2,4,01,B01
200500046547,0,07,000,00,0,4,01,C01
200500046548,0,10,000,00,2,3,01,A01
200500046548,0,10,000,00,2,3,01,B01
200500046549,0,07,000,00,2,7,15,A01
200500046549,0,05,000,00,2,1,01,B01
200500046550,0,07,000,00,1,1,01,A01
200500046551,0,01,000,01,0,1,01,A01
200500046552,0,07,000,00,2,6,15,A01
200500046552,0,07,000,00,2,1,02,B01
200500046553,0,07,000,00,2,1,02,A01
200500046553,0,07,000,00,0,4,02,B01
200500046554,0,07,000,00,2,1,02,A01
200500046554,0,07,000,00,0,4,02,B01
200500046555,0,15,000,00,2,2,02,A01
200500046555,0,07,000,00,2,8,02,B01
200500046556,0,04,000,00,2,1,00,A01
200500046556,0,07,000,00,0,5,02,B01
200500046557,0,02,000,00,2,2,13,A01
200500046557,0,07,000,00,2,3,20,B01
200500046558,0,07,000,00,2,8,15,A01
200500046558,0,04,000,00,2,1,17,B01
200500046559,0,07,000,00,2,1,01,B01
200500046559,0,07,000,01,2,7,19,A01
200500046560,0,03,000,00,2,1,03,A01
200500046560,0,07,000,00,2,4,23,B01
200500046560,0,07,000,00,2,0,23,C01
200500046561,0,02,000,00,2,8,13,A01
200500046561,0,07,000,00,2,3,01,B01
200500046562,0,07,000,00,2,7,15,A01
200500046562,0,07,000,00,2,1,01,B01
200500046563,0,07,000,00,2,5,00,A01
200500046563,0,05,000,00,2,1,01,B01
200500046564,0,05,000,11,0,9,17,A01
200500046565,0,07,000,00,2,7,15,A01
200500046565,0,07,000,00,2,1,01,B01
200500046566,0,07,000,00,2,1,01,B01
200500046566,0,07,000,00,2,3,15,A01
200500046567,0,07,000,00,2,1,01,A01
200500046567,0,08,000,00,2,6,01,B01
200500046568,0,07,000,00,2,1,02,A01
200500046568,0,07,000,00,2,4,02,B01
200500046569,0,07,000,00,0,8,20,A01
200500046569,0,04,000,00,2,1,01,B01
200500046570,0,07,000,00,1,3,01,A01
200500046571,0,04,000,00,1,1,01,A01
200500046572,0,07,000,07,0,1,13,A01
200500046573,0,07,000,00,1,5,01,A01
200500046574,0,02,000,00,2,2,15,A01
200500046574,0,07,000,00,9,2,01,B01
200500046575,0,07,000,01,0,1,17,A01
200500046576,0,07,000,00,0,6,16,A01
200500046576,0,02,000,00,2,1,21,B01
200500046577,0,07,000,15,9,1,02,A01
200500046578,0,02,000,00,2,1,01,A01
200500046578,0,10,000,00,2,1,01,B01
200500046579,0,07,000,00,2,8,15,A01
200500046579,0,07,000,00,2,1,01,B01
200500046580,0,07,000,00,2,1,01,A01
200500046580,0,15,000,00,2,3,01,B01
200500046581,0,07,000,00,2,2,01,A01
200500046581,0,07,000,00,2,3,01,B01
200500046582,0,07,000,00,1,1,15,A01
200500046583,0,07,000,00,1,2,01,A01
200500046584,0,10,000,00,2,2,01,A01
200500046584,0,02,000,00,2,1,01,B01
200500046585,0,07,000,00,2,8,01,A01
200500046585,0,05,000,00,2,1,01,B01
200500046586,2,07,000,00,2,1,01,A01
200500046586,0,07,000,00,2,1,01,B01