Num_Acc,senc,catv,occutc,obs,obsm,choc,manv,num_veh
200500047309,0,07,000,00,2,1,01,A01
200500047309,0,07,000,00,2,4,23,B01
200500047310,0,07,000,00,1,3,01,A01
200500047311,0,04,000,00,2,0,01,B01
200500047311,0,07,000,00,2,2,00,A01
200500047312,0,15,000,00,2,1,01,A01
200500047312,0,07,000,00,2,4,23,B01
200500047313,0,04,000,00,1,1,01,A01
200500047314,0,05,000,00,2,4,21,A01
200500047314,0,15,000,00,2,4,21,B01
200500047315,0,07,000,00,2,0,15,A01
200500047315,0,01,000,00,2,0,01,B01
200500047316,0,04,000,00,2,7,17,A01
200500047316,0,07,000,00,2,8,15,B01
200500047317,0,15,000,00,2,1,02,A01
200500047317,0,07,000,00,2,5,15,B01
200500047318,0,07,000,00,2,3,09,A01
200500047318,0,20,000,00,2,3,01,B01
200500047319,0,07,000,00,1,0,00,A01
200500047320,0,07,000,00,2,3,15,A01
200500047320,0,04,000,00,2,1,18,B01
200500047321,0,18,015,00,9,0,01,A01
200500047322,0,07,000,14,0,1,02,A01
200500047323,0,07,000,00,1,1,18,A01
200500047324,0,05,000,01,0,3,08,A01
200500047325,0,18,001,00,1,7,02,A01
200500047326,0,05,000,00,2,1,19,A01
200500047326,0,07,000,00,2,6,19,B01
200500047327,0,01,000,00,2,1,19,A01
200500047327,0,07,000,00,9,3,16,B01
200500047328,0,07,000,00,2,7,19,A01
200500047328,0,10,000,00,2,1,19,B01
200500047329,0,07,000,00,2,2,00,A01
200500047329,0,05,000,00,2,1,01,B01
200500047330,0,07,000,00,2,3,16,A01
200500047330,0,05,000,00,2,1,01,B01
200500047331,0,07,000,00,2,8,01,B01
200500047331,0,02,000,00,2,1,01,A01
200500047332,0,07,000,00,1,0,16,A01
200500047333,0,07,000,00,2,2,15,A01
200500047333,0,07,000,00,0,1,01,B01
200500047334,0,07,000,02,0,0,01,A01
200500047335,0,02,000,00,2,1,01,A01
200500047335,0,07,000,00,2,1,15,B01
200500047336,0,07,000,00,0,0,20,A01
200500047337,0,07,000,00,2,1,01,A01
200500047337,0,07,000,00,2,4,23,B01
200500047337,0,07,000,00,0,4,23,C01
200500047338,0,18,001,00,2,3,01,A01
200500047338,0,05,000,00,0,6,01,B01
200500047339,0,07,000,00,2,1,02,B01
200500047339,0,07,000,00,2,2,02,A01
200500047340,0,14,000,00,2,3,02,B01
200500047340,0,07,000,00,2,1,09,A01
200500047341,0,07,000,00,2,8,15,A01
200500047341,0,05,000,00,2,1,17,B01
200500047342,0,07,000,00,1,3,01,A01
200500047343,1,99,000,00,1,0,00,A01
200500047344,0,05,000,00,2,0,17,A01
200500047344,0,07,000,00,2,0,15,B01
200500047345,0,07,000,00,1,7,01,A01
200500047346,0,07,000,00,2,3,13,A01
200500047346,0,02,000,00,2,1,01,B01
200500047347,0,10,000,00,1,2,01,A01
200500047348,0,07,000,00,2,6,07,A01
200500047348,0,20,000,00,2,1,16,B01
200500047349,0,07,000,00,1,2,01,A01
200500047350,1,02,000,00,1,0,00,A01
200500047351,0,07,000,00,1,1,00,A01
200500047352,0,07,000,00,1,2,00,A01
200500047353,0,07,000,00,1,1,00,A01
200500047354,0,07,000,00,2,1,01,A01
200500047354,0,07,000,00,2,2,01,B01
200500047355,0,07,000,00,2,1,15,A01
200500047355,0,05,000,00,2,1,01,B01
200500047356,0,07,000,00,1,3,15,A01
200500047357,0,10,000,00,2,1,01,A01
200500047357,0,07,000,00,2,4,02,B01
200500047358,0,10,000,01,2,1,01,A01
200500047358,0,07,000,01,2,3,09,B01
200500047359,0,02,000,00,2,1,17,A01
200500047359,0,07,000,00,2,8,15,B01
200500047360,0,14,000,00,0,0,00,A01
200500047361,0,07,000,00,2,5,15,A01
200500047361,0,07,000,00,2,1,01,B01
200500047362,0,07,000,00,2,3,15,A01
200500047362,0,05,000,00,2,1,01,B01
200500047363,1,05,000,00,1,1,01,A01
200500047364,0,05,000,00,2,1,01,A01
200500047364,0,07,000,00,2,1,01,B01
200500047365,0,02,000,12,0,1,15,A01
200500047366,0,07,000,00,2,1,01,B01
200500047366,0,07,000,00,2,7,15,A01
200500047367,0,07,000,00,2,3,01,B01
200500047367,0,07,000,00,2,7,01,A01
200500047368,0,05,000,00,2,7,17,A01
200500047368,0,07,000,00,2,8,15,B01
200500047369,0,07,000,00,1,0,01,A01
200500047370,0,01,000,00,2,1,01,A01
200500047370,0,07,000,00,2,3,01,B01
200500047371,0,07,000,00,1,1,15,A01
200500047372,0,07,000,00,2,3,09,A01
200500047372,0,02,000,00,2,1,01,B01
200500047373,0,07,000,00,2,3,15,A01
200500047373,0,04,000,00,2,1,01,B01
200500047374,0,02,000,00,9,1,01,B01
200500047374,0,07,000,00,0,0,15,A01
200500047375,0,07,000,06,0,1,01,A01
200500047376,0,07,000,00,2,1,01,A01
200500047376,0,07,000,00,2,3,16,B01
200500047377,0,05,000,00,0,1,01,A01
200500047378,0,02,000,14,0,1,09,A01
200500047379,0,07,000,00,2,8,15,A01
200500047379,0,07,000,00,2,1,01,B01
200500047380,2,07,000,00,2,1,13,A01
200500047380,0,07,000,00,2,1,01,B01
200500047381,0,07,000,00,1,1,01,A01
200500047382,0,07,000,00,1,5,01,A01
200500047383,0,07,000,00,2,1,02,A01
200500047383,0,07,000,00,2,4,01,B01
200500047384,0,04,000,00,0,4,02,A01
200500047384,0,07,000,00,9,6,02,B01
200500047385,0,02,000,00,2,1,01,A01
200500047385,0,07,000,00,2,1,01,B01
200500047386,0,07,000,08,0,2,01,A01
200500047387,0,07,000,08,0,1,01,A01
200500047388,0,07,000,00,1,2,01,A01
200500047389,0,07,000,00,1,1,20,A01
200500047390,0,07,000,00,1,1,01,A01
200500047391,0,07,000,00,1,4,04,A01
200500047392,0,07,000,00,2,8,10,A01
200500047392,0,05,000,00,2,1,01,B01
200500047393,0,02,000,00,2,1,19,A01
200500047393,0,07,000,00,2,1,01,B01
200500047394,0,07,000,00,2,8,01,A01
200500047394,0,07,000,00,2,1,02,B01
200500047395,1,07,000,00,2,0,22,A01
200500047395,0,01,000,01,0,1,03,B01
200500047396,0,01,000,00,2,1,05,A01
200500047396,0,07,000,00,0,1,01,B01
200500047397,1,07,000,00,2,1,01,A01
200500047397,0,07,000,00,2,3,01,B01
200500047398,0,07,000,00,1,1,01,A01
200500047399,0,02,000,00,2,1,01,A01
200500047399,0,07,000,00,2,8,01,B01
200500047400,0,07,000,14,0,1,02,A01
200500047400,0,07,000,00,0,4,23,B01
200500047400,0,07,000,00,0,4,24,C01
200500047401,1,07,000,00,2,1,15,A01
200500047401,0,02,000,00,2,3,01,B01
200500047402,0,05,000,00,0,1,01,A01
200500047403,0,07,000,00,2,3,09,A01
200500047403,0,02,000,00,2,2,01,B01
200500047404,0,07,000,00,2,3,15,A01
200500047404,0,02,000,00,2,1,01,B01
200500047405,0,07,000,00,2,1,15,A01
200500047405,0,05,000,00,2,0,00,B01
200500047406,0,10,000,00,2,3,13,A01
200500047406,0,07,000,00,2,3,01,B01
200500047407,0,07,000,00,0,2,01,A01
200500047407,0,01,000,00,2,1,01,B01
200500047408,0,07,000,00,2,2,15,A01
200500047408,0,05,000,00,2,3,02,B01
200500047409,0,07,000,00,2,5,01,A01
200500047409,0,07,000,00,2,1,01,B01
200500047409,0,07,000,00,2,1,16,C01
200500047410,0,07,000,00,1,1,01,A01
200500047411,0,07,000,00,2,1,01,A01
200500047411,0,07,000,00,2,7,10,B01
200500047412,0,07,000,00,2,1,01,A01
200500047412,0,05,000,00,2,7,16,B01
200500047413,0,07,000,00,1,0,20,A01
200500047414,0,07,000,08,0,3,01,A01
200500047415,0,02,000,01,2,1,01,A01
200500047415,0,07,000,00,2,3,01,B01
200500047416,0,07,000,00,2,1,02,A01
200500047416,0,07,000,00,0,4,01,B01
200500047417,0,02,000,00,2,2,17,A01
200500047417,0,07,000,00,2,8,15,B01
200500047418,0,07,000,00,2,3,15,A01
200500047418,0,02,000,00,2,1,17,B01
200500047419,0,07,000,00,2,1,01,A01
200500047419,0,07,000,00,2,1,01,B01
200500047420,0,07,000,00,0,0,20,A01
200500047420,0,05,000,00,0,8,21,B01
200500047421,0,07,000,00,2,3,01,A01
200500047421,0,07,000,00,2,3,01,B01
200500047422,0,07,000,00,2,7,17,A01
200500047422,0,07,000,00,0,6,13,B01
200500047423,0,07,000,00,2,1,01,A01
200500047423,0,07,000,00,2,2,15,B01
200500047424,0,07,000,00,1,3,15,A01
200500047425,0,07,000,00,0,1,01,B01
200500047425,0,07,000,00,2,2,01,A01
200500047426,0,07,000,00,2,8,15,A01
200500047426,0,07,000,00,2,2,01,B01
200500047427,0,02,000,00,2,7,15,A01
200500047427,0,07,000,00,2,8,15,B01
200500047428,1,07,000,00,1,0,15,A01
200500047429,0,07,000,00,2,1,01,A01
200500047429,0,05,000,00,0,4,02,B01
200500047430,0,05,000,01,0,1,14,A01
200500047431,0,07,000,11,0,1,21,A01
200500047431,1,07,000,00,0,0,01,B01
200500047432,0,05,000,16,0,2,01,A01
200500047433,0,05,000,00,2,1,11,A01
200500047433,0,07,000,00,0,8,15,B01
200500047434,0,07,000,00,2,1,02,A01
200500047434,0,07,000,00,2,4,01,B01
200500047434,0,07,000,00,0,4,01,C01
200500047435,0,02,000,00,1,2,01,A01
200500047436,0,05,000,01,0,1,01,A01
200500047437,0,07,000,00,0,4,23,B01
200500047437,1,99,000,00,2,0,00,A01
200500047438,0,05,000,00,2,1,01,A01
200500047438,0,07,000,00,2,8,09,B01
200500047439,0,04,000,00,2,2,01,A01
200500047439,0,07,000,00,0,4,23,B01
200500047440,0,07,000,12,2,1,17,A01
200500047440,0,07,000,00,0,0,15,B01
200500047441,0,05,000,03,9,1,01,A01
200500047442,0,05,000,00,2,2,01,A01
200500047442,0,07,000,00,2,8,15,B01
200500047443,0,07,000,00,0,2,15,A01
200500047443,0,05,000,00,2,1,21,B01
200500047444,0,02,000,00,2,7,01,A01
200500047444,0,07,000,00,2,2,16,B01
200500047445,0,07,000,00,2,3,13,A01
200500047445,0,05,000,00,2,2,17,B01
200500047446,0,18,000,00,1,2,02,A01
200500047447,0,07,000,04,2,6,23,A01
200500047447,0,07,000,00,2,2,02,B01
200500047448,0,05,000,04,2,7,02,A01
200500047448,1,15,000,00,2,8,11,B01
200500047449,0,07,000,04,2,6,01,A01
200500047449,0,07,000,04,2,1,19,B01
200500047450,0,07,000,13,0,9,14,A01
200500047451,0,07,000,00,2,4,01,A01
200500047451,0,05,000,00,2,1,03,B01
200500047452,0,07,000,00,0,4,12,A01
200500047452,0,05,000,00,2,1,03,B01
200500047453,0,07,000,00,2,8,11,A01
200500047453,0,05,000,00,2,7,03,B01
200500047453,1,99,000,00,0,0,00,C01
200500047454,0,17,000,04,0,1,13,A01
200500047454,0,07,000,14,0,1,17,B01
200500047454,0,07,000,14,0,1,17,C01
200500047455,0,05,000,00,2,1,03,A01
200500047455,0,07,000,00,2,5,01,B01
200500047455,0,07,000,00,2,8,01,C01
200500047456,0,05,000,00,2,8,03,A01
200500047456,0,07,000,00,2,2,01,B01
200500047457,0,07,000,04,0,6,01,A01
200500047457,0,07,000,00,9,1,01,B01
200500047457,0,05,000,04,2,1,14,C01
200500047458,0,07,000,00,2,6,00,A01
200500047458,0,15,000,00,2,2,12,B01
200500047459,0,05,000,00,2,1,03,A01
200500047459,0,07,000,00,2,5,12,B01
200500047460,0,07,000,00,2,1,17,B01
200500047460,0,07,000,00,0,6,02,A01
200500047461,0,02,000,00,2,7,02,A01
200500047461,0,07,000,00,2,6,11,B01
200500047462,0,05,000,00,2,2,21,B01
200500047462,0,99,000,00,2,6,11,A01
200500047463,0,07,000,00,0,7,01,A01
200500047463,0,05,000,00,2,3,03,B01
200500047464,0,05,000,03,2,1,11,A01
200500047464,0,07,000,00,2,6,02,B01
200500047465,0,07,000,06,2,1,21,A01
200500047466,0,07,000,07,2,6,02,A01
200500047466,1,10,000,06,2,2,21,B01
200500047467,0,07,000,03,2,8,01,A01
200500047467,0,15,000,00,2,5,12,B01
200500047467,0,14,000,00,2,3,01,C01
200500047468,0,07,000,04,0,3,01,A01
200500047469,0,05,000,03,0,0,13,A01
200500047470,0,07,000,16,0,1,14,A01
200500047471,0,07,000,00,2,1,02,A01
200500047471,0,07,000,00,2,4,02,B01
200500047471,0,07,000,00,2,4,02,C01
200500047472,0,05,000,00,0,8,01,A01
200500047473,0,07,000,03,0,8,01,A01
200500047474,0,07,000,00,0,6,02,B01
200500047474,0,07,000,00,0,5,02,C01
200500047474,0,04,000,00,2,2,03,A01
200500047475,0,07,000,00,2,4,01,A01
200500047475,0,10,000,00,2,1,02,B01
200500047475,0,10,000,00,2,1,02,C01
200500047475,0,07,000,00,2,1,02,D01
200500047476,0,07,000,16,0,9,00,A01
200500047477,0,07,000,00,2,3,11,A01
200500047477,0,02,000,00,2,0,11,B01
200500047478,0,07,000,00,9,9,21,A01
200500047479,0,10,000,04,0,3,02,A01
200500047479,0,05,000,00,2,7,03,B01
200500047480,0,05,000,00,2,1,03,A01
200500047480,0,05,000,00,0,4,03,B01
200500047480,0,07,000,00,0,4,01,C01
200500047481,0,07,000,00,0,6,12,A01
200500047481,0,05,000,00,2,1,03,B01
200500047482,0,07,000,04,0,3,13,A01
200500047483,0,07,000,03,9,4,23,A01
200500047483,0,07,000,00,2,1,02,B01
200500047484,0,07,000,04,0,2,01,A01
200500047485,0,05,000,00,2,7,03,A01
200500047485,0,07,000,00,2,8,21,B01
200500047486,0,05,000,00,2,7,02,A01
200500047486,0,07,000,00,2,8,11,B01
200500047487,0,07,000,04,0,7,00,A01
200500047488,0,07,000,13,0,9,01,A01
200500047489,0,05,000,00,0,7,16,A01
200500047489,0,05,000,00,2,8,16,B01
200500047490,0,05,000,00,2,7,10,A01
200500047490,0,07,000,00,2,3,21,B01
200500047490,2,07,000,00,0,0,05,C01
200500047491,0,07,000,04,0,1,02,A01
200500047492,0,15,000,00,2,6,17,A01
200500047492,0,07,000,00,2,3,11,B01
200500047493,0,05,000,00,0,1,02,A01
200500047493,0,07,000,00,0,6,11,B01
200500047494,0,05,000,00,0,8,00,A01
200500047495,0,15,000,00,2,1,01,A01
200500047495,0,07,000,00,2,4,01,B01
200500047495,0,07,000,00,2,4,02,C01
200500047495,0,07,000,00,2,4,02,D01
200500047495,0,07,000,04,0,4,02,E01
200500047496,0,07,000,00,2,1,02,A01
200500047496,0,07,000,00,0,4,02,B01
200500047496,0,07,000,00,0,4,02,C01
200500047497,0,07,000,00,2,8,18,A01
200500047497,0,13,000,00,2,5,12,B01
200500047498,0,15,000,00,2,2,01,A01
200500047498,0,07,000,00,2,8,11,B01
200500047499,0,07,000,00,2,2,21,A01
200500047499,0,07,000,00,0,5,11,B01
200500047500,0,07,000,00,0,8,22,A01
200500047500,0,02,000,00,2,1,03,B01
200500047500,0,07,000,00,0,5,02,C01
200500047501,0,07,000,00,2,5,12,A01
200500047501,0,07,000,04,0,3,16,B01
200500047502,0,07,000,04,0,7,21,A01
200500047503,0,05,000,00,2,1,13,A01
200500047503,0,07,000,00,0,4,02,B01
200500047504,0,07,000,00,2,1,02,A01
200500047504,0,07,000,00,2,4,02,B01
200500047505,0,07,000,00,2,7,12,A01
200500047505,0,05,000,00,2,3,02,B01
200500047506,0,15,000,00,2,1,12,A01
200500047506,0,07,000,00,2,8,01,B01
200500047507,0,07,000,00,2,2,21,A01
200500047508,0,07,000,00,0,0,17,A01
200500047509,0,07,000,00,2,3,02,A01
200500047509,0,04,000,00,2,7,02,B01
200500047510,0,08,000,00,2,1,02,A01
200500047510,0,07,000,00,2,4,02,B01
200500047511,0,05,000,03,0,1,12,A01
200500047512,0,05,000,00,2,7,01,A01
200500047512,0,07,000,00,9,8,13,B01
200500047513,0,05,000,00,2,1,02,A01
200500047513,0,10,000,00,0,6,01,B01
200500047514,0,05,000,00,0,1,14,A01
200500047514,0,07,000,00,0,8,11,B01
200500047515,0,05,000,00,0,3,01,A01
200500047516,0,10,000,00,2,3,02,A01
200500047516,0,07,000,00,0,5,12,B01
200500047516,0,05,000,03,0,3,00,C01
200500047517,0,07,000,00,2,7,12,A01
200500047517,0,05,000,00,2,1,03,B01
200500047518,0,07,000,00,0,9,00,A01
200500047519,0,10,000,00,2,5,12,A01
200500047519,0,05,000,00,0,3,01,B01
200500047520,0,05,000,00,2,4,12,A01
200500047520,1,07,000,00,0,0,00,B01
200500047521,0,15,000,00,0,3,11,A01
200500047521,0,07,000,00,0,5,02,B01
200500047522,0,07,000,00,2,8,11,A01
200500047522,0,05,000,00,2,7,02,B01
200500047523,0,07,000,00,0,4,00,A01
200500047523,0,07,000,00,2,1,02,B01
200500047524,0,07,000,04,2,2,13,A01
200500047524,0,07,000,00,2,3,21,B01
200500047525,2,07,000,04,2,1,11,A01
200500047525,0,07,000,00,0,4,01,B01
200500047526,0,07,000,00,2,1,02,B01
200500047526,0,07,000,00,2,1,10,A01
200500047527,0,05,000,00,2,1,12,A01
200500047527,0,07,000,00,2,6,02,B01
200500047528,0,05,000,00,0,0,01,A01
200500047529,0,07,000,03,0,2,14,A01
200500047530,0,10,000,00,0,1,02,A01
200500047531,0,07,000,00,0,3,00,A01
200500047532,0,07,000,04,0,9,13,A01
200500047533,0,07,000,04,0,1,14,A01
200500047534,0,04,000,00,2,8,13,A01
200500047534,0,07,000,00,0,2,17,B01
200500047535,0,07,000,01,0,2,12,A01
200500047536,0,07,000,00,2,2,13,B01
200500047536,0,17,000,00,2,3,14,A01
200500047537,0,07,000,00,2,1,02,B01
200500047537,0,07,000,00,2,4,01,A01
200500047538,0,05,000,04,0,7,14,A01
200500047539,0,05,000,00,2,6,17,A01
200500047539,0,07,000,00,0,2,01,B01
200500047539,0,07,000,00,0,6,01,C01
200500047540,0,07,000,00,2,5,12,A01
200500047540,0,05,000,00,2,1,21,B01
200500047541,0,07,000,04,0,3,21,A01
200500047542,0,07,000,04,0,3,16,A01
200500047543,0,07,000,04,0,9,13,A01
200500047544,0,07,000,14,0,3,21,A01
200500047544,0,10,000,00,0,7,23,B01
200500047545,0,07,000,00,2,1,01,A01
200500047546,0,07,000,04,0,1,15,A01
200500047547,0,05,000,00,2,8,03,A01
200500047547,1,07,000,00,2,7,12,B01
200500047548,0,13,000,00,2,2,12,A01
200500047548,0,07,000,00,0,4,02,B01
200500047549,0,07,000,04,0,0,16,A01
200500047550,0,07,000,04,0,1,21,A01
200500047551,0,07,000,01,0,1,02,A01
200500047551,0,07,000,00,0,4,24,B01
200500047552,0,14,000,00,2,3,21,A01
200500047552,0,10,000,00,2,5,14,B01
200500047553,0,07,000,00,2,4,02,A01
200500047553,0,05,000,00,2,1,21,B01
200500047554,0,07,000,00,1,6,02,A01
200500047554,0,07,000,00,2,4,02,B01
200500047554,0,05,000,00,2,1,18,C01
200500047555,0,07,000,00,0,6,00,A01
200500047555,0,15,000,00,2,2,21,B01
200500047556,0,07,000,00,2,1,02,A01
200500047556,0,07,000,00,0,6,02,B01
200500047556,0,14,000,00,0,5,02,C01
200500047556,0,07,000,00,0,4,02,D01
200500047557,0,07,000,00,2,1,01,A01
200500047557,0,07,000,00,0,4,01,B01
200500047557,0,07,000,00,0,4,01,C01
200500047557,0,07,000,00,0,4,01,D01
200500047558,0,07,000,03,0,1,21,A01
200500047559,0,07,000,04,0,2,01,A01
200500047560,0,10,000,00,2,2,14,A01
200500047560,0,07,000,00,2,3,21,B01
200500047560,0,07,000,00,2,8,00,C01
200500047561,0,07,000,00,0,1,08,A01
200500047562,0,07,000,04,0,1,00,A01
200500047563,0,05,000,00,9,1,01,A01
200500047564,0,07,000,00,0,9,14,A01
200500047565,0,07,000,03,0,1,19,A01
200500047566,0,07,000,00,2,1,02,A01
200500047566,0,07,000,00,0,4,02,B01
200500047566,0,07,000,00,0,4,02,C01
200500047567,0,05,000,00,0,8,16,A01
200500047568,0,02,000,04,0,7,16,A01
200500047569,0,05,000,00,2,3,03,A01
200500047569,0,07,000,00,0,4,11,B01
200500047570,0,05,000,00,0,0,02,A01
200500047571,0,05,000,00,2,1,02,A01
200500047571,0,07,000,00,0,5,02,B01
200500047572,0,10,000,00,2,1,02,A01
200500047572,0,07,000,00,0,4,02,B01
200500047573,0,07,000,00,0,1,02,B01
200500047573,0,07,000,00,2,1,05,A01
200500047574,0,99,000,00,0,0,00,A01
200500047575,0,07,000,00,2,1,02,A01
200500047575,0,07,000,00,2,4,02,B01
200500047575,0,07,000,00,2,4,02,C01
200500047575,0,07,000,00,0,4,02,D01
200500047576,0,07,000,06,0,3,02,A01
200500047576,0,07,000,00,2,7,02,B01
200500047577,0,05,000,04,2,2,03,A01
200500047577,0,07,000,00,2,6,11,B01
200500047578,0,07,000,03,1,4,24,B01
200500047578,0,07,000,01,0,1,14,A01
200500047579,0,07,000,00,2,1,02,A01
200500047579,0,07,000,00,2,4,02,B01
200500047580,0,07,000,00,2,3,02,A01
200500047580,0,07,000,00,2,5,02,B01
200500047581,0,05,000,03,0,1,01,A01
200500047582,0,16,000,00,2,2,00,A01
200500047582,0,07,000,00,2,3,00,B01
200500047583,0,07,000,04,0,3,01,A01
200500047584,0,05,000,00,2,1,02,A01
200500047584,0,07,000,00,0,4,02,B01
200500047585,0,07,000,00,2,1,01,A01
200500047585,0,07,000,00,0,4,01,B01
200500047586,0,07,000,00,2,4,02,B01
200500047586,0,07,000,00,2,1,02,A01
200500047587,0,05,000,00,0,5,01,A01
200500047588,0,07,000,00,0,0,17,A01
200500047588,0,05,000,03,0,0,21,B01
200500047589,0,07,000,04,0,5,01,A01
200500047590,0,05,000,00,2,1,00,A01
200500047590,0,07,000,00,0,6,00,B01
200500047591,0,05,000,04,0,3,11,A01
200500047592,0,07,000,00,2,2,14,A01
200500047592,0,05,000,00,2,3,03,B01
200500047593,0,07,000,00,2,1,02,A01
200500047593,0,07,000,00,0,4,01,B01
200500047594,0,99,000,03,0,9,12,A01
200500047595,0,07,000,04,0,3,21,A01
200500047596,0,07,000,00,0,4,12,A01
200500047596,0,04,000,00,2,1,21,B01
200500047597,0,05,000,00,2,7,03,A01
200500047597,0,07,000,00,0,8,01,B01
200500047597,0,07,000,00,0,4,23,C01
200500047598,0,07,000,04,0,1,12,A01
200500047599,0,05,000,00,2,1,02,A01
200500047599,0,07,000,00,2,4,01,B01
200500047600,0,07,000,04,0,3,11,A01
200500047601,0,07,000,02,0,8,14,A01
200500047602,0,07,000,00,0,4,01,A01
200500047602,0,17,000,00,2,3,13,B01
200500047603,0,07,000,00,0,6,01,A01
200500047603,0,05,000,00,2,1,14,B01
200500047604,0,07,000,06,0,6,01,A01
200500047604,0,10,000,00,2,1,02,B01
200500047605,0,07,000,00,2,1,02,A01
200500047605,0,07,000,00,0,4,01,B01
200500047606,0,05,000,04,0,7,12,A01
200500047607,0,07,000,04,0,2,14,A01
200500047608,0,05,000,00,2,7,01,A01
200500047608,0,10,000,00,2,8,11,B01
200500047609,0,05,000,00,0,7,01,A01
200500047610,0,05,000,04,0,1,01,A01
200500047611,0,05,000,04,0,1,16,A01
200500047612,0,05,000,15,0,8,01,A01
200500047613,0,05,000,14,0,1,18,A01
200500047614,0,07,000,00,2,7,12,A01
200500047614,0,05,000,00,2,3,03,B01
200500047615,0,05,000,12,0,1,13,A01
200500047616,0,07,000,04,0,1,01,A01
200500047617,0,15,000,00,2,2,01,A01
200500047617,0,07,000,15,2,5,12,B01
200500047618,0,10,000,00,2,6,02,A01
200500047618,0,05,000,04,2,1,02,B01
200500047619,0,07,000,00,2,1,02,A01
200500047619,0,07,000,00,2,4,02,B01
200500047619,0,07,000,00,2,4,02,C01
200500047619,0,07,000,00,2,4,02,D01
200500047619,0,07,000,00,2,4,01,E01
200500047620,0,07,000,00,2,2,14,A01
200500047620,0,05,000,00,2,8,01,B01
200500047621,0,07,000,04,0,1,14,A01
200500047621,0,05,000,00,2,7,21,B01
200500047622,0,07,000,00,2,3,02,A01
200500047622,0,07,000,00,2,6,23,B01
200500047623,0,07,000,04,0,3,21,A01
200500047624,0,07,000,00,0,4,23,A01
200500047624,0,07,000,00,2,1,21,B01
200500047625,0,07,000,00,2,2,15,A01
200500047625,0,07,000,00,2,3,01,B01
200500047626,0,07,000,00,0,9,00,A01
200500047627,0,07,000,00,2,1,01,A01
200500047627,0,07,000,00,2,4,01,B01
200500047628,0,07,000,00,9,0,05,A01
200500047628,0,05,000,00,2,2,01,B01
200500047629,0,07,000,00,9,1,01,A01
200500047629,0,13,000,00,2,3,09,B01
200500047630,0,07,000,00,2,0,01,A01
200500047630,0,07,000,00,2,0,01,B01
200500047630,0,07,000,00,0,0,01,C01
200500047631,0,01,000,00,9,0,01,A01
200500047631,0,02,000,00,9,1,01,B01
200500047632,0,07,000,00,2,1,01,A01
200500047632,0,07,000,00,2,4,02,B01
200500047632,0,07,000,00,2,4,02,C01
200500047633,0,07,000,00,9,0,15,A01
200500047633,0,04,000,00,2,0,01,B01
200500047634,2,07,000,00,2,0,17,A01
200500047634,0,07,000,00,2,8,01,B01
200500047635,0,13,000,01,2,7,01,A01
200500047635,0,07,000,00,9,4,01,B01
200500047636,0,07,000,00,2,1,01,A01
200500047636,0,07,000,00,2,4,02,B01
200500047636,0,07,000,00,0,4,02,C01
200500047637,0,07,000,00,9,1,01,A01
200500047637,0,05,000,00,2,4,02,B01
200500047638,0,07,000,00,2,3,13,A01
200500047638,0,07,000,00,2,3,01,B01
200500047639,0,07,000,06,0,0,01,A01
200500047640,0,05,000,00,2,0,17,A01
200500047640,0,07,000,00,9,3,15,B01
200500047641,0,07,000,00,2,2,17,A01
200500047641,0,05,000,00,2,1,01,B01
200500047642,0,18,035,00,1,3,01,A01
200500047643,0,10,000,01,0,2,01,A01
200500047644,0,02,000,00,2,1,01,A01
200500047644,0,07,000,00,2,8,15,B01
200500047645,0,07,000,00,1,1,01,A01
200500047646,0,02,000,00,2,1,07,A01
200500047646,0,07,000,00,2,3,16,B01
200500047647,1,07,000,00,1,0,04,A01
200500047648,0,07,000,00,2,2,01,B01
200500047648,0,01,000,00,2,1,01,A01
200500047649,0,07,000,00,0,8,16,A01
200500047649,0,18,001,00,2,3,07,B01
200500047650,0,05,000,00,2,1,01,A01
200500047650,0,07,000,00,2,3,15,B01
200500047651,0,07,000,00,0,1,21,A01
200500047652,0,05,000,00,0,1,21,A01
200500047653,0,07,000,04,0,3,01,A01
200500047654,0,07,000,04,0,3,13,A01
200500047655,0,08,000,04,0,1,13,A01
200500047656,0,07,000,03,0,2,11,A01
200500047657,0,17,000,00,0,6,01,B01
200500047657,0,07,000,04,2,2,14,A01
200500047658,0,05,000,00,0,0,16,A01
200500047659,2,07,000,00,2,1,13,A01
200500047659,0,07,000,04,0,4,01,B01
200500047660,0,07,000,00,2,1,01,A01
200500047660,0,07,000,00,0,4,02,B01
200500047660,0,07,000,00,0,1,01,C01
200500047661,0,05,000,00,2,1,00,A01
200500047661,0,07,000,00,0,4,00,B01
200500047662,0,07,000,00,2,1,02,A01
200500047662,0,07,000,00,0,4,00,B01
200500047663,0,15,000,00,2,7,17,A01
200500047663,0,07,000,00,2,8,00,B01
200500047664,0,07,000,00,2,3,18,A01
200500047664,0,07,000,00,0,5,01,B01
200500047664,0,05,000,00,0,8,01,C01
200500047665,0,07,000,00,2,1,05,A01
200500047665,0,07,000,00,2,3,21,B01
200500047665,0,07,000,00,2,2,21,C01
200500047666,0,07,000,00,2,1,17,A01
200500047666,0,07,000,00,2,8,21,F01
200500047666,0,07,000,00,0,6,17,B01
200500047666,0,07,000,00,0,6,17,C01
200500047666,0,07,000,00,2,6,17,D01
200500047666,0,07,000,00,0,4,17,E01
200500047667,0,05,000,03,0,2,01,A01
200500047668,0,07,000,03,2,3,17,A01
200500047668,0,17,000,00,0,3,01,B01
200500047669,0,07,000,03,2,5,02,A01