Num_Acc,senc,catv,occutc,obs,obsm,choc,manv,num_veh
200500048036,0,05,000,00,0,0,02,B02
200500048037,0,02,000,00,0,0,21,A01
200500048038,0,07,000,08,0,3,01,A01
200500048039,0,07,000,07,0,2,01,A01
200500048040,0,07,000,00,2,3,13,A01
200500048040,0,17,000,00,2,3,01,B02
200500048041,0,07,000,00,2,2,13,A01
200500048041,0,07,000,00,2,1,01,B02
200500048042,0,07,000,00,0,3,01,A01
200500048043,0,07,000,08,0,1,01,A01
200500048044,0,05,000,06,0,1,13,A01
200500048045,0,01,000,00,2,1,15,B02
200500048045,0,07,000,00,0,3,01,A01
200500048046,0,07,000,00,2,1,05,A01
200500048046,0,07,000,00,2,3,01,B02
200500048047,0,05,000,08,2,1,17,A01
200500048047,0,07,000,00,0,0,15,B02
200500048048,0,07,000,00,1,2,01,A01
200500048049,0,14,000,00,0,8,16,A01
200500048050,0,02,000,00,0,6,15,A01
200500048050,0,07,000,00,0,3,01,B02
200500048051,0,07,000,13,0,1,01,A01
200500048052,0,07,000,00,0,3,03,A01
200500048052,0,07,000,00,0,3,03,B02
200500048053,0,07,000,02,0,1,00,A01
200500048054,0,05,000,00,2,1,17,A01
200500048054,0,07,000,00,2,3,15,B02
200500048055,0,07,000,00,2,1,01,A01
200500048055,0,02,000,00,2,1,13,B02
200500048056,0,02,000,00,2,1,05,A01
200500048056,0,01,000,00,2,1,05,B02
200500048056,0,01,000,00,2,1,00,C03
200500048057,0,07,000,00,1,2,01,A01
200500048058,0,05,000,06,0,1,01,A01
200500048059,0,08,000,00,0,3,10,A01
200500048059,0,05,000,00,0,2,17,B02
200500048060,0,05,000,00,2,1,01,A01
200500048060,0,05,000,00,2,1,00,B02
200500048061,0,07,000,00,2,7,19,A01
200500048061,0,17,000,00,2,3,01,B02
200500048062,0,05,000,00,2,1,01,A01
200500048062,0,07,000,00,2,6,19,B02
200500048063,0,07,000,02,0,3,01,A01
200500048064,0,07,000,00,2,3,13,A01
200500048064,0,17,000,00,2,2,01,B02
200500048065,0,07,000,13,0,1,14,A01
200500048066,0,07,000,02,0,3,13,A01
200500048067,0,02,000,00,1,1,17,A01
200500048068,0,07,000,00,2,3,01,B02
200500048068,0,07,000,00,2,1,01,C03
200500048068,0,07,000,00,2,3,19,A01
200500048069,0,05,000,00,2,1,01,A01
200500048069,0,07,000,00,2,2,15,B02
200500048070,0,07,000,13,0,1,01,A01
200500048071,0,07,000,08,0,0,00,A01
200500048072,0,07,000,00,2,5,15,A01
200500048072,0,05,000,00,2,1,01,B02
200500048073,0,07,000,00,2,8,15,A01
200500048073,0,05,000,00,2,1,01,B02
200500048074,0,07,000,13,0,3,01,A01
200500048075,0,07,000,00,2,3,01,A01
200500048075,1,07,000,00,2,5,17,B02
200500048076,0,07,000,00,6,1,01,A01
200500048077,0,07,000,00,2,1,05,A01
200500048077,0,07,000,00,2,1,01,B02
200500048078,0,07,000,02,0,1,13,A01
200500048079,0,07,000,00,2,3,11,A01
200500048079,0,07,000,00,2,3,01,B02
200500048079,0,05,000,00,2,1,01,C03
200500048080,0,07,000,00,2,2,01,A01
200500048080,0,02,000,00,2,1,15,B02
200500048081,0,05,000,00,2,1,17,A01
200500048081,0,07,000,00,0,4,15,B02
200500048082,0,05,000,01,2,8,01,C03
200500048082,0,07,000,00,2,1,19,A01
200500048082,0,07,000,00,2,3,23,B02
200500048083,0,07,000,00,2,1,13,A01
200500048083,0,07,000,00,2,1,01,B02
200500048084,0,07,000,00,2,1,01,A01
200500048084,0,15,000,00,0,7,01,B02
200500048085,0,07,000,03,0,9,01,A01
200500048086,0,02,000,00,2,3,13,A01
200500048086,0,07,000,00,2,8,01,B02
200500048087,0,07,000,13,0,1,01,A01
200500048088,0,07,000,00,0,1,02,A01
200500048088,0,07,000,00,0,4,02,B02
200500048089,0,07,000,13,0,3,01,A01
200500048089,0,07,000,13,0,7,21,B02
200500048090,0,02,000,00,0,7,16,A01
200500048091,0,07,000,00,2,2,19,A01
200500048091,0,01,000,00,2,1,01,B02
200500048092,0,07,000,08,0,1,01,A01
200500048093,0,07,000,13,0,1,01,A01
200500048094,0,07,000,00,0,0,00,A01
200500048094,0,07,000,00,2,3,15,B02
200500048095,0,17,000,13,0,3,01,A01
200500048096,0,07,000,00,2,4,02,A01
200500048096,0,07,000,00,2,1,02,B02
200500048097,0,02,000,13,0,2,14,A01
200500048098,0,07,000,00,0,3,01,A01
200500048098,0,07,000,00,0,3,01,B02
200500048099,0,05,000,15,0,1,01,A01
200500048100,0,21,000,00,2,6,02,A01
200500048100,0,07,000,00,2,2,02,B02
200500048101,0,07,000,00,2,3,01,B02
200500048101,0,01,000,00,2,8,19,A01
200500048102,0,07,000,00,2,6,15,A01
200500048102,0,02,000,00,2,1,01,B02
200500048103,0,07,000,00,2,3,18,A01
200500048103,0,01,000,00,2,8,01,B02
200500048104,0,07,000,00,0,9,01,A01
200500048105,0,07,000,00,2,3,15,A01
200500048105,0,05,000,00,2,1,01,B02
200500048106,0,07,000,00,0,8,15,A01
200500048106,0,05,000,00,2,1,17,B02
200500048107,0,07,000,02,0,1,13,A01
200500048108,0,07,000,00,2,1,15,A01
200500048108,0,07,000,13,2,2,01,B02
200500048109,0,07,000,00,2,3,01,A01
200500048109,0,02,000,00,2,1,01,B02
200500048110,0,02,000,00,0,1,01,A01
200500048111,0,02,000,00,2,1,01,A01
200500048111,0,07,000,00,2,8,19,B02
200500048112,0,02,000,08,0,2,02,A01
200500048113,0,07,000,00,2,1,17,A01
200500048113,0,21,000,00,2,4,15,B02
200500048114,0,07,000,02,0,7,01,A01
200500048115,0,07,000,00,2,1,15,A01
200500048115,0,05,000,01,2,1,01,B02
200500048116,0,07,000,00,2,1,01,A01
200500048116,0,07,000,00,2,1,01,B02
200500048116,0,07,000,00,2,3,01,C03
200500048117,0,07,000,00,2,3,19,B02
200500048117,0,07,000,00,2,2,01,A01
200500048118,0,21,000,13,0,2,01,A01
200500048119,0,07,000,13,0,1,01,A01
200500048120,0,02,000,00,2,2,13,A01
200500048120,0,07,000,00,2,2,00,B02
200500048121,0,02,000,00,2,7,01,A01
200500048121,0,07,000,00,2,2,00,B02
200500048122,0,07,000,00,2,1,17,A01
200500048122,0,07,000,00,2,8,15,B02
200500048123,0,05,000,03,0,1,01,A01
200500048123,0,05,000,00,2,1,01,B02
200500048124,0,07,000,00,2,1,01,B02
200500048124,0,02,000,00,2,1,19,A01
200500048125,0,07,000,00,2,1,15,A01
200500048125,0,02,000,00,2,1,01,B02
200500048126,0,07,000,00,2,3,13,A01
200500048126,0,21,000,00,2,3,01,B02
200500048127,0,02,000,00,0,0,16,A01
200500048128,0,07,000,00,2,2,15,A01
200500048128,0,05,000,00,2,1,01,B02
200500048129,0,04,000,00,2,1,02,A01
200500048129,0,07,000,00,2,4,02,B02
200500048130,0,07,000,13,0,9,13,A01
200500048131,0,07,000,00,2,2,01,A01
200500048131,0,01,000,00,2,1,15,B02
200500048132,0,07,000,00,2,7,15,A01
200500048132,0,05,000,00,2,1,01,B02
200500048133,0,07,000,00,2,3,13,A01
200500048133,0,01,000,00,2,1,01,B02
200500048134,0,07,000,00,1,7,01,A01
200500048135,0,07,000,00,2,1,13,A01
200500048135,0,07,000,00,2,1,01,B02
200500048136,0,04,000,00,9,2,01,A01
200500048136,0,01,000,00,2,6,02,B02
200500048137,0,02,000,13,0,1,14,A01
200500048138,0,07,000,13,0,3,01,A01
200500048139,0,07,000,02,0,9,01,A01
200500048140,0,07,000,00,0,7,15,A01
200500048140,0,02,000,00,2,1,01,B02
200500048141,0,01,000,00,2,1,13,A01
200500048141,0,07,000,00,9,2,21,B02
200500048142,0,07,000,00,2,1,01,B02
200500048142,0,02,000,00,2,7,19,A01
200500048143,0,07,000,00,2,0,22,A01
200500048143,0,01,000,01,0,1,02,B02
200500048144,0,07,000,00,2,8,15,A01
200500048144,0,07,000,00,2,1,01,B02
200500048145,0,07,000,00,2,1,13,A01
200500048145,0,05,000,00,2,1,01,B02
200500048146,0,02,000,00,2,1,01,A01
200500048146,0,07,000,00,2,3,01,B02
200500048147,0,10,000,00,2,2,01,A01
200500048147,0,02,000,00,2,1,01,B02
200500048148,0,07,000,00,2,7,15,A01
200500048148,0,07,000,00,2,2,01,B02
200500048148,0,07,000,00,0,4,23,C03
200500048149,0,07,000,02,0,1,01,A01
200500048150,0,07,000,00,2,2,17,A01
200500048150,0,07,000,00,2,6,15,B02
200500048151,0,07,000,00,1,1,01,A01
200500048152,0,02,000,00,2,1,13,A01
200500048152,0,07,000,00,2,3,01,B02
200500048153,0,07,000,00,2,1,13,A01
200500048153,0,07,000,00,2,1,01,B02
200500048154,0,05,000,00,2,1,13,A01
200500048154,0,07,000,00,2,1,01,B02
200500048154,0,07,000,00,9,1,01,C03
200500048155,0,02,000,00,5,1,13,A01
200500048155,0,05,000,00,0,1,01,B02
200500048156,0,07,000,00,0,5,15,A01
200500048156,0,05,000,00,2,1,17,B02
200500048157,0,07,000,13,0,0,13,A01
200500048158,0,07,000,00,2,1,01,A01
200500048158,0,07,000,00,2,4,01,B02
200500048159,0,07,000,00,2,6,19,A01
200500048159,0,07,000,00,2,1,01,B02
200500048160,0,02,000,00,2,3,13,A01
200500048160,0,07,000,00,2,3,01,B02
200500048161,0,07,000,00,9,8,21,A01
200500048161,0,04,000,00,2,1,13,B02
200500048162,0,09,000,00,2,3,01,A01
200500048162,0,05,000,00,2,1,13,B02
200500048163,0,02,000,00,2,1,13,A01
200500048163,0,07,000,00,9,2,13,B02
200500048164,0,07,000,00,2,8,15,A01
200500048164,0,05,000,00,2,1,02,B02
200500048165,0,99,000,01,1,1,01,A01
200500048166,0,07,000,00,2,3,13,A01
200500048166,0,02,000,00,0,1,01,B02
200500048167,0,07,000,00,2,3,15,A01
200500048167,0,07,000,00,2,3,01,B02
200500048168,0,07,000,13,0,1,14,A01
200500048169,0,07,000,01,0,2,01,A01
200500048169,0,07,000,00,0,2,24,B02
200500048170,0,07,000,08,0,7,00,A01
200500048171,0,07,000,02,0,3,13,A01
200500048172,0,07,000,00,2,1,13,A01
200500048172,0,07,000,00,2,1,01,B02
200500048173,0,07,000,02,0,1,01,A01
200500048174,0,05,000,13,0,1,15,A01
200500048175,0,99,000,00,2,3,13,A01
200500048175,0,07,000,00,2,3,01,B02
200500048176,0,02,000,12,1,9,15,A01
200500048177,0,07,000,00,2,3,13,A01
200500048177,0,07,000,00,2,3,01,B02
200500048178,0,07,000,00,2,4,23,A01
200500048178,0,07,000,00,2,4,01,B02
200500048178,0,07,000,00,2,1,01,C03
200500048179,0,04,000,00,0,1,15,A01
200500048179,0,07,000,00,0,3,00,B02
200500048180,0,07,000,00,9,1,02,A01
200500048180,0,01,000,00,2,4,15,B02
200500048181,0,03,000,01,0,1,01,A01
200500048181,0,07,000,00,0,4,24,B02
200500048182,0,07,000,02,0,9,01,A01
200500048183,0,07,000,00,0,1,01,A01
200500048184,0,07,000,00,2,2,01,A01
200500048184,0,02,000,00,0,6,01,B02
200500048184,0,01,000,00,0,6,01,C03
200500048185,0,07,000,02,0,1,01,A01
200500048186,0,07,000,00,2,3,13,A01
200500048186,0,07,000,00,2,3,01,B02
200500048187,0,07,000,02,0,1,00,A01
200500048188,0,07,000,00,2,0,00,A01
200500048188,0,05,000,00,0,0,00,B02
200500048189,0,07,000,00,2,1,19,B02
200500048189,0,07,000,00,2,3,01,A01
200500048190,0,05,000,13,0,2,14,A01
200500048191,0,02,000,06,0,1,01,A01
200500048192,0,07,000,13,0,9,14,A01
200500048193,0,07,000,00,2,3,15,A01
200500048193,0,07,000,00,2,1,01,B02
200500048194,0,07,000,00,2,2,19,A01
200500048194,0,07,000,00,2,1,01,B02
200500048195,0,05,000,00,2,1,01,A01
200500048195,0,07,000,00,2,5,09,B02
200500048196,0,07,000,00,2,7,15,A01
200500048196,0,02,000,00,2,1,01,B02
200500048197,0,02,000,00,0,4,01,A01
200500048198,0,07,000,00,2,1,01,A01
200500048198,0,07,000,00,2,1,01,B02
200500048199,0,07,000,00,1,2,01,A01
200500048200,0,07,000,00,2,1,15,A01
200500048200,0,07,000,00,2,1,01,B02
200500048201,0,07,000,00,1,1,01,A01
200500048202,0,07,000,00,2,1,19,A01
200500048202,0,05,000,00,2,8,01,B02
200500048203,0,07,000,00,2,3,13,A01
200500048203,0,07,000,00,2,3,01,B02
200500048204,0,07,000,00,2,1,21,A01
200500048204,0,07,000,00,2,1,01,B02
200500048205,0,07,000,00,2,1,21,A01
200500048206,0,02,000,03,0,1,01,A01
200500048207,0,02,000,00,2,1,01,A01
200500048207,0,07,000,00,0,7,01,B02
200500048208,0,05,000,00,2,1,17,A01
200500048208,0,07,000,00,2,6,15,B02
200500048209,0,07,000,00,2,1,01,A01
200500048209,0,02,000,00,2,1,15,B02
200500048210,0,02,000,00,2,1,01,A01
200500048210,0,07,000,00,2,1,01,B02
200500048211,0,07,000,00,2,3,01,A01
200500048211,0,02,000,00,2,8,01,B02
200500048212,0,07,000,00,9,1,01,A01
200500048212,0,01,000,00,2,8,15,B02
200500048213,0,07,000,00,2,2,10,A01
200500048213,0,05,000,00,2,0,01,B02
200500048214,0,07,000,00,2,7,19,A01
200500048214,0,07,000,00,2,1,01,B02
200500048215,0,07,000,02,0,3,01,A01
200500048216,0,07,000,01,9,2,01,A01
200500048216,0,01,000,00,2,1,15,B02
200500048217,0,07,000,00,2,1,13,A01
200500048217,0,07,000,00,2,1,01,B02
200500048218,0,07,000,00,2,3,01,A01
200500048218,0,04,000,00,0,4,01,B02
200500048219,0,02,000,00,2,8,01,A01
200500048219,0,21,000,00,2,8,01,B02
200500048220,0,02,000,06,0,1,13,A01
200500048221,0,21,000,00,2,3,19,A01
200500048221,0,05,000,00,2,1,01,B02
200500048222,0,07,000,13,0,1,01,A01
200500048223,0,07,000,13,0,3,01,A01
200500048224,0,02,000,00,2,1,01,B02
200500048224,0,07,000,00,2,8,19,A01
200500048225,0,07,000,13,0,7,01,A01
200500048226,0,07,000,00,2,3,15,A01
200500048226,0,07,000,00,2,1,17,B02
200500048227,0,07,000,00,2,4,01,A01
200500048227,0,07,000,00,2,1,01,B02
200500048227,0,10,000,00,2,1,01,C03
200500048227,0,07,000,00,2,1,01,D04
200500048228,0,07,000,15,2,7,01,A01
200500048228,0,07,000,00,2,1,01,B02
200500048229,0,05,000,00,2,3,01,A01
200500048229,0,21,000,00,0,8,15,B02
200500048230,0,07,000,00,2,2,17,A01
200500048231,0,07,000,00,2,7,19,A01
200500048231,0,07,000,00,2,1,01,B02
200500048232,0,07,000,00,0,9,01,A01
200500048233,0,07,000,00,0,3,13,A01
200500048233,0,07,000,00,0,3,00,B02
200500048234,0,07,000,00,0,8,01,A01
200500048235,0,07,000,00,1,1,01,A01
200500048236,0,03,000,00,2,3,13,A01
200500048236,0,07,000,00,2,3,01,B02
200500048237,0,05,000,00,0,3,00,A01
200500048238,0,07,000,02,0,8,00,A01
200500048239,0,07,000,02,0,1,00,A01
200500048240,0,07,000,00,2,1,01,A01
200500048240,0,07,000,00,2,7,19,B02
200500048241,0,05,000,00,2,8,01,A01
200500048241,0,21,000,00,2,8,01,B02
200500048242,0,07,000,13,0,1,01,A01
200500048243,0,07,000,00,2,2,13,A01
200500048243,0,07,000,00,2,3,01,B02
200500048243,0,07,000,00,2,1,01,C03
200500048244,0,07,000,16,0,2,01,A01
200500048245,0,07,000,00,2,7,01,A01
200500048245,0,07,000,00,2,1,09,B02
200500048246,0,07,000,00,0,8,13,A01
200500048246,0,07,000,00,2,1,01,B02
200500048247,0,05,000,00,2,1,01,A01
200500048247,0,07,000,00,0,3,15,B02
200500048248,0,07,000,00,2,1,01,A01
200500048248,0,21,000,00,2,8,01,B02
200500048249,0,07,000,00,2,7,15,A01
200500048249,0,02,000,00,2,1,01,B02
200500048250,0,02,000,00,2,1,01,A01
200500048250,0,07,000,00,2,8,15,B02
200500048251,0,05,000,00,2,7,17,A01
200500048251,0,21,000,00,2,8,15,B02
200500048252,0,05,000,02,0,1,01,A01
200500048253,0,07,000,02,0,1,00,A01
200500048254,0,07,000,00,2,7,01,A01
200500048254,0,07,000,00,2,1,17,B02
200500048255,0,07,000,00,2,3,01,A01
200500048255,0,02,000,00,2,7,01,B02
200500048256,0,07,000,00,2,2,01,A01
200500048256,0,02,000,00,2,1,01,B02
200500048257,0,05,000,08,0,1,01,A01
200500048258,0,01,000,00,0,0,00,A01
200500048259,0,07,000,00,2,7,17,A01
200500048259,0,02,000,00,2,8,01,B02
200500048260,0,07,000,00,0,9,01,A01
200500048261,0,07,000,00,0,1,01,A01
200500048262,0,07,000,01,2,8,10,A01
200500048262,0,07,000,01,2,2,01,B02
200500048263,0,07,000,00,1,1,15,A01
200500048264,0,07,000,00,1,2,00,A01
200500048265,0,21,000,00,2,0,19,A01
200500048265,0,99,000,00,2,3,19,B02
200500048265,0,07,000,00,2,2,01,C03
200500048266,0,14,000,00,2,1,01,A01
200500048266,0,02,000,00,2,0,15,B02
200500048267,0,17,000,00,2,3,01,A01
200500048267,0,07,000,00,2,3,05,B02
200500048268,0,07,000,00,0,9,01,A01
200500048269,0,07,000,00,2,3,01,A01
200500048269,0,07,000,00,2,1,05,B02
200500048270,0,07,000,00,0,0,00,A01
200500048270,0,02,000,00,0,1,02,B02
200500048271,0,02,000,08,0,2,01,A01
200500048272,0,07,000,00,1,1,01,A01
200500048273,0,07,000,08,0,1,01,A01
200500048274,0,07,000,00,0,1,01,A01
200500048275,0,07,000,13,0,1,01,A01
200500048276,0,05,000,00,0,0,17,A01
200500048276,0,07,000,00,9,1,01,B02
200500048277,0,07,000,00,1,2,01,A01
200500048278,0,05,000,13,0,1,01,A01
200500048279,0,07,000,13,0,1,01,A01
200500048280,0,05,000,13,0,0,17,A01
200500048281,0,07,000,02,0,3,01,A01
200500048282,0,07,000,00,2,3,01,A01
200500048282,0,07,000,00,2,3,01,B02
200500048283,0,02,000,00,2,1,01,A01
200500048283,0,07,000,00,2,3,01,B02
200500048284,0,07,000,00,2,1,01,A01
200500048284,2,07,000,00,2,6,09,B02
200500048285,0,07,000,00,1,3,01,A01
200500048286,0,07,000,00,2,1,13,A01
200500048286,0,07,000,00,2,1,01,B02
200500048287,0,07,000,00,2,2,17,A01
200500048287,0,05,000,00,0,8,15,B02
200500048288,0,01,000,00,2,1,17,A01
200500048288,0,01,000,00,2,8,01,B02
200500048288,0,07,000,00,9,3,01,C03
200500048289,0,07,000,00,0,1,01,A01
200500048290,0,07,000,00,2,8,15,A01
200500048290,0,02,000,00,2,1,01,B02
200500048291,0,02,000,12,0,1,01,A01
200500048292,0,07,000,00,2,2,01,A01
200500048292,0,02,000,00,2,4,01,B02
200500048293,0,07,000,00,2,2,02,A01
200500048293,0,01,000,00,2,6,02,B02
200500048294,0,07,000,02,2,8,01,A01
200500048294,0,07,000,00,2,8,01,B02
200500048295,0,02,000,00,2,1,15,A01
200500048295,0,07,000,00,2,1,01,B02
200500048296,0,07,000,00,2,7,06,A01
200500048296,0,05,000,00,2,1,01,B02
200500048297,0,04,000,00,2,1,01,A01
200500048297,0,07,000,00,0,5,01,B02
200500048298,0,07,000,00,2,1,13,A01
200500048298,0,07,000,00,2,1,01,B02
200500048299,0,02,000,00,0,1,02,A01
200500048299,0,02,000,00,0,4,02,B02
200500048300,0,02,000,00,2,1,01,A01
200500048300,0,07,000,00,2,3,19,B02
200500048301,0,07,000,00,9,2,01,A01
200500048301,0,01,000,00,2,1,01,B02
200500048302,0,05,000,12,0,1,01,A01
200500048303,0,07,000,08,0,1,01,A01
200500048304,0,07,000,01,0,1,01,A01
200500048305,0,07,000,00,2,1,13,A01
200500048305,0,07,000,00,2,3,01,B02
200500048305,0,07,000,00,2,8,01,C03
200500048306,0,02,000,00,2,1,01,A01
200500048306,0,07,000,00,2,7,01,B02
200500048307,0,07,000,00,2,3,01,A01
200500048307,0,07,000,00,2,2,01,B02
200500048308,0,09,000,00,0,5,15,A01
200500048308,0,04,000,00,2,1,02,B02
200500048309,0,05,000,11,2,3,17,A01
200500048309,0,17,000,00,2,3,01,B02
200500048310,0,07,000,13,0,1,01,A01
200500048311,0,05,000,00,0,8,01,A01
200500048312,0,02,000,01,0,1,14,A01
200500048313,0,05,000,00,2,1,01,A01
200500048313,0,07,000,00,2,6,01,B02
200500048314,0,05,000,13,0,8,15,A01
200500048315,0,07,000,00,1,3,01,A01
200500048316,0,07,000,13,0,3,01,A01
200500048317,0,02,000,00,2,1,01,A01
200500048317,0,07,000,00,2,5,23,B02
200500048318,0,07,000,06,0,1,01,A01
200500048319,0,07,000,08,0,1,01,A01
200500048320,0,07,000,03,0,3,00,A01
200500048321,0,07,000,13,0,1,01,A01
200500048322,0,07,000,00,0,1,00,A01
200500048322,0,02,000,00,0,4,00,B02
200500048323,0,07,000,00,2,1,01,A01
200500048323,0,07,000,00,2,1,01,B02
200500048324,0,02,000,00,2,1,02,A01
200500048324,0,07,000,00,2,1,01,B02
200500048325,0,07,000,00,2,3,02,A01
200500048325,0,05,000,00,0,5,01,B02
200500048326,0,07,000,00,2,2,23,A01
200500048326,0,05,000,01,0,1,01,B02
200500048327,0,07,000,00,2,1,01,A01
200500048327,0,07,000,00,2,1,01,B02
200500048327,0,07,000,13,0,4,01,C03
200500048328,0,07,000,04,0,3,13,A01
200500048329,0,02,000,01,0,1,01,A01
200500048329,0,99,000,00,0,6,24,B02
200500048330,0,07,000,08,0,1,01,A01
200500048331,0,07,000,13,2,9,17,A01
200500048331,0,07,000,13,2,9,17,B02
200500048332,0,15,000,00,2,8,13,A01
200500048332,0,07,000,00,2,3,01,B02
200500048333,0,07,000,16,0,2,00,A01
200500048334,0,05,000,00,2,1,01,A01
200500048334,0,05,000,00,0,4,01,B02
200500048334,0,07,000,00,2,6,15,C03
200500048335,0,07,000,00,2,3,17,A01
200500048335,0,07,000,06,2,3,01,B02
200500048336,0,04,000,13,0,1,01,A01
200500048337,0,07,000,00,0,1,13,A01
200500048337,0,07,000,00,0,3,01,B02
200500048338,0,07,000,00,2,3,01,A01
200500048338,0,07,000,00,0,1,13,B02
200500048339,0,17,000,00,2,6,23,A01
200500048339,0,02,000,01,0,1,01,B02
200500048340,0,02,000,00,0,3,14,A01
200500048341,0,07,000,00,0,6,23,A01
200500048341,0,05,000,00,0,0,00,B02
200500048342,0,07,000,00,2,1,01,A01
200500048342,0,07,000,00,2,6,01,B02
200500048343,0,02,000,13,0,2,01,A01
200500048344,0,07,000,08,0,2,01,A01
200500048344,0,07,000,00,2,2,01,B02
200500048345,0,02,000,00,0,1,01,A01
200500048346,0,07,000,00,1,1,01,A01
200500048347,0,02,000,00,2,7,15,A01
200500048347,0,02,000,00,2,8,01,B02
200500048348,0,07,000,00,1,3,01,A01
200500048349,0,07,000,00,2,1,01,A01
200500048349,0,07,000,00,2,1,13,B02
200500048350,0,07,000,00,2,6,15,A01
200500048350,0,05,000,00,2,1,01,B02
200500048351,0,07,000,00,2,2,19,A01
200500048351,0,02,000,00,2,1,01,B02
200500048352,0,07,000,00,2,3,01,B02
200500048352,0,07,000,12,2,1,06,A01
200500048353,0,07,000,06,0,2,14,A01
200500048354,0,05,000,00,2,3,01,A01
200500048354,0,07,000,00,2,3,00,B02
200500048355,0,07,000,00,2,1,01,A01
200500048355,0,07,000,00,2,8,19,B02
200500048356,0,05,000,00,0,0,01,A01
200500048357,0,02,000,00,0,8,01,A01
200500048358,0,05,000,00,2,1,01,A01
200500048358,0,21,000,00,2,7,01,B02
200500048359,0,05,000,02,0,8,01,A01
200500048360,0,07,000,13,0,3,01,A01
200500048361,0,07,000,00,1,3,16,A01
200500048362,0,07,000,00,2,2,01,A01
200500048362,0,02,000,00,2,1,13,B02
200500048363,0,07,000,00,2,3,21,A01
200500048363,0,02,000,00,2,1,13,B02
200500048364,0,07,000,16,0,0,14,A01
200500048365,0,07,000,00,2,8,15,A01
200500048365,0,02,000,00,2,1,01,B02
200500048366,0,07,000,00,2,0,15,A01
200500048366,0,07,000,00,2,1,00,B02
200500048367,0,05,000,00,2,7,01,A01
200500048367,0,07,000,00,0,1,01,B02
200500048367,0,07,000,00,0,3,00,C03
200500048368,0,07,000,00,0,0,01,A01
200500048369,0,07,000,02,0,7,17,A01
200500048370,0,05,000,13,0,1,01,A01
200500048371,0,07,000,02,0,7,01,A01
200500048372,0,01,000,00,2,8,13,A01
200500048372,0,07,000,00,9,5,17,B02
200500048373,0,05,000,00,2,1,01,B02
200500048373,0,07,000,00,2,8,19,A01
200500048374,0,07,000,00,2,5,13,A01
200500048374,0,07,000,00,2,1,01,B02
200500048375,0,07,000,00,2,2,01,A01
200500048375,0,01,000,00,2,1,05,B02
200500048376,0,10,000,00,2,0,17,A01
200500048376,0,01,000,00,2,0,01,B02
200500048377,0,07,000,00,9,1,01,A01
200500048377,0,02,000,00,2,3,01,B02
200500048377,0,02,000,00,2,1,01,C03
200500048378,0,05,000,00,2,1,01,A01
200500048378,0,07,000,00,2,8,01,B02
200500048379,0,05,000,00,2,1,01,A01
200500048379,0,07,000,00,2,5,15,B02
200500048380,0,05,000,00,2,2,01,A01
200500048380,0,07,000,00,2,3,19,B02
200500048381,0,07,000,00,2,7,13,A01
200500048381,0,07,000,00,2,1,01,B02
200500048382,0,07,000,00,2,1,13,A01
200500048382,0,07,000,00,2,1,01,B02
200500048383,0,07,000,00,1,2,01,A01
200500048384,0,05,000,00,2,3,18,A01
200500048384,0,07,000,00,0,0,00,B02
200500048385,0,02,000,00,2,1,17,A01
200500048385,0,07,000,00,2,6,20,B02
200500048386,0,07,000,00,2,2,01,A01
200500048386,0,07,000,00,2,3,01,B02
200500048387,0,01,000,00,2,1,19,A01
200500048387,0,07,000,00,9,2,01,B02
200500048388,0,10,000,00,2,3,15,A01
200500048388,0,07,000,00,2,1,01,B02
200500048389,0,05,000,00,5,0,19,A01
200500048390,0,07,000,00,9,3,01,A01
200500048390,0,01,000,00,2,7,00,B02
200500048391,0,07,000,00,2,1,02,A01
200500048391,0,07,000,00,2,9,02,B02
200500048391,0,07,000,00,0,5,02,C03
200500048392,0,07,000,02,0,1,01,A01
200500048393,0,02,000,00,0,1,13,A01
200500048393,0,07,000,00,0,2,01,B02
200500048394,0,07,000,00,0,3,15,A01
200500048394,0,05,000,00,0,1,01,B02
200500048395,0,01,000,00,2,8,02,A01
200500048395,0,05,000,00,9,1,02,B02
200500048396,0,07,000,00,2,1,13,A01
200500048396,0,07,000,00,2,1,00,B02
200500048397,0,05,000,00,2,1,17,A01
200500048397,0,07,000,00,2,3,15,B02
200500048398,0,07,000,00,1,1,01,A01
200500048399,0,07,000,00,2,3,13,A01
200500048399,0,07,000,00,2,3,01,B02
200500048400,0,07,000,02,0,1,01,A01
200500048401,0,07,000,00,2,1,13,A01
200500048401,0,07,000,00,2,1,01,B02
200500048402,0,07,000,02,0,3,01,A01
200500048403,0,05,000,05,0,1,01,A01
200500048404,0,05,000,00,2,8,01,A01
200500048404,0,10,000,00,2,3,15,B02
200500048405,0,07,000,06,0,3,13,A01
200500048406,0,07,000,00,0,8,15,A01
200500048406,0,05,000,00,2,1,01,B02
200500048407,0,05,000,03,0,8,01,A01
200500048408,0,05,000,00,0,0,01,A01
200500048408,0,17,000,00,0,3,00,B02
200500048409,0,02,000,00,2,7,17,A01
200500048409,0,01,000,00,0,7,15,B02
200500048410,0,07,000,00,2,1,17,A01
200500048410,0,07,000,00,2,3,15,B02
200500048411,0,07,000,00,2,1,01,A01
200500048411,0,07,000,00,2,8,15,B02
200500048412,0,07,000,13,0,9,14,A01
200500048413,0,02,000,14,0,0,01,A01
200500048414,0,07,000,01,0,1,02,A01
200500048415,0,07,000,00,2,3,15,A01
200500048415,0,07,000,00,2,1,13,B02
200500048416,0,07,000,00,2,8,13,A01