Num_Acc,senc,catv,occutc,obs,obsm,choc,manv,num_veh
200500049576,0,07,000,00,2,1,05,A01
200500049576,0,07,000,00,2,1,01,B02
200500049577,0,07,000,00,2,3,05,A01
200500049577,0,07,000,00,2,3,05,B02
200500049578,0,07,000,00,2,7,01,A01
200500049578,0,09,000,00,2,1,01,B02
200500049579,0,04,000,13,0,8,01,A01
200500049580,0,07,000,06,1,1,00,A01
200500049581,0,07,000,00,2,4,11,A01
200500049581,0,07,000,00,2,1,01,B02
200500049582,0,05,000,00,2,1,01,A01
200500049582,0,10,000,00,2,1,01,B02
200500049583,0,05,000,00,1,1,01,A01
200500049584,0,07,000,00,2,1,13,A01
200500049584,0,07,000,00,2,1,01,B02
200500049585,0,07,000,13,0,2,01,A01
200500049586,0,07,000,04,0,2,15,A01
200500049587,0,07,000,00,2,3,13,A01
200500049587,0,07,000,00,2,8,01,B02
200500049588,0,01,000,00,2,3,13,A01
200500049588,0,07,000,00,2,3,01,B02
200500049589,0,07,000,00,0,4,01,A01
200500049589,0,07,000,00,2,1,02,B02
200500049590,0,07,000,00,0,3,10,A01
200500049590,0,05,000,00,2,1,01,B02
200500049591,0,07,000,00,2,2,01,A01
200500049591,0,07,000,00,2,1,01,B02
200500049592,0,07,000,00,2,3,09,A01
200500049592,0,05,000,00,2,1,01,B02
200500049593,0,01,000,00,2,1,13,A01
200500049593,0,07,000,00,9,3,01,B02
200500049594,0,07,000,16,0,1,14,A01
200500049595,0,07,000,00,0,3,13,A01
200500049595,0,07,000,00,2,1,01,B02
200500049596,0,07,000,00,2,3,09,A01
200500049596,0,05,000,00,2,2,01,B02
200500049597,0,15,000,00,2,4,01,A01
200500049597,0,02,000,00,2,1,01,B02
200500049598,0,05,000,00,2,1,01,A01
200500049598,0,07,000,00,2,2,10,B02
200500049599,0,07,000,00,2,3,13,A01
200500049599,0,07,000,00,2,3,01,B02
200500049600,0,02,000,00,2,1,01,B02
200500049600,0,07,000,00,2,3,19,A01
200500049601,0,07,000,00,2,6,01,A01
200500049601,0,05,000,00,2,1,17,B02
200500049602,0,07,000,00,2,6,04,A01
200500049602,0,05,000,00,2,2,02,B02
200500049603,0,07,000,00,2,1,01,A01
200500049603,0,04,000,00,2,4,01,B02
200500049604,0,04,000,00,2,3,13,A01
200500049604,0,07,000,00,2,3,01,B02
200500049605,0,07,000,00,0,8,15,A01
200500049605,0,04,000,00,2,1,01,B02
200500049606,0,07,000,00,2,3,15,A01
200500049606,0,02,000,00,2,1,17,B02
200500049607,0,07,000,00,2,3,01,A01
200500049607,0,05,000,00,2,1,13,B02
200500049608,0,05,000,13,2,1,01,A01
200500049608,0,05,000,00,2,1,02,B02
200500049609,0,05,000,00,2,1,01,A01
200500049609,0,07,000,00,2,1,15,B02
200500049610,0,05,000,00,2,0,01,A01
200500049611,0,05,000,00,2,1,15,A01
200500049611,0,07,000,00,2,3,00,B02
200500049612,0,07,000,13,0,1,16,A01
200500049613,0,07,000,00,2,8,15,A01
200500049613,0,05,000,00,2,1,02,B02
200500049614,0,05,000,00,2,1,01,A01
200500049614,0,07,000,00,2,5,15,B02
200500049615,0,07,000,00,0,8,10,A01
200500049615,0,05,000,00,2,1,01,B02
200500049616,0,07,000,00,2,3,15,A01
200500049616,0,02,000,00,2,8,21,B02
200500049617,0,01,000,00,2,1,01,A01
200500049617,0,07,000,00,9,7,15,B02
200500049618,0,07,000,00,1,6,20,A01
200500049619,0,07,000,00,2,1,13,A01
200500049619,0,07,000,00,2,1,01,B02
200500049620,0,04,000,00,2,1,01,A01
200500049620,0,07,000,00,9,3,19,B02
200500049621,0,10,000,00,0,5,15,A01
200500049621,0,05,000,00,2,1,01,B02
200500049622,0,07,000,00,2,1,13,A01
200500049622,0,07,000,00,2,1,01,B02
200500049623,0,07,000,00,2,3,15,A01
200500049623,0,02,000,00,2,1,01,B02
200500049624,0,07,000,00,2,2,01,A01
200500049624,0,07,000,00,2,8,01,B02
200500049625,0,07,000,13,2,3,17,A01
200500049625,0,07,000,00,2,7,17,B02
200500049626,0,07,000,13,0,1,01,A01
200500049627,0,01,000,00,2,1,01,A01
200500049627,0,07,000,00,2,2,01,B02
200500049628,0,07,000,08,0,1,13,A01
200500049629,0,07,000,08,0,1,13,A01
200500049630,0,07,000,08,0,2,13,A01
200500049631,0,05,000,00,2,1,01,A01
200500049631,0,07,000,00,0,4,02,B02
200500049632,0,02,000,00,2,1,17,A01
200500049632,0,02,000,00,2,1,01,B02
200500049633,0,07,000,00,9,3,01,A01
200500049633,0,01,000,00,2,1,01,B02
200500049634,0,02,000,00,1,1,00,A01
200500049635,0,07,000,00,1,2,01,A01
200500049636,0,07,000,00,2,1,01,A01
200500049636,0,07,000,00,9,2,01,B02
200500049637,0,07,000,00,1,2,01,A01
200500049638,0,05,000,02,0,7,01,A01
200500049639,0,07,000,00,2,6,01,A01
200500049639,0,05,000,00,2,2,01,B02
200500049640,0,07,000,00,2,1,01,A01
200500049640,0,07,000,00,2,7,15,B02
200500049641,0,07,000,00,2,4,00,A01
200500049642,0,07,000,10,2,3,21,A01
200500049642,0,07,000,00,2,2,13,B02
200500049643,0,07,000,03,2,5,14,A01
200500049644,0,07,000,13,0,6,01,A01
200500049645,0,05,000,00,2,1,01,A01
200500049645,0,05,000,00,2,1,01,B02
200500049645,0,08,000,00,2,2,15,C03
200500049646,0,07,000,00,2,3,17,A01
200500049646,0,07,000,00,2,3,01,B02
200500049647,0,07,000,00,2,3,01,A01
200500049647,0,07,000,00,2,8,15,B02
200500049648,0,07,000,00,0,6,10,A01
200500049648,0,05,000,00,0,1,17,B02
200500049649,0,07,000,00,9,2,16,A01
200500049649,0,01,000,00,2,1,01,B02
200500049650,0,07,000,00,2,2,13,A01
200500049650,0,05,000,00,2,1,01,B02
200500049651,0,07,000,00,2,3,15,A01
200500049651,0,05,000,00,2,1,01,B02
200500049652,0,07,000,13,0,9,01,A01
200500049653,0,01,000,00,0,0,00,A01
200500049654,0,15,000,00,2,7,01,B02
200500049654,0,07,000,00,2,1,15,A01
200500049655,0,05,000,00,2,1,17,A01
200500049655,0,07,000,00,2,1,01,B02
200500049656,0,04,000,00,2,1,01,A01
200500049656,0,07,000,00,2,8,15,B02
200500049657,0,14,000,00,2,2,01,A01
200500049657,0,07,000,00,2,6,00,B02
200500049658,0,07,000,13,0,1,16,A01
200500049659,0,07,000,00,2,1,13,A01
200500049659,0,21,000,00,2,8,01,B02
200500049660,0,07,000,00,2,3,15,A01
200500049660,0,07,000,00,2,2,01,B02
200500049661,1,07,000,13,2,8,13,A01
200500049661,0,05,000,13,2,3,01,B02
200500049662,0,07,000,00,2,2,01,A01
200500049662,0,01,000,00,2,3,19,B02
200500049663,0,99,000,00,9,1,01,A01
200500049663,0,99,000,00,9,1,01,B02
200500049664,0,07,000,00,1,1,01,A01
200500049665,0,07,000,00,2,1,01,A01
200500049665,0,07,000,00,2,7,15,B01
200500049666,0,07,000,02,0,2,01,A01
200500049667,0,02,000,06,0,1,13,A01
200500049668,0,07,000,16,0,9,14,A01
200500049669,0,07,000,00,2,1,01,A01
200500049669,0,07,000,00,0,4,23,B02
200500049669,0,05,000,00,2,1,01,C03
200500049670,0,07,000,06,0,1,13,A01
200500049671,0,07,000,02,0,7,01,A01
200500049672,0,05,000,00,0,3,01,A01
200500049673,0,07,000,00,2,7,17,A01
200500049673,0,01,000,00,2,8,01,B02
200500049674,0,07,000,00,0,1,02,A01
200500049674,0,07,000,00,0,4,00,B02
200500049674,0,07,000,00,0,4,00,C03
200500049675,0,07,000,00,2,1,02,A01
200500049675,0,07,000,00,2,4,02,B02
200500049675,0,07,000,00,2,4,02,C03
200500049675,0,07,000,00,0,4,02,D04
200500049676,0,07,000,00,2,1,13,A01
200500049676,0,07,000,00,2,1,01,B02
200500049677,0,07,000,00,2,8,16,A01
200500049677,0,05,000,00,2,0,01,B02
200500049678,0,07,000,00,1,2,01,A01
200500049679,0,07,000,00,0,8,10,A01
200500049679,0,07,000,00,2,1,01,B02
200500049680,0,07,000,00,2,1,01,A01
200500049680,0,05,000,00,2,4,01,B02
200500049681,0,06,000,11,0,1,01,A01
200500049682,0,07,000,00,2,1,13,A01
200500049682,0,07,000,00,2,3,01,B02
200500049683,0,02,000,12,2,1,09,A01
200500049684,0,07,000,00,2,2,11,A01
200500049684,0,07,000,00,2,1,01,B02
200500049685,0,05,000,00,2,0,21,A01
200500049685,0,07,000,00,2,0,10,B02
200500049686,0,07,000,02,0,1,17,A01
200500049687,0,07,000,06,0,1,16,A01
200500049688,0,07,000,00,2,1,01,A01
200500049688,0,07,000,00,2,1,13,B02
200500049689,0,05,000,00,1,1,01,A01
200500049690,0,05,000,00,2,1,01,A01
200500049690,0,07,000,00,2,1,01,B02
200500049691,0,07,000,13,0,1,13,A01
200500049692,0,07,000,00,1,3,01,A01
200500049693,0,14,000,00,1,5,01,A01
200500049694,0,07,000,00,1,3,01,A01
200500049695,0,07,000,02,0,2,18,A01
200500049696,0,07,000,00,9,7,15,A01
200500049696,0,01,000,00,2,0,01,B02
200500049697,0,07,000,00,2,1,00,A01
200500049697,0,07,000,00,2,1,01,B02
200500049698,0,07,000,13,0,3,01,A01
200500049699,0,07,000,02,0,1,13,A01
200500049700,0,07,000,13,0,2,01,A01
200500049701,0,07,000,02,0,2,15,A01
200500049702,0,07,000,00,2,1,01,A01
200500049702,0,07,000,00,2,1,17,B02
200500049703,0,07,000,00,2,2,19,A01
200500049703,0,02,000,00,2,1,01,B02
200500049703,0,07,000,00,9,3,23,C03
200500049704,0,07,000,00,2,2,15,A01
200500049704,0,05,000,00,2,0,01,B02
200500049705,0,07,000,00,2,1,01,A01
200500049705,0,07,000,00,2,1,01,B02
200500049706,0,07,000,16,0,9,01,A01
200500049707,0,05,000,00,2,3,01,A01
200500049707,0,07,000,00,2,3,01,B02
200500049708,0,07,000,00,0,0,00,A01
200500049708,0,07,000,00,0,0,00,B02
200500049709,0,05,000,00,2,1,01,A01
200500049709,0,07,000,00,2,2,01,B02
200500049709,0,07,000,01,0,6,24,C03
200500049710,0,07,000,02,0,7,01,A01
200500049711,0,05,000,13,0,7,01,A01
200500049712,0,07,000,00,1,8,01,A01
200500049713,0,07,000,00,9,1,01,A01
200500049713,0,01,000,00,2,7,19,B02
200500049714,0,07,000,00,1,1,01,A01
200500049715,0,07,000,00,2,5,16,A01
200500049715,0,01,000,00,2,8,16,B02
200500049716,0,07,000,00,2,3,01,A01
200500049716,0,02,000,00,2,3,01,B02
200500049717,0,07,000,00,1,6,04,A01
200500049718,0,07,000,00,9,1,01,A01
200500049719,0,07,000,00,2,8,15,A01
200500049719,0,05,000,00,2,7,17,B02
200500049720,0,21,000,00,2,2,19,A01
200500049720,0,07,000,00,2,8,01,B02
200500049721,0,07,000,00,2,2,17,A01
200500049721,0,07,000,00,2,8,15,B02
200500049722,0,07,000,13,0,1,13,A01
200500049723,0,99,000,08,0,1,21,A01
200500049724,0,07,000,06,0,7,13,A01
200500049725,0,99,000,08,0,0,01,A01
200500049726,0,99,000,13,0,2,15,A01
200500049727,0,07,000,00,2,3,13,A01
200500049727,0,07,000,00,2,8,01,B02
200500049728,0,07,000,00,2,1,01,A01
200500049728,0,02,000,00,2,8,19,B02
200500049729,0,07,000,13,0,2,01,A01
200500049730,0,07,000,06,2,1,01,A01
200500049730,0,07,000,00,2,6,01,B02
200500049731,0,07,000,00,2,1,01,A01
200500049731,0,02,000,00,2,1,13,B02
200500049732,0,07,000,00,2,3,13,A01
200500049732,0,07,000,00,2,3,01,B02
200500049732,0,07,000,00,0,0,24,C03
200500049733,0,07,000,00,2,2,02,A01
200500049733,0,07,000,00,0,6,02,B02
200500049734,0,07,000,00,2,1,13,A01
200500049734,0,07,000,00,2,1,01,B02
200500049735,0,05,000,00,2,1,01,A01
200500049735,0,15,000,00,2,8,15,B02
200500049736,0,01,000,00,2,2,15,A01
200500049736,0,17,000,00,9,8,01,B02
200500049737,0,02,000,00,1,1,02,A01
200500049738,0,05,000,00,0,1,01,A01
200500049739,0,07,000,13,0,2,13,A01
200500049740,0,07,000,13,0,1,01,A01
200500049741,0,05,000,00,0,0,01,A01
200500049742,0,07,000,00,2,3,17,A01
200500049742,0,07,000,00,2,3,01,B02
200500049743,0,07,000,00,2,2,01,A01
200500049743,0,07,000,00,2,2,13,B02
200500049744,0,02,000,00,0,8,01,A01
200500049745,0,07,000,02,0,2,01,A01
200500049746,0,07,000,00,0,0,15,A01
200500049747,0,05,000,00,0,0,01,A01
200500049748,0,02,000,03,0,1,00,A01
200500049749,0,05,000,00,0,0,01,A01
200500049750,0,07,000,00,0,3,01,A01
200500049750,0,07,000,00,2,3,13,B02
200500049751,0,05,000,00,2,1,18,A01
200500049751,0,05,000,00,0,7,00,B02
200500049751,0,07,000,00,0,5,01,C03
200500049752,0,07,000,00,2,7,15,A01
200500049752,0,01,000,00,2,1,01,B02
200500049753,0,07,000,08,0,2,01,A01
200500049754,0,07,000,04,0,3,01,A01
200500049754,0,07,000,00,0,0,00,B02
200500049755,0,07,000,00,2,3,13,A01
200500049755,0,02,000,00,2,1,01,B02
200500049756,0,07,000,00,2,3,21,A01
200500049756,0,07,000,00,2,3,01,B02
200500049757,0,07,000,13,0,0,13,A01
200500049758,0,10,000,00,2,1,19,A01
200500049758,0,05,000,00,2,8,01,B02
200500049759,0,10,000,00,0,0,13,A01
200500049759,0,05,000,13,0,1,13,C03
200500049760,0,07,000,00,0,7,15,A01
200500049760,0,05,000,00,0,1,01,B02
200500049761,0,07,000,00,2,7,13,A01
200500049761,0,07,000,00,0,3,00,B02
200500049762,0,05,000,00,0,0,00,A01
200500049763,0,07,000,00,2,3,00,A01
200500049763,0,02,000,00,2,1,00,B02
200500049764,0,07,000,00,2,1,15,A01
200500049765,0,07,000,00,2,3,01,A01
200500049765,0,05,000,00,2,3,01,B02
200500049766,0,05,000,00,2,3,17,A01
200500049766,0,05,000,00,2,1,01,B02
200500049767,0,07,000,00,2,1,15,A01
200500049767,0,07,000,00,2,1,01,B02
200500049768,0,07,000,03,0,1,00,A01
200500049769,0,07,000,00,2,2,17,A01
200500049769,0,07,000,00,2,3,01,B02
200500049770,0,07,000,00,1,1,01,A01
200500049770,0,07,000,00,1,1,01,B02
200500049771,0,07,000,00,2,6,15,A01
200500049771,0,05,000,00,2,1,17,B02
200500049772,0,04,000,06,0,1,01,A01
200500049773,0,07,000,06,2,2,17,A01
200500049774,0,07,000,02,0,2,17,A01
200500049775,0,05,000,00,2,8,17,A01
200500049775,0,07,000,00,2,8,01,B02
200500049776,0,07,000,00,2,1,13,A01
200500049776,0,07,000,00,2,1,01,B02
200500049776,0,07,000,00,2,3,01,C03
200500049777,0,10,000,00,0,0,10,A01
200500049777,0,05,000,16,0,8,01,B02
200500049778,0,05,000,00,0,7,21,A01
200500049779,0,05,000,00,0,7,00,A01
200500049780,0,07,000,00,2,7,17,A01
200500049780,0,07,000,00,2,1,01,B02
200500049781,0,07,000,00,2,1,17,A01
200500049781,0,07,000,00,2,1,01,B02
200500049782,0,07,000,00,2,1,01,A01
200500049782,0,07,000,00,2,1,01,B02
200500049783,0,02,000,00,2,1,18,A01
200500049783,0,07,000,00,2,7,15,B02
200500049784,0,07,000,00,2,7,19,A01
200500049784,0,07,000,00,2,1,01,B02
200500049785,0,07,000,00,2,2,15,A01
200500049785,0,05,000,00,2,1,01,B02
200500049786,0,07,000,13,0,1,01,A01
200500049787,0,05,000,00,2,7,17,A01
200500049787,0,07,000,00,0,6,02,B02
200500049787,0,07,000,00,2,1,01,C03
200500049788,0,02,000,00,0,7,01,A01
200500049789,0,05,000,00,2,1,13,A01
200500049789,0,07,000,00,2,2,01,B02
200500049790,0,02,000,00,2,5,15,A01
200500049790,0,02,000,00,2,1,01,B02
200500049791,0,07,000,00,2,9,01,A01
200500049791,0,07,000,00,2,8,01,B02
200500049792,0,07,000,00,0,1,01,A01
200500049793,0,07,000,00,2,3,01,A01
200500049793,0,07,000,00,2,3,13,B02
200500049794,0,17,000,13,0,7,01,A01
200500049795,0,07,000,00,2,3,15,A01
200500049795,0,05,000,00,2,1,17,B02
200500049796,0,05,000,00,2,1,13,A01
200500049796,0,07,000,00,2,2,01,B02
200500049797,0,99,000,13,0,7,01,A01
200500049798,0,01,000,00,2,4,13,A01
200500049798,0,07,000,00,2,3,01,B02
200500049799,0,07,000,00,1,7,01,A01
200500049800,0,07,000,06,0,1,01,A01
200500049801,0,07,000,00,0,4,01,A01
200500049801,0,07,000,00,2,1,01,B02
200500049802,0,07,000,00,2,7,15,A01
200500049802,0,05,000,00,2,1,01,B02
200500049803,0,07,000,06,0,7,13,A01
200500049804,0,07,000,00,2,1,00,A01
200500049804,0,07,000,00,2,1,00,B02
200500049805,0,05,000,02,0,7,15,A01
200500049806,0,07,000,00,2,2,05,A01
200500049806,0,07,000,00,2,2,01,B02
200500049807,0,07,000,00,0,3,01,A01
200500049807,1,05,000,00,0,0,15,B02
200500049808,0,07,000,13,0,1,21,A01
200500049809,0,17,000,00,2,1,01,A01
200500049809,0,07,000,00,0,0,00,B02
200500049810,0,07,000,00,2,1,01,A01
200500049810,0,07,000,00,2,3,19,B02
200500049811,0,07,000,00,2,3,01,A01
200500049811,0,07,000,00,2,2,01,B02
200500049811,0,07,000,00,2,6,01,C03
200500049812,0,02,000,00,2,1,18,A01
200500049812,0,07,000,00,2,7,15,B02
200500049813,0,07,000,00,1,0,01,A01
200500049814,0,05,000,00,2,1,01,A01
200500049814,0,07,000,00,2,2,19,B02
200500049815,0,07,000,00,2,1,01,A01
200500049815,0,07,000,00,2,1,01,B02
200500049816,0,07,000,00,0,9,01,A01
200500049817,0,07,000,00,1,0,01,A01
200500049818,0,07,000,00,0,6,15,A01
200500049818,0,07,000,00,0,1,17,B02
200500049819,0,07,000,02,0,1,13,A01
200500049820,0,07,000,16,0,2,01,A01
200500049821,0,07,000,13,0,1,01,A01
200500049822,0,05,000,00,0,7,01,A01
200500049822,0,05,000,00,0,3,10,B02
200500049823,0,07,000,00,2,0,15,A01
200500049824,0,07,000,00,2,3,15,A01
200500049824,0,05,000,00,2,1,01,B02
200500049825,0,07,000,00,2,5,01,A01
200500049825,0,02,000,00,2,1,01,B02
200500049825,0,02,000,00,2,1,01,C03
200500049826,0,07,000,00,2,4,23,A01
200500049826,0,07,000,00,0,1,23,B02
200500049826,0,07,000,00,0,1,01,C03
200500049827,0,07,000,00,2,3,13,A01
200500049827,0,14,000,00,2,3,01,B02
200500049828,0,07,000,00,0,4,02,A01
200500049828,0,07,000,00,2,1,02,B02
200500049829,0,07,000,00,0,3,00,A01
200500049830,0,02,000,00,2,4,09,A01
200500049830,0,07,000,00,2,2,01,B02
200500049831,0,07,000,06,0,7,15,A01
200500049832,0,02,000,00,0,8,15,A01
200500049833,0,05,000,07,0,1,12,A01
200500049834,0,07,000,00,2,1,01,A01
200500049834,0,05,000,00,2,8,01,B02
200500049835,0,07,000,00,2,5,21,A01
200500049835,0,07,000,00,2,1,21,B02
200500049836,1,07,000,00,0,0,01,A01
200500049836,0,04,000,00,2,8,01,B02
200500049837,0,07,000,00,0,4,02,A01
200500049837,0,07,000,00,0,9,02,B02
200500049837,0,07,000,00,0,1,02,C03
200500049838,0,05,000,13,0,1,18,A01
200500049839,0,07,000,13,0,1,01,A01
200500049840,0,07,000,00,0,0,00,A01
200500049841,0,17,000,00,2,8,10,A01
200500049841,0,05,000,00,2,9,21,B02
200500049842,0,07,000,02,0,1,01,A01
200500049843,0,07,000,00,0,0,14,A01
200500049844,0,14,000,00,2,3,01,A01
200500049844,0,07,000,00,0,2,19,B02
200500049845,0,07,000,00,2,3,15,A01
200500049845,0,05,000,00,2,1,01,B02
200500049846,0,07,000,00,2,5,01,A01
200500049846,0,07,000,00,2,1,19,B02
200500049847,0,02,000,00,2,1,13,A01
200500049847,0,15,000,00,0,8,01,B02
200500049848,0,07,000,00,0,3,04,A01
200500049848,0,05,000,00,0,7,01,B02
200500049849,0,07,000,00,1,6,04,A01
200500049850,0,05,000,00,0,8,13,A01
200500049850,0,07,000,00,2,8,01,B02
200500049851,0,07,000,00,2,3,01,A01
200500049851,0,07,000,00,2,1,01,B02
200500049852,0,02,000,03,0,1,01,A01
200500049853,0,05,000,16,0,0,01,A01
200500049854,0,07,000,00,2,2,05,A01
200500049854,0,07,000,00,2,2,00,B02
200500049855,0,07,000,00,2,6,15,A01
200500049855,0,07,000,00,2,2,17,B02
200500049856,0,07,000,00,2,3,15,A01
200500049856,0,05,000,00,2,8,01,B02
200500049857,0,17,000,00,0,8,01,A01
200500049858,0,07,000,00,1,1,15,A01
200500049859,0,07,000,00,9,8,01,A01
200500049859,0,05,000,00,2,1,19,B02
200500049860,0,07,000,00,0,2,19,A01
200500049860,0,05,000,00,2,1,01,B02
200500049861,0,07,000,00,2,7,13,A01
200500049861,0,07,000,00,2,1,02,B02
200500049862,0,07,000,16,0,3,01,A01
200500049863,0,05,000,00,2,3,01,A01
200500049863,0,07,000,00,2,3,15,B02
200500049864,0,05,000,16,0,1,01,A01
200500049865,0,07,000,02,0,1,13,A01
200500049866,0,07,000,13,0,7,01,A01
200500049867,0,07,000,13,0,3,16,A01
200500049868,0,02,000,06,0,3,01,A01
200500049869,0,07,000,00,1,3,01,A01
200500049870,0,07,000,00,2,3,15,A01
200500049870,0,07,000,00,2,2,01,B02
200500049871,0,07,000,00,2,8,01,B02
200500049871,0,07,000,00,2,1,19,A01
200500049872,0,17,000,00,0,8,01,A01
200500049873,0,02,000,00,5,1,19,A01
200500049874,0,02,000,01,0,1,00,A01
200500049875,0,07,000,00,2,3,13,A01
200500049875,0,07,000,00,2,3,01,B02
200500049876,0,05,000,00,2,0,15,A01
200500049876,0,07,000,00,2,2,17,B02
200500049877,0,05,000,00,2,8,13,A01
200500049877,0,05,000,00,2,6,01,B02
200500049877,0,07,000,00,2,8,01,C03
200500049878,0,02,000,00,2,1,17,A01
200500049878,0,05,000,00,2,8,15,B02
200500049879,0,07,000,00,1,2,01,A01
200500049880,0,07,000,00,9,8,01,A01
200500049880,0,01,000,00,2,1,05,B02
200500049881,0,05,000,00,2,3,13,A01
200500049881,0,07,000,00,2,8,01,B02
200500049882,0,02,000,00,2,1,17,A01
200500049882,0,07,000,00,9,8,15,B02
200500049883,0,07,000,10,0,3,13,A01
200500049884,0,04,000,00,2,0,01,A01
200500049884,0,02,000,00,2,7,01,B02
200500049885,0,07,000,00,2,3,15,A01
200500049885,0,05,000,00,2,1,01,B02
200500049886,0,05,000,00,2,1,02,A01
200500049886,0,07,000,00,2,6,01,B02
200500049887,0,07,000,13,0,1,01,A01
200500049888,0,07,000,00,2,2,21,A01
200500049888,0,07,000,00,2,1,01,B02
200500049889,0,02,000,00,2,1,15,A01
200500049890,0,15,000,00,2,3,02,A01
200500049890,0,07,000,00,2,4,23,B02
200500049891,0,05,000,01,0,1,01,A01
200500049892,0,07,000,00,2,2,01,B02
200500049892,0,01,000,00,2,8,19,A01
200500049893,0,05,000,00,6,1,01,A01
200500049894,0,07,000,00,2,0,05,A01
200500049894,0,05,000,00,2,0,21,B02
200500049895,0,07,000,00,2,3,13,A01
200500049895,0,01,000,00,2,0,00,B02
200500049895,0,21,000,00,2,8,01,C03
200500049896,0,07,000,00,1,2,01,A01
200500049897,0,05,000,00,2,1,17,A01
200500049897,0,21,000,00,0,3,15,B02
200500049898,0,07,000,08,0,1,01,A01
200500049899,0,07,000,00,9,2,01,A01
200500049899,0,01,000,00,2,8,19,B02
200500049900,0,07,000,00,0,1,00,A01
200500049901,0,02,000,00,0,8,10,A01
200500049902,0,07,000,00,2,3,13,A01
200500049902,0,07,000,00,2,3,01,B02
200500049903,0,07,000,00,2,1,00,A01
200500049903,0,14,000,00,2,1,00,B02
200500049904,0,07,000,00,0,1,00,A01
200500049905,0,07,000,00,2,2,01,B02
200500049905,0,07,000,00,2,3,15,A01
200500049906,0,18,042,00,0,0,01,A01
200500049906,0,05,000,00,0,1,01,B02
200500049906,0,05,000,00,0,1,01,C03
200500049907,0,02,000,00,2,1,03,A01
200500049907,0,02,000,00,2,1,01,B02
200500049908,0,07,000,01,0,5,02,A01
200500049908,0,08,000,00,2,4,23,B02
200500049909,0,07,000,00,2,1,01,A01
200500049909,0,07,000,00,2,1,01,B02
200500049910,0,07,000,00,2,1,01,A01
200500049910,0,07,000,00,2,7,13,B02
200500049911,0,07,000,00,0,1,14,A01
200500049912,0,17,000,13,0,1,14,A01
200500049913,0,07,000,02,0,7,17,A01
200500049914,0,07,000,00,0,0,01,A01
200500049915,0,07,000,16,0,0,13,A01
200500049916,0,07,000,00,0,3,17,A01
200500049916,0,07,000,00,2,3,01,B02
200500049917,0,02,000,00,2,3,19,A01
200500049917,0,05,000,00,2,1,02,B02
200500049918,0,07,000,03,0,8,01,A01
200500049919,0,07,000,02,0,3,13,A01
200500049920,0,07,000,00,2,1,15,A01
200500049920,0,02,000,00,2,8,01,B02
200500049921,0,02,000,00,2,3,13,A01
200500049921,0,07,000,00,9,3,01,B02
200500049922,0,07,000,00,2,8,01,B02
200500049922,0,07,000,00,2,1,01,A01
200500049923,0,07,000,08,0,8,01,A01
200500049924,0,07,000,00,2,1,09,A01
200500049924,0,07,000,00,2,7,01,B02
200500049925,0,07,000,00,2,1,11,A01
200500049925,0,07,000,00,2,8,01,B02
200500049925,0,07,000,00,2,1,01,C03
200500049926,0,07,000,16,0,9,01,A01
200500049927,0,07,000,00,0,4,00,A01
200500049928,0,07,000,00,1,2,15,A01
200500049929,0,07,000,00,2,1,01,B02
200500049929,0,03,000,00,2,3,19,A01
200500049930,0,07,000,00,2,1,00,A01
200500049930,0,07,000,00,2,8,19,B02
200500049931,0,07,000,00,0,3,17,A01
200500049931,0,07,000,00,0,3,01,B02
200500049932,0,07,000,00,2,1,01,A01
200500049932,0,07,000,00,2,1,01,B02
200500049933,0,07,000,00,0,8,01,B02
200500049933,0,07,000,00,2,1,01,A01
200500049934,0,07,000,00,2,7,11,A01
200500049935,0,07,000,00,0,0,15,A01
200500049935,0,07,000,13,0,1,01,B02
200500049936,0,07,000,00,2,3,20,A01
200500049936,0,02,000,00,2,1,01,B02
200500049937,0,07,000,00,2,3,01,A01
200500049937,0,07,000,00,2,1,01,B02
200500049938,0,07,000,00,2,3,13,A01
200500049938,0,07,000,00,2,3,01,B02
200500049939,0,07,000,00,2,8,06,A01
200500049939,0,05,000,00,2,1,01,B02
200500049940,0,99,000,06,0,3,01,A01
200500049941,0,02,000,00,2,3,13,A01
200500049941,0,07,000,00,2,8,23,B02
200500049942,0,07,000,00,2,3,01,A01
200500049942,0,07,000,00,2,3,01,B02
200500049943,0,07,000,00,2,0,15,A01
200500049943,0,01,000,00,2,0,01,B02
200500049944,0,05,000,00,0,1,01,A01
200500049945,0,07,000,00,2,3,00,A01
200500049945,0,05,000,00,2,1,13,B02
200500049946,0,07,000,02,0,1,01,A01
200500049947,0,02,000,00,2,1,01,A01
200500049947,0,02,000,00,2,1,01,B02
200500049948,0,07,000,00,1,1,01,A01
200500049949,0,07,000,13,0,1,17,A01
200500049950,0,07,000,00,2,1,01,A01
200500049950,0,07,000,00,0,8,01,B02
200500049951,0,07,000,00,1,1,01,A01
200500049952,0,05,000,02,0,1,01,A01
200500049953,0,07,000,02,0,2,14,A01
200500049954,0,14,000,08,0,3,01,A01
200500049955,0,05,000,00,0,8,01,A01
200500049956,0,07,000,13,0,9,01,A01
200500049957,0,07,000,00,2,8,19,A01
200500049957,0,05,000,00,2,1,01,B02
200500049958,0,07,000,08,0,3,00,A01
200500049959,0,07,000,00,2,1,11,A01
200500049959,0,05,000,00,2,1,01,B02
200500049960,0,07,000,00,2,3,01,A01
200500049960,0,13,000,00,2,3,01,B02
200500049960,0,07,000,00,2,8,01,C03