Num_Acc,senc,catv,occutc,obs,obsm,choc,manv,num_veh
200500051058,0,07,000,00,2,3,01,B01
200500051059,1,07,000,00,2,2,00,A01
200500051059,0,02,000,00,2,0,01,B01
200500051060,0,02,000,00,2,3,01,A01
200500051060,0,02,000,00,2,2,01,B01
200500051061,0,07,000,00,2,1,01,A01
200500051061,0,07,000,00,2,4,01,B01
200500051062,0,07,000,00,2,6,00,A01
200500051062,0,07,000,00,2,2,01,B01
200500051063,0,07,000,00,1,4,04,A01
200500051064,0,07,000,00,2,1,01,A01
200500051064,0,07,000,00,2,4,15,B01
200500051065,0,15,000,00,2,1,00,A01
200500051065,0,07,000,00,2,1,01,B01
200500051066,0,07,000,00,1,3,01,A01
200500051067,0,07,000,00,2,2,01,A01
200500051067,0,07,000,00,2,3,01,B01
200500051068,0,07,000,00,1,1,01,A01
200500051069,0,07,000,00,2,3,13,A01
200500051069,0,07,000,00,2,3,01,B01
200500051070,0,07,000,00,0,9,01,A01
200500051071,0,07,000,00,2,1,13,A01
200500051071,0,07,000,00,2,1,01,B01
200500051072,0,07,000,00,2,1,00,A01
200500051072,0,10,000,00,2,1,00,B01
200500051073,0,02,000,00,2,1,09,A01
200500051073,0,07,000,00,2,1,01,B01
200500051074,0,07,000,00,2,3,02,A01
200500051074,0,02,000,00,0,4,02,B01
200500051075,0,07,000,00,0,6,00,A01
200500051075,0,07,000,00,0,6,00,B01
200500051075,0,07,000,00,2,2,00,C01
200500051075,0,07,000,00,2,8,00,D01
200500051076,0,07,000,00,2,3,01,B01
200500051076,0,10,000,00,2,7,01,A01
200500051077,0,07,000,00,2,3,01,D01
200500051077,0,07,000,00,2,3,01,A01
200500051077,0,07,000,00,2,4,01,B01
200500051077,0,07,000,00,2,4,15,C01
200500051078,0,07,000,00,2,2,01,A01
200500051078,0,07,000,00,2,3,01,B01
200500051079,0,07,000,00,2,3,16,B01
200500051079,0,14,000,00,2,2,01,A01
200500051080,0,07,000,00,1,1,01,A01
200500051081,0,05,000,00,2,1,01,B01
200500051081,0,07,000,00,2,8,06,A01
200500051082,0,07,000,00,2,1,13,A01
200500051082,0,14,000,00,2,3,01,B01
200500051082,0,07,000,00,2,3,01,C01
200500051083,0,07,000,13,0,3,01,A01
200500051084,0,05,000,16,0,7,01,A01
200500051085,0,07,000,04,0,1,17,A01
200500051086,0,07,000,00,2,1,05,A01
200500051086,0,07,000,00,2,1,01,B01
200500051087,0,07,000,00,2,1,02,A01
200500051087,0,07,000,00,0,4,01,B01
200500051088,0,07,000,13,0,9,02,A01
200500051089,0,01,000,00,2,1,03,A01
200500051089,0,07,000,00,2,3,01,B01
200500051090,0,07,000,00,2,1,05,A01
200500051090,0,07,000,00,2,1,01,B01
200500051091,0,07,000,00,2,1,11,A01
200500051091,0,10,000,00,2,4,01,B01
200500051092,0,07,000,00,2,1,01,A01
200500051092,0,07,000,00,2,1,15,B01
200500051093,0,05,000,00,2,8,09,A01
200500051093,0,07,000,00,2,1,01,B01
200500051094,0,07,000,00,1,2,01,A01
200500051095,0,07,000,00,2,1,01,A01
200500051095,0,07,000,00,2,7,19,B01
200500051096,0,07,000,00,0,4,23,A01
200500051096,1,07,000,00,2,0,02,B01
200500051097,0,07,000,13,0,1,01,A01
200500051098,0,07,000,00,2,3,01,A01
200500051098,0,07,000,00,2,3,15,B01
200500051099,0,07,000,00,1,1,01,A01
200500051100,0,07,000,00,2,4,01,A01
200500051100,0,07,000,00,2,1,01,B01
200500051101,0,07,000,00,2,3,15,A01
200500051101,0,07,000,00,2,8,01,B01
200500051102,0,07,000,00,1,1,01,A01
200500051103,0,02,000,00,2,0,01,A01
200500051103,0,07,000,00,2,3,01,B01
200500051104,0,07,000,00,2,3,15,A01
200500051104,0,05,000,00,2,1,17,B01
200500051105,0,14,000,00,2,1,02,A01
200500051105,0,07,000,00,2,4,02,B01
200500051106,0,07,000,00,2,4,02,A01
200500051106,0,07,000,00,2,1,02,B01
200500051107,0,07,000,00,2,8,01,B01
200500051107,0,07,000,00,2,2,01,A01
200500051108,0,01,000,00,2,1,01,A01
200500051108,0,07,000,00,2,7,01,B01
200500051109,0,05,000,00,0,1,01,A01
200500051110,0,05,000,00,2,1,00,A01
200500051110,0,07,000,00,2,6,15,B01
200500051111,0,01,000,00,2,1,19,A01
200500051111,0,07,000,00,2,3,01,B01
200500051112,0,07,000,02,0,1,01,A01
200500051113,0,07,000,00,2,1,15,A01
200500051113,0,07,000,00,2,1,01,B01
200500051114,0,02,000,00,2,2,15,A01
200500051114,0,04,000,00,2,1,01,B01
200500051115,0,07,000,00,2,7,15,A01
200500051115,0,05,000,00,2,1,01,B01
200500051116,0,07,000,06,0,1,14,A01
200500051117,0,07,000,01,0,2,14,A01
200500051118,0,07,000,00,9,3,01,B01
200500051118,0,04,000,00,2,8,15,A01
200500051119,0,07,000,00,2,8,01,B01
200500051119,0,07,000,00,2,1,01,A01
200500051120,0,07,000,00,9,3,15,B01
200500051120,0,05,000,00,2,2,17,A01
200500051121,0,02,000,00,2,1,00,A01
200500051121,0,07,000,00,2,2,00,B01
200500051122,0,18,001,00,1,2,00,A01
200500051123,0,07,000,03,0,2,01,A01
200500051124,0,07,000,00,1,6,00,A01
200500051125,0,07,000,00,0,1,02,A01
200500051125,0,07,000,00,2,4,02,B01
200500051126,2,07,000,00,2,1,15,A01
200500051126,0,05,000,00,2,1,01,B01
200500051127,0,07,000,00,0,6,15,A01
200500051127,0,05,000,00,2,7,01,B01
200500051128,0,07,000,00,2,6,00,A01
200500051128,0,05,000,00,2,1,00,B01
200500051129,0,01,000,00,2,1,00,A01
200500051129,0,07,000,00,9,1,00,B01
200500051130,0,02,000,00,0,1,01,A01
200500051131,0,01,000,01,2,1,01,A01
200500051131,0,10,000,00,0,4,00,B01
200500051132,0,07,000,03,0,7,01,A01
200500051133,0,07,000,00,2,1,16,A01
200500051133,0,07,000,00,0,1,01,B01
200500051134,0,07,000,00,0,8,15,A01
200500051134,0,04,000,00,2,2,01,B01
200500051135,0,07,000,00,2,8,01,A01
200500051135,0,07,000,00,0,1,01,B01
200500051136,0,07,000,00,2,1,01,A01
200500051136,0,07,000,00,0,4,00,B01
200500051137,0,07,000,00,2,7,16,B01
200500051137,0,04,000,00,2,8,01,A01
200500051138,0,07,000,00,2,1,01,A01
200500051138,0,07,000,00,0,4,02,B01
200500051139,0,07,000,08,0,0,01,A01
200500051140,0,07,000,00,2,1,15,A01
200500051140,0,07,000,00,0,1,01,B01
200500051141,0,05,000,16,0,0,01,A01
200500051142,0,07,000,00,2,1,02,A01
200500051142,0,07,000,00,2,4,02,B01
200500051142,0,07,000,00,0,4,02,C01
200500051143,0,10,000,00,1,0,15,A01
200500051144,0,07,000,00,1,3,01,A01
200500051145,0,05,000,00,2,8,17,A01
200500051145,0,07,000,00,0,1,01,B01
200500051146,0,05,000,00,2,1,02,A01
200500051146,0,07,000,00,2,7,02,B01
200500051146,0,07,000,00,0,4,02,C01
200500051147,0,07,000,00,2,0,01,B01
200500051147,1,07,000,00,2,0,00,A01
200500051148,0,05,000,00,2,1,00,A01
200500051148,0,07,000,00,0,7,01,B01
200500051149,0,07,000,00,2,7,15,A01
200500051149,0,10,000,00,0,2,01,B01
200500051150,0,07,000,00,2,1,15,A01
200500051150,0,05,000,00,0,9,01,B01
200500051151,0,07,000,01,0,9,01,A01
200500051152,0,07,000,04,0,1,13,A01
200500051153,0,07,000,03,0,9,01,A01
200500051154,0,07,000,00,2,1,13,A01
200500051154,0,07,000,00,2,1,01,B01
200500051155,0,14,000,00,2,7,16,A01
200500051155,0,07,000,00,2,8,01,B01
200500051156,0,07,000,00,2,7,01,B01
200500051156,0,07,000,00,2,1,01,A01
200500051157,0,07,000,00,2,2,02,A01
200500051157,0,07,000,00,2,4,02,B01
200500051157,0,07,000,00,2,4,02,C01
200500051158,0,01,000,00,2,8,01,B01
200500051159,0,07,000,00,2,8,14,A01
200500051159,0,07,000,00,2,8,02,B01
200500051159,0,07,000,00,2,2,02,C01
200500051160,0,07,000,00,2,1,01,B01
200500051160,0,07,000,00,2,2,01,A01
200500051161,0,07,000,00,2,3,01,A01
200500051161,0,07,000,00,2,1,01,B01
200500051162,0,07,000,00,2,1,01,B01
200500051162,0,07,000,00,2,3,01,A01
200500051163,0,07,000,00,2,7,19,A01
200500051163,0,07,000,00,2,1,01,B01
200500051164,0,05,000,00,2,1,00,A01
200500051164,0,07,000,00,2,7,00,B01
200500051165,0,07,000,00,2,1,01,A01
200500051165,0,07,000,00,2,1,01,B01
200500051166,0,02,000,00,2,1,02,A01
200500051166,0,07,000,00,2,4,00,B01
200500051167,0,01,000,00,1,1,01,A01
200500051168,0,07,000,04,0,1,00,A01
200500051169,0,07,000,00,1,3,01,A01
200500051170,0,07,000,00,2,2,14,A01
200500051170,0,07,000,00,2,6,01,B01
200500051171,0,07,000,05,0,1,01,A01
200500051172,0,05,000,00,2,2,17,A01
200500051173,0,07,000,00,2,1,01,A01
200500051173,0,07,000,00,2,8,01,B01
200500051174,0,07,000,00,2,7,05,A01
200500051174,0,07,000,00,2,1,01,B01
200500051175,0,07,000,00,2,1,01,B01
200500051175,0,07,000,00,2,2,01,A01
200500051176,0,05,000,00,1,8,01,A01
200500051177,2,07,000,00,2,1,01,A01
200500051177,0,07,000,00,2,4,23,B01
200500051178,0,02,000,00,0,5,01,A01
200500051178,0,07,000,00,2,2,01,B01
200500051179,0,07,000,00,2,1,01,A01
200500051179,0,07,000,00,2,3,23,B01
200500051180,0,05,000,12,0,1,01,A01
200500051181,0,07,000,00,2,1,15,A01
200500051181,0,02,000,00,2,1,01,B01
200500051182,0,07,000,00,1,1,01,A01
200500051183,0,05,000,00,2,4,01,B01
200500051183,0,07,000,00,2,6,15,A01
200500051184,0,07,000,06,0,1,01,A01
200500051185,0,07,000,00,1,2,01,A01
200500051186,0,01,000,00,2,1,02,A01
200500051186,0,07,000,00,0,2,02,B01
200500051187,0,07,000,00,2,3,15,A01
200500051187,0,05,000,00,2,2,17,B01
200500051188,0,05,000,00,2,1,17,A01
200500051188,0,04,000,00,0,6,15,B01
200500051189,0,07,000,00,2,1,01,A01
200500051189,0,07,000,00,2,4,02,B01
200500051189,0,07,000,00,2,5,01,C01
200500051190,0,07,000,06,0,0,01,A01
200500051191,0,04,000,00,2,1,01,A01
200500051191,0,04,000,00,0,6,15,B01
200500051192,1,07,000,00,2,7,17,A01
200500051192,0,01,000,00,2,8,01,B01
200500051193,0,07,000,00,2,1,02,A01
200500051193,0,07,000,09,0,7,02,B01
200500051194,0,07,000,00,1,4,20,A01
200500051195,0,07,000,00,1,2,01,A01
200500051196,0,07,000,00,2,3,01,A01
200500051196,0,01,000,00,2,1,01,B01
200500051196,0,01,000,00,2,1,01,C01
200500051196,0,01,000,00,2,1,00,D01
200500051196,0,01,000,00,0,1,01,E01
200500051197,0,07,000,00,2,1,17,A01
200500051197,0,01,000,00,2,8,19,B01
200500051198,0,07,000,00,2,8,22,A01
200500051198,0,07,000,01,2,1,21,B01
200500051198,0,07,000,00,2,8,01,C01
200500051199,0,03,000,12,0,2,00,A01
200500051200,0,07,000,00,2,2,15,A01
200500051200,0,05,000,00,2,1,01,B01
200500051201,0,05,000,00,2,1,16,A01
200500051201,0,10,000,00,2,6,15,B01
200500051202,0,07,000,00,2,7,01,A01
200500051202,0,07,000,00,2,1,01,B01
200500051203,0,10,000,00,2,1,15,A01
200500051203,0,01,000,00,2,7,01,B01
200500051204,0,07,000,00,2,3,15,A01
200500051204,0,05,000,00,2,1,01,B01
200500051205,0,02,000,00,2,1,01,A01
200500051205,0,07,000,00,2,4,16,B01
200500051206,0,07,000,00,2,2,01,A01
200500051206,0,05,000,00,2,1,01,B01
200500051207,0,07,000,00,2,1,15,A01
200500051207,0,05,000,00,2,1,01,B01
200500051208,0,07,000,02,2,3,18,A01
200500051208,0,07,000,00,2,3,01,B01
200500051209,0,07,000,00,2,3,15,A01
200500051209,0,05,000,01,1,1,01,B01
200500051210,0,02,000,01,0,1,01,A01
200500051211,0,02,000,00,2,1,01,A01
200500051211,0,07,000,00,2,3,01,B01
200500051212,2,07,000,00,2,1,01,A01
200500051212,0,07,000,00,2,7,01,B01
200500051213,0,07,000,07,2,1,01,A01
200500051213,0,07,000,00,2,1,01,B01
200500051214,0,07,000,00,2,1,13,A01
200500051214,0,07,000,00,2,1,01,B01
200500051215,0,01,000,00,2,1,01,A01
200500051215,0,07,000,00,2,2,01,B01
200500051216,0,07,000,00,2,1,02,A01
200500051216,0,07,000,00,2,4,02,B01
200500051217,0,07,000,00,1,1,01,A01
200500051218,0,07,000,00,2,8,22,A01
200500051218,0,01,000,00,2,1,01,B01
200500051219,0,07,000,00,2,7,15,A01
200500051219,0,05,000,00,2,1,01,B01
200500051220,0,05,000,00,2,3,01,A01
200500051220,0,07,000,00,2,2,16,B01
200500051221,0,07,000,00,2,1,15,A01
200500051221,0,01,000,00,2,8,01,B01
200500051222,0,07,000,00,2,2,20,A01
200500051222,0,07,000,00,2,3,00,B01
200500051223,0,07,000,00,2,2,16,A01
200500051223,0,02,000,00,2,3,01,B01
200500051224,1,07,000,00,1,0,01,A01
200500051225,0,07,000,00,2,1,01,A01
200500051225,0,16,000,00,2,4,23,B01
200500051226,0,01,000,00,2,0,01,A01
200500051226,0,04,000,00,2,1,01,B01
200500051227,0,07,000,00,2,1,01,A01
200500051227,0,07,000,00,2,4,01,B01
200500051228,0,07,000,00,2,8,15,A01
200500051228,0,05,000,00,2,1,01,B01
200500051229,0,07,000,00,2,3,15,A01
200500051229,0,05,000,00,2,1,01,B01
200500051230,0,02,000,00,1,1,05,A01
200500051231,0,07,000,00,2,1,01,A01
200500051231,0,07,000,00,2,8,01,B01
200500051232,0,05,000,00,2,1,02,A01
200500051232,0,07,000,00,2,4,01,B01
200500051233,0,07,000,06,2,1,01,A01
200500051233,0,07,000,00,2,3,01,B01
200500051234,0,07,000,00,2,8,13,A01
200500051234,0,02,000,00,2,1,01,B01
200500051235,0,05,000,00,2,2,17,A01
200500051235,0,02,000,00,2,8,02,B01
200500051236,0,07,000,00,2,3,01,A01
200500051236,0,07,000,01,2,3,01,B01
200500051237,0,02,000,00,2,1,01,A01
200500051237,0,10,000,00,2,2,01,B01
200500051238,0,07,000,00,2,1,15,A01
200500051238,0,02,000,00,2,7,17,B01
200500051239,0,02,000,00,2,7,01,A01
200500051239,0,07,000,00,2,5,01,B01
200500051240,0,07,000,00,1,1,01,A01
200500051241,0,07,000,00,2,1,01,A01
200500051241,0,07,000,00,2,4,15,B01
200500051242,0,07,000,00,2,3,15,A01
200500051242,0,01,000,00,2,8,01,B01
200500051243,0,18,001,00,1,0,01,A01
200500051244,0,07,000,00,2,1,15,A01
200500051244,0,07,000,00,2,3,01,B01
200500051245,0,07,000,00,2,1,01,A01
200500051245,0,07,000,00,2,8,01,B01
200500051246,0,05,000,01,0,1,01,A01
200500051247,0,07,000,00,2,3,01,A01
200500051247,0,02,000,00,2,1,01,B01
200500051248,0,07,000,00,1,1,01,A01
200500051249,0,07,000,00,2,3,10,A01
200500051249,0,05,000,00,2,1,01,B01
200500051250,0,07,000,08,2,1,13,A01
200500051250,0,10,000,00,2,3,01,B01
200500051251,0,07,000,00,2,2,15,A01
200500051251,0,02,000,00,2,1,08,B01
200500051252,0,09,000,00,2,2,10,A01
200500051252,0,07,000,00,2,1,01,B01
200500051253,0,05,000,06,0,1,16,A01
200500051254,0,07,000,00,2,1,01,A01
200500051254,0,07,000,00,2,4,15,B01
200500051255,0,10,000,00,2,2,16,A01
200500051255,0,01,000,00,2,0,01,B01
200500051256,0,07,000,00,1,1,01,A01
200500051257,0,07,000,00,2,2,23,A01
200500051257,0,01,000,00,2,8,01,B01
200500051258,0,07,000,00,2,5,01,A01
200500051258,0,02,000,00,2,1,01,B01
200500051259,0,07,000,00,2,7,16,A01
200500051259,0,01,000,00,2,1,01,B01
200500051260,0,01,000,00,2,1,01,A01
200500051260,0,07,000,00,2,3,01,B01
200500051261,0,07,000,00,2,7,16,A01
200500051261,0,05,000,00,2,9,01,B01
200500051262,0,07,000,00,2,5,01,A01
200500051262,0,07,000,00,2,1,01,B01
200500051263,0,07,000,00,1,2,01,A01
200500051264,0,05,000,00,2,1,01,A01
200500051264,0,07,000,00,2,8,19,B01
200500051265,0,07,000,00,1,1,01,A01
200500051266,0,07,000,00,2,0,01,B01
200500051266,0,04,000,00,2,1,15,A01
200500051267,0,07,000,00,0,1,13,A01
200500051267,0,07,000,03,2,1,01,B01
200500051267,0,07,000,00,2,1,01,C01
200500051268,0,07,000,00,2,1,13,A01
200500051268,0,07,000,00,2,8,21,B01
200500051268,0,07,000,00,2,1,01,C01
200500051269,0,07,000,14,2,7,13,A01
200500051269,0,07,000,03,2,1,01,B01
200500051270,0,07,000,00,2,1,01,A01
200500051270,0,07,000,00,0,4,01,B01
200500051271,1,07,000,00,1,2,01,A01
200500051272,0,07,000,00,2,1,12,A01
200500051272,0,07,000,00,0,8,01,B01
200500051272,0,07,000,09,2,1,01,C01
200500051273,0,07,000,01,5,1,13,A01
200500051274,0,02,000,11,2,7,17,A01
200500051274,0,07,000,09,2,8,02,B01
200500051275,0,02,000,09,0,0,02,A01
200500051276,0,07,000,09,2,1,05,A01
200500051276,0,07,000,09,2,1,01,B01
200500051277,0,02,000,12,2,1,18,A01
200500051277,0,07,000,09,2,7,16,B01
200500051278,0,07,000,16,0,1,06,A01
200500051279,0,07,000,00,1,2,01,A01
200500051280,0,07,000,11,2,8,10,A01
200500051280,0,05,000,11,2,1,01,B01
200500051281,0,07,000,00,2,1,01,A01
200500051281,0,07,000,00,2,4,01,B01
200500051281,0,07,000,00,2,9,01,C01
200500051281,0,07,000,00,0,4,01,D01
200500051282,0,02,000,00,2,1,01,A01
200500051282,0,07,000,00,2,8,01,B01
200500051283,0,05,000,12,0,1,01,A01
200500051284,0,02,000,00,0,0,00,A01
200500051285,0,07,000,00,0,4,02,C01
200500051285,0,07,000,00,2,1,02,A01
200500051285,0,07,000,00,2,4,02,B01
200500051286,0,07,000,12,0,2,01,A01
200500051287,0,04,000,00,2,2,16,A01
200500051287,0,07,000,00,0,3,01,B01
200500051288,0,07,000,00,1,1,01,A01
200500051289,0,04,000,00,2,1,01,A01
200500051289,0,07,000,00,2,2,16,B01
200500051290,0,07,000,00,2,3,09,A01
200500051290,0,05,000,00,2,1,02,B01
200500051291,0,10,000,00,2,1,01,A01
200500051291,0,01,000,00,0,7,01,B01
200500051292,0,07,000,00,0,8,10,A01
200500051292,0,05,000,00,2,2,01,B01
200500051293,0,07,000,04,2,2,01,A01
200500051293,0,07,000,04,2,3,11,B01
200500051293,0,07,000,00,0,1,01,C01
200500051293,0,07,000,00,2,4,23,D01
200500051294,0,10,000,00,2,2,15,A01
200500051294,0,05,000,00,2,1,01,B01
200500051295,0,02,000,00,1,8,01,A01
200500051296,0,07,000,00,1,6,04,A01
200500051297,0,07,000,00,2,1,01,A01
200500051297,0,07,000,00,0,4,01,B01
200500051298,0,07,000,00,2,1,01,B01
200500051298,0,01,000,00,2,8,19,A01
200500051299,0,05,000,00,0,2,01,A01
200500051300,0,07,000,00,1,1,01,A01
200500051301,0,05,000,00,2,3,01,A01
200500051301,0,07,000,00,2,6,15,B01
200500051302,0,07,000,04,2,0,01,A01
200500051302,0,07,000,00,2,3,01,B01
200500051303,0,07,000,00,2,1,23,B01
200500051303,0,07,000,00,2,1,05,A01
200500051304,0,07,000,00,2,1,02,A01
200500051304,0,07,000,02,0,4,02,B01
200500051305,0,05,000,00,2,1,01,A01
200500051305,0,07,000,00,2,7,01,B01
200500051306,0,17,000,00,2,3,15,A01
200500051306,0,05,000,00,2,1,01,B01
200500051307,0,05,000,00,2,1,17,A01
200500051307,0,07,000,00,2,3,09,B01
200500051308,0,07,000,00,2,1,01,A01
200500051308,0,04,000,00,2,3,15,B01
200500051309,0,07,000,00,2,1,05,A01
200500051309,0,07,000,00,2,1,01,B01
200500051310,0,07,000,00,2,1,01,A01
200500051310,0,07,000,00,0,7,01,B01
200500051311,0,02,000,00,2,1,01,A01
200500051311,0,07,000,00,2,3,01,B01
200500051312,0,05,000,00,2,1,17,A01
200500051312,0,07,000,00,2,6,15,B01
200500051313,0,05,000,00,0,8,01,A01
200500051314,0,04,000,00,0,0,01,A01
200500051315,0,07,000,00,0,4,23,A01
200500051315,1,07,000,00,2,1,02,B01
200500051316,0,07,000,00,2,1,02,A01
200500051316,0,07,000,00,0,4,23,B01
200500051316,0,07,000,00,0,4,23,C01
200500051317,0,07,000,00,2,7,15,A01
200500051317,0,02,000,00,2,1,01,B01
200500051318,0,07,000,00,2,8,10,A01
200500051318,0,05,000,00,2,1,17,B01
200500051319,0,05,000,00,2,1,01,A01
200500051319,0,07,000,00,2,2,01,B01
200500051320,0,02,000,00,2,1,17,A01
200500051320,0,02,000,00,2,1,17,B01
200500051320,0,07,000,00,2,8,15,C01
200500051321,0,07,000,11,2,1,13,A01
200500051321,0,07,000,00,2,1,01,B01
200500051322,0,07,000,00,2,1,01,A01
200500051322,0,07,000,00,0,4,02,B01
200500051322,0,07,000,00,2,4,02,C01
200500051323,0,10,000,00,2,8,01,A01
200500051323,0,02,000,00,2,1,17,B01
200500051324,0,10,000,00,0,0,13,A01
200500051324,0,05,000,00,0,1,17,B01
200500051325,0,07,000,00,1,7,01,A01
200500051326,0,07,000,00,2,7,01,B01
200500051326,0,07,000,00,2,2,15,A01
200500051327,1,07,000,00,2,0,01,A01
200500051327,0,07,000,00,2,8,01,B01
200500051328,0,07,000,00,0,3,15,A01
200500051328,0,02,000,00,2,7,01,B01
200500051329,0,07,000,00,2,3,20,A01
200500051329,0,07,000,00,2,1,01,B01
200500051330,0,07,000,00,2,3,15,A01
200500051330,0,07,000,00,2,3,01,B01
200500051331,0,07,000,00,1,1,01,A01
200500051332,1,07,000,00,0,0,16,A01
200500051332,0,18,027,00,0,0,01,B01
200500051333,1,07,000,00,2,4,02,A01
200500051333,0,05,000,00,2,1,01,B01
200500051334,1,07,000,00,2,0,18,A01
200500051334,0,07,000,00,2,2,00,B01
200500051335,1,10,000,00,2,0,11,A01
200500051335,0,05,000,00,2,2,01,B01
200500051336,0,07,000,00,1,1,15,A01
200500051337,0,07,000,00,2,3,00,A01
200500051337,0,02,000,00,2,8,00,B01
200500051338,0,07,000,00,2,1,02,A01
200500051338,0,07,000,00,2,9,02,B01
200500051338,0,07,000,00,2,4,02,C01
200500051339,0,07,000,00,1,3,01,A01
200500051340,0,07,000,00,2,1,02,A01
200500051340,0,07,000,00,2,4,23,B01
200500051340,0,07,000,00,2,4,23,C01
200500051341,0,05,000,00,2,7,17,A01
200500051341,0,09,000,00,2,8,01,B01
200500051342,0,07,000,00,2,1,00,A01
200500051342,0,07,000,00,2,5,00,B01
200500051343,0,07,000,15,0,1,00,A01
200500051344,0,02,000,00,0,1,00,A01
200500051345,0,07,000,00,2,1,02,A01
200500051345,0,07,000,00,2,4,02,B01
200500051345,0,07,000,00,2,6,02,C01
200500051346,0,07,000,00,2,1,02,A01
200500051346,0,07,000,00,2,4,23,B01
200500051347,0,07,000,00,2,3,05,A01
200500051347,0,02,000,00,2,1,05,B01
200500051348,0,07,000,00,2,1,09,A01
200500051348,0,05,000,00,2,8,00,B01
200500051349,0,02,000,00,2,1,02,A01
200500051349,0,07,000,00,2,4,23,B01
200500051350,0,07,000,00,2,2,00,A01
200500051350,0,02,000,00,2,8,00,B01
200500051351,0,07,000,05,2,0,02,A01
200500051351,0,13,000,04,2,0,02,B01
200500051352,0,04,000,00,0,1,00,A01
200500051353,0,02,000,00,2,1,02,A01
200500051353,0,07,000,00,2,4,23,B01
200500051354,0,07,000,13,0,9,00,A01
200500051355,0,07,000,00,2,9,02,A01
200500051355,0,07,000,00,2,4,02,B01
200500051355,0,07,000,00,2,1,02,C01
200500051356,0,05,000,00,0,7,01,A01
200500051357,0,02,000,00,2,8,00,A01
200500051357,0,07,000,00,2,7,00,B01
200500051358,0,02,000,00,2,3,20,A01
200500051358,0,07,000,00,2,2,01,B01
200500051359,0,07,000,00,2,5,15,A01
200500051359,0,05,000,00,2,1,01,B01
200500051360,0,01,000,00,2,7,19,A01
200500051360,0,07,000,00,9,1,02,B01
200500051361,0,07,000,00,2,6,15,A01
200500051361,0,05,000,00,2,1,17,B01
200500051362,0,07,000,00,2,2,15,A01
200500051362,0,07,000,00,2,1,01,B01
200500051363,0,02,000,00,2,1,01,B01
200500051363,0,07,000,00,9,8,09,A01
200500051364,0,07,000,00,1,1,01,A01
200500051365,0,07,000,00,2,1,01,A01
200500051365,0,07,000,00,2,4,01,B01
200500051366,0,07,000,00,1,3,01,A01
200500051367,0,07,000,00,9,5,15,A01
200500051367,0,05,000,00,2,1,01,B01
200500051368,0,02,000,00,2,1,02,A01
200500051368,0,07,000,00,9,4,02,B01
200500051369,0,07,000,00,9,7,15,A01
200500051369,0,01,000,00,2,8,01,B01
200500051370,0,12,000,00,1,4,04,A01
200500051371,0,05,000,00,5,8,01,B01
200500051372,0,01,000,00,2,4,02,A01
200500051372,0,15,000,00,2,7,17,B01
200500051373,0,05,000,00,2,1,00,A01
200500051373,0,05,000,00,2,1,01,B01
200500051374,0,07,000,00,2,3,15,A01
200500051374,0,02,000,00,2,1,16,B01
200500051375,0,07,000,00,1,1,01,A01
200500051376,0,03,000,00,2,1,01,A01
200500051376,0,07,000,00,2,4,23,B01
200500051377,0,07,000,00,2,1,01,A01
200500051377,0,07,000,00,2,1,23,B01
200500051378,0,02,000,01,0,1,02,A01
200500051378,0,02,000,00,2,4,02,B01
200500051379,0,02,000,01,0,1,01,A01
200500051380,0,02,000,00,2,1,02,A01
200500051380,0,07,000,00,2,4,02,B01
200500051381,0,01,000,00,2,4,15,A01
200500051381,0,07,000,00,2,1,01,B01
200500051382,0,01,000,01,0,0,02,B01
200500051382,0,07,000,00,9,6,22,A01
200500051383,0,07,000,00,2,2,01,A01
200500051383,0,07,000,00,2,3,01,B01
200500051384,0,07,000,00,2,5,15,A01
200500051384,0,07,000,09,2,1,01,B01
200500051385,0,02,000,13,0,1,01,A01
200500051386,0,07,000,00,2,4,04,A01
200500051386,0,02,000,00,2,1,01,B01
200500051387,0,07,000,00,2,3,15,A01
200500051387,0,05,000,00,2,1,01,B01
200500051388,0,07,000,00,2,2,12,A01
200500051388,0,05,000,00,2,8,01,B01
200500051389,0,07,000,02,0,1,01,A01
200500051390,0,01,000,00,2,1,01,B01
200500051390,0,07,000,00,2,2,01,A01
200500051391,0,05,000,00,2,1,01,A01
200500051391,0,07,000,00,2,3,19,B01
200500051392,0,07,000,00,1,2,01,A01
200500051393,0,18,000,00,2,8,01,A01
200500051393,0,01,000,00,2,1,01,B01
200500051394,0,07,000,00,2,5,17,A01
200500051394,0,02,000,00,2,1,01,B01
200500051395,1,07,000,00,2,3,15,A01
200500051395,0,07,000,00,2,3,00,B01
200500051396,0,01,000,00,2,1,01,A01
200500051396,0,07,000,00,2,1,01,B01
200500051397,0,09,000,00,0,0,01,A01
200500051397,0,01,000,00,9,8,02,B01
200500051398,0,05,000,01,0,9,01,A01
200500051399,0,07,000,00,2,2,01,B01
200500051399,0,07,000,00,2,3,15,A01
200500051400,0,07,000,00,2,7,19,A01
200500051400,0,07,000,00,2,1,01,B01
200500051401,0,07,000,00,2,7,17,A01
200500051401,0,01,000,00,2,8,01,B01
200500051402,0,07,000,00,2,1,15,A01
200500051402,0,05,000,00,2,1,01,B01
200500051403,0,07,000,00,2,1,02,A01
200500051403,0,07,000,00,2,4,02,B01
200500051404,0,07,000,00,2,7,16,A01
200500051404,0,02,000,00,6,3,01,B01
200500051405,0,07,000,00,2,5,01,A01
200500051405,0,05,000,00,2,1,02,B01