Num_Acc,senc,catv,occutc,obs,obsm,choc,manv,num_veh
200500051406,0,07,000,00,2,1,02,A01
200500051406,0,07,000,00,2,4,02,B01
200500051407,0,01,000,00,1,1,01,A01
200500051408,0,99,000,00,2,8,01,A01
200500051408,0,02,000,00,2,1,01,B01
200500051409,0,07,000,00,2,1,05,A01
200500051409,0,07,000,00,2,1,01,B01
200500051410,0,07,000,04,2,7,12,A01
200500051410,0,14,000,00,2,8,01,B01
200500051411,0,07,000,00,2,2,15,A01
200500051411,0,02,000,00,2,1,01,B01
200500051412,0,07,000,00,2,5,15,A01
200500051412,0,05,000,00,2,1,01,B01
200500051413,0,07,000,00,2,1,01,A01
200500051413,0,07,000,00,2,1,01,B01
200500051413,0,07,000,00,2,4,01,C01
200500051414,0,07,000,00,2,3,15,A01
200500051414,0,05,000,00,2,1,01,B01
200500051414,0,07,000,00,2,1,23,C01
200500051415,0,05,000,00,2,1,01,A01
200500051415,0,07,000,00,2,7,15,B01
200500051416,0,07,000,00,2,2,01,A01
200500051416,0,05,000,00,2,1,01,B01
200500051417,0,07,000,00,2,3,01,A01
200500051417,0,07,000,08,2,1,01,B01
200500051418,0,01,000,00,2,1,01,A01
200500051418,0,01,000,00,2,1,01,B01
200500051419,0,07,000,09,0,3,01,A01
200500051420,0,07,000,00,2,2,16,A01
200500051420,0,02,000,00,2,1,00,B01
200500051421,0,07,000,00,1,1,01,A01
200500051422,0,07,000,00,2,3,15,A01
200500051422,0,02,000,00,2,1,17,B01
200500051423,0,02,000,00,0,0,01,A01
200500051424,0,07,000,00,2,1,13,A01
200500051424,0,07,000,00,2,1,01,B01
200500051425,0,07,000,00,2,1,01,B01
200500051425,0,07,000,00,2,1,01,A01
200500051426,0,07,000,06,0,2,01,A01
200500051427,1,07,000,00,1,1,11,A01
200500051428,0,02,000,00,2,1,11,B01
200500051428,0,07,000,00,2,3,15,A01
200500051429,0,07,000,00,2,2,23,A01
200500051429,0,05,000,00,2,1,03,B01
200500051430,0,18,001,00,2,5,17,A01
200500051430,0,01,000,00,2,1,01,B01
200500051431,0,07,000,00,2,1,01,A01
200500051431,0,07,000,00,2,4,16,B01
200500051432,0,07,000,00,1,4,04,A01
200500051433,0,01,000,00,2,8,15,A01
200500051433,0,10,000,00,2,1,01,B01
200500051434,0,02,000,00,2,8,15,B01
200500051435,0,07,000,00,2,1,01,A01
200500051435,0,07,000,00,2,1,01,B01
200500051436,0,07,000,00,2,2,15,A01
200500051436,0,07,000,00,2,1,01,B01
200500051437,0,07,000,00,2,8,15,A01
200500051437,0,07,000,00,2,1,01,B01
200500051438,0,07,000,00,2,8,15,A01
200500051438,0,02,000,00,2,1,01,B01
200500051439,0,02,000,00,1,1,17,A01
200500051439,0,07,000,00,2,8,15,B01
200500051439,0,07,000,00,9,1,23,C01
200500051440,0,07,000,00,2,1,02,A01
200500051440,0,07,000,00,2,4,02,B01
200500051440,0,07,000,00,2,4,02,C01
200500051441,0,02,000,06,0,1,01,A01
200500051442,0,07,000,00,2,2,12,A01
200500051442,0,07,000,00,2,6,01,B01
200500051443,0,07,000,00,2,1,02,A01
200500051443,0,07,000,00,2,4,01,B01
200500051444,0,07,000,00,2,3,15,A01
200500051444,0,05,000,00,2,1,02,B01
200500051445,0,07,000,00,2,2,09,A01
200500051445,0,07,000,00,2,1,01,B01
200500051446,0,05,000,00,2,4,01,A01
200500051446,0,13,000,00,2,1,10,B01
200500051447,0,07,000,00,2,3,15,A01
200500051447,0,02,000,00,2,1,01,B01
200500051448,0,02,000,00,2,1,15,A01
200500051448,0,07,000,00,2,1,01,B01
200500051449,0,07,000,00,2,1,01,A01
200500051449,0,01,000,00,2,8,19,B01
200500051450,0,07,000,00,2,1,15,A01
200500051450,0,02,000,00,2,3,01,B01
200500051451,0,07,000,00,2,2,16,A01
200500051451,0,02,000,00,2,1,01,B01
200500051452,0,07,000,13,2,3,01,A01
200500051452,0,07,000,00,0,3,01,B01
200500051453,0,07,000,00,2,1,01,A01
200500051453,0,07,000,00,0,1,01,B01
200500051454,0,07,000,00,2,1,01,A01
200500051454,0,07,000,00,0,4,01,B01
200500051455,0,07,000,00,2,8,05,A01
200500051455,0,07,000,00,2,1,01,B01
200500051456,0,02,000,01,0,1,13,A01
200500051457,0,07,000,00,1,2,01,A01
200500051458,0,07,000,06,0,1,00,A01
200500051459,0,07,000,00,2,1,13,A01
200500051459,0,07,000,00,2,1,01,B01
200500051460,0,07,000,00,2,1,02,B01
200500051460,0,07,000,00,2,4,10,A01
200500051461,0,07,000,00,6,1,01,B01
200500051462,0,02,000,01,2,2,01,B01
200500051462,0,07,000,00,9,1,09,A01
200500051462,0,07,000,00,9,7,00,C01
200500051463,0,07,000,00,1,1,01,A01
200500051464,0,07,000,00,1,4,04,A01
200500051465,0,07,000,00,1,1,01,A01
200500051466,0,14,000,00,2,2,01,A01
200500051466,0,07,000,06,2,3,01,B01
200500051467,0,07,000,00,1,1,01,A01
200500051468,0,07,000,00,2,1,01,A01
200500051468,0,07,000,00,2,7,01,B01
200500051469,0,01,000,00,2,8,01,A01
200500051469,0,07,000,00,2,1,01,B01
200500051470,0,07,000,00,2,1,01,A01
200500051470,0,07,000,00,2,3,15,B01
200500051471,0,07,000,00,2,7,15,A01
200500051471,0,01,000,00,2,1,01,B01
200500051472,0,07,000,00,2,1,01,A01
200500051472,0,07,000,00,2,1,16,C01
200500051472,0,07,000,00,2,1,01,B01
200500051473,0,07,000,16,0,1,13,A01
200500051474,0,07,000,00,2,1,15,A01
200500051474,0,01,000,00,2,0,01,B01
200500051475,0,02,000,00,2,1,01,A01
200500051475,0,07,000,00,2,6,15,B01
200500051476,0,07,000,00,2,8,01,A01
200500051476,0,02,000,00,1,1,09,B01
200500051477,0,02,000,00,5,1,01,A01
200500051478,0,17,000,00,2,2,15,A01
200500051478,0,05,000,00,2,1,01,B01
200500051479,0,07,000,00,2,4,01,A01
200500051479,0,07,000,00,2,1,16,B01
200500051480,0,07,000,13,0,9,01,A01
200500051481,0,07,000,00,2,2,16,B01
200500051481,0,01,000,00,2,1,06,A01
200500051482,0,07,000,00,2,1,15,A01
200500051482,0,02,000,00,2,1,01,B01
200500051483,0,01,000,00,0,1,01,A01
200500051483,0,07,000,00,2,1,01,B01
200500051484,0,17,000,00,0,8,16,A01
200500051485,0,04,000,00,2,8,15,A01
200500051485,0,07,000,00,2,3,01,B01
200500051486,1,07,000,00,1,5,04,A01
200500051487,1,07,000,00,2,2,09,A01
200500051487,0,01,000,00,2,2,01,B01
200500051488,0,07,000,00,2,1,01,B01
200500051488,0,02,000,00,2,8,19,A01
200500051489,0,07,000,00,2,1,01,A01
200500051489,0,07,000,00,2,8,01,B01
200500051490,0,07,000,00,2,7,17,A01
200500051490,0,07,000,00,2,8,15,B01
200500051491,0,07,000,00,1,1,01,A01
200500051492,0,07,000,00,2,1,01,A01
200500051492,0,07,000,00,0,4,23,B01
200500051493,0,07,000,00,2,1,01,A01
200500051493,0,05,000,00,0,4,23,B01
200500051494,0,99,000,00,0,0,00,A01
200500051495,0,05,000,00,2,1,01,B01
200500051495,0,07,000,00,2,2,15,A01
200500051496,0,07,000,00,2,1,01,A01
200500051496,0,05,000,00,2,4,23,B01
200500051496,0,07,000,00,0,4,23,C01
200500051497,0,07,000,00,2,3,01,A01
200500051497,0,07,000,00,2,3,01,B01
200500051498,0,07,000,00,1,2,01,A01
200500051499,0,07,000,00,1,6,04,A01
200500051500,0,07,000,00,2,2,19,A01
200500051500,0,05,000,01,2,1,17,B01
200500051501,0,05,000,00,2,1,17,A01
200500051501,0,07,000,00,2,1,01,B01
200500051501,0,07,000,00,9,2,01,C01
200500051502,0,07,000,00,2,2,02,A01
200500051502,0,01,000,00,2,4,15,B01
200500051503,1,07,000,00,2,2,05,A01
200500051503,0,04,000,00,2,2,01,B01
200500051504,0,05,000,00,0,0,01,A01
200500051504,0,07,000,00,0,0,15,B01
200500051505,0,05,000,00,0,0,01,A01
200500051506,0,07,000,00,9,4,01,A01
200500051506,0,01,000,00,2,4,01,B01
200500051507,0,07,000,00,1,2,01,A01
200500051508,2,07,000,03,2,1,02,A01
200500051508,0,02,000,00,2,4,01,B01
200500051509,0,01,000,00,2,1,02,A01
200500051509,0,07,000,00,9,4,16,B01
200500051510,0,07,000,00,1,1,01,A01
200500051511,0,07,000,00,2,1,15,A01
200500051511,0,05,000,00,2,1,01,B01
200500051512,0,02,000,00,2,8,01,B01
200500051512,0,07,000,00,9,7,15,A01
200500051513,0,07,000,00,1,4,04,A01
200500051514,0,07,000,00,1,1,01,A01
200500051515,0,07,000,00,1,1,01,A01
200500051516,0,07,000,00,9,8,19,A01
200500051516,0,04,000,00,2,1,01,B01
200500051517,0,07,000,00,1,1,01,A01
200500051518,0,07,000,00,1,4,04,A01
200500051519,0,07,000,00,2,3,01,B01
200500051519,0,07,000,00,2,1,01,A01
200500051520,1,01,000,00,2,0,00,A01
200500051520,0,02,000,00,2,0,01,B01
200500051521,1,07,000,00,2,0,16,A01
200500051521,0,02,000,00,2,1,01,B01
200500051522,0,10,000,00,1,4,09,A01
200500051523,0,02,000,00,2,2,05,A01
200500051523,0,07,000,00,2,1,15,B01
200500051524,0,07,000,00,1,1,02,A01
200500051525,0,05,000,00,2,1,17,A01
200500051525,0,07,000,00,2,8,15,B01
200500051526,0,04,000,00,0,0,01,A01
200500051527,0,07,000,08,0,0,00,A01
200500051528,0,07,000,00,2,1,07,B01
200500051528,0,07,000,00,2,2,15,A01
200500051529,0,07,000,00,1,1,16,A01
200500051530,0,05,000,14,0,1,01,A01
200500051531,0,07,000,08,0,0,00,A01
200500051532,0,05,000,00,1,3,15,A01
200500051533,0,07,000,14,0,1,02,A01
200500051533,0,07,000,00,0,4,02,B01
200500051534,0,07,000,00,2,8,19,A01
200500051534,0,02,000,00,2,1,01,B01
200500051535,0,07,000,00,1,4,20,A01
200500051536,0,02,000,06,0,1,00,A01
200500051537,0,02,000,00,2,0,16,A01
200500051537,0,02,000,00,2,0,01,B01
200500051538,0,07,000,00,1,1,01,A01
200500051539,0,07,000,00,0,6,01,A01
200500051539,2,07,000,00,2,2,01,B01
200500051540,0,02,000,00,2,1,01,A01
200500051540,0,07,000,00,2,2,01,B01
200500051541,0,02,000,00,2,2,01,A01
200500051541,0,07,000,00,2,2,16,B01
200500051542,0,07,000,00,1,2,01,A01
200500051543,0,07,000,13,0,9,14,A01
200500051544,0,07,000,00,1,1,16,A01
200500051545,0,07,000,00,1,2,01,A01
200500051546,0,07,000,00,1,1,07,A01
200500051547,0,10,000,00,1,4,20,A01
200500051548,0,07,000,00,2,2,16,A01
200500051548,0,02,000,00,2,1,18,B01
200500051549,0,05,000,00,2,7,02,A01
200500051549,0,07,000,00,2,3,02,B01
200500051550,0,07,000,00,2,2,15,A01
200500051550,0,01,000,00,2,1,02,B01
200500051551,0,02,000,00,2,5,01,B01
200500051551,0,07,000,00,2,1,01,A01
200500051552,0,02,000,00,2,1,01,A01
200500051552,0,02,000,00,2,1,01,B01
200500051553,0,02,000,00,2,1,13,A01
200500051553,0,07,000,00,2,6,16,B01
200500051553,0,07,000,00,2,3,01,C01
200500051554,0,02,000,00,2,1,01,A01
200500051554,0,07,000,00,2,2,16,B01
200500051555,0,05,000,00,2,1,01,A01
200500051555,0,07,000,00,2,1,09,B01
200500051556,1,07,000,00,2,1,01,A01
200500051556,0,07,000,00,2,2,15,B01
200500051557,0,07,000,06,0,2,01,A01
200500051558,0,05,000,15,2,1,05,A01
200500051558,0,07,000,00,2,7,16,B01
200500051559,0,04,000,00,2,1,00,A01
200500051559,0,07,000,00,2,1,01,B01
200500051560,0,02,000,00,2,0,11,A01
200500051560,0,07,000,00,2,7,00,B01
200500051561,0,02,000,16,0,7,01,A01
200500051562,0,01,000,00,1,1,00,A01
200500051563,0,07,000,00,2,7,17,A01
200500051563,0,05,000,00,2,7,01,B01
200500051564,0,07,000,15,0,1,02,A01
200500051564,0,07,000,15,2,0,23,B01
200500051564,0,07,000,00,2,4,23,C01
200500051565,0,07,000,14,0,1,01,A01
200500051565,0,07,000,14,2,4,02,B01
200500051565,0,07,000,00,0,4,02,C01
200500051566,0,07,000,00,9,0,01,A01
200500051566,0,02,000,00,0,0,01,B01
200500051567,0,07,000,00,2,5,15,A01
200500051567,0,07,000,00,2,1,01,B01
200500051568,0,07,000,00,2,3,01,A01
200500051568,0,01,000,00,0,1,19,B01
200500051569,0,07,000,00,2,1,02,A01
200500051569,0,07,000,00,0,4,02,B01
200500051570,0,17,000,13,0,2,01,A01
200500051571,0,10,000,00,2,2,01,A01
200500051571,0,02,000,00,2,1,01,B01
200500051572,0,07,000,06,0,5,01,A01
200500051573,0,07,000,00,2,1,13,A01
200500051573,0,07,000,00,2,1,01,B01
200500051574,0,07,000,00,2,7,13,A01
200500051574,0,07,000,00,2,1,01,B01
200500051575,0,07,000,00,2,5,01,B01
200500051575,0,07,000,00,2,3,18,A01
200500051575,0,07,000,00,2,8,01,C01
200500051576,0,07,000,00,9,6,14,A01
200500051576,0,05,000,00,2,1,01,B01
200500051577,0,07,000,00,2,3,19,A01
200500051577,0,02,000,00,2,7,17,B01
200500051578,0,04,000,00,2,1,02,A01
200500051578,0,07,000,00,2,4,23,B01
200500051579,0,07,000,08,2,1,12,A01
200500051579,0,07,000,00,2,5,01,B01
200500051580,0,07,000,00,1,6,04,A01
200500051581,0,07,000,00,2,4,02,B01
200500051582,0,07,000,00,1,4,20,A01
200500051583,0,02,000,00,0,0,13,A01
200500051584,1,07,000,00,2,1,19,A01
200500051584,0,07,000,00,0,4,02,B01
200500051585,0,02,000,12,0,1,14,A01
200500051586,0,07,000,00,2,3,01,A01
200500051586,0,07,000,00,2,4,23,C01
200500051586,0,07,000,00,2,4,23,D01
200500051586,0,07,000,00,2,4,23,B01
200500051587,0,07,000,00,2,3,21,A01
200500051587,0,07,000,13,0,5,15,B01
200500051588,0,07,000,00,2,1,17,A01
200500051588,0,07,000,00,2,3,21,B01
200500051589,0,07,000,15,0,1,14,A01
200500051590,0,07,000,11,0,9,06,A01
200500051591,0,07,000,00,2,3,11,A01
200500051591,0,02,000,13,2,7,02,B01
200500051592,0,07,000,00,9,7,02,A01
200500051592,0,01,000,00,0,8,02,B01
200500051593,0,07,000,00,2,8,10,B01
200500051593,0,05,000,00,2,7,01,A01
200500051594,0,07,000,00,2,4,15,B01
200500051594,0,02,000,00,2,1,01,A01
200500051595,0,05,000,00,2,7,01,B01
200500051595,0,07,000,00,2,1,01,A01
200500051596,0,02,000,01,0,1,01,A01
200500051597,0,07,000,01,0,1,01,A01
200500051598,0,02,000,00,0,0,01,A01
200500051599,0,13,000,00,2,4,04,A01
200500051599,0,02,000,00,2,1,01,B01
200500051600,0,07,000,00,1,2,01,A01
200500051601,0,07,000,00,2,7,15,A01
200500051601,0,01,000,00,2,1,01,B01
200500051602,0,07,000,00,2,2,01,B01
200500051602,0,01,000,00,2,1,01,A01
200500051603,0,07,000,00,1,1,01,A01
200500051604,0,13,000,00,2,0,01,A01
200500051604,0,07,000,00,9,8,01,B01
200500051604,0,07,000,00,9,1,01,C01
200500051605,0,07,000,00,2,1,15,A01
200500051605,0,05,000,00,2,1,01,B01
200500051606,0,07,000,00,1,1,01,A01
200500051607,0,02,000,00,2,3,10,A01
200500051607,0,02,000,00,2,1,01,B01
200500051608,0,07,000,00,2,1,01,A01
200500051608,0,05,000,00,2,1,01,B01
200500051609,0,04,000,00,0,0,01,A01
200500051610,0,07,000,02,0,1,01,A01
200500051611,0,07,000,15,0,1,16,A01
200500051612,0,05,000,00,2,1,01,B01
200500051612,0,07,000,00,2,2,01,A01
200500051613,0,02,000,00,2,1,01,A01
200500051613,0,07,000,00,2,7,16,B01
200500051614,0,02,000,00,2,1,01,A01
200500051614,0,07,000,00,2,8,01,B01
200500051615,0,07,000,00,2,1,01,A01
200500051615,0,01,000,00,2,1,15,B01
200500051616,0,02,000,01,0,1,01,A01
200500051617,0,01,000,00,0,0,01,A01
200500051618,0,05,000,00,0,0,01,A01
200500051619,0,07,000,00,2,2,16,A01
200500051619,0,02,000,00,2,1,18,B01
200500051620,0,01,000,00,0,0,01,A01
200500051621,0,01,000,00,0,0,02,A01
200500051622,0,07,000,00,0,1,01,A01
200500051622,0,07,000,00,2,3,01,B01
200500051623,0,17,000,00,2,2,17,A01
200500051623,0,02,000,00,2,8,02,B01
200500051624,0,07,000,15,0,3,20,A01
200500051625,0,07,000,00,2,1,15,A01
200500051625,0,07,000,00,2,1,02,B01
200500051626,0,07,000,00,2,1,15,A01
200500051626,0,07,000,00,1,0,02,B01
200500051627,0,05,000,00,2,7,02,B01
200500051627,0,07,000,00,2,3,10,A01
200500051628,2,07,000,00,2,3,09,A01
200500051628,0,03,000,00,2,3,02,B01
200500051629,0,07,000,00,2,9,15,A01
200500051629,0,07,000,00,2,1,02,B01
200500051629,0,07,000,00,2,2,09,C01
200500051630,0,07,000,15,2,1,02,A01
200500051630,0,07,000,00,2,3,02,B01
200500051631,0,07,000,00,2,2,01,A01
200500051631,0,02,000,00,2,4,01,B01
200500051632,0,07,000,00,2,1,01,B01
200500051632,0,10,000,00,2,8,15,A01
200500051633,0,02,000,01,0,1,01,A01
200500051634,0,01,000,00,2,2,01,B01
200500051634,0,07,000,00,2,8,24,A01
200500051635,0,07,000,00,2,2,15,A01
200500051635,0,02,000,00,2,8,01,B01
200500051636,0,02,000,01,0,1,01,A01
200500051637,0,02,000,00,2,8,01,A01
200500051637,0,07,000,00,2,1,01,B01
200500051638,0,02,000,00,2,8,11,A01
200500051638,0,07,000,00,2,7,17,B01
200500051639,0,02,000,00,2,8,17,A01
200500051639,0,07,000,00,2,8,01,B01
200500051640,0,07,000,00,2,1,01,A01
200500051640,0,07,000,00,2,4,23,B01
200500051641,0,01,000,00,2,1,01,A01
200500051641,0,07,000,00,2,3,01,B01
200500051642,0,07,000,00,1,1,13,A01
200500051643,0,07,000,00,2,2,11,A01
200500051643,0,01,000,00,2,4,01,B01
200500051644,0,02,000,00,2,3,01,A01
200500051644,1,07,000,00,2,2,17,B01
200500051645,0,07,000,00,2,2,17,A01
200500051645,0,05,000,00,2,6,15,B01
200500051646,0,07,000,02,0,1,14,A01
200500051647,0,05,000,00,0,7,14,A01
200500051648,0,05,000,03,0,9,14,A01
200500051649,0,02,000,00,2,3,13,A01
200500051649,0,07,000,00,2,3,01,B01
200500051650,0,05,000,08,0,1,01,A01
200500051651,0,07,000,06,0,2,14,A01
200500051652,0,07,000,00,2,2,15,A01
200500051652,0,02,000,00,2,1,23,B01
200500051653,0,07,000,00,2,2,01,A01
200500051653,0,07,000,00,2,1,01,B01
200500051653,0,07,000,00,2,1,23,C01
200500051654,0,07,000,00,2,3,09,A01
200500051654,0,02,000,00,0,0,00,B01
200500051655,0,02,000,12,0,1,01,A01
200500051656,0,02,000,00,1,1,17,A01
200500051657,0,07,000,00,2,3,02,A01
200500051657,0,05,000,06,2,1,17,B01
200500051658,0,02,000,00,2,3,17,A01
200500051658,0,07,000,00,2,3,15,B01
200500051659,0,07,000,00,1,1,01,A01
200500051660,0,07,000,12,0,7,13,A01
200500051661,0,07,000,00,2,7,01,A01
200500051661,0,02,000,00,2,1,01,B01
200500051662,0,07,000,00,2,3,10,A01
200500051662,0,07,000,00,2,1,01,B01
200500051663,0,07,000,00,2,2,01,B01
200500051663,0,07,000,00,2,3,15,A01
200500051664,0,07,000,00,2,2,02,B01
200500051664,0,02,000,00,2,1,19,A01
200500051665,0,07,000,00,0,8,01,A01
200500051665,0,05,000,00,2,1,19,B01
200500051666,0,07,000,00,2,2,01,A01
200500051666,0,05,000,00,2,1,01,B01
200500051667,0,07,000,00,1,1,00,A01
200500051668,0,07,000,00,2,4,23,A01
200500051668,2,07,000,00,2,1,02,B01
200500051669,0,19,000,00,2,1,02,B01
200500051669,0,14,000,00,4,8,01,A01
200500051670,0,07,000,00,2,5,23,A01
200500051670,1,07,000,01,2,3,02,B01
200500051671,0,07,000,00,2,1,13,A01
200500051671,0,07,000,00,2,1,01,B01
200500051672,0,07,000,00,2,5,01,A01
200500051672,0,02,000,00,2,1,01,B01
200500051673,0,07,000,00,2,2,15,A01
200500051673,0,07,000,00,2,1,01,B01
200500051674,0,05,000,00,0,4,15,B01
200500051674,0,07,000,00,2,3,02,A01
200500051675,0,02,000,00,2,1,01,A01
200500051675,0,07,000,00,9,5,15,B01
200500051676,0,07,000,00,1,1,13,A01
200500051677,0,07,000,00,2,3,10,A01
200500051677,0,05,000,00,2,1,01,B01
200500051678,0,07,000,00,1,3,15,A01
200500051679,1,07,000,00,2,7,14,A01
200500051679,0,02,000,00,2,8,21,B01
200500051679,0,02,000,00,2,6,21,C01
200500051680,0,07,000,00,2,1,01,A01
200500051680,0,07,000,00,2,4,23,B01
200500051681,0,15,000,13,2,3,08,A01
200500051681,0,07,000,13,2,1,13,B01
200500051682,0,07,000,00,2,1,15,B01
200500051682,0,07,000,00,2,1,19,A01
200500051683,0,05,000,00,0,8,17,A01
200500051684,0,02,000,00,2,1,18,A01
200500051684,0,05,000,00,2,2,16,B01
200500051685,0,07,000,00,2,6,15,A01
200500051685,0,02,000,00,2,1,01,B01
200500051686,0,05,000,00,2,1,17,A01
200500051686,0,07,000,00,2,8,10,B01
200500051687,0,07,000,00,1,1,01,A01
200500051688,0,07,000,00,0,9,01,A01
200500051689,0,05,000,00,0,0,16,A01
200500051690,1,07,000,00,2,1,01,B01
200500051690,0,07,000,00,2,8,15,A01
200500051691,0,07,000,00,2,2,14,A01
200500051691,0,01,000,00,0,4,01,B01
200500051692,0,17,000,13,0,1,13,A01
200500051693,0,01,000,00,2,1,00,A01
200500051693,0,05,000,00,9,2,01,B01
200500051694,0,07,000,00,1,2,01,A01
200500051695,0,02,000,00,2,1,01,B01
200500051695,0,07,000,00,2,2,19,A01
200500051696,0,07,000,00,2,1,01,B01
200500051696,0,07,000,00,2,1,00,A01
200500051697,0,07,000,00,2,5,01,A01
200500051697,0,07,000,00,2,2,15,B01
200500051698,0,14,000,00,1,5,15,A01
200500051699,0,02,000,00,0,4,01,A01
200500051699,1,99,000,00,0,0,00,B01
200500051700,0,07,000,01,0,2,01,A01
200500051701,0,07,000,00,2,1,01,B01
200500051701,0,02,000,01,2,5,01,A01
200500051702,0,07,000,00,2,1,15,A01
200500051702,0,01,000,00,2,1,01,B01
200500051703,0,07,000,00,2,1,17,A01
200500051703,0,07,000,00,2,1,01,B01
200500051704,0,07,000,00,2,3,13,A01
200500051704,0,01,000,00,2,1,01,B01
200500051705,0,07,000,00,2,3,01,B01
200500051705,0,07,000,00,2,1,16,A01
200500051706,0,14,000,00,2,2,19,A01
200500051706,0,07,000,00,2,1,01,B01
200500051707,0,07,000,00,2,1,01,A01
200500051707,0,07,000,00,2,4,23,B01
200500051708,0,07,000,00,1,2,01,A01
200500051709,0,10,000,00,2,4,02,A01
200500051709,0,07,000,00,2,8,15,B01
200500051710,0,18,015,00,1,1,01,A01
200500051711,0,04,000,00,2,1,00,A01
200500051711,0,07,000,00,2,2,01,B01
200500051712,0,07,000,00,1,2,01,A01
200500051713,0,07,000,00,2,1,01,B01
200500051713,0,07,000,08,0,2,01,A01
200500051714,0,07,000,00,2,1,01,A01
200500051714,0,07,000,01,0,4,15,B01
200500051715,0,07,000,00,2,2,11,A01
200500051715,0,01,000,00,2,1,11,B01
200500051716,0,10,000,00,2,1,01,A01
200500051716,0,10,000,00,2,4,23,B01
200500051716,0,07,000,00,2,4,23,C01
200500051716,0,07,000,00,2,4,23,D01
200500051717,0,07,000,07,0,2,01,A01
200500051718,0,07,000,00,2,1,01,A01
200500051718,0,01,000,00,0,1,19,B01
200500051719,0,02,000,00,2,3,15,A01
200500051719,0,07,000,00,2,4,15,B01
200500051720,0,05,000,00,2,1,01,A01
200500051720,0,07,000,00,2,3,01,B01
200500051721,0,07,000,00,2,1,01,A01
200500051721,0,07,000,00,2,4,01,B01
200500051721,0,07,000,00,2,4,01,C01
200500051722,0,07,000,00,2,1,02,A01
200500051722,0,07,000,00,2,9,23,B01
200500051722,0,07,000,00,0,4,23,C01
200500051723,0,02,000,01,0,1,01,A01
200500051724,0,07,000,00,1,1,20,A01
200500051725,0,07,000,00,2,3,15,B01
200500051725,0,07,000,00,2,2,01,A01
200500051726,0,07,000,00,1,1,00,A01
200500051727,0,07,000,00,2,1,02,A01
200500051727,0,07,000,00,2,4,23,B01
200500051728,0,07,000,00,2,1,01,A01
200500051728,0,07,000,00,1,9,23,B01
200500051728,0,07,000,00,0,4,23,C01
200500051729,0,01,000,00,2,5,01,B01
200500051729,0,07,000,00,2,3,09,A01
200500051730,0,07,000,00,2,8,01,B01
200500051730,0,07,000,00,2,1,19,A01
200500051731,0,07,000,00,1,1,01,A01
200500051732,0,05,000,01,0,1,01,A01
200500051732,0,10,000,00,0,4,24,B01
200500051733,0,07,000,00,2,1,02,A01
200500051733,0,07,000,00,2,4,23,B01
200500051734,0,04,000,00,2,7,01,A01
200500051734,0,07,000,00,2,8,01,B01
200500051735,0,07,000,00,2,2,15,A01
200500051735,0,02,000,00,2,1,01,B01
200500051736,1,07,000,00,2,7,14,A01
200500051736,0,05,000,00,2,8,01,B01
200500051737,0,07,000,00,2,8,15,A01
200500051737,0,07,000,00,2,1,01,B01
200500051738,0,07,000,00,2,5,15,A01
200500051738,0,05,000,00,2,1,01,B01
200500051739,0,05,000,00,0,8,01,A01
200500051739,0,07,000,00,0,0,11,B01
200500051740,0,07,000,13,1,1,11,A01
200500051741,0,07,000,00,2,4,01,B01
200500051741,0,05,000,00,2,1,01,A01
200500051742,0,07,000,00,2,1,13,A01
200500051742,0,07,000,00,2,1,01,B01
200500051743,0,21,000,00,2,1,01,A01
200500051743,0,05,000,00,0,8,01,B01
200500051744,0,07,000,00,2,1,13,A01
200500051744,0,07,000,00,2,3,01,B01
200500051745,0,01,000,00,2,1,00,A01
200500051745,0,07,000,00,9,1,00,B01
200500051746,0,15,000,03,0,2,02,A01
200500051747,0,07,000,00,2,7,15,A01
200500051747,0,05,000,00,2,1,01,B01
200500051748,0,07,000,00,1,1,01,A01
200500051749,0,07,000,08,0,1,01,B01
200500051749,0,10,000,00,0,0,09,A01
200500051750,0,07,000,00,2,1,15,A01
200500051750,0,07,000,00,2,5,01,B01
200500051751,0,07,000,02,0,3,01,A01
200500051752,0,17,000,00,2,2,01,B01
200500051752,0,07,000,00,2,3,01,A01
200500051753,0,07,000,00,2,1,01,A01
200500051753,0,07,000,00,2,1,01,B01
200500051754,0,07,000,06,0,0,14,A01
200500051755,0,07,000,02,0,2,14,A01
200500051756,0,07,000,00,2,1,17,A01
200500051756,0,02,000,00,2,4,17,B01
200500051757,0,07,000,06,0,1,14,A01
200500051758,0,07,000,06,0,1,01,A01
200500051759,0,14,000,00,2,4,15,A01
200500051759,0,01,000,00,2,8,01,B01
200500051760,0,07,000,00,1,0,16,A01
200500051761,0,07,000,00,1,1,01,B01
200500051762,0,05,000,00,0,3,01,A01
200500051763,0,07,000,00,0,0,01,A01
200500051764,0,02,000,13,0,1,01,A01
200500051765,0,02,000,02,0,1,00,A01
200500051766,0,18,000,00,1,7,16,A01
200500051767,0,07,000,00,1,1,01,A01
200500051768,0,07,000,06,2,1,01,A01
200500051768,0,07,000,00,2,2,01,B01
200500051769,0,02,000,16,0,0,01,A01
200500051770,0,02,000,00,2,1,01,A01
200500051770,0,07,000,00,0,4,23,B01
200500051771,0,07,000,07,0,2,01,A01
200500051772,1,07,000,00,2,1,01,A01
200500051772,0,07,000,00,2,4,23,B01
200500051773,0,07,000,00,2,1,01,A01
200500051773,0,07,000,00,2,4,23,B01
200500051774,0,02,000,00,0,0,01,A01
200500051775,0,02,000,00,2,1,15,A01
200500051775,0,07,000,00,2,5,01,B01