Num_Acc,senc,catv,occutc,obs,obsm,choc,manv,num_veh
200500052144,0,02,000,00,9,4,02,B01
200500052145,0,07,000,00,2,2,15,A01
200500052145,0,02,000,00,2,8,01,B01
200500052146,0,02,000,00,0,1,01,A01
200500052147,0,07,000,00,2,3,16,A01
200500052147,0,07,000,00,2,7,01,B01
200500052148,0,02,000,00,1,1,02,A01
200500052149,0,07,000,00,2,0,16,B01
200500052149,0,05,000,00,2,0,02,A01
200500052150,0,07,000,00,1,1,01,A01
200500052151,0,05,000,00,0,0,01,A01
200500052152,0,07,000,06,2,9,01,A01
200500052152,0,07,000,00,2,1,01,B01
200500052153,0,02,000,02,0,0,00,A01
200500052154,0,02,000,00,2,4,01,B01
200500052154,0,02,000,00,2,7,01,A01
200500052155,0,07,000,00,1,1,01,A01
200500052156,0,01,000,00,2,1,17,A01
200500052156,0,07,000,00,2,3,09,B01
200500052157,0,02,000,00,2,1,17,A01
200500052157,0,07,000,00,2,3,15,B01
200500052158,0,07,000,00,2,3,16,A01
200500052158,0,02,000,00,2,1,01,B01
200500052159,0,07,000,00,2,8,15,A01
200500052159,0,04,000,00,2,1,02,B01
200500052160,0,07,000,00,2,3,13,A01
200500052160,0,07,000,00,2,1,01,B01
200500052161,0,02,000,00,2,3,10,A01
200500052161,0,04,000,00,2,1,01,B01
200500052162,0,05,000,00,2,1,17,A01
200500052162,0,07,000,00,2,3,15,B01
200500052163,0,04,000,00,0,1,01,A01
200500052164,0,07,000,00,2,8,22,A01
200500052164,0,01,000,01,0,1,01,B01
200500052165,0,07,000,06,0,1,01,A01
200500052166,0,04,000,00,2,1,17,A01
200500052166,0,07,000,00,2,2,15,B01
200500052167,0,04,000,00,2,1,01,A01
200500052168,0,07,000,00,2,3,15,A01
200500052168,0,18,000,00,2,2,01,B01
200500052169,0,02,000,00,2,1,01,A01
200500052169,0,07,000,00,2,4,01,B01
200500052170,0,07,000,00,2,3,00,A01
200500052170,0,01,000,00,2,7,01,B01
200500052171,0,05,000,00,2,1,01,A01
200500052171,0,07,000,00,2,3,15,B01
200500052172,0,07,000,00,2,1,15,A01
200500052172,0,04,000,00,2,1,17,B01
200500052173,0,02,000,00,2,1,17,A01
200500052173,0,07,000,00,2,3,15,B01
200500052174,0,04,000,00,2,1,18,A01
200500052174,0,07,000,00,2,2,14,B01
200500052175,0,04,000,00,2,4,02,A01
200500052175,0,07,000,00,2,4,23,B01
200500052176,0,07,000,00,2,4,23,A01
200500052176,0,07,000,00,2,4,23,B01
200500052177,0,07,000,00,2,1,02,A01
200500052177,0,02,000,00,2,4,02,B01
200500052178,0,07,000,07,0,2,13,A01
200500052179,0,02,000,00,2,2,17,B01
200500052179,0,07,000,00,2,3,09,A01
200500052180,0,07,000,00,2,2,16,A01
200500052180,0,02,000,00,2,3,01,B01
200500052181,0,07,000,00,2,1,13,A01
200500052181,0,07,000,00,2,1,01,B01
200500052182,0,07,000,02,0,1,14,A01
200500052183,0,07,000,00,2,2,02,A01
200500052183,0,01,000,00,2,4,01,B01
200500052184,0,04,000,00,2,1,01,A01
200500052184,0,07,000,00,2,8,15,B01
200500052185,0,07,000,00,2,2,02,A01
200500052185,0,01,000,00,2,6,02,B01
200500052186,0,07,000,03,2,2,14,A01
200500052186,0,07,000,00,2,1,01,B01
200500052187,0,07,000,01,0,0,00,A01
200500052187,0,01,000,00,0,0,00,F01
200500052187,0,01,000,00,0,0,00,B01
200500052187,0,01,000,00,0,0,00,C01
200500052187,0,01,000,00,0,0,00,D01
200500052187,0,01,000,00,0,0,00,E01
200500052188,0,07,000,00,2,1,02,A01
200500052188,0,07,000,00,0,6,15,B01
200500052189,0,02,000,00,2,1,02,A01
200500052189,0,07,000,00,0,4,10,B01
200500052190,0,07,000,02,2,2,13,A01
200500052190,0,07,000,00,2,1,01,B01
200500052191,0,07,000,00,2,7,15,A01
200500052191,0,07,000,00,2,1,01,B01
200500052192,0,05,000,00,0,9,17,A01
200500052193,0,07,000,00,1,1,17,A01
200500052194,0,07,000,01,0,1,13,A01
200500052195,0,07,000,08,0,1,13,A01
200500052196,0,07,000,00,2,1,02,A01
200500052196,0,07,000,00,0,4,23,B01
200500052197,0,07,000,00,2,3,09,A01
200500052197,0,02,000,00,2,1,01,B01
200500052198,0,07,000,00,2,8,22,A01
200500052198,0,01,000,00,2,1,01,B01
200500052199,0,07,000,00,2,1,01,B01
200500052199,0,07,000,00,0,8,16,A01
200500052200,0,07,000,00,2,3,01,B01
200500052200,0,07,000,00,2,1,01,A01
200500052201,0,02,000,00,2,1,01,A01
200500052201,0,07,000,00,2,8,15,B01
200500052202,0,07,000,00,2,2,15,A01
200500052202,0,05,000,00,2,7,01,B01
200500052203,0,07,000,00,2,2,12,A01
200500052203,0,05,000,00,2,3,01,B01
200500052204,0,07,000,00,2,4,01,C01
200500052204,0,07,000,00,2,1,02,A01
200500052204,0,07,000,00,2,1,02,B01
200500052205,0,07,000,00,1,1,01,C01
200500052205,0,07,000,00,0,6,01,B01
200500052205,0,05,000,00,2,1,02,A01
200500052206,0,07,000,00,2,8,01,B01
200500052206,0,07,000,00,2,1,01,D01
200500052206,0,07,000,00,2,1,01,C01
200500052206,0,07,000,00,2,1,05,A01
200500052207,0,02,000,00,2,8,01,A01
200500052207,0,07,000,00,2,3,01,B01
200500052208,0,10,000,00,1,2,01,A01
200500052209,0,07,000,00,2,2,01,A01
200500052209,0,02,000,00,2,7,15,B01
200500052210,0,07,000,00,2,1,01,A01
200500052210,0,07,000,00,2,1,01,B01
200500052211,0,07,000,00,9,3,00,B01
200500052211,0,09,000,00,2,0,00,A01
200500052212,0,07,000,00,1,2,01,A01
200500052213,0,07,000,00,2,1,02,B01
200500052213,0,07,000,00,2,1,05,A01
200500052214,0,07,000,00,1,4,04,A01
200500052215,0,05,000,00,0,7,00,A01
200500052216,0,07,000,01,0,1,01,A01
200500052217,0,10,000,00,1,1,14,A01
200500052218,0,01,000,00,2,1,00,A01
200500052218,0,01,000,00,2,1,00,B01
200500052219,0,07,000,00,2,3,15,A01
200500052219,0,02,000,00,2,1,01,B01
200500052220,0,04,000,00,2,1,17,A01
200500052220,0,10,000,00,2,3,15,B01
200500052221,0,07,000,00,2,1,05,A01
200500052221,0,07,000,00,2,1,01,B01
200500052222,0,05,000,11,0,1,13,A01
200500052223,1,02,000,00,1,1,01,A01
200500052224,0,15,000,15,0,7,01,A01
200500052225,0,07,000,00,2,1,15,A01
200500052225,0,07,000,00,2,1,01,B01
200500052226,1,07,000,00,1,0,01,A01
200500052226,0,01,000,00,2,8,01,B01
200500052227,0,07,000,00,2,8,15,A01
200500052227,0,05,000,00,2,1,01,B01
200500052228,0,07,000,00,2,3,09,A01
200500052228,0,02,000,00,2,1,01,B01
200500052229,0,07,000,00,2,2,16,A01
200500052229,0,01,000,00,2,1,05,B01
200500052230,0,15,000,00,2,1,01,A01
200500052230,0,07,000,00,2,4,01,B01
200500052230,0,07,000,00,2,4,01,C01
200500052231,0,05,000,01,0,1,01,A01
200500052232,0,15,000,00,2,2,12,A01
200500052232,0,07,000,00,2,5,01,B01
200500052232,0,07,000,00,2,3,01,C01
200500052233,0,01,000,00,2,1,19,B01
200500052233,0,07,000,00,2,3,01,A01
200500052234,0,07,000,00,2,2,15,A01
200500052234,0,01,000,02,2,1,19,B01
200500052235,0,01,000,00,2,1,01,B01
200500052235,0,07,000,00,2,8,01,A01
200500052236,0,07,000,00,1,3,01,A01
200500052237,0,01,000,00,1,1,01,A01
200500052238,0,05,000,00,2,1,17,A01
200500052238,0,07,000,00,2,8,15,B01
200500052239,0,07,000,00,2,2,15,A01
200500052239,0,04,000,00,2,1,01,B01
200500052240,0,07,000,15,0,1,14,A01
200500052241,0,07,000,00,2,1,01,A01
200500052241,0,01,000,00,2,7,19,B01
200500052242,0,07,000,00,2,1,01,A01
200500052242,0,07,000,00,2,7,01,B01
200500052243,0,05,000,00,2,1,01,B01
200500052243,0,07,000,00,2,3,01,A01
200500052244,0,07,000,00,1,3,01,A01
200500052245,0,02,000,00,2,1,01,A01
200500052246,0,10,000,00,2,1,01,A01
200500052246,0,10,000,00,2,4,23,B01
200500052246,0,10,000,00,2,4,23,C01
200500052247,0,07,000,00,2,1,02,A01
200500052247,0,07,000,00,2,4,02,B01
200500052248,0,04,000,00,2,2,02,B01
200500052248,1,10,000,00,2,8,16,A01
200500052249,0,07,000,00,2,1,01,A01
200500052249,0,07,000,00,0,4,23,B01
200500052250,0,01,000,00,2,1,05,A01
200500052250,0,10,000,00,2,2,16,B01
200500052251,0,02,000,09,0,0,00,A01
200500052252,0,07,000,00,2,4,04,A01
200500052252,0,01,000,00,2,7,01,B01
200500052253,0,02,000,08,1,1,14,A01
200500052254,0,07,000,00,2,2,01,A01
200500052254,0,01,000,00,2,1,01,B01
200500052255,0,07,000,14,0,4,13,A01
200500052256,0,01,000,00,2,5,00,A01
200500052256,0,01,000,00,2,1,13,B01
200500052257,0,01,000,00,2,1,16,A01
200500052257,0,10,000,00,2,5,01,B01
200500052258,0,07,000,00,2,1,13,A01
200500052258,0,07,000,00,2,3,01,B01
200500052259,0,07,000,07,2,3,01,A01
200500052259,0,07,000,00,0,2,01,B01
200500052260,0,07,000,11,2,1,13,A01
200500052260,0,07,000,00,2,1,01,B01
200500052261,0,07,000,00,2,1,01,A01
200500052261,1,07,000,00,2,6,10,B01
200500052262,0,07,000,00,2,1,02,A01
200500052262,0,07,000,00,2,1,02,B01
200500052263,0,07,000,00,2,7,19,A01
200500052263,0,05,000,00,2,1,19,B01
200500052264,2,07,000,00,2,1,15,A01
200500052264,0,07,000,00,2,3,01,B01
200500052265,0,07,000,00,2,2,01,A01
200500052265,0,07,000,00,2,1,01,B01
200500052266,0,01,000,00,2,8,02,B01
200500052266,0,07,000,00,2,1,02,A01
200500052267,0,07,000,00,2,1,01,B01
200500052267,0,07,000,00,2,1,12,A01
200500052268,0,07,000,00,2,1,02,A01
200500052268,0,07,000,00,2,4,02,B01
200500052269,0,07,000,00,2,1,01,A01
200500052269,0,07,000,00,2,3,19,B01
200500052270,0,05,000,00,2,1,01,A01
200500052270,0,18,031,00,0,8,01,B01
200500052271,0,07,000,00,0,0,11,A01
200500052271,0,07,000,04,0,6,01,B01
200500052272,0,02,000,00,2,7,01,A01
200500052272,0,07,000,00,2,8,15,B01
200500052273,0,07,000,00,2,7,11,A01
200500052273,0,05,000,00,2,1,01,B01
200500052274,0,04,000,00,2,1,01,B01
200500052274,1,07,000,00,2,0,01,A01
200500052275,0,01,000,00,2,2,01,B01
200500052275,0,07,000,00,2,1,01,A01
200500052276,0,07,000,15,2,3,02,A01
200500052276,0,07,000,00,0,5,23,C01
200500052276,0,07,000,00,2,2,01,B01
200500052277,0,07,000,00,2,1,15,A01
200500052277,0,07,000,00,2,1,01,B01
200500052278,0,07,000,00,2,2,01,A01
200500052278,0,01,000,00,2,1,05,B01
200500052279,0,05,000,00,2,7,17,A01
200500052279,0,07,000,00,2,8,15,B01
200500052280,1,99,000,00,0,0,00,A01
200500052280,0,01,000,00,2,4,01,B01
200500052281,0,07,000,00,2,7,01,A01
200500052281,0,02,000,00,2,8,01,B01
200500052282,0,07,000,00,2,1,01,A01
200500052282,0,07,000,00,2,8,15,B01
200500052283,0,07,000,08,0,1,01,A01
200500052284,0,10,000,00,2,1,01,A01
200500052284,0,07,000,00,0,4,15,B01
200500052285,0,07,000,00,1,3,01,A01
200500052286,0,07,000,00,9,3,02,A01
200500052286,0,01,000,00,2,1,19,B01
200500052287,0,07,000,00,2,2,15,A01
200500052287,0,07,000,00,2,1,02,B01
200500052288,0,07,000,01,0,1,19,A01
200500052289,0,02,000,00,2,1,01,A01
200500052289,0,07,000,00,2,6,01,B01
200500052290,0,17,000,12,0,7,16,A01
200500052291,0,07,000,00,2,1,05,A01
200500052291,0,07,000,00,2,1,01,B01
200500052292,0,07,000,00,2,2,15,A01
200500052292,0,07,000,15,2,1,01,B01
200500052293,0,04,000,01,0,6,02,A01
200500052294,0,10,000,00,1,1,01,A01
200500052295,1,07,000,00,2,1,15,A01
200500052295,0,04,000,00,2,1,05,B01
200500052296,0,07,000,00,2,7,01,A01
200500052296,0,07,000,00,2,1,01,B01
200500052297,0,07,000,00,2,2,15,A01
200500052297,0,05,000,00,2,1,01,B01
200500052298,0,07,000,00,1,4,04,A01
200500052299,0,07,000,00,2,7,17,A01
200500052299,0,01,000,00,2,8,01,B01
200500052300,0,07,000,00,2,1,01,B01
200500052300,0,07,000,00,2,3,15,A01
200500052301,0,05,000,00,1,1,01,A01
200500052302,0,07,000,00,2,5,15,A01
200500052302,0,07,000,00,2,1,01,B01
200500052303,0,07,000,00,2,2,01,A01
200500052303,0,01,000,00,2,1,01,B01
200500052304,0,07,000,00,2,8,03,A01
200500052304,0,02,000,00,2,5,01,B01
200500052305,0,07,000,00,1,4,04,A01
200500052306,0,05,000,12,0,1,00,A01
200500052307,0,07,000,00,2,1,01,A01
200500052307,0,07,000,09,2,2,01,B01
200500052308,0,05,000,00,0,8,15,A01
200500052308,1,07,000,00,0,0,09,B01
200500052309,0,05,000,00,2,1,01,A01
200500052309,0,07,000,00,2,3,15,B01
200500052310,0,07,000,00,2,1,01,B01
200500052310,0,07,000,00,2,2,01,A01
200500052311,0,07,000,00,0,9,00,A01
200500052312,0,07,000,00,0,6,16,B01
200500052312,0,04,000,00,2,1,02,A01
200500052313,0,07,000,00,2,3,01,B01
200500052313,0,07,000,03,2,3,13,A01
200500052314,0,05,000,08,0,1,01,A01
200500052315,0,07,000,00,0,6,01,B01
200500052315,0,07,000,00,2,1,01,A01
200500052316,0,07,000,00,2,1,01,B01
200500052316,0,01,000,00,2,7,01,A01
200500052317,0,07,000,00,2,8,22,A01
200500052317,0,02,000,01,0,1,01,B01
200500052317,0,07,000,00,2,7,01,C01
200500052318,0,07,000,00,2,1,01,B01
200500052318,0,07,000,03,2,7,19,A01
200500052319,0,07,000,00,2,4,10,A01
200500052319,0,05,000,00,2,1,02,B01
200500052320,0,07,000,00,2,8,01,B01
200500052320,0,04,000,00,2,1,19,A01
200500052321,0,07,000,00,1,1,01,A01
200500052322,0,07,000,00,1,7,01,A01
200500052323,0,02,000,13,0,1,01,A01
200500052324,0,07,000,00,2,3,15,A01
200500052324,0,07,000,00,2,1,01,B01
200500052325,0,02,000,00,0,2,02,A01
200500052326,0,07,000,00,2,2,06,A01
200500052326,0,99,000,00,2,3,01,B01
200500052327,0,02,000,00,2,1,01,A01
200500052327,0,07,000,00,2,3,01,B01
200500052328,0,07,000,00,2,1,02,A01
200500052328,0,07,000,00,2,4,02,B01
200500052329,0,02,000,00,2,1,19,A01
200500052329,0,07,000,00,2,8,02,B01
200500052330,0,07,000,00,2,1,02,A01
200500052330,0,07,000,00,2,4,01,B01
200500052330,0,07,000,00,0,4,02,C01
200500052331,0,07,000,00,9,1,01,A01
200500052331,0,01,000,00,2,0,01,B01
200500052332,0,02,000,06,0,1,01,A01
200500052333,0,07,000,11,0,1,01,A01
200500052334,0,02,000,00,2,1,01,A01
200500052334,0,07,000,00,2,3,01,B01
200500052335,0,01,000,01,0,6,01,A01
200500052336,0,07,000,00,2,1,15,A01
200500052336,0,07,000,01,2,3,01,B01
200500052337,0,01,000,00,2,1,13,A01
200500052337,0,07,000,00,2,3,13,B01
200500052338,0,05,000,00,0,7,01,A01
200500052339,0,18,000,00,1,2,01,A01
200500052340,0,07,000,00,2,3,01,A01
200500052340,0,05,000,00,2,1,01,B01
200500052341,0,02,000,00,2,1,15,A01
200500052341,0,07,000,00,0,1,01,B01
200500052342,0,07,000,00,0,0,10,A01
200500052342,0,05,000,16,0,1,01,B01
200500052343,0,07,000,09,0,1,01,A01
200500052344,0,02,000,00,2,1,01,A01
200500052344,0,07,000,00,0,3,15,B01
200500052345,0,02,000,11,0,1,01,A01
200500052346,0,07,000,09,0,1,01,A01
200500052347,0,07,000,00,0,2,01,B01
200500052347,0,07,000,00,2,8,10,A01
200500052348,0,01,000,00,2,7,02,A01
200500052348,0,07,000,00,0,7,02,B01
200500052349,0,07,000,00,2,3,10,A01
200500052349,0,02,000,00,0,1,01,B01
200500052350,0,07,000,00,2,1,01,A01
200500052350,0,01,000,00,0,8,19,B01
200500052351,0,07,000,00,2,2,09,A01
200500052351,0,05,000,00,0,6,01,B01
200500052352,0,07,000,00,2,1,01,A01
200500052352,0,07,000,00,0,4,23,B01
200500052353,0,02,000,00,2,1,01,A01
200500052353,0,02,000,00,0,4,23,B01
200500052354,0,07,000,09,0,1,01,A01
200500052355,0,07,000,00,0,2,01,B01
200500052355,0,07,000,00,2,8,16,A01
200500052356,0,02,000,00,2,6,13,A01
200500052356,0,07,000,00,0,8,01,B01
200500052357,0,02,000,00,2,8,01,A01
200500052357,0,07,000,00,0,2,20,B01
200500052358,0,07,000,00,2,1,01,A01
200500052358,0,07,000,00,2,1,23,B01
200500052358,0,07,000,00,0,4,23,C01
200500052359,0,07,000,04,2,2,00,A01
200500052359,0,07,000,00,2,1,01,B01
200500052360,0,07,000,02,0,3,00,A01
200500052361,0,07,000,00,2,8,09,A01
200500052361,0,05,000,00,2,1,01,B01
200500052362,0,16,000,00,2,7,09,A01
200500052362,0,07,000,00,2,8,01,B01
200500052363,0,07,000,00,1,1,15,A01
200500052364,0,07,000,00,2,3,15,A01
200500052364,0,02,000,00,2,1,01,B01
200500052365,1,07,000,00,0,0,02,A01
200500052365,0,05,000,00,0,0,02,B01
200500052366,0,07,000,00,2,1,02,A01
200500052366,0,07,000,00,0,4,23,B01
200500052367,0,01,000,00,1,1,01,A01
200500052368,0,01,000,00,2,1,19,A01
200500052368,0,07,000,00,2,3,01,B01
200500052369,0,07,000,02,0,1,01,A01
200500052370,0,02,000,00,2,1,02,A01
200500052370,0,10,000,00,0,4,02,B01
200500052371,0,02,000,00,2,1,02,A01
200500052371,0,07,000,00,0,4,23,B01
200500052372,0,01,000,00,2,1,19,A01
200500052372,0,07,000,00,0,1,01,B01
200500052373,0,05,000,12,0,1,10,A01
200500052374,0,07,000,01,0,0,01,A01
200500052375,0,01,000,00,2,1,05,A01
200500052375,0,01,000,00,0,1,01,B01
200500052376,0,07,000,00,2,6,15,B01
200500052376,0,02,000,00,2,1,17,A01
200500052377,0,02,000,09,0,1,00,A01
200500052378,0,02,000,00,2,5,01,A01
200500052378,0,07,000,00,2,5,15,B01
200500052379,0,04,000,00,0,8,15,A01
200500052379,1,04,000,00,2,1,17,B01
200500052380,0,02,000,01,2,1,17,A01
200500052380,0,10,000,00,0,3,15,B01
200500052381,0,07,000,00,1,3,15,A01
200500052382,0,02,000,15,0,1,01,A01
200500052383,0,07,000,15,0,2,14,A01
200500052384,0,05,000,12,0,1,01,A01
200500052385,0,07,000,00,2,3,15,A01
200500052385,0,05,000,12,2,2,01,B01
200500052386,0,07,000,02,0,1,01,A01
200500052387,0,05,000,01,1,3,01,A01
200500052388,0,04,000,04,2,1,01,A01
200500052388,0,10,000,00,2,6,01,B01
200500052389,0,07,000,00,1,1,01,A01
200500052390,0,07,000,00,2,4,23,A01
200500052390,0,18,000,00,2,1,07,B01
200500052391,0,02,000,00,2,2,15,A01
200500052391,0,07,000,00,2,1,01,B01
200500052392,0,02,000,08,0,5,16,A01
200500052393,0,05,000,01,0,1,13,A01
200500052394,0,07,000,00,2,7,09,A01
200500052394,0,05,000,00,2,3,01,B01
200500052395,0,02,000,00,2,5,14,A01
200500052395,0,04,000,00,2,3,01,B01
200500052396,0,05,000,00,0,2,01,A01
200500052397,0,07,000,00,2,3,15,A01
200500052397,0,07,000,00,2,1,01,B01
200500052398,0,02,000,00,2,3,18,A01
200500052398,0,07,000,00,2,2,16,B01
200500052399,0,01,000,00,2,3,18,A01
200500052399,0,07,000,00,2,2,01,B01
200500052400,0,05,000,00,2,2,05,A01
200500052400,0,10,000,00,2,3,15,B01
200500052401,0,07,000,15,1,1,01,A01
200500052402,0,02,000,00,0,3,01,A01
200500052403,0,07,000,00,2,2,15,A01
200500052403,0,01,000,00,2,1,01,B01
200500052404,0,04,000,00,2,3,07,A01
200500052404,0,07,000,00,2,2,16,B01
200500052405,0,07,000,00,2,2,15,A01
200500052405,0,07,000,00,2,1,01,B01
200500052406,0,04,000,00,2,1,01,A01
200500052406,0,07,000,00,2,3,01,B01
200500052407,0,07,000,00,1,2,01,A01
200500052408,0,07,000,15,0,2,14,A01
200500052409,0,07,000,00,2,2,16,A01
200500052409,0,07,000,15,2,3,07,B01
200500052410,0,04,000,00,2,1,01,A01
200500052410,0,07,000,00,2,2,01,B01
200500052411,0,05,000,00,2,1,01,A01
200500052411,0,05,000,00,2,5,15,B01
200500052412,0,07,000,00,2,1,01,A01
200500052412,0,07,000,00,2,5,01,B01
200500052413,0,07,000,00,2,5,10,A01
200500052413,0,05,000,00,2,1,01,B01
200500052414,0,04,000,00,2,3,18,A01
200500052414,0,07,000,00,2,2,16,B01
200500052415,0,01,000,00,2,2,01,A01
200500052416,0,07,000,00,2,3,09,A01
200500052416,0,04,000,00,2,2,01,B01
200500052417,0,05,000,01,2,2,17,A01
200500052417,0,07,000,00,2,3,15,B01
200500052418,0,02,000,00,2,1,01,A01
200500052418,0,10,000,00,2,4,01,B01
200500052419,0,07,000,00,2,2,17,A01
200500052419,0,01,000,00,2,3,01,B01
200500052420,0,07,000,00,2,6,22,A01
200500052420,0,07,000,00,2,2,01,B01
200500052421,0,07,000,00,1,1,01,A01
200500052422,0,04,000,00,0,3,01,A01
200500052423,0,02,000,00,0,2,01,A01
200500052424,0,07,000,00,1,1,01,A01
200500052425,0,01,000,00,2,3,15,A01
200500052425,0,07,000,00,2,2,01,B01
200500052426,0,05,000,00,1,3,01,A01
200500052427,0,05,000,00,2,1,01,A01
200500052427,0,07,000,00,2,2,15,B01
200500052428,0,01,000,00,1,1,16,A01
200500052429,0,01,000,00,2,1,01,A01
200500052429,0,07,000,00,2,4,01,B01
200500052430,0,07,000,00,2,2,01,A01
200500052430,0,02,000,00,2,1,01,B01
200500052431,0,01,000,00,0,1,21,A01
200500052432,0,04,000,00,2,2,05,A01
200500052432,0,07,000,00,2,3,15,B01
200500052433,0,07,000,00,2,1,01,A01
200500052433,0,07,000,00,2,4,23,B01
200500052434,0,07,000,00,2,2,15,A01
200500052434,0,04,000,00,2,1,01,B01
200500052435,1,10,000,00,2,2,00,A01
200500052435,0,07,000,00,2,3,01,B01
200500052436,0,07,000,15,0,2,21,A01
200500052437,0,07,000,00,1,4,04,A01
200500052438,0,05,000,00,1,1,01,A01
200500052439,0,05,000,00,2,6,01,A01
200500052439,0,07,000,09,2,1,01,B01
200500052440,0,07,000,00,1,1,16,A01
200500052441,0,07,000,00,2,1,01,A01
200500052441,0,01,000,00,2,4,01,B01
200500052442,0,04,000,00,2,3,18,A01
200500052442,0,07,000,00,2,2,16,B01
200500052443,0,10,000,00,1,1,07,A01
200500052444,0,07,000,01,1,1,01,A01
200500052445,0,02,000,00,2,2,15,A01
200500052445,0,07,000,00,2,1,01,B01
200500052446,0,02,000,00,2,1,01,A01
200500052446,0,07,000,00,2,7,07,B01
200500052447,0,07,000,00,1,1,01,A01
200500052448,0,07,000,00,2,3,11,A01
200500052448,0,04,000,00,2,2,17,B01
200500052449,0,05,000,00,0,2,21,A01
200500052450,0,02,000,00,1,1,01,A01
200500052451,0,01,000,00,1,1,01,A01
200500052452,0,13,000,00,2,1,01,A01
200500052452,0,02,000,00,2,4,23,B01
200500052453,0,02,000,11,0,1,01,A01
200500052454,0,10,000,00,1,1,07,A01
200500052455,0,01,000,00,1,1,01,A01
200500052456,0,07,000,00,2,1,01,A01
200500052456,0,07,000,00,2,2,01,B01
200500052457,0,07,000,00,2,2,01,A01
200500052457,0,01,000,00,2,1,01,B01
200500052458,0,05,000,14,0,1,17,A01
200500052459,0,04,000,00,2,2,01,A01
200500052459,0,07,000,00,2,1,15,B01
200500052460,0,07,000,00,2,7,12,A01
200500052460,0,05,000,00,2,3,01,B01
200500052461,0,07,000,06,0,1,01,A01
200500052462,0,18,000,00,1,2,01,A01
200500052463,0,02,000,00,1,1,01,A01
200500052464,0,10,000,00,2,1,13,A01
200500052464,0,10,000,00,2,1,01,B01
200500052465,0,07,000,00,2,2,01,A01
200500052465,0,07,000,00,2,1,01,B01
200500052466,0,07,000,00,2,1,01,A01
200500052466,0,07,000,00,2,4,23,B01
200500052467,0,04,000,15,1,1,01,A01
200500052468,0,05,000,00,2,2,17,A01
200500052468,0,07,000,00,2,3,15,B01
200500052469,0,07,000,00,2,2,01,A01
200500052469,0,07,000,00,2,1,01,B01
200500052470,0,02,000,00,2,2,17,A01
200500052470,0,10,000,00,2,3,15,B01
200500052471,0,07,000,00,2,1,01,A01
200500052471,0,04,000,00,2,3,01,B01
200500052472,0,07,000,00,2,1,01,A01
200500052472,0,02,000,00,2,4,01,B01
200500052473,0,02,000,00,0,2,01,A01
200500052474,0,07,000,01,1,1,01,A01
200500052475,0,07,000,00,2,3,10,A01
200500052475,0,05,000,00,2,2,01,B01
200500052476,0,07,000,00,1,4,04,A01
200500052477,0,02,000,00,1,1,01,A01
200500052478,0,07,000,11,0,1,07,A01
200500052479,0,05,000,00,2,1,01,A01
200500052479,0,07,000,00,2,4,01,B01
200500052480,0,02,000,00,2,2,01,A01
200500052480,0,07,000,00,2,1,01,B01
200500052481,0,05,000,00,2,3,07,A01
200500052481,0,07,000,00,2,2,16,B01
200500052482,0,01,000,00,2,1,05,A01
200500052482,0,07,000,00,2,1,01,B01
200500052483,0,05,000,00,0,3,21,A01
200500052484,0,07,000,00,2,5,22,A01
200500052484,0,01,000,00,2,1,18,B01
200500052485,0,02,000,00,2,3,07,A01
200500052485,0,07,000,00,2,2,16,B01
200500052486,0,02,000,00,2,4,23,A01
200500052486,0,07,000,00,2,1,16,B01
200500052487,0,04,000,00,0,1,01,A01
200500052488,0,07,000,09,0,1,01,A01
200500052489,0,07,000,00,2,1,01,A01
200500052489,0,07,000,00,2,3,09,B01
200500052490,1,07,000,00,1,1,00,A01
200500052491,0,05,000,12,0,1,01,A01
200500052492,0,07,000,00,2,2,21,A01
200500052492,0,05,000,00,2,3,01,B01
200500052493,0,07,000,01,0,1,15,A01
200500052494,0,07,000,00,2,2,16,A01
200500052494,0,05,000,00,2,3,07,B01
200500052495,0,07,000,06,2,6,15,A01
200500052495,0,07,000,00,2,2,01,B01
200500052495,0,07,000,01,2,1,16,C01
200500052496,0,05,000,00,1,1,16,A01
200500052497,0,02,000,00,2,2,15,A01
200500052497,0,07,000,00,2,1,01,B01
200500052498,0,07,000,00,2,2,16,A01
200500052498,0,05,000,00,2,3,01,B01
200500052499,0,05,000,00,2,2,17,A01
200500052499,0,07,000,00,2,3,15,B01
200500052500,0,18,000,00,1,2,08,A01
200500052501,0,07,000,00,2,1,01,A01
200500052501,0,07,000,00,2,4,23,B01
200500052502,0,05,000,00,0,0,21,A01
200500052503,0,07,000,00,2,2,15,A01
200500052503,0,04,000,00,2,3,01,B01
200500052504,0,02,000,00,2,1,01,A01
200500052504,0,07,000,00,2,3,01,B01
200500052505,0,10,000,00,2,5,15,A01
200500052505,0,04,000,00,2,1,01,B01
200500052506,0,02,000,00,2,1,01,A01
200500052506,0,07,000,00,2,2,15,B01
200500052507,0,07,000,11,0,1,01,A01
200500052508,0,07,000,00,2,1,01,A01
200500052508,0,05,000,00,2,3,15,B01
200500052509,0,07,000,00,2,8,11,A01
200500052509,0,04,000,00,2,2,17,B01
200500052510,0,07,000,00,1,3,15,A01
200500052511,0,02,000,00,2,3,07,A01
200500052511,0,10,000,00,2,2,16,B01
200500052512,0,02,000,00,2,2,01,A01
200500052512,0,07,000,00,2,3,01,B01
200500052513,0,05,000,00,2,3,07,A01
200500052513,0,07,000,00,2,2,16,B01