Num_Acc,senc,catv,occutc,obs,obsm,choc,manv,num_veh
200500052885,0,04,000,00,0,1,01,A01
200500052886,0,05,000,00,1,1,17,A01
200500052887,0,07,000,00,0,8,24,A01
200500052887,0,01,000,01,2,1,01,B01
200500052888,0,07,000,00,1,3,15,A01
200500052889,0,07,000,13,0,9,00,A01
200500052890,0,02,000,00,2,8,09,A01
200500052890,0,07,000,00,2,1,02,B01
200500052891,0,07,000,00,1,1,02,A01
200500052892,0,07,000,00,2,1,01,A01
200500052892,0,07,000,00,2,1,01,B01
200500052893,0,07,000,00,1,3,01,A01
200500052894,0,07,000,13,0,9,01,A01
200500052895,0,07,000,09,0,1,01,A01
200500052896,0,07,000,00,2,1,01,A01
200500052896,0,07,000,00,2,3,01,B01
200500052897,1,99,000,00,0,0,02,A01
200500052898,0,07,000,00,2,1,01,A01
200500052898,0,07,000,00,2,4,23,B01
200500052898,0,07,000,00,0,4,24,C01
200500052899,0,07,000,00,0,3,17,A01
200500052899,0,05,000,07,0,1,17,B01
200500052900,1,07,000,00,9,3,02,A01
200500052900,0,01,000,00,2,7,02,B01
200500052901,0,07,000,00,0,0,00,A01
200500052902,0,02,000,00,0,1,00,A01
200500052902,0,15,000,00,0,3,01,B01
200500052903,0,07,000,15,0,9,02,A01
200500052904,0,07,000,00,1,2,01,A01
200500052905,0,07,000,03,2,1,13,A01
200500052905,0,07,000,00,2,1,01,B01
200500052905,0,07,000,03,2,2,13,C01
200500052906,0,07,000,08,0,7,01,A01
200500052907,0,05,000,00,2,1,02,B01
200500052907,0,07,000,00,2,8,15,A01
200500052908,0,10,000,00,0,1,02,A01
200500052908,0,07,000,00,0,4,02,B01
200500052909,0,07,000,00,2,2,15,A01
200500052909,0,07,000,00,2,1,01,B01
200500052910,0,07,000,00,2,5,15,A01
200500052910,0,02,000,00,2,1,21,B01
200500052911,0,07,000,00,1,4,04,A01
200500052912,0,05,000,12,0,0,00,A01
200500052913,0,07,000,00,2,6,10,A01
200500052913,0,05,000,00,0,0,01,B01
200500052913,0,05,000,00,2,9,01,C01
200500052914,0,05,000,00,0,8,01,A01
200500052915,0,07,000,00,2,3,15,A01
200500052915,0,04,000,00,2,2,17,B01
200500052916,0,05,000,00,2,1,01,B01
200500052916,0,07,000,00,2,1,03,A01
200500052917,0,07,000,00,2,3,01,B01
200500052917,0,01,000,00,2,1,13,A01
200500052918,0,07,000,00,2,1,02,A01
200500052918,0,07,000,00,2,4,02,B01
200500052919,0,07,000,00,2,3,00,A01
200500052919,0,05,000,00,2,1,01,B01
200500052920,0,07,000,00,2,3,05,A01
200500052920,0,01,000,00,2,1,01,B01
200500052921,0,07,000,07,0,0,00,A01
200500052922,0,05,000,02,0,1,14,A01
200500052923,0,07,000,00,2,3,15,A01
200500052923,0,02,000,00,2,1,01,B01
200500052924,0,02,000,00,2,0,15,A01
200500052924,0,07,000,01,2,1,01,B01
200500052925,0,05,000,00,2,1,01,B01
200500052925,0,07,000,00,2,8,15,A01
200500052926,0,07,000,00,2,1,09,A01
200500052926,0,05,000,00,2,7,00,B01
200500052927,0,07,000,00,2,1,02,A01
200500052927,0,07,000,00,2,4,02,B01
200500052928,1,07,000,00,2,6,15,A01
200500052928,0,05,000,00,2,1,02,B01
200500052929,0,10,000,00,1,1,02,A01
200500052930,0,05,000,03,0,7,00,A01
200500052931,0,07,000,01,0,1,14,A01
200500052932,0,07,000,00,2,7,01,A01
200500052932,0,07,000,00,2,1,01,B01
200500052933,0,07,000,00,0,8,20,A01
200500052933,0,02,000,00,2,1,01,B01
200500052934,0,07,000,01,0,2,21,B01
200500052934,0,05,000,00,0,5,24,A01
200500052935,0,07,000,00,2,1,15,A01
200500052935,0,10,000,00,0,1,01,B01
200500052936,0,17,000,00,2,1,01,A01
200500052936,0,07,000,00,0,4,01,B01
200500052937,0,07,000,00,0,4,01,A01
200500052937,0,10,000,00,2,1,01,B01
200500052938,0,07,000,00,2,1,01,A01
200500052938,0,07,000,00,0,4,23,B01
200500052939,0,07,000,00,2,1,01,B01
200500052939,0,07,000,00,0,6,01,A01
200500052940,0,07,000,00,0,3,01,B01
200500052940,0,02,000,00,2,1,01,A01
200500052941,0,10,000,13,0,1,01,A01
200500052942,0,07,000,00,2,1,01,A01
200500052942,0,07,000,00,0,1,01,B01
200500052943,0,18,001,00,0,2,16,A01
200500052943,0,05,000,00,2,3,01,B01
200500052944,0,07,000,00,1,1,01,A01
200500052945,0,07,000,00,2,1,01,A01
200500052945,0,07,000,00,2,4,23,B01
200500052945,0,07,000,00,0,4,23,C01
200500052946,0,07,000,00,2,2,16,A01
200500052946,0,07,000,06,2,1,01,B01
200500052947,0,07,000,00,2,1,01,A01
200500052947,0,99,000,00,2,8,15,B01
200500052948,0,07,000,00,2,1,01,A01
200500052948,0,07,000,01,0,4,21,B01
200500052949,0,99,000,00,2,6,01,B01
200500052949,0,07,000,00,2,1,01,A01
200500052950,0,05,000,02,2,1,01,B01
200500052950,0,07,000,00,2,8,09,A01
200500052951,0,05,000,00,0,0,17,A01
200500052952,0,07,000,00,1,1,15,A01
200500052953,0,05,000,00,1,1,01,A01
200500052954,0,04,000,00,2,1,02,A01
200500052954,0,07,000,00,2,4,02,B01
200500052955,0,07,000,15,0,0,13,A01
200500052956,0,02,000,00,1,1,01,A01
200500052957,0,07,000,00,2,1,01,A01
200500052957,0,07,000,09,0,4,16,B01
200500052958,0,07,000,00,2,1,12,A01
200500052958,0,07,000,00,0,5,01,B01
200500052958,0,14,000,00,0,8,01,C01
200500052959,0,05,000,00,2,7,01,B01
200500052959,0,07,000,00,2,2,15,A01
200500052960,0,01,000,00,0,3,15,A01
200500052960,0,02,000,00,2,1,01,B01
200500052961,0,07,000,00,0,4,15,B01
200500052961,0,07,000,00,2,1,01,A01
200500052962,0,05,000,00,2,1,01,A01
200500052962,0,15,000,00,0,6,17,B01
200500052963,0,07,000,00,2,5,15,A01
200500052963,0,05,000,00,2,1,01,B01
200500052964,0,05,000,00,2,0,01,A01
200500052964,0,13,000,00,2,3,15,B01
200500052965,0,07,000,00,2,3,19,A01
200500052965,0,07,000,00,2,2,01,B01
200500052966,0,04,000,00,2,6,15,A01
200500052966,0,07,000,00,2,1,02,B01
200500052967,0,07,000,00,2,3,10,A01
200500052967,0,05,000,00,2,1,02,B01
200500052968,0,04,000,00,2,1,17,A01
200500052968,0,07,000,00,9,6,15,B01
200500052969,0,07,000,01,0,9,00,A01
200500052970,0,02,000,00,2,1,01,A01
200500052970,0,07,000,00,2,4,01,B01
200500052971,0,07,000,00,2,3,00,B01
200500052971,0,07,000,00,2,1,01,A01
200500052972,0,05,000,11,0,7,13,A01
200500052973,0,07,000,01,2,5,01,A01
200500052973,0,07,000,00,2,1,21,B01
200500052974,0,10,000,00,2,2,17,A01
200500052974,0,07,000,00,2,8,15,B01
200500052975,0,07,000,00,2,2,15,A01
200500052975,0,04,000,00,2,1,01,B01
200500052976,0,18,026,00,2,1,01,A01
200500052976,0,07,000,00,2,4,23,B01
200500052977,0,05,000,14,0,1,01,A01
200500052978,0,07,000,00,1,7,01,A01
200500052979,0,04,000,00,1,2,01,A01
200500052980,0,07,000,00,2,2,01,A01
200500052980,0,07,000,00,2,1,01,B01
200500052981,0,07,000,00,2,3,15,A01
200500052981,0,07,000,00,2,3,01,B01
200500052982,0,07,000,00,1,7,01,A01
200500052983,0,10,000,00,2,1,01,A01
200500052983,0,04,000,00,0,4,16,B01
200500052984,0,10,000,00,1,5,04,A01
200500052985,0,07,000,00,2,3,11,A01
200500052985,0,05,000,00,0,1,01,B01
200500052986,0,05,000,00,2,1,01,B01
200500052986,0,07,000,00,0,8,15,A01
200500052987,0,07,000,00,9,8,15,A01
200500052987,0,05,000,00,2,1,01,B01
200500052988,0,07,000,00,9,7,15,A01
200500052988,0,02,000,00,2,1,01,B01
200500052989,0,02,000,00,1,1,13,A01
200500052990,0,02,000,00,9,1,17,A01
200500052990,0,01,000,00,9,6,15,B01
200500052991,0,07,000,00,2,3,15,A01
200500052991,0,07,000,08,2,3,19,B01
200500052992,0,07,000,00,2,3,09,A01
200500052992,0,07,000,00,2,2,01,B01
200500052993,0,07,000,00,2,7,15,A01
200500052993,0,02,000,00,2,1,01,B01
200500052994,0,02,000,00,2,1,01,A01
200500052994,0,07,000,00,2,4,01,B01
200500052994,0,07,000,00,2,3,24,C01
200500052995,0,07,000,00,2,1,01,A01
200500052995,0,07,000,00,2,4,01,B01
200500052996,0,07,000,02,0,5,01,A01
200500052997,0,02,000,00,2,1,01,A01
200500052997,0,07,000,00,2,7,01,B01
200500052998,0,14,000,00,2,3,13,A01
200500052998,0,07,000,00,2,1,01,B01
200500052999,0,07,000,00,2,3,15,A01
200500052999,0,02,000,00,2,7,01,B01
200500053000,0,07,000,00,2,1,01,A01
200500053000,0,01,000,00,2,4,01,B01
200500053001,0,07,000,00,2,1,01,A01
200500053001,0,07,000,00,2,1,01,B01
200500053002,0,07,000,12,0,1,15,A01
200500053003,0,05,000,00,1,1,01,A01
200500053004,0,07,000,00,2,1,13,A01
200500053004,0,07,000,00,2,1,01,B01
200500053004,0,07,000,00,2,6,01,C01
200500053005,0,07,000,00,2,1,15,A01
200500053005,0,01,000,00,2,1,15,B01
200500053006,0,07,000,04,0,1,01,A01
200500053007,0,07,000,00,1,1,01,A01
200500053008,0,05,000,00,1,1,01,A01
200500053009,0,04,000,00,2,1,05,A01
200500053009,0,07,000,00,2,1,01,B01
200500053010,0,04,000,00,2,1,16,A01
200500053010,0,07,000,00,2,2,15,B01
200500053011,0,07,000,00,2,1,09,A01
200500053011,0,05,000,12,2,7,01,B01
200500053012,0,02,000,00,2,1,01,B01
200500053012,0,07,000,09,2,6,01,A01
200500053013,0,07,000,00,2,1,01,A01
200500053013,0,07,000,00,2,4,01,B01
200500053014,0,07,000,00,0,0,01,A01
200500053015,0,02,000,03,0,3,01,A01
200500053016,0,07,000,08,0,1,01,A01
200500053017,0,02,000,00,2,7,05,A01
200500053017,0,07,000,00,2,3,02,B01
200500053018,0,07,000,00,1,1,01,A01
200500053019,0,07,000,13,0,9,01,A01
200500053020,0,07,000,00,2,8,15,A01
200500053020,0,07,000,00,2,2,17,B01
200500053021,0,07,000,00,1,1,01,A01
200500053022,0,07,000,13,0,1,01,A01
200500053023,0,07,000,00,2,1,13,A01
200500053023,0,07,000,00,2,1,01,B01
200500053024,0,99,000,00,2,1,19,A01
200500053024,0,04,000,00,2,7,19,B01
200500053025,0,07,000,02,0,9,01,A01
200500053026,0,07,000,00,2,4,15,A01
200500053026,0,07,000,00,2,4,02,B01
200500053026,0,07,000,00,2,4,02,C01
200500053026,0,07,000,00,2,1,02,D01
200500053027,0,07,000,00,0,9,01,A01
200500053028,0,07,000,00,5,9,01,A01
200500053029,0,07,000,13,0,1,01,A01
200500053030,0,07,000,00,2,1,01,A01
200500053030,0,07,000,00,2,1,16,B01
200500053031,0,07,000,00,2,1,01,B01
200500053031,0,07,000,00,2,3,19,A01
200500053032,0,07,000,00,1,1,01,A01
200500053033,0,05,000,13,0,1,01,A01
200500053034,0,01,000,00,2,1,09,A01
200500053034,0,07,000,00,2,1,01,B01
200500053035,0,07,000,00,1,0,01,A01
200500053036,0,07,000,00,2,1,01,B01
200500053036,0,07,000,00,2,1,05,A01
200500053037,0,07,000,00,2,1,01,A01
200500053037,0,02,000,00,2,8,15,B01
200500053038,0,05,000,12,0,2,14,A01
200500053039,0,07,000,00,1,1,01,A01
200500053040,0,07,000,00,2,3,15,A01
200500053040,0,02,000,00,2,1,01,B01
200500053041,0,05,000,12,0,1,01,A01
200500053042,0,07,000,00,1,1,01,A01
200500053043,0,02,000,00,2,1,15,B01
200500053043,0,07,000,00,2,7,15,A01
200500053044,0,99,000,00,2,2,01,A01
200500053044,0,07,000,00,2,1,15,B01
200500053045,0,07,000,00,2,1,01,A01
200500053045,0,02,000,00,2,4,02,B01
200500053046,0,07,000,05,1,2,14,A01
200500053047,0,07,000,00,2,8,01,B01
200500053047,0,07,000,00,2,7,13,A01
200500053048,0,07,000,00,2,1,13,A01
200500053048,0,04,000,00,2,8,01,B01
200500053049,0,02,000,00,2,7,01,A01
200500053049,0,07,000,00,2,1,15,B01
200500053050,0,07,000,01,0,1,13,A01
200500053050,0,07,000,00,2,6,24,B01
200500053050,0,07,000,00,2,4,24,C01
200500053051,0,07,000,00,2,2,20,A01
200500053051,0,02,000,00,2,1,01,B01
200500053052,0,07,000,00,2,1,01,A01
200500053052,0,07,000,00,2,4,23,B01
200500053052,0,07,000,00,0,4,23,C01
200500053053,0,07,000,00,2,3,10,A01
200500053053,0,05,000,00,2,1,01,B01
200500053054,0,07,000,00,2,1,17,A01
200500053054,0,07,000,00,2,3,15,B01
200500053055,0,05,000,00,2,1,01,B01
200500053055,0,07,000,00,2,1,09,A01
200500053056,0,07,000,00,2,2,17,A01
200500053056,0,02,000,00,2,1,01,B01
200500053057,0,07,000,00,2,1,01,A01
200500053057,0,07,000,00,0,4,01,B01
200500053058,0,07,000,00,1,4,01,A01
200500053059,0,07,000,00,0,0,10,A01
200500053059,0,05,000,00,2,6,01,B01
200500053060,0,07,000,00,2,2,23,B01
200500053060,0,05,000,00,2,1,17,A01
200500053061,0,07,000,03,9,6,22,A01
200500053061,0,05,000,00,2,1,21,B01
200500053062,0,07,000,00,2,2,01,A01
200500053062,0,07,000,00,0,6,01,C01
200500053062,0,07,000,00,0,3,01,B01
200500053063,0,07,000,00,2,3,10,A01
200500053063,0,05,000,00,2,1,17,B01
200500053063,0,07,000,00,2,3,24,C01
200500053064,0,07,000,13,0,9,00,A01
200500053065,0,02,000,00,2,8,21,B01
200500053065,0,07,000,00,2,6,19,A01
200500053066,0,02,000,00,2,1,01,B01
200500053066,0,07,000,00,2,5,04,A01
200500053067,0,07,000,00,2,2,15,A01
200500053067,0,02,000,00,2,1,21,B01
200500053068,1,05,000,00,1,0,00,A01
200500053069,0,07,000,00,2,1,02,A01
200500053069,0,07,000,00,2,4,02,B01
200500053069,0,07,000,00,2,4,01,C01
200500053070,0,07,000,00,2,3,19,A01
200500053070,0,07,000,00,2,3,01,B01
200500053071,0,07,000,00,2,3,15,B01
200500053071,0,02,000,00,2,1,01,A01
200500053072,0,07,000,15,2,1,01,A01
200500053072,0,07,000,14,2,4,01,B01
200500053072,0,07,000,00,2,4,23,C01
200500053072,0,07,000,00,2,4,23,D01
200500053073,0,04,000,00,2,5,01,A01
200500053073,0,07,000,00,2,4,01,B01
200500053074,2,07,000,00,2,1,05,A01
200500053074,0,07,000,00,2,1,01,B01
200500053075,0,07,000,14,2,1,02,A01
200500053075,0,07,000,00,0,4,23,B01
200500053076,0,05,000,00,2,4,15,B01
200500053076,0,07,000,00,2,1,01,A01
200500053077,0,07,000,00,2,1,15,A01
200500053077,0,04,000,00,2,1,01,B01
200500053078,0,07,000,00,1,3,00,A01
200500053079,0,07,000,00,2,1,02,A01
200500053079,0,07,000,00,2,2,02,B01
200500053080,0,02,000,00,2,1,02,A01
200500053080,0,07,000,00,0,4,02,B01
200500053081,0,07,000,00,2,8,15,B01
200500053081,0,05,000,00,2,1,14,A01
200500053082,0,04,000,00,9,1,02,B01
200500053082,0,07,000,00,0,0,01,A01
200500053083,0,02,000,00,0,7,02,A01
200500053083,0,07,000,00,0,3,11,B01
200500053084,0,07,000,00,0,2,15,A01
200500053084,0,01,000,00,0,1,19,B01
200500053085,0,07,000,00,1,8,15,A01
200500053086,0,07,000,00,9,6,16,A01
200500053086,0,01,000,00,2,1,01,B01
200500053087,0,05,000,00,2,1,01,B01
200500053087,0,05,000,00,2,1,01,C01
200500053087,0,07,000,00,2,2,06,A01
200500053088,0,07,000,00,2,1,09,A01
200500053088,0,07,000,00,2,3,01,B01
200500053089,0,07,000,06,2,9,19,A01
200500053089,0,07,000,00,2,1,01,B01
200500053090,0,07,000,00,2,3,13,A01
200500053090,0,05,000,01,2,2,13,B01
200500053091,0,07,000,01,0,8,04,A01
200500053092,0,17,000,00,0,8,13,A01
200500053093,0,02,000,00,2,2,01,A01
200500053093,0,07,000,00,2,3,15,B01
200500053094,0,07,000,00,2,2,15,A01
200500053094,0,05,000,00,2,1,01,B01
200500053095,0,07,000,00,2,3,15,A01
200500053095,0,01,000,00,2,8,01,B01
200500053096,0,05,000,00,2,1,17,A01
200500053097,0,07,000,00,2,1,10,A01
200500053097,0,02,000,00,2,8,01,B01
200500053098,0,07,000,13,2,1,14,A01
200500053098,0,07,000,00,2,6,01,B01
200500053098,0,07,000,00,2,1,01,C01
200500053099,0,02,000,00,2,8,01,A01
200500053099,1,07,000,00,2,7,02,B01
200500053100,0,07,000,00,2,5,16,A01
200500053100,0,07,000,00,2,1,01,B01
200500053101,0,10,000,06,0,1,01,A01
200500053102,0,07,000,12,2,1,13,A01
200500053102,0,07,000,00,2,1,01,B01
200500053103,0,07,000,00,2,1,01,A01
200500053103,0,07,000,00,2,4,02,B01
200500053104,0,05,000,00,2,7,01,A01
200500053105,0,07,000,00,2,3,01,B01
200500053105,0,02,000,00,2,1,15,A01
200500053106,0,02,000,00,2,1,16,A01
200500053106,0,07,000,00,2,3,23,B01
200500053107,0,07,000,00,2,3,15,A01
200500053107,0,02,000,00,2,7,01,B01
200500053108,0,07,000,00,2,1,01,A01
200500053108,0,07,000,00,2,4,01,B01
200500053108,0,07,000,00,2,4,01,C01
200500053109,0,07,000,00,2,3,13,A01
200500053109,0,07,000,00,2,2,01,B01
200500053110,0,02,000,15,2,6,01,A01
200500053111,0,07,000,13,0,1,01,A01
200500053112,0,07,000,00,1,1,01,A01
200500053112,0,01,000,00,2,1,01,B01
200500053113,0,07,000,00,2,2,15,A01
200500053113,0,07,000,00,2,1,01,B01
200500053114,0,07,000,00,2,1,01,A01
200500053114,0,07,000,00,2,4,02,B01
200500053114,0,07,000,00,2,4,02,C01
200500053115,0,13,000,00,2,2,12,A01
200500053115,0,07,000,00,2,6,01,B01
200500053115,0,07,000,00,2,1,01,C01
200500053116,0,05,000,00,2,1,01,B01
200500053116,0,07,000,00,2,3,15,A01
200500053117,0,10,000,00,2,1,00,A01
200500053117,0,13,000,00,2,1,00,B01
200500053118,0,05,000,00,2,1,01,A01
200500053118,0,16,000,00,2,4,01,B01
200500053119,0,21,000,00,2,7,01,A01
200500053119,0,07,000,00,2,1,00,B01
200500053120,0,02,000,00,2,1,01,A01
200500053120,0,10,000,00,2,4,01,B01
200500053121,0,05,000,01,2,1,17,A01
200500053121,0,02,000,00,2,6,15,B01
200500053122,0,07,000,13,0,1,00,A01
200500053123,0,07,000,00,2,3,19,A01
200500053124,0,99,000,13,0,3,01,A01
200500053125,0,02,000,08,2,8,12,A01
200500053125,0,07,000,00,2,2,12,B01
200500053126,0,07,000,00,2,1,01,A01
200500053126,0,07,000,00,2,1,01,B01
200500053127,0,07,000,08,0,0,01,A01
200500053128,0,02,000,00,2,1,13,A01
200500053128,0,02,000,00,0,1,02,B01
200500053129,0,07,000,00,2,2,17,A01
200500053129,0,01,000,00,2,6,02,B01
200500053130,0,01,000,14,0,0,14,A01
200500053131,0,02,000,01,0,6,02,A01
200500053132,0,07,000,00,2,2,02,A01
200500053132,0,07,000,00,0,6,23,B01
200500053133,0,02,000,00,2,1,01,A01
200500053133,0,07,000,00,2,4,01,B01
200500053134,0,02,000,00,0,9,01,A01
200500053135,0,02,000,00,1,1,01,A01
200500053136,0,01,000,00,2,1,21,B01
200500053136,0,07,000,00,2,3,15,A01
200500053137,0,01,000,00,2,1,01,A01
200500053137,0,07,000,00,2,4,01,B01
200500053138,0,02,000,00,1,1,01,A01
200500053139,0,07,000,00,1,1,01,A01
200500053140,0,07,000,13,2,7,13,A01
200500053140,0,07,000,00,2,8,01,B01
200500053141,0,02,000,00,2,1,01,A01
200500053141,0,02,000,00,2,4,01,B01
200500053142,0,02,000,00,1,1,01,A01
200500053143,0,07,000,00,0,9,01,A01
200500053144,0,07,000,00,2,1,01,A01
200500053144,0,05,000,00,2,1,01,B01
200500053145,0,02,000,00,2,1,13,A01
200500053145,0,07,000,00,2,2,01,B01
200500053146,0,07,000,06,0,2,01,A01
200500053147,0,07,000,00,2,1,02,A01
200500053147,0,07,000,00,2,4,23,B01
200500053148,0,07,000,00,2,2,15,A01
200500053148,0,07,000,00,2,1,01,B01
200500053149,0,07,000,00,2,3,15,A01
200500053149,0,07,000,00,2,3,16,B01
200500053150,0,07,000,09,0,1,13,A01
200500053151,0,07,000,00,1,5,04,A01
200500053152,0,07,000,00,2,7,16,A01
200500053152,0,01,000,00,2,1,01,B01
200500053153,0,07,000,00,2,1,01,A01
200500053153,0,07,000,00,2,8,01,B01
200500053154,0,05,000,00,2,1,02,A01
200500053154,0,07,000,00,2,4,02,B01
200500053155,0,07,000,02,0,1,21,A01
200500053156,0,07,000,00,2,2,16,A01
200500053156,0,01,000,00,2,1,01,B01
200500053157,0,05,000,00,1,1,01,A01
200500053158,0,07,000,07,2,7,12,A01
200500053158,0,10,000,00,2,3,01,B01
200500053159,0,07,000,00,1,3,15,A01
200500053160,0,02,000,00,0,2,01,A01
200500053161,0,02,000,08,0,1,14,A01
200500053162,0,07,000,00,2,1,01,A01
200500053162,0,14,000,00,2,6,01,B01
200500053163,0,07,000,06,0,3,01,A01
200500053164,0,07,000,01,2,7,01,B01
200500053164,0,07,000,00,2,3,01,A01
200500053165,0,02,000,12,0,1,14,A01
200500053166,0,07,000,00,2,2,17,A01
200500053166,0,02,000,00,2,3,15,B01
200500053167,2,07,000,00,2,1,01,A01
200500053167,0,07,000,00,2,4,23,B01
200500053167,0,18,010,00,2,1,01,C01
200500053168,0,07,000,00,2,3,01,B01
200500053168,0,07,000,00,2,2,01,A01
200500053169,0,02,000,00,2,1,01,A01
200500053169,0,07,000,00,0,4,01,B01
200500053170,0,02,000,00,0,7,01,A01
200500053171,0,07,000,00,1,2,01,A01
200500053172,0,02,000,00,0,7,01,A01
200500053173,0,07,000,00,2,1,01,A01
200500053173,0,02,000,00,0,4,23,B01
200500053174,0,07,000,06,0,1,01,A01
200500053175,0,07,000,13,0,1,01,A01
200500053176,0,07,000,03,0,7,01,A01
200500053177,0,07,000,00,2,1,01,A01
200500053177,0,05,000,00,2,1,01,B01
200500053178,0,07,000,00,2,1,01,A01
200500053178,0,07,000,00,2,4,01,F01
200500053178,0,07,000,00,2,4,01,B01
200500053178,0,07,000,00,2,4,01,G01
200500053178,0,07,000,00,2,4,01,C01
200500053178,0,07,000,00,2,4,01,D01
200500053178,0,15,000,00,2,4,01,E01
200500053179,0,07,000,05,0,1,14,A01
200500053180,0,07,000,03,0,1,01,A01
200500053181,0,02,000,00,0,1,14,A01
200500053182,0,05,000,00,2,1,01,B01
200500053182,0,07,000,00,2,5,15,A01
200500053183,0,07,000,00,2,1,09,A01
200500053183,0,07,000,00,2,1,01,B01
200500053183,0,07,000,00,2,3,01,C01
200500053184,0,02,000,00,2,1,09,A01
200500053184,0,07,000,00,2,3,09,B01
200500053185,0,02,000,06,0,1,01,A01
200500053186,0,07,000,02,1,1,01,A01
200500053187,0,07,000,00,2,1,01,A01
200500053187,0,07,000,00,2,4,01,B01
200500053188,0,02,000,00,2,1,01,A01
200500053188,0,07,000,00,2,1,01,B01
200500053189,0,07,000,00,2,8,09,A01
200500053189,0,05,000,00,2,1,01,B01
200500053190,0,07,000,00,2,1,15,A01
200500053190,0,07,000,00,2,1,01,B01
200500053191,0,07,000,00,1,2,01,A01
200500053192,0,02,000,00,2,1,05,A01
200500053192,0,02,000,00,2,1,01,B01
200500053193,0,07,000,08,0,1,21,A01
200500053194,0,05,000,00,2,2,17,A01
200500053194,0,07,000,00,2,6,01,B01
200500053195,0,02,000,13,0,8,01,A01
200500053196,0,07,000,04,0,1,01,A01
200500053197,0,07,000,00,1,2,01,A01
200500053198,0,07,000,00,2,1,05,A01
200500053198,0,07,000,00,2,3,01,B01
200500053199,1,07,000,00,2,2,15,A01
200500053199,0,04,000,00,2,1,01,B01
200500053200,0,07,000,00,1,3,01,A01
200500053201,0,07,000,00,9,1,09,A01
200500053201,0,01,000,00,2,2,02,B01
200500053202,0,07,000,00,1,1,16,A01
200500053203,0,02,000,00,2,1,15,A01
200500053203,0,07,000,00,2,1,01,B01
200500053204,0,07,000,00,2,7,01,B01
200500053204,0,02,000,00,2,9,01,A01
200500053205,0,07,000,00,9,6,15,A01
200500053205,0,02,000,00,2,1,01,B01
200500053206,0,07,000,00,2,1,13,A01
200500053206,0,01,000,00,2,1,01,B01
200500053207,0,07,000,15,0,1,00,A01
200500053208,0,07,000,00,2,3,19,A01
200500053208,0,07,000,00,2,1,01,B01
200500053209,0,05,000,02,2,1,00,A01
200500053209,0,07,000,00,0,7,02,B01
200500053210,0,02,000,00,1,1,01,A01
200500053211,0,07,000,00,1,2,01,A01
200500053212,0,07,000,00,9,3,01,A01
200500053212,0,01,000,00,2,3,01,B01
200500053213,0,07,000,00,1,0,04,A01
200500053214,0,01,000,00,2,4,02,A01
200500053214,0,07,000,00,0,4,23,B01
200500053215,0,01,000,00,2,1,02,A01
200500053215,0,07,000,00,9,1,02,B01
200500053216,0,01,000,01,0,1,02,A01
200500053217,0,14,000,06,0,1,02,A01
200500053218,0,07,000,00,2,4,00,A01
200500053219,0,07,000,00,2,1,13,A01
200500053219,0,07,000,00,2,1,02,B01
200500053220,0,07,000,00,2,2,02,A01
200500053220,0,07,000,00,2,6,02,B01
200500053221,0,05,000,00,2,1,21,A01
200500053221,0,07,000,00,2,2,19,B01
200500053222,0,07,000,00,9,2,09,A01
200500053222,0,04,000,00,2,1,02,B01
200500053223,0,04,000,00,2,1,02,B01
200500053223,0,07,000,00,2,2,02,A01
200500053224,0,07,000,00,2,2,15,A01
200500053224,0,04,000,00,2,1,01,B01
200500053225,0,07,000,01,0,1,01,A01
200500053226,0,04,000,16,0,1,01,A01
200500053227,0,07,000,00,2,1,01,B01
200500053227,0,07,000,00,2,8,01,A01
200500053228,0,07,000,00,0,4,01,A01
200500053228,0,07,000,00,2,1,01,B01
200500053229,0,07,000,00,2,1,01,A01
200500053229,0,07,000,00,2,3,01,C01
200500053229,0,07,000,00,2,1,01,B01
200500053230,0,07,000,01,0,1,01,A01
200500053231,0,02,000,00,2,2,13,A01
200500053231,0,07,000,00,2,3,15,B01
200500053232,0,07,000,00,2,3,09,A01
200500053232,0,02,000,00,2,1,01,B01
200500053233,0,07,000,15,0,0,01,A01
200500053234,0,07,000,00,2,1,01,A01
200500053234,1,07,000,00,0,0,00,B01
200500053235,0,07,000,00,2,2,01,B01
200500053235,0,18,000,00,2,3,01,A01
200500053236,0,05,000,15,0,1,01,A01
200500053237,0,07,000,01,2,1,15,A01
200500053237,0,07,000,01,2,1,01,B01
200500053238,0,07,000,08,0,1,01,A01
200500053239,0,07,000,00,2,1,01,A01
200500053239,0,07,000,01,0,1,01,B01
200500053239,0,07,000,00,0,4,01,C01
200500053240,0,07,000,00,0,1,02,A01
200500053240,0,07,000,00,0,4,02,B01
200500053241,0,01,000,00,1,1,00,A01
200500053242,0,07,000,00,0,4,02,B01
200500053242,0,07,000,00,0,1,02,A01
200500053243,0,07,000,00,2,1,02,A01
200500053243,0,07,000,00,2,4,02,B01
200500053244,0,07,000,12,0,2,01,A01
200500053245,0,07,000,00,0,9,01,A01
200500053246,0,07,000,00,1,3,01,A01
200500053247,0,05,000,00,2,1,01,A01
200500053247,0,07,000,00,2,5,15,B01
200500053248,1,07,000,00,0,0,05,A01
200500053248,0,07,000,00,0,9,01,B01
200500053249,0,07,000,06,0,4,01,A01
200500053250,0,07,000,06,0,1,01,A01
200500053251,0,07,000,00,1,2,01,A01
200500053252,2,07,000,00,2,1,13,A01
200500053252,0,07,000,00,2,1,01,B01
200500053253,0,07,000,00,2,1,09,A01