Num_Acc,senc,catv,occutc,obs,obsm,choc,manv,num_veh
200500053634,0,07,000,00,0,8,23,B01
200500053635,0,07,000,01,0,7,04,A01
200500053636,0,04,000,00,2,1,02,A01
200500053636,0,14,000,00,0,4,01,B01
200500053637,0,05,000,00,2,4,13,A01
200500053637,0,07,000,00,0,2,01,B01
200500053638,0,07,000,00,2,8,15,A01
200500053638,0,05,000,00,0,7,01,B01
200500053639,0,04,000,00,2,2,01,B01
200500053639,0,07,000,00,2,6,04,A01
200500053640,0,14,000,00,2,1,02,A01
200500053640,0,07,000,00,0,5,23,B01
200500053641,0,02,000,00,2,1,01,A01
200500053641,0,07,000,00,2,4,23,B01
200500053642,0,05,000,00,1,3,01,A01
200500053643,0,07,000,08,1,0,01,A01
200500053644,0,07,000,00,0,3,11,A01
200500053644,0,05,000,00,2,1,01,B01
200500053645,0,05,000,00,0,3,13,A01
200500053646,0,07,000,00,2,7,12,A01
200500053646,0,05,000,00,2,8,02,B01
200500053647,0,07,000,00,2,4,02,A01
200500053647,0,07,000,00,2,1,02,B01
200500053648,0,05,000,00,0,6,02,A01
200500053648,0,05,000,00,2,2,02,B01
200500053649,0,07,000,00,2,6,00,A01
200500053649,0,05,000,00,2,5,00,B01
200500053650,0,18,001,00,2,1,02,A01
200500053650,0,07,000,00,2,4,02,B01
200500053651,0,07,000,03,0,1,01,A01
200500053652,0,07,000,00,0,3,13,A01
200500053652,0,17,000,00,2,2,02,B01
200500053653,0,07,000,04,2,0,00,A01
200500053653,0,15,000,00,0,3,01,B01
200500053654,0,07,000,04,2,6,13,A01
200500053654,0,07,000,00,2,8,11,B01
200500053654,0,05,000,00,2,1,02,C01
200500053655,0,05,000,00,0,0,01,A01
200500053656,1,07,000,00,0,0,00,C01
200500053656,0,05,000,00,2,1,11,B01
200500053656,0,07,000,00,2,2,01,A01
200500053657,0,07,000,04,0,3,13,A01
200500053658,0,07,000,03,0,3,12,A01
200500053659,0,07,000,00,2,7,12,A01
200500053659,0,05,000,00,2,8,03,B01
200500053660,0,07,000,00,0,8,13,A01
200500053660,0,07,000,00,2,1,02,B01
200500053661,0,07,000,00,0,9,14,A01
200500053662,0,07,000,04,0,2,17,A01
200500053662,0,13,000,00,2,1,02,B01
200500053663,0,17,000,00,2,2,01,A01
200500053663,0,07,000,03,2,6,01,B01
200500053664,0,05,000,00,2,3,02,B01
200500053664,0,99,000,00,2,5,12,A01
200500053665,0,15,000,00,2,7,01,A01
200500053665,0,07,000,03,2,1,09,B01
200500053666,0,07,000,16,0,0,17,A01
200500053667,0,02,000,00,0,4,23,A01
200500053667,0,07,000,00,2,1,02,B01
200500053668,0,14,000,00,2,1,12,A01
200500053668,0,07,000,00,2,8,02,B01
200500053669,0,07,000,09,9,1,11,A01
200500053670,0,07,000,00,0,6,24,A01
200500053670,0,07,000,01,0,2,14,B01
200500053671,0,07,000,00,0,5,23,A01
200500053671,0,10,000,00,2,1,02,B01
200500053672,0,07,000,00,0,3,02,A01
200500053672,0,17,000,00,2,2,12,B01
200500053673,0,07,000,00,2,4,09,A01
200500053673,0,07,000,00,2,1,02,B01
200500053673,0,07,000,00,2,1,02,C01
200500053673,0,07,000,00,2,1,02,D01
200500053674,0,07,000,00,2,4,02,A01
200500053674,0,07,000,00,0,4,02,B01
200500053674,0,10,000,00,2,1,02,C01
200500053675,0,07,000,00,2,2,11,A01
200500053675,0,07,000,00,2,4,02,C01
200500053675,0,07,000,00,2,6,01,B01
200500053676,0,07,000,00,0,6,01,A01
200500053676,0,05,000,00,2,1,02,B01
200500053676,0,10,000,04,0,2,01,C01
200500053677,0,07,000,00,2,6,09,A01
200500053677,0,05,000,00,2,7,02,B01
200500053678,0,07,000,04,0,0,13,A01
200500053679,0,07,000,00,0,4,01,A01
200500053679,0,07,000,00,2,4,02,B01
200500053679,0,07,000,00,2,1,02,C01
200500053680,0,07,000,00,0,0,00,A01
200500053681,0,07,000,00,0,1,13,A01
200500053682,0,07,000,04,2,1,21,A01
200500053682,0,07,000,00,2,1,02,B01
200500053683,0,07,000,00,2,3,11,A01
200500053683,0,05,000,00,2,2,03,B01
200500053684,0,07,000,00,2,2,14,A01
200500053684,0,07,000,00,2,6,02,B01
200500053685,0,07,000,00,0,9,17,A01
200500053686,0,07,000,00,2,2,21,A01
200500053687,0,07,000,04,0,0,13,A01
200500053688,0,07,000,00,2,6,02,A01
200500053688,0,07,000,00,2,1,02,B01
200500053688,0,07,000,00,2,2,12,C01
200500053689,0,15,000,00,0,4,23,A01
200500053689,0,10,000,01,2,1,02,B01
200500053690,0,07,000,00,0,4,23,A01
200500053690,0,07,000,01,0,1,02,B01
200500053691,0,07,000,00,0,8,17,A01
200500053692,0,07,000,00,0,9,01,A01
200500053693,0,07,000,00,0,1,02,A01
200500053693,0,07,000,00,2,2,21,B01
200500053693,0,07,000,00,0,6,09,C01
200500053693,0,13,000,00,2,2,02,D01
200500053694,0,07,000,00,0,4,01,A01
200500053694,0,07,000,00,2,1,01,B01
200500053694,0,07,000,00,2,1,01,C01
200500053695,0,07,000,14,0,5,01,A01
200500053696,0,07,000,04,0,3,13,A01
200500053697,0,07,000,04,0,3,15,A01
200500053697,0,07,000,00,2,1,21,B01
200500053697,0,07,000,00,2,1,02,C01
200500053697,0,99,000,03,2,0,15,D01
200500053698,0,07,000,04,0,1,00,A01
200500053699,0,07,000,04,0,1,16,A01
200500053700,0,07,000,00,0,0,23,A01
200500053700,0,15,000,00,0,8,23,B01
200500053700,0,07,000,01,0,7,02,C01
200500053701,0,05,000,00,0,0,02,A01
200500053702,0,05,000,00,0,0,00,A01
200500053703,0,07,000,00,2,5,12,A01
200500053703,0,13,000,00,2,3,00,B01
200500053704,0,07,000,00,2,4,02,A01
200500053704,0,07,000,00,2,1,21,B01
200500053704,0,07,000,00,0,0,02,C01
200500053705,0,07,000,04,0,3,01,A01
200500053706,0,05,000,04,0,1,16,A01
200500053707,0,07,000,04,0,3,17,A01
200500053708,0,07,000,00,2,1,01,A01
200500053708,0,07,000,00,0,4,01,B01
200500053709,0,07,000,00,0,4,01,A01
200500053709,0,07,000,00,2,1,01,B01
200500053710,0,07,000,00,2,0,00,A01
200500053710,0,15,000,00,2,2,00,B01
200500053711,0,07,000,04,0,1,00,A01
200500053712,0,15,000,03,0,3,01,A01
200500053713,0,05,000,00,2,1,02,A01
200500053713,0,07,000,00,0,4,02,B01
200500053714,0,07,000,00,0,1,15,A01
200500053715,0,07,000,04,0,1,01,A01
200500053716,0,07,000,04,0,3,15,A01
200500053717,0,07,000,04,0,8,01,A01
200500053718,0,07,000,00,2,1,02,A01
200500053718,0,07,000,00,2,4,02,B01
200500053718,0,07,000,00,2,4,02,C01
200500053718,0,07,000,00,2,4,02,D01
200500053719,0,07,000,04,0,4,21,A01
200500053719,0,07,000,00,2,1,00,B01
200500053720,0,05,000,00,2,7,21,A01
200500053721,0,07,000,00,2,1,01,A01
200500053721,0,07,000,00,2,4,01,B01
200500053721,0,07,000,00,0,4,01,C01
200500053722,0,15,000,00,2,2,02,A01
200500053722,0,07,000,00,2,1,02,B01
200500053722,0,07,000,00,2,6,13,C01
200500053723,0,07,000,00,2,8,11,A01
200500053723,0,13,000,00,2,1,21,B01
200500053724,0,07,000,00,2,1,02,A01
200500053724,0,07,000,00,2,4,02,B01
200500053725,0,07,000,00,0,2,02,A01
200500053725,0,14,000,00,2,0,02,B01
200500053725,0,07,000,00,2,0,18,C01
200500053726,0,05,000,00,9,0,01,A01
200500053727,0,07,000,00,0,4,14,A01
200500053727,0,17,000,00,2,1,12,B01
200500053728,0,07,000,00,0,4,01,A01
200500053728,0,07,000,00,2,1,02,B01
200500053729,0,05,000,12,0,3,13,A01
200500053730,0,07,000,04,0,7,14,A01
200500053731,0,07,000,02,0,3,11,A01
200500053732,0,07,000,04,0,5,02,B01
200500053732,0,07,000,01,0,3,02,A01
200500053733,0,07,000,04,0,3,21,A01
200500053734,0,05,000,00,2,3,03,A01
200500053734,0,05,000,00,0,5,03,B01
200500053735,0,07,000,04,0,2,13,A01
200500053736,0,07,000,06,0,9,02,A01
200500053737,0,07,000,00,2,5,02,A01
200500053737,0,07,000,00,0,6,02,B01
200500053738,0,07,000,00,2,3,11,A01
200500053738,0,05,000,00,2,7,01,B01
200500053739,0,02,000,00,2,5,02,A01
200500053739,0,07,000,00,0,5,02,B01
200500053740,0,05,000,12,0,7,01,A01
200500053741,0,07,000,00,2,8,09,A01
200500053741,0,07,000,00,0,7,01,B01
200500053742,0,05,000,00,2,1,02,A01
200500053742,0,07,000,00,2,4,02,B01
200500053743,0,07,000,00,2,5,09,A01
200500053743,0,05,000,00,2,8,01,B01
200500053744,0,07,000,00,2,4,02,B01
200500053744,0,07,000,00,0,4,01,A01
200500053744,0,07,000,00,2,4,02,C01
200500053744,0,07,000,00,2,1,02,D01
200500053745,0,07,000,00,2,3,21,A01
200500053745,0,07,000,00,0,5,23,B01
200500053746,0,08,000,04,0,9,14,A01
200500053747,0,07,000,04,0,2,14,A01
200500053748,0,17,000,13,0,1,14,A01
200500053749,0,04,000,12,0,1,02,A01
200500053750,0,07,000,04,0,8,21,B01
200500053750,0,13,000,00,2,0,12,A01
200500053751,0,15,000,00,2,7,01,A01
200500053751,0,07,000,00,2,2,09,B01
200500053752,0,14,000,13,0,7,00,A01
200500053753,0,05,000,00,0,7,16,A01
200500053754,0,07,000,04,0,3,21,A01
200500053755,0,04,000,00,2,1,02,A01
200500053755,0,07,000,00,2,4,02,B01
200500053756,0,15,000,00,2,4,02,A01
200500053756,0,07,000,00,2,4,02,B01
200500053756,0,15,000,00,2,1,02,C01
200500053757,0,07,000,00,2,3,11,A01
200500053757,0,05,000,00,2,7,03,B01
200500053758,0,05,000,04,2,1,02,A01
200500053758,0,07,000,04,2,4,02,B01
200500053759,0,04,000,03,0,7,01,A01
200500053760,0,07,000,00,2,8,11,A01
200500053760,0,05,000,00,2,2,01,B01
200500053761,0,07,000,00,2,1,02,A01
200500053761,0,07,000,00,2,4,02,B01
200500053762,0,07,000,00,2,3,01,A01
200500053762,0,07,000,00,0,2,17,B01
200500053763,0,07,000,00,2,1,02,B01
200500053763,0,07,000,00,2,4,01,A01
200500053764,0,07,000,16,0,0,21,A01
200500053765,0,07,000,03,0,6,15,A01
200500053766,0,05,000,00,0,7,01,A01
200500053767,0,07,000,00,2,6,13,A01
200500053767,0,05,000,00,2,1,02,B01
200500053768,0,17,000,00,2,8,01,B01
200500053768,0,07,000,00,2,2,14,A01
200500053769,0,07,000,00,2,7,14,A01
200500053769,0,10,000,04,2,4,01,B01
200500053770,0,15,000,00,2,1,02,B01
200500053770,0,07,000,00,0,4,01,A01
200500053771,0,07,000,04,0,3,01,A01
200500053772,0,07,000,04,0,3,00,A01
200500053773,0,07,000,00,0,0,01,A01
200500053774,0,07,000,15,0,1,14,A01
200500053775,0,14,000,03,0,3,00,A01
200500053776,0,07,000,00,0,4,01,A01
200500053776,0,07,000,00,2,1,02,B01
200500053777,0,07,000,00,0,8,13,A01
200500053777,0,15,000,00,2,1,01,B01
200500053778,0,07,000,03,0,1,00,A01
200500053779,0,07,000,16,0,9,14,A01
200500053780,0,07,000,00,2,6,01,A01
200500053780,0,17,000,00,2,2,12,B01
200500053781,0,07,000,00,0,9,01,A01
200500053782,0,07,000,03,0,1,01,A01
200500053783,0,07,000,00,0,4,23,A01
200500053783,0,07,000,00,2,1,02,B01
200500053783,0,07,000,00,2,1,02,C01
200500053784,0,05,000,14,0,3,12,A01
200500053785,0,07,000,00,2,2,12,A01
200500053785,0,07,000,00,2,2,18,B01
200500053786,0,04,000,00,2,7,17,A01
200500053786,0,07,000,00,2,7,12,B01
200500053787,0,05,000,00,2,1,02,A01
200500053787,0,07,000,00,2,4,01,B01
200500053788,0,07,000,00,2,4,01,A01
200500053788,0,07,000,00,2,1,02,B01
200500053789,0,07,000,00,2,1,15,A01
200500053789,0,07,000,00,2,1,01,B01
200500053790,0,13,000,00,2,1,01,A01
200500053790,0,07,000,00,9,4,02,B01
200500053791,0,07,000,00,2,1,01,A01
200500053791,0,07,000,00,2,4,02,B01
200500053792,0,05,000,04,0,0,02,A01
200500053793,0,07,000,00,2,1,02,A01
200500053793,0,07,000,00,0,4,02,B01
200500053794,0,07,000,00,2,1,13,A01
200500053794,0,07,000,00,0,2,01,B01
200500053795,0,07,000,13,0,1,02,A01
200500053796,0,07,000,00,0,0,00,A01
200500053796,0,07,000,11,0,1,00,B01
200500053797,0,07,000,00,1,4,24,A01
200500053798,0,05,000,12,0,0,00,A01
200500053799,0,07,000,00,2,1,13,A01
200500053799,0,07,000,00,0,1,01,B01
200500053800,0,07,000,00,1,1,02,A01
200500053801,0,07,000,00,2,1,01,B01
200500053801,0,07,000,00,2,3,01,A01
200500053802,0,07,000,00,2,3,22,A01
200500053802,0,07,000,00,2,9,02,B01
200500053803,0,07,000,00,2,1,17,A01
200500053803,0,07,000,00,0,1,01,B01
200500053804,0,02,000,00,0,7,11,A01
200500053804,0,07,000,00,2,2,01,B01
200500053805,0,07,000,00,2,1,01,A01
200500053805,0,07,000,00,0,3,15,B01
200500053806,0,10,000,00,2,3,01,A01
200500053806,0,07,000,06,2,2,01,B01
200500053807,0,18,001,00,2,1,01,B01
200500053807,0,10,000,01,2,7,01,A01
200500053808,0,02,000,00,2,2,01,A01
200500053808,0,07,000,00,2,3,15,B01
200500053809,0,07,000,00,2,8,15,B01
200500053809,0,07,000,00,2,1,01,A01
200500053810,0,07,000,00,2,1,02,A01
200500053810,2,07,000,00,0,4,02,B01
200500053811,0,07,000,15,2,5,01,A01
200500053811,0,07,000,00,2,3,15,B01
200500053812,0,10,000,00,0,2,15,A01
200500053812,0,05,000,00,2,1,01,B01
200500053813,0,07,000,12,1,5,16,A01
200500053814,0,07,000,09,2,5,01,B01
200500053814,0,07,000,00,2,1,01,A01
200500053815,0,07,000,04,0,3,17,A01
200500053816,0,18,001,03,2,1,19,A01
200500053816,0,07,000,00,2,2,17,B01
200500053816,0,15,000,00,2,8,11,C01
200500053816,0,07,000,00,2,1,17,D01
200500053817,0,14,000,00,2,1,21,A01
200500053817,0,07,000,00,2,4,01,B01
200500053817,0,07,000,00,2,4,01,C01
200500053818,0,07,000,08,0,3,00,A01
200500053819,0,07,000,03,2,8,09,A01
200500053819,0,15,000,00,0,7,21,B01
200500053820,0,05,000,00,2,8,09,B01
200500053820,0,07,000,00,2,0,00,A01
200500053821,0,15,000,00,2,7,21,A01
200500053821,0,14,000,00,0,4,01,B01
200500053822,0,10,000,07,0,1,01,A01
200500053823,0,10,000,04,2,6,13,A01
200500053823,0,10,000,00,2,2,01,B01
200500053824,0,07,000,00,2,1,01,A01
200500053824,0,07,000,00,0,4,02,B01
200500053825,0,05,000,05,0,1,16,A01
200500053826,0,07,000,00,2,1,01,A01
200500053826,0,07,000,00,2,4,01,B01
200500053826,0,07,000,00,0,4,01,C01
200500053827,0,07,000,04,0,6,13,A01
200500053828,0,07,000,04,0,3,01,A01
200500053829,0,07,000,03,0,1,21,A01
200500053830,0,07,000,13,0,2,00,A01
200500053831,0,07,000,03,0,1,00,A01
200500053832,0,05,000,03,0,7,02,A01
200500053833,0,07,000,03,0,2,14,A01
200500053834,0,07,000,00,2,1,02,A01
200500053834,0,07,000,00,2,4,02,B01
200500053834,0,07,000,00,0,6,02,C01
200500053835,0,07,000,04,0,2,09,A01
200500053836,0,07,000,04,2,2,14,A01
200500053836,0,15,000,00,2,3,09,B01
200500053837,0,17,000,03,0,1,13,A01
200500053838,0,10,000,13,0,9,14,A01
200500053839,0,07,000,00,0,4,21,A01
200500053839,0,07,000,00,2,4,21,C01
200500053839,0,09,000,00,2,1,02,B01
200500053840,0,07,000,13,0,0,14,A01
200500053841,0,10,000,13,0,9,12,A01
200500053842,0,10,000,02,0,8,14,A01
200500053843,0,02,000,00,2,1,17,A01
200500053843,0,07,000,00,2,3,15,B01
200500053844,0,07,000,00,2,1,01,A01
200500053844,0,10,000,00,2,6,01,B01
200500053845,0,07,000,00,2,1,13,A01
200500053845,0,07,000,00,2,4,23,B01
200500053846,0,05,000,00,2,1,17,A01
200500053846,0,07,000,00,2,3,15,B01
200500053847,0,07,000,00,2,3,15,A01
200500053847,0,05,000,00,2,1,01,B01
200500053848,0,07,000,00,2,1,01,A01
200500053848,0,07,000,00,2,8,01,B01
200500053849,0,07,000,00,2,1,01,A01
200500053849,0,07,000,00,2,4,01,B01
200500053850,0,07,000,06,0,1,01,A01
200500053851,0,07,000,00,2,8,01,A01
200500053851,0,07,000,00,2,7,01,B01
200500053852,0,07,000,00,2,1,01,A01
200500053852,0,07,000,00,2,8,01,B01
200500053853,0,05,000,00,2,1,01,A01
200500053853,0,07,000,00,2,3,01,B01
200500053854,0,07,000,00,2,1,01,A01
200500053854,0,07,000,00,2,2,01,B01
200500053855,0,07,000,00,1,1,01,A01
200500053856,0,07,000,00,2,1,00,A01
200500053856,0,01,000,00,2,7,00,B01
200500053857,0,07,000,00,1,2,01,A01
200500053858,0,07,000,00,0,4,23,A01
200500053858,0,07,000,00,2,1,02,B01
200500053859,0,07,000,00,1,1,01,A01
200500053860,0,05,000,00,2,1,01,B01
200500053860,0,07,000,00,2,5,01,A01
200500053861,0,07,000,00,9,1,01,A01
200500053861,0,01,000,00,2,1,01,B01
200500053862,0,02,000,00,2,1,02,A01
200500053862,0,07,000,00,0,4,02,B01
200500053863,0,01,000,00,2,5,01,A01
200500053863,0,07,000,00,2,2,01,B01
200500053864,0,07,000,13,0,9,14,A01
200500053865,0,17,000,00,2,1,21,A01
200500053865,0,07,000,00,2,4,21,B01
200500053866,0,07,000,00,0,0,11,A01
200500053866,0,05,000,00,0,0,14,B01
200500053867,0,07,000,00,2,9,19,A01
200500053867,0,05,000,00,2,7,17,B01
200500053868,0,07,000,04,0,9,11,A01
200500053869,0,10,000,03,0,9,14,A01
200500053870,0,05,000,00,2,7,09,A01
200500053870,0,05,000,00,2,7,09,B01
200500053871,0,07,000,00,2,3,14,A01
200500053871,0,07,000,00,0,4,23,B01
200500053872,0,07,000,00,2,1,21,A01
200500053872,0,17,000,00,0,4,21,B01
200500053873,0,07,000,02,0,7,17,A01
200500053874,0,07,000,00,2,1,09,A01
200500053874,0,07,000,00,2,4,09,B01
200500053875,0,07,000,00,2,1,09,A01
200500053875,0,17,000,00,2,4,21,B01
200500053876,0,07,000,05,0,2,14,A01
200500053877,0,05,000,13,0,1,13,A01
200500053878,0,05,000,00,0,7,14,A01
200500053879,0,17,000,04,0,8,13,A01
200500053880,0,07,000,00,2,1,21,A01
200500053880,0,07,000,00,0,4,23,B01
200500053881,0,07,000,00,2,1,21,A01
200500053881,0,07,000,00,0,4,23,B01
200500053881,0,07,000,00,2,1,21,C01
200500053881,0,07,000,00,2,1,21,D01
200500053882,0,17,000,00,2,2,12,A01
200500053882,0,10,000,00,2,8,21,B01
200500053882,0,07,000,04,0,2,21,C01
200500053882,0,07,000,00,2,1,21,D01
200500053883,0,05,000,00,2,1,17,A01
200500053883,0,07,000,00,0,4,21,B01
200500053884,0,17,000,00,2,2,12,A01
200500053884,0,07,000,00,0,3,21,B01
200500053884,0,07,000,00,2,1,21,C01
200500053885,0,07,000,05,0,3,13,A01
200500053886,0,07,000,00,2,1,21,A01
200500053886,0,07,000,00,0,4,21,B01
200500053887,0,17,000,00,2,2,14,A01
200500053887,0,07,000,00,2,3,13,B01
200500053888,0,10,000,00,2,1,21,A01
200500053888,0,07,000,00,2,4,21,B01
200500053888,0,07,000,00,0,4,21,C01
200500053889,0,07,000,00,2,1,21,A01
200500053889,0,07,000,00,0,4,21,B01
200500053890,0,07,000,00,2,1,21,A01
200500053890,0,07,000,00,0,4,23,B01
200500053891,0,17,000,00,0,0,13,A01
200500053891,0,07,000,00,2,1,21,B01
200500053891,0,07,000,14,0,1,21,C01
200500053891,0,07,000,00,2,4,21,D01
200500053891,0,07,000,00,0,4,21,E01
200500053892,0,07,000,00,2,1,21,A01
200500053892,0,07,000,00,0,4,21,B01
200500053893,0,07,000,05,0,1,14,A01
200500053894,0,07,000,00,2,1,21,A01
200500053894,0,07,000,00,2,4,21,B01
200500053894,0,07,000,00,2,4,21,C01
200500053894,0,07,000,00,2,4,21,D01
200500053894,0,07,000,00,0,4,21,E01
200500053895,0,07,000,00,0,0,23,A01
200500053895,0,07,000,03,0,1,14,B01
200500053895,0,07,000,01,2,8,14,C01
200500053896,0,07,000,00,2,1,11,A01
200500053896,0,05,000,00,0,4,13,B01
200500053897,1,07,000,00,2,3,09,A01
200500053897,0,01,000,00,2,0,01,B01
200500053898,0,07,000,00,1,1,17,A01
200500053899,0,07,000,04,0,6,01,B01
200500053899,1,07,000,04,2,2,14,A01
200500053900,0,10,000,00,2,1,02,A01
200500053900,0,07,000,00,2,4,02,B01
200500053900,0,07,000,00,2,4,02,C01
200500053901,0,05,000,03,0,7,01,A01
200500053902,0,07,000,03,0,3,01,A01
200500053903,0,07,000,00,2,6,10,A01
200500053903,0,05,000,00,2,1,01,B01
200500053904,0,07,000,00,2,1,01,A01
200500053904,0,07,000,00,2,4,23,B01
200500053904,0,07,000,01,2,4,23,C01
200500053905,0,07,000,01,0,1,01,A01
200500053905,0,07,000,00,2,4,24,B01
200500053905,0,07,000,00,2,8,24,C01
200500053906,0,07,000,00,2,1,01,A01
200500053906,0,07,000,00,2,4,23,B01
200500053907,0,01,000,00,2,7,19,A01
200500053907,0,07,000,00,2,1,01,B01
200500053908,0,10,000,00,2,4,04,A01
200500053908,0,07,000,00,2,2,01,B01
200500053909,0,10,000,00,2,8,15,A01
200500053909,0,03,000,00,2,2,01,B01
200500053910,0,02,000,00,2,1,01,A01
200500053910,0,07,000,00,2,8,15,B01
200500053911,0,07,000,01,0,1,02,A01
200500053912,0,07,000,09,0,1,00,A01
200500053913,0,10,000,02,0,1,01,A01
200500053914,0,07,000,04,0,1,01,A01
200500053915,0,10,000,04,2,1,02,A01
200500053915,0,10,000,00,0,4,02,B01
200500053916,0,07,000,00,0,0,09,A01
200500053916,0,14,000,00,2,1,02,B01
200500053916,0,07,000,00,0,4,02,C01
200500053917,0,07,000,04,0,2,01,A01
200500053918,0,99,000,07,0,1,01,A01
200500053919,0,07,000,13,0,3,00,A01
200500053920,0,07,000,13,0,1,01,A01
200500053921,0,07,000,03,0,1,00,A01
200500053922,0,07,000,00,0,9,00,A01
200500053923,0,07,000,06,0,3,21,A01
200500053924,0,17,000,00,2,2,12,A01
200500053924,0,07,000,04,2,6,01,B01
200500053925,0,07,000,00,0,2,12,A01
200500053925,0,05,000,00,2,8,01,B01
200500053926,0,07,000,04,0,4,15,A01
200500053927,0,07,000,00,2,1,02,A01
200500053927,0,07,000,00,2,4,02,B01
200500053927,0,07,000,00,2,4,02,C01
200500053928,0,07,000,00,2,1,02,A01
200500053928,0,13,000,00,0,4,02,B01
200500053929,0,05,000,00,0,7,16,A01
200500053930,0,10,000,00,2,1,02,A01
200500053930,0,07,000,00,2,1,02,E01
200500053930,0,07,000,00,2,4,02,B01
200500053930,0,07,000,00,2,4,02,C01
200500053930,0,07,000,00,2,4,02,D01
200500053931,0,07,000,00,0,9,01,A01
200500053932,0,07,000,00,2,8,11,A01
200500053932,0,07,000,00,2,7,02,B01
200500053933,0,07,000,00,2,2,19,A01
200500053933,0,07,000,00,0,8,02,B01
200500053934,0,07,000,04,0,3,09,A01
200500053935,0,07,000,04,0,7,02,A01
200500053936,0,07,000,13,0,2,15,A01
200500053937,0,17,000,00,2,2,12,A01
200500053937,0,07,000,04,2,3,01,B01
200500053938,0,07,000,00,2,1,02,A01
200500053938,0,07,000,00,2,1,02,B01
200500053938,0,07,000,00,0,4,02,C01
200500053939,0,07,000,00,2,1,01,A01
200500053939,0,07,000,00,2,4,01,B01
200500053940,0,07,000,00,0,4,02,A01
200500053940,0,07,000,14,0,1,02,B01
200500053941,0,07,000,00,2,1,01,A01
200500053941,0,07,000,00,0,4,01,B01
200500053942,0,07,000,04,2,5,09,A01
200500053942,0,15,000,00,2,2,12,B01
200500053943,0,07,000,04,0,1,01,A01
200500053944,0,07,000,04,0,5,01,B01
200500053944,1,17,000,00,2,1,11,A01
200500053945,0,07,000,00,0,2,02,C01
200500053945,0,15,000,00,2,4,02,B01
200500053945,0,15,000,00,0,1,02,A01
200500053946,0,07,000,00,1,4,04,A01
200500053947,0,05,000,14,0,3,01,A01
200500053947,0,99,000,00,9,1,01,B01
200500053948,0,10,000,00,1,0,15,A01
200500053949,0,07,000,00,1,0,09,A01
200500053950,0,04,000,00,0,7,17,A01
200500053951,0,07,000,00,2,8,11,A01
200500053951,0,10,000,00,2,2,01,B01
200500053952,0,07,000,04,0,3,01,A01
200500053952,0,07,000,00,2,2,21,B01
200500053953,0,07,000,00,2,1,02,B01
200500053953,0,07,000,00,0,4,02,A01
200500053954,0,07,000,00,2,3,17,A01
200500053954,0,15,000,00,0,5,01,B01
200500053955,0,07,000,00,0,4,01,A01
200500053955,0,07,000,04,2,4,01,B01
200500053955,0,07,000,00,2,1,01,C01
200500053956,0,07,000,03,0,3,02,B01
200500053956,0,07,000,00,9,1,01,C01
200500053956,0,07,000,03,0,3,01,A01
200500053957,0,07,000,00,2,8,01,B01
200500053957,0,07,000,00,2,7,12,A01
200500053958,0,07,000,08,0,1,13,A01
200500053959,0,07,000,13,0,9,14,A01
200500053960,0,07,000,00,0,6,01,A01
200500053960,0,05,000,00,2,2,14,B01
200500053961,0,07,000,00,2,2,01,B01
200500053961,0,07,000,00,2,1,01,A01
200500053962,0,07,000,13,0,1,02,A01
200500053963,0,07,000,00,2,8,01,B01
200500053963,0,07,000,00,2,7,12,A01
200500053964,0,07,000,00,0,6,02,A01
200500053964,0,05,000,00,2,1,02,B01
200500053965,0,10,000,00,2,0,05,A01
200500053965,0,07,000,04,0,8,01,B01
200500053966,0,07,000,13,0,2,01,A01
200500053967,0,07,000,03,2,3,02,B01
200500053967,0,07,000,00,2,2,21,A01
200500053968,0,03,000,03,2,8,17,A01
200500053968,1,07,000,00,2,0,13,B01
200500053969,0,07,000,00,2,1,02,B01
200500053969,0,07,000,00,0,4,02,A01
200500053970,0,07,000,04,0,1,13,A01
200500053971,0,05,000,00,0,8,01,A01
200500053972,0,07,000,00,2,1,13,B01
200500053972,0,07,000,00,0,6,01,A01
200500053973,0,07,000,00,9,6,01,A01
200500053974,0,07,000,03,0,3,01,A01
200500053975,0,07,000,04,0,3,01,A01
200500053976,0,07,000,00,0,2,02,A01
200500053977,0,07,000,00,2,4,06,C01
200500053977,0,07,000,00,2,2,02,B01
200500053977,0,07,000,00,0,1,02,A01
200500053978,0,07,000,04,0,9,02,A01
200500053979,0,07,000,00,2,3,11,B01
200500053979,0,10,000,00,0,2,01,C01
200500053979,0,07,000,00,0,8,23,A01
200500053980,0,07,000,00,2,1,02,B01
200500053980,0,07,000,00,2,4,02,A01
200500053981,0,07,000,00,2,2,01,B01
200500053981,0,07,000,00,0,4,01,A01
200500053982,0,07,000,00,1,2,01,A01
200500053983,0,07,000,01,0,7,01,A01
200500053983,0,07,000,00,0,8,24,B02
200500053984,0,07,000,00,2,3,15,A01
200500053984,0,07,000,00,2,2,17,B02
200500053985,0,07,000,12,0,2,14,A01
200500053986,0,07,000,14,0,3,21,A01
200500053986,0,07,000,00,0,3,01,B02
200500053986,0,02,000,00,0,0,23,C03
200500053987,0,07,000,00,2,2,19,A01
200500053987,0,05,000,00,2,1,01,B02
200500053988,0,05,000,00,0,8,21,A01
200500053989,0,07,000,13,0,2,01,A01
200500053990,0,07,000,00,1,2,16,A01
200500053991,0,07,000,00,2,7,15,A01
200500053991,0,02,000,00,2,1,01,B02
200500053992,0,07,000,00,1,2,15,A01
200500053993,0,03,000,02,0,3,01,A01
200500053994,0,05,000,13,0,3,01,A01