Num_Acc,senc,catv,occutc,obs,obsm,choc,manv,num_veh
200500054370,0,02,000,00,2,1,13,B02
200500054371,0,07,000,00,0,0,00,A01
200500054371,0,07,000,00,2,3,01,B02
200500054372,0,07,000,13,0,2,01,A01
200500054373,0,07,000,01,0,1,01,A01
200500054373,0,07,000,00,2,1,00,B02
200500054374,0,07,000,00,0,1,01,A01
200500054375,0,02,000,00,2,1,01,B02
200500054375,0,07,000,00,2,8,01,A01
200500054376,0,02,000,06,0,1,01,A01
200500054377,0,07,000,00,9,2,01,A01
200500054377,0,01,000,00,2,8,01,B02
200500054378,0,07,000,00,1,1,01,A01
200500054379,0,05,000,00,2,1,00,A01
200500054379,0,07,000,00,2,3,15,B02
200500054380,0,07,000,00,2,4,04,A01
200500054380,0,07,000,00,2,1,01,B02
200500054381,0,07,000,00,2,1,17,A01
200500054381,0,03,000,00,2,8,15,B02
200500054382,0,10,000,00,2,3,01,A01
200500054382,0,07,000,00,2,3,01,B02
200500054383,0,07,000,00,2,3,01,A01
200500054383,0,07,000,00,2,3,13,B02
200500054384,0,07,000,02,0,1,01,A01
200500054385,0,07,000,00,2,2,15,A01
200500054385,0,05,000,00,2,1,01,B02
200500054386,0,07,000,00,2,1,01,B02
200500054386,0,07,000,00,2,6,19,A01
200500054387,0,05,000,00,2,1,01,A01
200500054387,0,07,000,00,2,2,01,B02
200500054388,0,07,000,00,0,4,23,A01
200500054388,0,07,000,00,2,1,01,B02
200500054389,0,02,000,00,0,0,01,A01
200500054390,0,02,000,00,2,1,19,A01
200500054390,0,02,000,00,2,1,01,B02
200500054391,0,10,000,00,2,8,10,A01
200500054391,0,17,000,00,2,2,01,B02
200500054392,0,07,000,00,2,5,01,A01
200500054392,0,05,000,00,2,3,21,B02
200500054392,0,07,000,00,2,5,01,C03
200500054393,0,07,000,08,0,1,01,A01
200500054394,0,05,000,00,0,1,01,A01
200500054395,0,02,000,00,1,1,01,A01
200500054396,0,07,000,00,2,3,15,A01
200500054396,0,05,000,00,2,1,01,B02
200500054397,0,07,000,00,2,1,15,A01
200500054397,0,02,000,00,2,1,01,B02
200500054398,0,07,000,13,0,1,00,A01
200500054399,0,07,000,00,2,6,20,A01
200500054399,0,02,000,00,2,1,01,B02
200500054400,0,07,000,13,0,1,00,A01
200500054401,0,07,000,13,0,2,01,A01
200500054402,0,07,000,00,2,1,13,A01
200500054402,0,07,000,00,2,8,01,B02
200500054402,0,07,000,00,2,1,01,C03
200500054403,0,07,000,13,0,9,01,A01
200500054404,1,07,000,00,9,3,01,A01
200500054404,0,99,000,00,2,1,01,B02
200500054405,0,05,000,00,2,1,17,A01
200500054405,0,07,000,00,2,3,01,B02
200500054406,0,08,000,00,2,8,11,A01
200500054406,0,05,000,00,2,7,17,B02
200500054407,0,07,000,06,0,1,14,A01
200500054408,0,07,000,02,0,1,01,A01
200500054409,0,17,000,00,0,6,24,A01
200500054409,0,07,000,01,0,2,14,B02
200500054409,0,07,000,00,2,1,17,C03
200500054410,0,07,000,00,2,1,15,A01
200500054410,0,07,000,00,2,8,01,B02
200500054411,0,05,000,00,2,1,17,A01
200500054411,0,07,000,00,2,1,01,B02
200500054411,0,07,000,00,2,8,23,C03
200500054411,0,07,000,00,2,0,23,D04
200500054412,0,07,000,00,0,0,00,A01
200500054412,0,07,000,00,2,3,01,B02
200500054413,0,05,000,00,0,8,01,A01
200500054414,0,07,000,08,0,9,13,A01
200500054415,0,07,000,00,2,3,17,A01
200500054415,0,01,000,00,2,1,19,B02
200500054416,0,07,000,00,0,2,19,A01
200500054416,0,05,000,00,2,1,17,B02
200500054417,0,07,000,00,1,1,01,A01
200500054418,0,07,000,00,2,7,15,A01
200500054418,0,02,000,00,2,1,01,B02
200500054418,0,10,000,00,2,8,01,C03
200500054419,0,07,000,13,0,8,01,B02
200500054419,0,07,000,13,0,1,01,A01
200500054420,0,02,000,00,0,3,01,A01
200500054420,0,07,000,00,0,8,01,B02
200500054421,0,07,000,13,0,2,01,A01
200500054422,0,02,000,00,2,1,19,A01
200500054422,0,07,000,00,2,3,01,B02
200500054423,0,07,000,00,2,2,01,A01
200500054423,0,02,000,00,2,4,15,B02
200500054424,0,07,000,00,2,5,15,A01
200500054424,0,05,000,00,2,1,01,B02
200500054425,0,07,000,00,2,1,01,A01
200500054425,0,02,000,00,2,2,01,B02
200500054426,0,13,000,00,2,1,13,A01
200500054426,0,14,000,00,2,1,01,B02
200500054427,0,07,000,06,2,1,01,A01
200500054427,0,07,000,00,1,4,23,B02
200500054428,0,07,000,00,2,3,01,A01
200500054428,0,04,000,00,0,6,19,B02
200500054429,0,02,000,00,2,1,15,A01
200500054429,0,07,000,00,2,3,01,B02
200500054430,0,07,000,00,2,2,15,A01
200500054430,0,02,000,00,2,1,01,B02
200500054431,0,07,000,02,0,8,13,A01
200500054432,0,07,000,00,2,1,11,A01
200500054432,0,02,000,00,2,8,01,B02
200500054432,0,07,000,00,1,0,01,C03
200500054433,0,05,000,00,2,1,01,A01
200500054433,0,07,000,00,2,8,19,B02
200500054434,0,05,000,00,0,9,01,A01
200500054435,0,07,000,07,0,1,01,A01
200500054436,0,18,001,00,2,3,01,B02
200500054436,0,07,000,00,2,3,19,A01
200500054437,0,07,000,00,0,3,00,A01
200500054438,0,02,000,13,0,1,01,A01
200500054439,0,07,000,00,2,1,01,A01
200500054439,0,20,000,00,2,6,02,B02
200500054440,1,07,000,00,1,3,13,A01
200500054441,0,01,000,00,2,0,01,A01
200500054441,0,17,000,00,9,0,19,B02
200500054442,0,07,000,00,0,3,01,B02
200500054442,0,07,000,00,0,2,15,A01
200500054443,0,07,000,06,2,3,17,A01
200500054443,0,07,000,00,2,2,17,B02
200500054444,0,07,000,00,2,3,00,A01
200500054444,0,02,000,00,2,1,13,B02
200500054445,0,01,000,00,0,8,01,A01
200500054446,0,07,000,00,2,7,15,A01
200500054446,0,07,000,00,2,1,01,B02
200500054446,0,07,000,00,2,3,23,C03
200500054447,0,07,000,08,0,1,14,A01
200500054448,0,05,000,00,2,8,17,A01
200500054448,0,07,000,00,2,6,01,B02
200500054448,0,16,000,00,2,3,01,C03
200500054449,0,07,000,00,2,3,13,A01
200500054449,0,17,000,00,2,3,14,B02
200500054450,0,07,000,00,2,8,15,A01
200500054450,0,02,000,00,2,1,01,B02
200500054451,0,07,000,03,0,1,01,B02
200500054452,0,05,000,13,0,1,01,A01
200500054453,0,07,000,13,0,2,01,A01
200500054454,0,07,000,13,0,1,00,A01
200500054455,0,07,000,00,2,3,01,A01
200500054455,0,07,000,00,2,8,01,B02
200500054456,0,07,000,00,0,4,23,A01
200500054456,0,05,000,00,2,1,02,B02
200500054457,0,07,000,00,0,1,01,A01
200500054457,0,02,000,00,0,7,15,B02
200500054458,0,17,000,00,1,8,11,A01
200500054459,0,05,000,13,0,1,01,A01
200500054460,0,02,000,00,2,1,16,A01
200500054460,0,07,000,00,2,1,01,B02
200500054461,0,05,000,00,2,1,01,A01
200500054461,0,07,000,00,2,1,01,B02
200500054462,0,02,000,00,2,1,16,A01
200500054462,0,07,000,00,2,1,01,B02
200500054463,0,02,000,06,0,1,01,A01
200500054464,0,02,000,16,0,0,01,A01
200500054465,0,07,000,13,0,2,01,A01
200500054466,0,05,000,00,2,1,01,A01
200500054466,0,09,000,00,9,3,01,B02
200500054466,0,07,000,00,9,5,15,C03
200500054467,0,21,000,00,2,2,15,A01
200500054467,0,05,000,00,2,1,01,B02
200500054468,0,07,000,00,2,3,11,A01
200500054468,0,99,000,00,2,4,11,B02
200500054469,0,07,000,00,2,2,15,A01
200500054469,0,05,000,00,2,1,01,B02
200500054470,0,07,000,00,2,2,01,A01
200500054470,0,07,000,00,2,3,01,B02
200500054471,0,07,000,00,0,2,15,A01
200500054471,0,07,000,00,0,3,01,B02
200500054472,0,07,000,00,1,2,01,A01
200500054473,0,12,000,00,0,0,01,A01
200500054473,0,07,000,00,2,1,01,C03
200500054473,0,07,000,00,2,2,01,D04
200500054474,0,07,000,00,0,9,17,A01
200500054475,0,07,000,00,2,3,01,A01
200500054475,0,05,000,00,2,1,01,B02
200500054476,0,07,000,02,0,1,01,A01
200500054477,0,07,000,00,2,3,01,A01
200500054477,0,07,000,00,2,3,01,B02
200500054478,0,07,000,00,2,8,01,A01
200500054478,0,07,000,00,2,8,01,B02
200500054478,0,02,000,00,2,1,01,C03
200500054479,0,07,000,00,9,8,22,A01
200500054479,0,01,000,01,0,1,15,B02
200500054480,0,02,000,00,1,1,01,A01
200500054481,0,07,000,00,2,3,19,A01
200500054481,0,07,000,00,2,1,01,B02
200500054482,0,03,000,00,2,6,04,A01
200500054482,0,07,000,00,2,1,01,B02
200500054483,0,07,000,00,2,1,11,A01
200500054483,0,07,000,00,2,1,01,B02
200500054484,0,05,000,00,0,1,01,A01
200500054484,0,07,000,00,0,6,09,B02
200500054485,0,07,000,00,2,3,01,A01
200500054485,0,01,000,00,0,1,13,B02
200500054486,0,07,000,00,2,1,01,A01
200500054486,0,07,000,00,2,1,01,B02
200500054487,0,07,000,00,2,2,01,A01
200500054487,0,18,002,00,2,3,01,B02
200500054488,0,10,000,00,2,3,01,A01
200500054488,0,07,000,00,2,3,01,B02
200500054489,0,07,000,00,2,2,01,A01
200500054489,0,07,000,00,2,3,09,B02
200500054490,0,10,000,00,2,6,04,A01
200500054490,0,05,000,00,2,0,00,B02
200500054491,0,07,000,00,2,7,15,A01
200500054491,0,05,000,00,2,1,01,B02
200500054492,0,07,000,00,2,3,01,A01
200500054492,0,02,000,00,2,3,19,B02
200500054493,0,07,000,00,2,1,01,A01
200500054493,0,07,000,00,2,5,23,B02
200500054493,0,07,000,00,2,4,23,C03
200500054494,0,07,000,00,2,1,01,A01
200500054494,0,02,000,00,0,8,16,B02
200500054495,0,05,000,04,0,1,01,A01
200500054496,0,07,000,00,0,8,09,A01
200500054496,0,02,000,00,2,1,01,B02
200500054497,0,05,000,00,2,1,13,A01
200500054497,0,07,000,00,2,5,15,B02
200500054497,0,07,000,00,2,3,01,C03
200500054498,0,07,000,00,2,1,01,A01
200500054498,0,02,000,00,2,1,16,B02
200500054499,0,07,000,00,2,8,13,A01
200500054499,0,07,000,00,2,1,00,B02
200500054500,0,07,000,00,2,1,05,A01
200500054500,0,07,000,00,2,1,01,B02
200500054500,0,07,000,00,2,9,17,C03
200500054500,0,14,000,00,2,1,01,D04
200500054501,0,07,000,00,1,3,17,A01
200500054502,0,07,000,01,0,3,13,A01
200500054502,0,10,000,00,2,3,23,B02
200500054503,0,07,000,00,2,3,01,A01
200500054503,0,07,000,00,2,1,13,B02
200500054503,0,07,000,00,2,1,01,C03
200500054504,0,02,000,00,2,1,01,A01
200500054504,0,02,000,00,2,1,13,B02
200500054505,0,21,000,00,2,8,05,A01
200500054505,0,21,000,00,2,8,05,B02
200500054506,0,07,000,00,2,2,17,A01
200500054506,0,21,000,00,2,6,15,B02
200500054507,0,07,000,00,2,7,13,A01
200500054507,0,07,000,00,2,1,01,B02
200500054508,0,07,000,00,2,7,15,A01
200500054508,0,07,000,00,2,1,01,B02
200500054509,0,05,000,00,2,1,01,A01
200500054509,0,07,000,00,2,8,15,B02
200500054510,0,07,000,13,0,1,13,A01
200500054511,0,07,000,00,1,1,01,A01
200500054512,0,07,000,01,2,1,05,A01
200500054512,0,07,000,00,0,8,20,B02
200500054513,0,07,000,00,2,8,19,A01
200500054513,0,05,000,00,2,1,01,B02
200500054513,0,05,000,00,2,1,01,C03
200500054514,0,01,000,00,0,0,01,A01
200500054515,0,07,000,00,2,3,01,A01
200500054515,0,02,000,00,2,1,13,B02
200500054516,0,07,000,00,2,2,14,A01
200500054516,0,07,000,00,2,2,01,B02
200500054517,0,07,000,00,2,3,01,A01
200500054517,0,07,000,00,2,3,01,B02
200500054518,0,07,000,00,2,5,02,A01
200500054518,0,07,000,03,2,3,00,B02
200500054519,0,07,000,13,0,2,14,A01
200500054520,0,07,000,00,2,2,19,A01
200500054520,0,05,000,00,2,1,01,B02
200500054521,0,05,000,00,2,1,17,A01
200500054521,0,07,000,00,2,8,15,B02
200500054522,0,07,000,00,1,2,01,A01
200500054523,0,07,000,00,2,1,01,A01
200500054523,0,07,000,00,2,8,19,B02
200500054524,0,07,000,00,2,8,00,A01
200500054524,0,07,000,00,2,3,00,B02
200500054525,0,07,000,02,0,1,00,A01
200500054526,0,07,000,00,2,8,01,A01
200500054526,0,07,000,00,2,3,01,B02
200500054526,0,07,000,00,2,4,01,C03
200500054526,0,07,000,00,2,1,01,D04
200500054527,0,07,000,00,1,7,01,A01
200500054528,0,07,000,00,2,1,01,A01
200500054528,0,14,000,00,2,2,01,B02
200500054528,0,10,000,00,2,1,01,C03
200500054529,0,07,000,02,0,1,16,A01
200500054530,0,07,000,00,0,4,16,A01
200500054530,0,07,000,00,2,1,01,B02
200500054531,0,02,000,11,0,1,01,A01
200500054532,0,07,000,00,0,1,01,A01
200500054532,0,17,000,00,0,1,01,B02
200500054533,0,10,000,00,2,1,01,A01
200500054533,0,07,000,00,2,3,15,B02
200500054533,0,07,000,00,2,7,15,C03
200500054534,0,02,000,00,2,3,15,A01
200500054534,0,07,000,00,2,8,16,B02
200500054535,0,07,000,00,2,2,15,A01
200500054535,0,07,000,00,2,3,01,B02
200500054536,0,02,000,13,0,9,01,A01
200500054537,0,07,000,00,2,1,01,A01
200500054537,0,07,000,00,2,4,15,B02
200500054537,0,07,000,00,2,1,01,C03
200500054538,0,07,000,13,0,2,01,A01
200500054539,0,02,000,00,2,1,01,A01
200500054539,0,10,000,00,2,3,15,B02
200500054540,0,07,000,13,0,1,17,A01
200500054541,0,07,000,13,0,2,01,A01
200500054542,0,07,000,02,0,2,01,A01
200500054543,0,07,000,00,9,2,15,A01
200500054543,0,05,000,00,2,1,16,B02
200500054544,0,05,000,08,0,1,21,A01
200500054544,0,17,000,00,0,0,15,B02
200500054545,0,07,000,02,0,1,01,A01
200500054546,0,15,000,00,2,7,14,A01
200500054546,0,02,000,00,2,8,02,B02
200500054547,0,07,000,16,0,9,01,A01
200500054548,0,07,000,00,0,3,00,A01
200500054548,0,15,000,00,0,3,00,B02
200500054549,0,07,000,00,0,1,00,A01
200500054549,0,07,000,00,0,8,00,B02
200500054550,0,07,000,00,1,2,01,A01
200500054551,0,07,000,00,2,3,13,A01
200500054551,0,07,000,00,2,3,01,B02
200500054551,0,07,000,00,2,8,01,C03
200500054552,0,07,000,02,0,8,14,A01
200500054553,0,07,000,00,2,1,17,A01
200500054553,0,02,000,00,2,4,15,B02
200500054554,0,07,000,02,0,7,01,A01
200500054555,0,07,000,00,2,2,15,A01
200500054555,0,02,000,00,2,1,01,B02
200500054556,0,07,000,00,2,8,15,A01
200500054556,0,05,000,00,2,8,21,B02
200500054557,0,02,000,14,0,1,01,A01
200500054558,0,02,000,06,0,1,01,A01
200500054559,0,07,000,00,0,9,00,A01
200500054560,0,02,000,00,1,1,01,A01
200500054561,0,07,000,01,0,1,00,A01
200500054561,0,07,000,00,0,6,23,B02
200500054562,0,07,000,00,2,2,01,A01
200500054562,0,14,000,00,2,3,01,B02
200500054563,1,14,000,00,1,0,01,A01
200500054564,0,07,000,13,2,8,01,A01
200500054564,0,07,000,00,2,3,13,B02
200500054564,0,17,000,13,2,3,01,C03
200500054565,0,07,000,00,2,1,01,A01
200500054565,0,07,000,00,2,8,01,B02
200500054566,0,07,000,00,9,4,04,A01
200500054566,0,01,000,00,2,1,01,B02
200500054567,0,07,000,00,2,2,17,A01
200500054567,0,21,000,00,2,3,15,B02
200500054568,0,07,000,07,0,9,13,A01
200500054569,0,07,000,13,0,1,01,A01
200500054570,0,07,000,05,0,3,01,A01
200500054571,0,02,000,00,2,1,01,B02
200500054571,0,07,000,00,2,3,19,A01
200500054572,0,05,000,00,2,1,01,A01
200500054572,0,07,000,00,2,3,15,B02
200500054573,0,14,000,00,2,8,01,A01
200500054573,0,07,000,12,2,3,01,B02
200500054574,0,07,000,00,2,6,15,A01
200500054574,0,05,000,00,2,1,17,B02
200500054574,0,05,000,00,2,1,17,C03
200500054575,0,07,000,13,0,3,01,A01
200500054576,0,07,000,00,2,3,01,A01
200500054576,0,07,000,00,2,3,13,B02
200500054577,0,07,000,00,1,3,01,A01
200500054578,0,07,000,00,2,7,13,A01
200500054578,0,07,000,00,2,1,01,B02
200500054579,0,07,000,02,0,2,01,A01
200500054580,0,02,000,00,2,8,01,A01
200500054580,0,07,000,00,2,8,01,B02
200500054581,0,07,000,00,1,1,01,A01
200500054582,0,07,000,00,0,0,13,A01
200500054583,0,07,000,13,0,1,01,A01
200500054584,0,07,000,00,2,8,15,A01
200500054584,0,05,000,00,2,1,17,B02
200500054585,0,07,000,02,0,7,01,A01
200500054586,0,02,000,00,0,0,10,A01
200500054587,0,07,000,06,0,1,01,A01
200500054588,0,07,000,00,2,3,17,A01
200500054588,0,07,000,00,2,0,01,B02
200500054589,0,07,000,00,1,8,01,A01
200500054590,0,05,000,00,2,5,17,A01
200500054590,0,07,000,00,0,4,01,B02
200500054590,0,07,000,00,0,3,01,C03
200500054591,0,07,000,00,2,1,01,A01
200500054591,0,07,000,00,2,1,13,B02
200500054592,0,07,000,00,2,3,17,A01
200500054592,0,07,000,00,2,5,17,B02
200500054592,0,17,000,00,2,8,01,C03
200500054593,0,07,000,00,2,5,21,A01
200500054593,0,07,000,00,2,1,01,B02
200500054594,0,07,000,00,2,3,01,A01
200500054594,0,07,000,00,2,1,19,B02
200500054595,0,17,000,02,0,3,01,A01
200500054596,0,13,000,00,2,3,02,A01
200500054596,0,07,000,00,0,4,15,B02
200500054597,0,07,000,00,2,8,19,A01
200500054597,0,02,000,00,2,1,03,B02
200500054598,0,07,000,00,2,1,17,A01
200500054598,0,17,000,00,0,0,17,B02
200500054599,0,07,000,03,2,1,13,A01
200500054599,0,07,000,00,2,1,01,B02
200500054600,0,07,000,06,0,1,21,A01
200500054601,0,07,000,02,0,1,01,A01
200500054602,0,07,000,00,2,1,01,A01
200500054602,0,07,000,00,2,1,01,B02
200500054603,0,07,000,00,2,2,19,A01
200500054603,0,02,000,00,2,1,01,B02
200500054604,0,07,000,13,0,1,01,A01
200500054605,0,07,000,00,2,5,15,A01
200500054605,0,02,000,00,2,1,01,B02
200500054606,0,05,000,00,2,1,17,A01
200500054606,0,07,000,00,2,3,01,B02
200500054606,0,07,000,00,2,1,01,C03
200500054607,0,07,000,00,1,0,00,A01
200500054608,0,07,000,00,2,2,11,A01
200500054608,0,07,000,00,2,5,15,B02
200500054609,0,07,000,00,2,2,15,A01
200500054609,0,07,000,00,2,1,01,B02
200500054610,0,07,000,00,2,1,01,A01
200500054610,0,07,000,06,2,8,01,B02
200500054611,0,17,000,00,2,2,01,A01
200500054611,0,07,000,00,2,8,19,B02
200500054612,0,07,000,00,2,3,19,A01
200500054612,0,14,000,00,2,1,01,B02
200500054612,0,14,000,00,2,1,01,C03
200500054613,0,01,000,00,0,0,01,A01
200500054614,0,02,000,00,0,0,00,A01
200500054615,0,05,000,13,0,1,01,A01
200500054616,0,07,000,00,2,1,01,A01
200500054616,0,07,000,06,0,4,11,B02
200500054617,0,07,000,16,0,9,00,A01
200500054618,0,07,000,00,2,2,01,A01
200500054618,0,07,000,00,2,3,15,B02
200500054619,0,05,000,01,0,1,01,A01
200500054619,0,07,000,00,0,4,23,B02
200500054620,0,10,000,00,2,2,10,A01
200500054620,0,07,000,00,2,3,01,B02
200500054621,0,07,000,02,0,3,01,A01
200500054622,0,07,000,00,2,2,01,A01
200500054622,0,07,000,00,2,2,01,B02
200500054623,0,07,000,00,2,7,12,A01
200500054623,0,07,000,00,2,1,01,B02
200500054624,0,07,000,00,2,3,15,A01
200500054624,0,05,000,00,2,1,01,B02
200500054625,0,07,000,00,2,2,17,A01
200500054625,0,10,000,00,2,3,15,B02
200500054626,0,12,000,00,0,3,24,A01
200500054626,0,17,000,01,0,2,02,B02
200500054626,0,07,000,00,2,6,21,C03
200500054627,0,05,000,00,0,1,01,A01
200500054628,0,10,000,00,2,2,01,A01
200500054628,0,07,000,00,2,3,00,B02
200500054629,0,02,000,06,0,7,17,A01
200500054629,0,07,000,00,0,8,15,B02
200500054630,0,07,000,00,2,2,15,A01
200500054630,0,05,000,00,2,1,01,B02
200500054631,0,07,000,00,2,4,23,A01
200500054631,0,02,000,00,2,1,01,B02
200500054632,0,02,000,00,2,1,01,A01
200500054632,0,07,000,00,2,3,15,B02
200500054633,0,07,000,00,2,1,01,A01
200500054633,0,07,000,00,2,3,01,B02
200500054634,0,07,000,00,2,2,13,A01
200500054634,0,07,000,00,2,1,01,B02
200500054635,0,07,000,00,2,3,13,A01
200500054635,0,07,000,00,2,1,01,B02
200500054636,0,07,000,10,0,1,14,A01
200500054637,0,07,000,00,0,3,13,A01
200500054637,0,07,000,00,0,3,01,B02
200500054638,0,05,000,11,0,3,13,A01
200500054639,0,02,000,11,0,0,13,A01
200500054640,0,07,000,01,0,1,01,A01
200500054641,0,07,000,00,2,0,01,A01
200500054641,0,07,000,00,2,7,19,B02
200500054642,0,07,000,08,0,8,01,A01
200500054643,0,02,000,00,0,7,01,A01
200500054644,0,07,000,00,0,0,00,A01
200500054644,0,04,000,00,2,1,01,B02
200500054645,0,07,000,00,2,8,19,A01
200500054645,0,15,000,00,2,2,21,B02
200500054646,0,01,000,00,2,4,11,A01
200500054646,0,07,000,00,2,2,17,B02
200500054647,0,05,000,00,0,0,00,A01
200500054647,0,07,000,00,0,0,00,B02
200500054648,0,07,000,08,0,1,01,A01
200500054649,0,02,000,12,0,7,01,A01
200500054650,0,02,000,00,2,1,16,A01
200500054650,0,07,000,00,2,3,01,B02
200500054651,0,02,000,00,2,1,01,A01
200500054651,0,07,000,00,2,2,01,B02
200500054652,0,02,000,00,2,1,15,A01
200500054652,0,15,000,00,0,0,15,B02
200500054652,0,15,000,00,0,5,15,C03
200500054653,0,07,000,00,2,3,15,A01
200500054653,0,02,000,00,2,1,01,B02
200500054654,0,10,000,00,2,3,01,A01
200500054654,0,07,000,00,2,3,13,B02
200500054655,0,07,000,00,2,2,00,A01
200500054655,0,07,000,00,2,1,01,B02
200500054656,0,07,000,00,2,2,02,A01
200500054656,0,01,000,00,2,4,02,B02
200500054657,0,15,000,00,2,5,17,A01
200500054657,0,01,000,00,2,8,01,B02
200500054658,0,07,000,00,2,3,15,A01
200500054658,0,07,000,00,2,1,01,B02
200500054659,0,07,000,02,0,3,01,A01
200500054660,0,17,000,06,0,1,01,A01
200500054661,0,07,000,02,0,0,01,A01
200500054662,0,21,000,00,2,6,15,A01
200500054662,0,07,000,00,2,2,17,B02
200500054663,0,05,000,00,2,1,02,A01
200500054663,0,07,000,00,2,4,02,B02
200500054664,0,15,000,00,2,1,02,A01
200500054664,0,15,000,00,2,4,02,B02
200500054665,0,02,000,03,0,2,01,A01
200500054666,0,07,000,00,2,1,01,A01
200500054666,0,07,000,00,2,1,13,B02
200500054667,0,02,000,06,0,1,01,A01
200500054668,0,07,000,00,2,3,15,A01
200500054668,0,07,000,00,2,1,01,B02
200500054669,0,05,000,15,0,1,01,A01
200500054670,0,07,000,13,0,2,01,A01
200500054671,0,07,000,00,2,3,13,A01
200500054671,0,07,000,00,2,3,01,B02
200500054672,0,07,000,00,2,1,13,A01
200500054672,0,15,000,00,2,3,01,B02
200500054673,0,07,000,00,2,2,13,A01
200500054673,0,17,000,00,2,6,02,B02
200500054674,0,17,000,00,0,7,01,A01
200500054674,0,07,000,00,0,8,16,B02
200500054675,0,07,000,00,9,1,01,B02
200500054675,0,01,000,00,2,8,19,A01
200500054676,0,07,000,00,2,1,13,A01
200500054676,0,18,029,00,2,3,01,B02
200500054677,0,07,000,02,0,1,13,A01
200500054678,0,01,000,00,2,1,19,A01
200500054678,0,07,000,00,9,3,01,B02
200500054679,0,07,000,00,2,1,16,A01
200500054679,0,07,000,00,2,1,01,B02
200500054680,0,07,000,00,2,7,01,A01
200500054680,0,07,000,00,2,1,01,B02
200500054681,0,07,000,00,2,3,13,A01
200500054681,0,07,000,00,2,3,01,B02
200500054682,0,07,000,13,0,2,01,A01
200500054683,0,07,000,00,2,3,01,A01
200500054683,0,07,000,00,0,4,15,B02
200500054683,0,07,000,00,2,1,01,C03
200500054683,0,07,000,07,0,1,01,D04
200500054683,0,07,000,00,2,3,01,E05
200500054684,0,10,000,00,2,8,01,A01
200500054684,0,07,000,00,2,3,17,B02
200500054684,0,07,000,00,0,3,01,C03
200500054685,0,05,000,00,2,1,02,A01
200500054685,0,07,000,00,0,6,02,B02
200500054686,0,05,000,00,2,1,17,A01
200500054686,0,07,000,00,2,3,15,B02
200500054687,0,07,000,13,0,9,01,A01
200500054688,0,07,000,00,9,1,01,A01
200500054688,0,02,000,00,2,7,19,B02
200500054689,0,07,000,02,0,7,00,A01
200500054690,0,05,000,00,0,0,00,A01
200500054691,0,02,000,06,0,1,01,A01
200500054692,0,07,000,00,9,4,01,A01
200500054692,0,02,000,00,2,1,01,B02
200500054693,0,01,000,00,2,3,01,A01
200500054693,0,07,000,00,0,0,00,B02
200500054694,0,07,000,00,2,2,13,A01
200500054694,0,07,000,00,2,2,01,B02
200500054695,0,02,000,00,2,2,09,A01
200500054695,0,07,000,00,2,3,01,B02
200500054696,0,14,000,00,0,4,09,A01
200500054696,0,02,000,02,0,1,01,B02
200500054697,0,07,000,13,0,2,01,A01
200500054698,0,07,000,16,0,9,01,A01
200500054699,0,02,000,00,0,3,19,A01
200500054700,0,02,000,00,2,8,19,A01
200500054700,0,07,000,00,2,3,01,B02
200500054701,0,02,000,00,1,1,01,A01
200500054701,0,02,000,00,2,1,00,B02
200500054702,0,05,000,00,2,1,17,A01
200500054702,0,07,000,00,2,1,01,B02
200500054702,0,07,000,00,2,6,01,C03
200500054703,0,07,000,00,2,1,13,A01
200500054703,0,07,000,00,2,3,01,B02
200500054704,0,02,000,01,2,1,13,A01
200500054704,0,07,000,00,2,3,01,B02
200500054705,0,05,000,11,0,8,01,A01
200500054706,0,07,000,00,1,2,01,A01
200500054707,0,07,000,16,0,9,01,A01
200500054708,0,07,000,00,2,3,13,A01
200500054708,0,17,000,00,2,3,21,B02
200500054709,0,07,000,02,0,3,01,A01
200500054710,0,07,000,00,2,2,15,A01
200500054710,0,07,000,00,2,1,01,B02
200500054711,0,07,000,00,2,6,15,A01
200500054711,2,07,000,00,2,2,17,B02
200500054712,0,07,000,02,0,5,14,A01
200500054713,0,07,000,00,2,3,13,A01
200500054713,0,07,000,00,2,1,01,B02
200500054713,0,07,000,00,2,3,01,C03
200500054714,0,07,000,00,2,3,01,A01
200500054714,0,07,000,00,2,3,19,B02
200500054715,0,05,000,00,0,0,01,A01
200500054716,0,07,000,00,2,3,17,A01
200500054716,0,01,000,00,2,1,01,B02
200500054717,0,07,000,02,0,1,01,A01
200500054718,0,05,000,08,0,2,01,A01
200500054719,0,07,000,00,2,3,17,A01
200500054719,0,07,000,00,2,8,01,B02
200500054719,0,07,000,00,2,3,01,C03
200500054719,0,07,000,00,2,8,02,D04
200500054720,0,07,000,13,0,1,01,A01
200500054721,0,07,000,00,2,1,17,A01
200500054721,0,07,000,00,2,1,01,B02
200500054722,0,07,000,00,2,1,13,A01
200500054722,0,07,000,00,2,1,01,B02
200500054723,0,07,000,02,0,1,01,A01
200500054724,0,07,000,14,1,1,01,A01
200500054725,0,07,000,00,2,1,13,A01
200500054725,0,08,000,00,2,3,01,B02
200500054725,0,07,000,00,2,3,01,D04
200500054726,0,07,000,13,0,1,01,A01
200500054727,0,07,000,02,0,2,01,A01
200500054728,0,07,000,00,0,0,01,A01
200500054729,0,02,000,00,2,1,01,A01
200500054729,0,07,000,00,2,1,01,B02
200500054730,0,07,000,08,0,1,00,A01
200500054731,0,07,000,02,0,7,01,A01
200500054732,0,02,000,00,2,7,15,A01