Num_Acc,senc,catv,occutc,obs,obsm,choc,manv,num_veh
200500055110,0,07,000,00,2,5,17,A01
200500055110,0,07,000,00,2,3,02,B02
200500055111,0,07,000,00,2,3,13,A01
200500055111,0,15,000,00,2,3,01,B02
200500055112,0,07,000,07,0,2,01,A01
200500055113,0,07,000,13,0,1,01,A01
200500055114,0,07,000,13,0,1,01,A01
200500055115,0,07,000,00,0,5,00,A01
200500055115,0,99,000,00,2,1,00,B02
200500055116,0,07,000,00,9,2,20,A01
200500055116,0,05,000,00,2,3,02,B02
200500055116,0,05,000,00,2,1,18,C03
200500055117,0,07,000,00,2,1,01,A01
200500055117,0,07,000,00,2,8,13,B02
200500055117,0,07,000,00,2,3,01,C03
200500055118,0,07,000,01,0,3,01,A01
200500055119,0,02,000,00,0,2,01,A01
200500055120,0,07,000,00,0,1,13,A01
200500055120,0,07,000,00,0,1,01,B02
200500055121,0,07,000,02,0,7,01,A01
200500055122,0,07,000,00,2,3,01,A01
200500055122,0,07,000,00,2,3,00,B02
200500055123,0,10,000,00,2,3,01,A01
200500055123,0,07,000,00,0,2,15,B02
200500055124,0,07,000,02,0,1,13,A01
200500055125,0,07,000,13,0,1,13,A01
200500055126,0,07,000,00,2,5,01,A01
200500055126,0,07,000,00,2,1,19,B02
200500055127,0,10,000,00,2,3,01,A01
200500055127,0,10,000,00,2,3,01,B02
200500055128,0,07,000,06,0,3,01,A01
200500055129,0,07,000,00,2,2,02,A01
200500055129,0,01,000,00,0,4,02,B02
200500055130,0,07,000,00,1,2,01,A01
200500055131,0,07,000,06,0,1,01,A01
200500055132,0,07,000,00,0,0,00,A01
200500055132,0,07,000,00,2,1,01,B02
200500055133,0,07,000,02,0,0,01,A01
200500055134,0,02,000,00,2,7,01,B02
200500055134,0,07,000,00,2,1,01,A01
200500055135,0,07,000,00,0,4,23,B02
200500055136,0,07,000,02,0,1,13,A01
200500055137,0,07,000,13,0,2,14,A01
200500055138,0,02,000,00,2,6,15,A01
200500055138,0,02,000,00,2,1,17,B02
200500055139,0,07,000,00,1,1,01,A01
200500055140,0,02,000,00,2,1,17,A01
200500055141,0,07,000,02,0,3,01,A01
200500055142,0,07,000,00,2,1,13,A01
200500055142,0,07,000,00,2,1,01,B02
200500055143,0,07,000,00,2,5,01,A01
200500055143,0,07,000,00,2,1,01,B02
200500055144,0,07,000,00,0,3,01,A01
200500055144,0,07,000,00,0,3,15,B02
200500055145,0,07,000,00,9,3,01,A01
200500055145,0,02,000,00,2,1,00,B02
200500055146,0,07,000,00,2,3,13,A01
200500055146,0,07,000,00,2,3,01,B02
200500055147,0,05,000,03,2,1,01,A01
200500055147,0,07,000,00,2,3,01,B02
200500055148,0,07,000,00,2,3,13,A01
200500055148,0,07,000,00,2,3,01,B02
200500055149,0,07,000,02,0,3,01,A01
200500055150,0,04,000,00,0,0,01,A01
200500055151,0,02,000,00,2,3,02,A01
200500055151,0,07,000,00,2,5,15,B02
200500055152,0,05,000,13,0,1,01,A01
200500055153,0,07,000,00,2,3,00,A01
200500055153,0,07,000,00,2,3,00,B02
200500055154,0,07,000,00,2,2,01,A01
200500055154,0,02,000,00,2,1,00,B02
200500055155,0,05,000,00,0,8,15,A01
200500055156,0,07,000,00,2,1,17,A01
200500055156,0,07,000,00,2,8,01,B02
200500055156,0,07,000,00,2,3,01,C03
200500055157,0,07,000,02,0,2,01,A01
200500055158,0,05,000,14,2,1,01,A01
200500055158,0,07,000,00,0,4,17,B02
200500055159,0,07,000,00,2,3,16,A01
200500055159,0,07,000,00,0,3,15,B02
200500055160,0,07,000,00,2,1,13,A01
200500055160,0,10,000,00,2,1,01,B02
200500055161,0,07,000,00,2,1,02,A01
200500055161,0,07,000,00,2,4,02,B02
200500055162,0,07,000,13,0,1,14,A01
200500055163,0,07,000,00,2,1,01,A01
200500055163,0,02,000,00,2,8,16,B02
200500055164,0,07,000,00,2,2,01,B02
200500055164,0,05,000,00,0,8,00,A01
200500055165,0,02,000,16,0,1,01,A01
200500055166,0,07,000,13,0,8,01,A01
200500055167,0,15,000,03,0,1,14,A01
200500055168,0,07,000,00,0,3,15,A01
200500055168,0,05,000,00,0,3,17,B02
200500055169,0,07,000,00,1,2,19,A01
200500055170,0,07,000,00,2,1,01,A01
200500055170,0,02,000,00,2,1,01,B02
200500055171,0,05,000,00,2,8,13,A01
200500055171,0,07,000,00,2,3,01,B02
200500055172,0,07,000,00,2,2,01,A01
200500055172,0,07,000,00,2,3,15,B02
200500055173,0,05,000,00,2,5,01,A01
200500055173,0,07,000,00,2,3,09,B02
200500055174,0,07,000,00,2,7,00,A01
200500055174,0,07,000,00,2,1,00,B02
200500055175,0,07,000,00,2,2,02,A01
200500055175,0,02,000,00,0,4,02,B02
200500055176,0,07,000,00,2,2,15,A01
200500055176,0,02,000,00,2,1,13,B02
200500055177,0,07,000,00,2,1,02,A01
200500055177,0,07,000,00,2,4,02,B02
200500055177,0,07,000,00,2,4,02,C03
200500055178,0,07,000,00,2,7,15,A01
200500055178,0,07,000,00,2,6,23,B02
200500055178,0,07,000,00,2,2,01,C03
200500055179,0,07,000,02,0,8,13,A01
200500055180,0,07,000,00,0,4,15,A01
200500055180,0,07,000,00,2,1,01,B02
200500055181,0,01,000,00,2,6,01,A01
200500055181,0,07,000,00,2,1,19,B02
200500055182,0,07,000,02,0,1,01,A01
200500055183,0,05,000,06,0,4,01,A01
200500055184,0,07,000,06,0,1,01,A01
200500055185,0,07,000,00,2,1,01,A01
200500055185,0,07,000,00,2,7,01,B02
200500055186,0,07,000,00,1,5,01,A01
200500055187,0,07,000,06,0,1,01,A01
200500055188,0,07,000,00,2,2,15,A01
200500055188,0,07,000,00,2,1,01,B02
200500055188,0,07,000,00,2,1,23,C03
200500055189,0,17,000,13,0,2,01,A01
200500055190,0,07,000,02,0,7,01,A01
200500055190,0,07,000,13,0,3,01,B02
200500055191,0,07,000,10,0,3,01,A01
200500055192,0,17,000,00,2,1,17,A01
200500055192,0,07,000,00,2,8,15,B02
200500055193,0,02,000,00,2,1,01,A01
200500055194,0,07,000,13,0,2,01,A01
200500055195,0,07,000,13,0,2,15,A01
200500055196,0,07,000,00,2,1,01,A01
200500055196,0,07,000,00,2,1,01,B02
200500055197,0,07,000,00,2,1,15,A01
200500055197,0,07,000,00,2,1,01,B02
200500055198,0,07,000,00,2,2,00,A01
200500055198,0,07,000,00,0,0,00,B02
200500055199,0,05,000,00,0,1,01,A01
200500055200,0,07,000,13,0,3,13,A01
200500055201,0,07,000,00,1,2,01,A01
200500055202,0,07,000,00,0,1,01,A01
200500055203,0,14,000,00,2,2,13,A01
200500055203,0,07,000,00,2,8,15,B02
200500055204,0,07,000,13,0,2,14,A01
200500055205,0,07,000,00,0,1,15,A01
200500055205,0,07,000,00,2,1,01,B02
200500055206,0,07,000,02,2,2,17,A01
200500055206,0,07,000,02,2,3,01,B02
200500055207,0,02,000,00,2,1,01,A01
200500055207,0,07,000,00,2,3,15,B02
200500055208,0,07,000,13,0,0,21,A01
200500055208,0,01,000,00,0,0,15,B02
200500055209,0,05,000,00,0,8,00,A01
200500055210,0,07,000,00,2,1,01,A01
200500055210,0,05,000,00,2,1,05,B02
200500055211,0,07,000,13,0,1,01,A01
200500055212,0,07,000,04,0,3,01,A01
200500055213,0,02,000,00,0,8,01,A01
200500055214,0,01,000,00,0,8,01,A01
200500055215,0,07,000,13,0,2,15,A01
200500055216,0,01,000,00,2,7,02,A01
200500055216,0,07,000,00,0,6,02,B02
200500055217,0,07,000,00,2,3,01,A01
200500055217,0,07,000,07,2,2,01,B02
200500055218,0,07,000,00,2,1,01,A01
200500055218,0,07,000,00,0,6,09,B02
200500055219,0,07,000,00,2,3,15,A01
200500055219,0,04,000,00,2,1,01,B02
200500055220,2,07,000,01,0,1,01,A01
200500055221,0,02,000,00,2,1,15,A01
200500055221,0,07,000,00,2,2,01,B02
200500055222,0,07,000,00,2,1,05,A01
200500055222,0,07,000,00,2,1,01,B02
200500055222,0,07,000,00,2,1,01,C03
200500055223,0,02,000,00,2,1,13,A01
200500055223,0,07,000,00,2,2,01,B02
200500055224,0,07,000,02,0,2,01,A01
200500055225,0,05,000,00,2,1,01,A01
200500055225,0,07,000,00,0,3,01,B02
200500055226,0,07,000,06,0,2,01,A01
200500055227,0,07,000,00,2,8,19,B02
200500055227,0,07,000,00,2,1,01,A01
200500055228,0,07,000,00,2,3,19,B02
200500055228,0,07,000,00,2,1,01,A01
200500055229,0,07,000,00,1,2,01,A01
200500055230,0,07,000,00,2,3,13,A01
200500055230,0,07,000,00,2,3,01,B02
200500055231,0,14,000,01,2,3,13,A01
200500055231,0,15,000,00,0,6,24,B02
200500055231,0,07,000,00,0,3,05,C03
200500055232,0,02,000,00,0,8,19,A01
200500055232,0,07,000,00,0,1,01,B02
200500055233,0,07,000,00,0,4,15,A01
200500055233,0,02,000,00,2,1,01,B02
200500055234,0,05,000,13,0,1,01,A01
200500055235,0,07,000,00,2,6,15,A01
200500055235,0,05,000,00,2,2,17,B02
200500055236,0,07,000,00,2,1,13,A01
200500055236,0,02,000,00,2,1,01,B02
200500055237,0,09,000,00,2,7,15,A01
200500055237,0,01,000,00,2,1,01,B02
200500055238,0,07,000,08,0,1,13,A01
200500055239,0,07,000,00,0,7,15,A01
200500055239,0,05,000,00,2,1,01,B02
200500055240,0,07,000,00,2,7,19,A01
200500055240,0,05,000,00,2,1,01,B02
200500055241,0,05,000,00,2,8,16,A01
200500055241,0,07,000,00,2,2,01,B02
200500055242,0,17,000,16,0,7,00,A01
200500055243,0,07,000,00,0,0,01,A01
200500055244,0,07,000,00,1,2,01,A01
200500055245,0,07,000,00,1,1,00,A01
200500055246,0,10,000,00,2,3,01,A01
200500055246,0,07,000,00,2,3,01,B02
200500055247,0,02,000,00,2,1,01,A01
200500055247,0,07,000,00,2,3,01,B02
200500055248,0,07,000,00,2,3,15,A01
200500055248,0,02,000,00,2,1,01,B02
200500055249,0,07,000,00,2,3,01,A01
200500055249,0,07,000,00,2,3,01,C03
200500055250,0,07,000,00,0,1,15,A01
200500055250,0,01,000,00,2,7,01,B02
200500055251,0,07,000,00,0,0,00,A01
200500055252,0,07,000,00,2,3,13,A01
200500055252,0,05,000,00,2,1,01,B02
200500055253,0,14,000,00,1,2,01,A01
200500055254,0,07,000,00,1,1,01,A01
200500055255,0,07,000,02,0,1,14,A01
200500055256,0,07,000,00,0,6,02,A01
200500055256,0,07,000,00,2,3,17,B02
200500055256,0,07,000,00,2,3,01,C03
200500055257,0,07,000,00,0,1,01,A01
200500055258,0,04,000,00,2,1,21,A01
200500055258,0,07,000,00,2,3,01,B02
200500055259,0,07,000,00,2,3,15,A01
200500055259,0,07,000,00,2,1,01,B02
200500055260,0,05,000,00,2,1,02,A01
200500055260,0,07,000,00,2,4,23,B02
200500055261,0,17,000,00,1,5,15,A01
200500055262,0,14,000,00,2,8,01,A01
200500055262,0,05,000,00,2,8,01,B02
200500055263,0,07,000,06,0,1,01,A01
200500055264,0,02,000,00,2,4,15,A01
200500055264,0,14,000,00,2,1,01,B02
200500055265,0,07,000,00,2,3,01,B02
200500055265,0,07,000,00,2,8,15,A01
200500055266,0,07,000,00,2,2,05,A01
200500055266,0,02,000,00,2,1,05,B02
200500055267,0,12,000,00,2,1,13,A01
200500055267,0,07,000,00,2,1,01,B02
200500055268,0,21,000,00,2,3,09,A01
200500055268,0,07,000,00,2,1,01,B02
200500055269,0,02,000,00,2,1,01,A01
200500055269,0,07,000,00,2,3,15,B02
200500055270,0,07,000,00,0,9,01,A01
200500055271,0,07,000,00,2,1,19,A01
200500055271,0,07,000,00,2,3,01,B02
200500055272,0,07,000,00,2,6,10,A01
200500055272,0,05,000,00,2,8,17,B02
200500055273,0,14,000,00,0,8,13,A01
200500055273,0,07,000,00,0,3,01,B02
200500055274,0,07,000,02,2,7,17,A01
200500055274,0,17,000,00,2,3,01,B02
200500055275,0,07,000,00,2,7,17,A01
200500055275,0,04,000,00,2,7,01,B02
200500055276,0,07,000,03,0,2,13,A01
200500055277,0,07,000,00,0,2,01,A01
200500055277,0,07,000,00,0,2,00,B02
200500055278,0,07,000,00,2,2,15,A01
200500055278,0,05,000,00,2,8,01,B02
200500055279,0,05,000,00,2,1,17,A01
200500055279,0,07,000,00,0,8,15,B02
200500055280,0,07,000,00,2,3,13,A01
200500055280,0,15,000,00,2,3,01,B02
200500055281,0,02,000,01,0,1,14,A01
200500055282,0,07,000,02,0,8,13,A01
200500055283,0,07,000,00,2,1,13,A01
200500055283,0,07,000,00,2,1,01,B02
200500055284,0,07,000,00,2,1,15,A01
200500055284,0,07,000,00,2,8,01,B02
200500055285,0,05,000,10,0,7,01,A01
200500055286,0,07,000,16,0,9,01,A01
200500055287,0,07,000,00,2,2,15,A01
200500055287,0,05,000,00,2,2,01,B02
200500055288,0,05,000,02,0,8,01,A01
200500055289,0,02,000,00,0,6,10,A01
200500055289,0,05,000,00,2,2,21,B02
200500055290,0,07,000,00,2,3,19,A01
200500055290,0,07,000,00,2,2,01,B02
200500055291,0,01,000,00,2,8,15,A01
200500055291,0,05,000,00,9,1,01,B02
200500055292,0,07,000,02,0,8,14,A01
200500055293,0,07,000,00,0,3,01,A01
200500055293,0,07,000,00,0,3,01,B02
200500055294,0,07,000,02,0,1,01,A01
200500055294,0,07,000,02,0,3,01,B02
200500055295,0,07,000,00,0,9,00,A01
200500055296,0,07,000,00,2,1,13,A01
200500055296,0,07,000,00,2,1,01,B02
200500055297,0,18,001,03,0,1,01,A01
200500055298,0,07,000,00,2,1,19,A01
200500055298,0,02,000,00,0,7,01,B02
200500055299,0,07,000,00,0,8,10,A01
200500055299,0,02,000,00,0,2,17,B02
200500055300,0,07,000,13,0,1,14,A01
200500055301,0,07,000,00,1,2,01,A01
200500055302,0,01,000,00,2,2,13,A01
200500055302,0,07,000,00,2,1,01,B02
200500055303,0,01,000,00,9,3,14,A01
200500055303,0,01,000,00,9,0,02,B02
200500055304,0,07,000,00,2,1,13,A01
200500055304,0,10,000,00,2,1,01,B02
200500055305,0,10,000,00,2,1,13,A01
200500055305,0,17,000,00,2,6,01,B02
200500055305,0,07,000,00,2,1,01,C03
200500055305,0,10,000,00,2,6,01,D04
200500055305,0,15,000,00,2,6,01,E05
200500055305,0,07,000,00,2,6,01,F06
200500055306,0,07,000,02,0,8,13,A01
200500055307,0,07,000,02,0,1,01,A01
200500055307,0,07,000,00,2,1,01,B02
200500055307,0,07,000,00,0,3,01,C03
200500055307,0,07,000,00,2,8,01,D04
200500055308,0,07,000,00,2,7,15,A01
200500055308,0,05,000,00,2,1,01,B02
200500055309,0,07,000,00,2,3,13,A01
200500055309,0,02,000,00,2,8,01,B02
200500055310,0,07,000,00,0,3,19,A01
200500055310,0,07,000,00,0,2,01,B02
200500055310,0,07,000,00,0,1,01,C03
200500055311,0,14,000,00,2,1,01,A01
200500055311,0,07,000,00,2,1,17,B02
200500055311,0,07,000,00,0,0,00,C03
200500055312,0,07,000,00,2,1,01,A01
200500055312,0,07,000,00,2,3,15,B02
200500055313,0,05,000,00,2,1,01,A01
200500055313,0,07,000,00,0,6,02,B02
200500055314,0,07,000,01,0,3,01,A01
200500055315,0,05,000,00,2,1,17,A01
200500055315,0,21,000,00,9,8,15,B02
200500055316,0,02,000,00,0,7,01,A01
200500055317,0,07,000,00,2,2,01,A01
200500055317,0,07,000,00,2,3,15,B02
200500055318,0,10,000,00,0,6,15,A01
200500055318,0,05,000,00,2,1,02,B02
200500055319,0,07,000,13,0,1,01,A01
200500055320,0,07,000,00,2,3,01,A01
200500055320,0,07,000,00,2,1,01,B02
200500055321,0,05,000,16,0,0,01,A01
200500055322,0,07,000,02,1,2,17,A01
200500055323,0,07,000,00,2,1,02,A01
200500055323,0,07,000,00,6,4,02,B02
200500055323,0,07,000,00,0,0,00,C03
200500055324,0,15,000,00,2,8,01,A01
200500055324,0,07,000,00,2,1,01,B02
200500055324,0,07,000,00,2,1,01,C03
200500055325,0,02,000,00,2,1,01,A01
200500055325,0,07,000,00,2,6,01,B02
200500055326,0,17,000,00,2,1,01,A01
200500055326,0,07,000,00,0,4,01,B02
200500055327,0,07,000,00,0,6,01,A01
200500055327,0,05,000,00,2,1,02,B02
200500055328,0,07,000,00,2,1,15,A01
200500055328,0,07,000,00,2,1,01,B02
200500055329,0,07,000,00,2,8,13,A01
200500055329,0,14,000,00,2,2,01,B02
200500055330,0,99,000,00,2,3,01,A01
200500055330,0,07,000,00,2,3,01,B02
200500055331,0,07,000,00,1,6,04,A01
200500055332,0,17,000,00,1,2,01,A01
200500055333,0,07,000,06,0,1,13,A01
200500055334,0,07,000,00,2,2,01,A01
200500055334,0,01,000,00,2,1,05,B02
200500055335,0,09,000,00,1,3,24,A01
200500055335,0,18,000,01,1,7,01,B02
200500055336,0,07,000,00,0,8,19,A01
200500055336,0,99,000,00,2,1,00,B02
200500055337,0,07,000,00,0,5,01,A01
200500055337,0,02,000,00,2,1,00,B02
200500055338,0,07,000,08,0,1,01,A01
200500055339,0,02,000,13,0,1,01,A01
200500055340,0,07,000,00,9,2,01,A01
200500055340,0,01,000,00,2,1,15,B02
200500055341,0,07,000,15,0,1,13,A01
200500055342,0,02,000,00,2,1,17,B02
200500055342,0,07,000,00,2,8,15,A01
200500055343,0,07,000,13,0,1,01,A01
200500055344,0,17,000,00,0,3,13,A01
200500055345,0,17,000,13,0,3,13,A01
200500055346,0,07,000,00,9,2,02,A01
200500055346,0,01,000,00,2,4,02,B02
200500055347,0,07,000,02,0,2,14,A01
200500055348,0,02,000,00,2,1,16,B02
200500055348,0,07,000,00,2,1,01,A01
200500055349,0,05,000,00,0,7,01,A01
200500055350,0,07,000,00,2,1,15,A01
200500055350,0,02,000,00,2,3,01,B02
200500055351,0,07,000,02,0,1,13,A01
200500055352,0,07,000,02,0,1,13,A01
200500055353,0,07,000,00,2,3,15,A01
200500055353,0,07,000,00,2,2,01,B02
200500055354,0,07,000,00,0,1,14,A01
200500055355,0,07,000,00,2,1,13,A01
200500055355,0,17,000,00,2,8,01,B02
200500055356,0,02,000,00,2,8,17,A01
200500055356,0,07,000,00,2,3,01,B02
200500055357,0,07,000,06,0,1,01,A01
200500055358,0,07,000,13,0,1,01,A01
200500055359,0,02,000,13,0,1,01,A01
200500055360,0,07,000,00,2,1,13,A01
200500055360,0,17,000,00,2,3,01,B02
200500055361,0,07,000,08,0,1,14,A01
200500055362,0,07,000,10,0,1,01,A01
200500055363,0,03,000,06,0,3,14,A01
200500055364,0,07,000,00,0,1,00,A01
200500055365,0,07,000,00,2,1,01,A01
200500055365,0,14,000,13,0,3,01,B02
200500055365,0,07,000,00,0,4,01,C03
200500055366,0,07,000,06,0,1,01,A01
200500055367,0,07,000,00,1,1,01,A01
200500055368,0,05,000,00,0,1,13,A01
200500055369,0,07,000,13,0,1,01,A01
200500055370,0,07,000,00,2,1,13,A01
200500055370,0,07,000,00,2,1,01,B02
200500055371,0,99,000,00,0,4,01,C03
200500055371,0,15,000,00,2,0,01,D04
200500055372,0,07,000,00,1,1,01,A01
200500055372,0,07,000,00,2,8,15,B02
200500055373,0,07,000,13,0,1,01,A01
200500055374,0,02,000,00,0,0,01,A01
200500055375,0,07,000,00,4,9,13,A01
200500055375,0,19,000,00,0,8,01,B02
200500055376,0,02,000,06,0,3,13,A01
200500055377,0,07,000,00,0,2,01,A01
200500055378,0,07,000,06,0,2,13,A01
200500055379,0,99,000,00,0,3,01,A01
200500055380,0,01,000,00,2,8,15,B02
200500055380,0,07,000,00,2,1,19,A01
200500055381,0,05,000,00,0,8,15,A01
200500055382,0,07,000,00,0,0,00,A01
200500055382,0,15,000,00,0,3,14,B02
200500055383,0,07,000,00,2,3,13,A01
200500055383,0,07,000,00,2,3,01,B02
200500055383,0,07,000,13,0,1,21,C03
200500055384,0,07,000,00,0,1,01,A01
200500055385,0,99,000,00,0,0,01,A01
200500055386,0,09,000,00,2,8,02,A01
200500055386,0,07,000,00,2,3,13,B02
200500055387,0,07,000,00,2,7,17,A01
200500055387,0,02,000,00,0,8,02,B02
200500055388,0,07,000,00,2,3,15,A01
200500055388,0,05,000,00,2,1,01,B02
200500055389,0,05,000,00,2,1,01,A01
200500055389,0,07,000,00,2,2,01,B02
200500055390,0,02,000,00,2,1,19,A01
200500055390,0,07,000,03,2,5,21,B02
200500055391,0,07,000,13,0,9,01,A01
200500055392,0,07,000,00,2,3,13,A01
200500055392,0,07,000,00,2,8,01,B02
200500055393,0,17,000,00,2,3,01,A01
200500055393,0,07,000,00,0,8,01,B02
200500055393,0,07,000,00,2,1,19,D04
200500055394,0,02,000,00,2,6,19,A01
200500055394,0,10,000,00,2,2,21,B02
200500055395,0,09,000,00,2,3,14,A01
200500055395,0,17,000,00,2,3,01,B02
200500055396,0,07,000,00,2,1,19,A01
200500055396,0,05,000,00,2,7,17,B02
200500055396,0,07,000,00,9,8,00,C03
200500055397,0,01,000,00,0,0,02,A01
200500055397,0,07,000,00,0,0,16,B02
200500055398,0,02,000,06,0,3,13,A01
200500055399,0,07,000,00,2,3,19,A01
200500055399,0,07,000,00,2,1,01,B02
200500055400,0,07,000,13,0,1,17,A01
200500055401,0,07,000,13,0,1,16,A01
200500055402,0,07,000,06,0,3,13,A01
200500055403,0,07,000,00,2,3,13,A01
200500055403,0,14,000,00,2,3,00,B02
200500055404,0,02,000,00,2,0,01,A01
200500055405,0,07,000,00,2,0,01,A01
200500055406,0,02,000,00,1,3,01,A01
200500055407,0,05,000,00,2,2,01,A01
200500055407,0,07,000,00,2,1,15,B02
200500055408,0,07,000,02,0,1,02,A01
200500055409,0,17,000,08,2,3,01,A01
200500055409,0,07,000,00,2,2,19,B02
200500055410,0,05,000,00,0,0,01,A01
200500055410,0,05,000,00,0,0,01,B02
200500055411,0,07,000,13,0,2,01,A01
200500055412,0,02,000,00,2,7,17,A01
200500055412,0,01,000,00,2,3,01,B02
200500055413,0,02,000,00,1,1,01,A01
200500055414,0,05,000,03,0,1,01,A01
200500055415,1,07,000,00,1,2,01,A01
200500055416,0,07,000,16,0,3,13,A01
200500055417,0,04,000,00,0,0,01,A01
200500055418,0,04,000,16,0,8,15,A01
200500055419,0,07,000,13,0,2,01,A01
200500055420,0,14,000,16,0,9,01,A01
200500055421,0,07,000,00,2,3,15,A01
200500055421,0,02,000,00,2,1,17,B02
200500055422,0,07,000,13,0,1,01,A01
200500055423,0,07,000,00,0,3,00,A01
200500055423,0,07,000,00,0,3,00,B02
200500055424,0,07,000,00,2,1,13,A01
200500055424,0,07,000,00,2,1,01,B02
200500055425,0,07,000,08,0,2,01,A01
200500055426,0,07,000,06,0,3,13,A01
200500055427,0,18,001,00,2,3,01,A01
200500055427,0,07,000,00,2,3,13,B02
200500055428,0,07,000,00,2,1,00,A01
200500055428,0,15,000,00,0,7,01,B02
200500055429,0,07,000,00,0,8,17,A01
200500055429,0,05,000,00,2,1,13,B02
200500055430,0,07,000,00,0,0,15,A01
200500055430,0,05,000,00,2,1,01,B02
200500055430,0,07,000,00,2,8,01,C03
200500055430,0,07,000,13,0,2,01,D04
200500055431,0,07,000,06,0,9,14,A01
200500055432,0,07,000,02,5,1,13,A01
200500055433,0,07,000,00,2,3,16,A01
200500055433,0,02,000,00,2,1,01,B02
200500055434,0,07,000,00,2,3,19,A01
200500055434,0,05,000,00,2,1,19,B02
200500055435,0,07,000,00,2,1,01,A01
200500055435,0,07,000,00,2,3,15,B02
200500055436,0,07,000,01,0,1,02,A01
200500055437,0,07,000,00,2,3,15,A01
200500055437,0,05,000,00,2,1,01,B02
200500055437,0,07,000,00,2,3,15,C03
200500055438,0,05,000,13,0,9,01,A01
200500055439,0,07,000,00,0,9,14,A01
200500055440,0,07,000,00,2,1,13,A01
200500055440,0,14,000,00,2,1,01,B02
200500055441,0,02,000,00,2,1,13,A01
200500055441,0,07,000,00,2,1,01,B02
200500055442,0,02,000,00,2,1,14,A01
200500055442,0,07,000,00,2,3,01,B02
200500055442,0,07,000,00,2,3,01,C03
200500055443,0,07,000,00,2,1,19,A01
200500055443,0,07,000,00,1,8,01,B02
200500055444,0,07,000,13,0,3,13,A01
200500055445,0,07,000,00,0,4,23,A01
200500055445,0,07,000,00,2,1,02,B02
200500055446,0,02,000,00,2,3,10,A01
200500055446,0,02,000,00,2,1,00,B02
200500055447,0,07,000,00,2,3,00,A01
200500055447,0,02,000,00,2,1,01,B02
200500055448,0,07,000,00,2,2,01,A01
200500055448,0,07,000,00,2,7,05,B02
200500055449,0,07,000,00,0,2,01,A01
200500055449,0,01,000,00,2,1,19,B02
200500055450,0,01,000,00,2,1,01,A01
200500055450,0,07,000,00,0,2,01,B02
200500055451,0,07,000,00,2,3,15,A01
200500055451,0,05,000,00,2,1,01,B02
200500055452,0,07,000,02,0,8,13,A01
200500055453,0,05,000,06,0,3,13,A01
200500055454,0,07,000,00,2,7,19,A01
200500055454,0,07,000,00,2,1,01,B02
200500055455,0,07,000,08,0,3,01,A01
200500055456,0,07,000,00,0,5,15,A01
200500055456,0,02,000,00,2,3,02,B02
200500055457,0,07,000,00,0,2,14,A01
200500055458,0,07,000,00,2,3,01,A01
200500055458,0,07,000,00,2,3,01,B02
200500055459,0,01,000,00,2,1,02,A01
200500055459,0,07,000,00,0,6,02,B02
200500055460,0,07,000,00,2,8,19,A01
200500055460,0,07,000,00,2,1,01,B02
200500055461,0,07,000,00,2,1,01,A01
200500055461,0,07,000,00,2,1,00,B02
200500055462,0,07,000,00,2,3,01,A01
200500055462,0,07,000,00,2,1,13,B02
200500055463,0,07,000,00,2,8,13,A01
200500055463,0,07,000,00,2,8,01,B02
200500055464,0,05,000,00,0,8,01,A01
200500055465,0,07,000,04,0,7,05,A01
200500055465,0,07,000,00,2,8,01,B02
200500055466,0,07,000,00,2,1,13,A01
200500055466,0,05,000,00,2,1,01,B02
200500055466,0,07,000,00,2,1,00,C03
200500055467,0,07,000,00,2,3,01,A01
200500055467,0,02,000,00,2,1,01,B02
200500055468,0,02,000,00,2,8,05,A01
200500055468,0,18,000,00,2,8,01,B02
200500055469,0,07,000,02,0,1,01,A01
200500055470,0,07,000,00,2,8,01,A01
200500055470,0,17,000,00,2,8,13,B02
200500055471,0,02,000,00,2,1,01,A01
200500055471,0,07,000,00,2,2,10,B02
200500055472,0,05,000,04,0,1,17,A01
200500055473,0,07,000,00,1,1,01,A01
200500055474,0,05,000,08,0,1,01,A01
200500055475,0,07,000,00,2,3,13,A01
200500055475,0,07,000,00,2,3,00,B02
200500055476,0,07,000,00,2,3,01,A01
200500055476,0,07,000,00,2,1,13,B02
200500055477,0,07,000,16,0,0,01,A01
200500055478,0,07,000,02,0,7,19,A01
200500055479,0,05,000,00,2,1,13,A01
200500055479,0,07,000,00,2,1,01,B02
200500055480,0,07,000,00,0,4,15,A01
200500055480,0,14,000,00,2,1,02,B02
200500055481,0,07,000,00,2,2,15,A01
200500055481,0,07,000,00,2,3,01,B02
200500055482,0,07,000,13,0,9,01,A01
200500055483,0,07,000,00,2,7,00,A01
200500055483,0,07,000,00,2,8,00,B02
200500055484,0,07,000,13,0,2,01,A01
200500055485,0,05,000,13,0,1,01,A01
200500055486,0,07,000,00,2,1,01,A01
200500055486,0,07,000,00,0,4,01,B02
200500055487,0,07,000,00,0,6,01,A01
200500055487,0,07,000,00,2,8,13,B02
200500055487,0,07,000,00,2,7,17,C03
200500055488,0,07,000,00,2,3,01,A01
200500055488,0,17,000,00,2,3,01,B02
200500055489,0,07,000,00,1,2,01,A01
200500055490,0,07,000,12,0,2,15,A01
200500055491,0,07,000,02,0,1,01,A01
200500055492,0,07,000,00,0,8,15,A01
200500055492,0,02,000,00,2,1,17,B02
200500055493,0,07,000,00,1,1,01,A01
200500055494,0,07,000,00,2,3,01,A01
200500055494,0,15,000,00,2,3,01,B02