Num_Acc,senc,catv,occutc,obs,obsm,choc,manv,num_veh
200500055868,0,02,000,00,2,1,01,B02
200500055869,0,07,000,00,0,1,00,A01
200500055869,0,07,000,00,2,1,01,B02
200500055870,0,02,000,00,2,1,01,A01
200500055870,0,02,000,00,2,7,01,B02
200500055871,0,07,000,13,0,3,13,A01
200500055872,0,07,000,02,0,2,01,A01
200500055873,0,07,000,00,0,0,01,A01
200500055874,0,02,000,00,2,1,01,A01
200500055874,0,07,000,00,2,7,09,B02
200500055875,0,17,000,00,2,1,01,A01
200500055875,0,07,000,00,0,4,11,B02
200500055876,0,07,000,00,0,2,13,A01
200500055876,0,07,000,00,0,3,01,B02
200500055877,0,07,000,00,2,5,15,A01
200500055877,0,07,000,00,2,1,01,B02
200500055877,0,02,000,00,2,1,23,C03
200500055878,0,07,000,00,2,5,17,A01
200500055878,0,02,000,00,2,8,02,B02
200500055879,0,07,000,00,0,0,00,A01
200500055880,0,07,000,15,0,1,14,A01
200500055881,0,07,000,00,2,2,01,B02
200500055881,0,01,000,00,2,1,01,A01
200500055882,0,07,000,00,2,2,02,A01
200500055882,0,09,000,00,2,6,02,B02
200500055883,0,07,000,00,2,8,15,A01
200500055883,0,07,000,00,2,1,01,B02
200500055884,0,07,000,00,2,2,19,A01
200500055884,0,05,000,00,2,1,01,B02
200500055885,0,01,000,00,2,2,01,A01
200500055885,0,07,000,00,0,3,00,B02
200500055886,0,07,000,13,0,3,00,A01
200500055887,0,07,000,00,2,3,13,A01
200500055887,0,07,000,00,2,3,01,B02
200500055888,0,07,000,00,2,8,09,A01
200500055888,0,02,000,00,2,1,01,B02
200500055889,0,07,000,02,0,3,01,A01
200500055890,0,07,000,06,0,1,16,A01
200500055891,0,05,000,00,0,0,01,A01
200500055892,0,07,000,13,0,3,01,A01
200500055893,0,05,000,00,5,1,01,A01
200500055894,0,05,000,00,0,1,17,A01
200500055894,0,01,000,00,0,8,15,B02
200500055895,0,05,000,00,0,1,01,A01
200500055895,0,21,000,00,0,5,15,B02
200500055896,0,07,000,00,0,4,01,A01
200500055896,0,07,000,00,2,1,01,B02
200500055897,0,07,000,13,0,2,01,A01
200500055898,0,07,000,02,0,3,01,A01
200500055899,0,02,000,00,2,1,02,A01
200500055899,0,02,000,00,2,6,14,B02
200500055900,0,07,000,00,0,1,14,A01
200500055900,0,07,000,07,0,1,14,B02
200500055901,0,07,000,00,0,5,01,B02
200500055901,0,05,000,00,2,8,01,A01
200500055902,0,02,000,00,0,8,01,A01
200500055903,0,07,000,00,0,7,01,A01
200500055904,0,07,000,00,2,2,01,A01
200500055904,0,07,000,00,2,8,19,B02
200500055905,0,07,000,00,1,1,01,A01
200500055906,0,05,000,00,0,7,01,A01
200500055906,0,04,000,00,0,4,16,B02
200500055907,0,05,000,00,2,2,17,A01
200500055907,0,07,000,00,2,3,15,B02
200500055907,0,07,000,09,0,1,21,C03
200500055908,0,02,000,00,2,1,13,A01
200500055908,0,07,000,00,2,3,01,B02
200500055908,0,07,000,00,2,3,01,C03
200500055909,0,07,000,00,2,2,02,A01
200500055909,0,02,000,00,2,4,10,B02
200500055910,0,02,000,00,2,1,01,A01
200500055910,0,07,000,00,2,8,01,B02
200500055911,0,07,000,13,0,2,01,A01
200500055912,0,07,000,00,2,7,15,A01
200500055912,0,02,000,00,2,1,01,B02
200500055913,0,07,000,00,2,1,01,B02
200500055913,0,07,000,00,2,3,19,A01
200500055914,0,07,000,13,0,1,14,A01
200500055915,0,07,000,00,1,1,17,A01
200500055916,0,02,000,08,0,1,01,A01
200500055917,0,02,000,00,0,0,01,A01
200500055918,0,07,000,00,2,1,01,A01
200500055918,0,07,000,00,2,1,01,B02
200500055919,0,07,000,00,2,2,19,B02
200500055919,0,07,000,00,2,3,01,A01
200500055920,0,07,000,00,2,3,01,A01
200500055920,0,07,000,00,2,3,15,B02
200500055921,0,07,000,00,0,8,01,A01
200500055922,0,02,000,06,0,8,15,A01
200500055923,0,07,000,00,2,3,01,A01
200500055923,0,07,000,00,2,1,01,B02
200500055924,0,07,000,16,0,9,01,A01
200500055925,0,07,000,06,0,7,02,A01
200500055926,0,07,000,00,9,7,01,A01
200500055926,0,02,000,00,2,1,01,B02
200500055927,0,05,000,00,5,1,01,A01
200500055928,0,07,000,00,2,1,13,A01
200500055928,0,05,000,00,2,1,01,B02
200500055929,0,01,000,00,0,0,01,A01
200500055930,0,07,000,00,1,2,01,A01
200500055931,0,07,000,02,0,3,02,A01
200500055932,0,07,000,00,2,1,01,A01
200500055932,0,07,000,00,2,8,19,B02
200500055933,0,09,000,00,2,1,02,B02
200500055933,0,07,000,00,2,8,19,A01
200500055934,0,07,000,00,2,1,13,A01
200500055934,0,07,000,00,2,1,01,B02
200500055935,0,07,000,00,1,1,02,A01
200500055936,0,07,000,03,2,1,13,A01
200500055936,0,07,000,03,2,1,01,B02
200500055937,0,01,000,00,2,8,13,A01
200500055937,0,07,000,00,2,7,17,B02
200500055938,0,07,000,00,2,3,19,A01
200500055938,0,02,000,00,0,0,00,B02
200500055939,0,02,000,00,2,1,15,B02
200500055939,0,07,000,00,2,2,01,A01
200500055940,0,07,000,00,2,2,01,A01
200500055940,0,01,000,00,2,8,01,B02
200500055941,0,07,000,06,0,3,17,A01
200500055942,0,07,000,00,0,1,00,A01
200500055943,0,07,000,00,0,3,15,A01
200500055943,0,05,000,00,2,3,01,B02
200500055944,0,07,000,00,0,7,15,A01
200500055944,0,02,000,00,0,1,01,B02
200500055945,0,07,000,13,0,1,01,A01
200500055946,0,02,000,00,2,8,19,A01
200500055946,0,09,000,00,2,1,13,B02
200500055946,0,07,000,00,2,3,01,C03
200500055947,0,07,000,02,0,3,13,A01
200500055948,0,07,000,00,1,7,01,A01
200500055949,0,07,000,05,0,2,01,A01
200500055950,0,07,000,04,0,7,19,A01
200500055950,0,17,000,00,0,1,01,B02
200500055951,0,07,000,02,0,7,21,A01
200500055952,0,07,000,02,0,2,01,A01
200500055953,0,07,000,08,0,2,01,A01
200500055953,0,07,000,14,0,1,01,B02
200500055954,0,07,000,00,1,2,01,A01
200500055955,0,05,000,00,2,1,01,A01
200500055955,0,17,000,00,2,2,16,B02
200500055956,0,02,000,12,0,1,01,A01
200500055957,0,07,000,02,2,7,15,A01
200500055957,0,07,000,00,2,1,01,B02
200500055958,0,07,000,01,2,1,02,A01
200500055958,0,02,000,01,2,1,13,B02
200500055959,0,07,000,00,0,1,02,A01
200500055960,0,07,000,00,0,1,00,A01
200500055961,0,07,000,16,0,5,13,A01
200500055962,0,17,000,00,1,2,01,A01
200500055963,0,07,000,03,0,1,13,A01
200500055964,0,07,000,00,1,2,01,A01
200500055965,0,17,000,16,0,7,00,A01
200500055966,0,07,000,00,0,4,23,A01
200500055966,0,17,000,00,2,1,01,B02
200500055967,0,07,000,00,2,3,17,A01
200500055967,0,07,000,00,2,3,01,B02
200500055968,0,07,000,04,0,3,01,A01
200500055969,0,07,000,13,0,1,17,A01
200500055969,0,15,000,00,0,0,00,B02
200500055969,0,07,000,14,0,1,02,C03
200500055970,0,07,000,02,0,1,01,A01
200500055971,0,07,000,13,0,1,01,A01
200500055972,0,07,000,00,2,2,15,A01
200500055972,0,02,000,00,2,1,00,B02
200500055973,0,07,000,02,0,1,01,A01
200500055974,0,07,000,00,2,5,11,A01
200500055974,0,05,000,00,2,1,01,B02
200500055975,0,07,000,00,2,3,02,A01
200500055975,0,05,000,00,2,2,02,B02
200500055976,0,07,000,00,9,1,01,A01
200500055976,0,05,000,00,2,1,01,B02
200500055976,0,07,000,00,2,3,16,D04
200500055977,0,01,000,00,2,4,02,A01
200500055977,0,07,000,00,9,2,02,B02
200500055978,0,07,000,00,2,1,15,A01
200500055978,0,02,000,00,2,2,01,B02
200500055979,0,02,000,12,0,1,02,A01
200500055980,0,07,000,00,9,7,01,A01
200500055980,0,01,000,00,2,8,01,B02
200500055981,0,07,000,00,0,1,00,A01
200500055982,0,14,000,00,2,1,02,A01
200500055982,0,17,000,00,0,4,02,B02
200500055982,0,17,000,00,0,4,02,C03
200500055983,0,07,000,04,0,3,17,A01
200500055984,0,07,000,04,0,3,01,A01
200500055984,0,07,000,00,2,2,01,B02
200500055985,0,07,000,00,0,8,24,A01
200500055985,0,17,000,00,1,2,01,B02
200500055986,0,07,000,04,0,1,21,A01
200500055986,0,07,000,04,2,1,21,B02
200500055987,0,07,000,04,0,0,21,A01
200500055988,0,07,000,00,0,9,01,A01
200500055989,0,07,000,00,2,2,00,A01
200500055989,0,07,000,00,2,6,01,B02
200500055990,0,07,000,00,2,3,02,A01
200500055990,0,17,000,00,2,4,02,B02
200500055991,0,07,000,00,0,1,14,A01
200500055992,0,17,000,00,2,2,02,A01
200500055992,0,17,000,00,0,6,02,B02
200500055993,0,07,000,00,2,1,02,A01
200500055993,0,17,000,00,0,0,02,B02
200500055994,0,07,000,00,2,8,13,A01
200500055994,0,17,000,00,2,8,13,B02
200500055995,1,07,000,00,2,1,02,A01
200500055995,0,07,000,00,0,4,02,B02
200500055996,0,14,000,00,0,1,02,A01
200500055996,0,07,000,00,0,4,02,B02
200500055997,0,07,000,03,2,8,17,A01
200500055997,0,09,000,00,2,8,01,B02
200500055998,0,07,000,00,2,2,02,A01
200500055998,0,17,000,00,0,6,01,B02
200500055999,0,07,000,00,0,4,02,A01
200500055999,0,17,000,00,2,3,02,B02
200500056000,0,07,000,03,0,7,02,A01
200500056000,0,07,000,03,1,1,02,B02
200500056001,0,07,000,00,2,1,02,A01
200500056001,0,07,000,00,2,1,02,B02
200500056001,0,07,000,00,2,1,23,C03
200500056002,0,17,000,01,0,2,14,A01
200500056002,0,14,000,00,2,6,24,B02
200500056003,0,07,000,00,2,2,03,A01
200500056003,0,14,000,03,0,6,01,B02
200500056003,0,07,000,03,0,8,01,C03
200500056003,0,07,000,00,9,2,00,D04
200500056004,0,07,000,04,0,1,23,A01
200500056004,0,07,000,14,0,1,01,B02
200500056005,0,07,000,13,0,7,01,A01
200500056006,0,07,000,04,0,1,01,A01
200500056006,0,07,000,00,2,4,23,B02
200500056007,0,07,000,03,0,1,21,A01
200500056008,0,07,000,04,0,3,11,A01
200500056008,0,07,000,00,2,2,01,B02
200500056009,0,07,000,00,2,1,01,A01
200500056009,0,07,000,00,0,3,01,B02
200500056009,0,07,000,00,0,3,23,C03
200500056009,0,07,000,00,0,1,23,D04
200500056010,0,07,000,00,2,1,01,A01
200500056010,0,07,000,00,2,1,01,B02
200500056011,0,07,000,02,0,1,01,A01
200500056012,0,05,000,00,2,1,13,A01
200500056012,0,07,000,00,2,1,01,B02
200500056013,0,07,000,00,2,1,02,A01
200500056013,0,07,000,00,0,4,14,B02
200500056014,0,07,000,00,2,2,01,A01
200500056014,0,07,000,00,2,1,00,B02
200500056015,0,05,000,12,0,0,01,A01
200500056015,0,07,000,00,0,0,15,B02
200500056016,0,07,000,03,0,1,01,A01
200500056017,0,07,000,13,0,9,00,A01
200500056018,0,07,000,00,2,2,12,A01
200500056018,0,07,000,00,0,6,01,B02
200500056019,0,07,000,03,0,1,01,A01
200500056020,0,07,000,13,0,9,00,A01
200500056021,0,07,000,04,0,3,11,A01
200500056022,0,07,000,00,0,5,00,A01
200500056022,0,05,000,00,2,3,00,B02
200500056023,0,07,000,00,0,0,13,A01
200500056023,0,07,000,00,2,2,21,B02
200500056023,0,08,000,00,0,6,02,C03
200500056024,0,07,000,00,2,4,01,A01
200500056024,0,07,000,00,0,4,11,B02
200500056025,0,07,000,00,2,1,14,A01
200500056025,0,07,000,00,2,4,01,B02
200500056026,0,07,000,00,2,7,00,B02
200500056026,0,07,000,00,2,7,01,C03
200500056027,0,07,000,00,2,3,01,A01
200500056027,0,07,000,00,2,3,15,B02
200500056028,0,05,000,08,0,1,01,A01
200500056029,0,07,000,00,2,2,13,A01
200500056029,0,99,000,00,2,5,01,C03
200500056030,0,17,000,00,2,3,09,A01
200500056030,0,17,000,00,0,5,01,B02
200500056031,0,07,000,06,0,3,01,A01
200500056032,0,07,000,13,0,3,02,A01
200500056033,0,07,000,00,9,2,16,A01
200500056034,0,07,000,02,0,2,00,A01
200500056035,0,04,000,00,2,1,01,A01
200500056035,0,07,000,00,2,6,15,B02
200500056036,0,13,000,00,0,0,00,A01
200500056037,0,07,000,13,0,2,01,A01
200500056038,0,05,000,00,2,1,01,A01
200500056038,0,13,000,00,2,4,02,B02
200500056039,0,05,000,00,0,7,01,A01
200500056040,0,02,000,00,2,3,01,A01
200500056040,0,07,000,00,2,3,01,B02
200500056041,0,07,000,00,0,9,01,A01
200500056042,0,07,000,00,2,3,17,A01
200500056042,0,07,000,00,2,3,01,B02
200500056042,0,07,000,00,2,1,01,C03
200500056043,0,07,000,13,0,2,01,A01
200500056044,0,07,000,00,2,1,01,A01
200500056044,0,07,000,00,0,4,01,B02
200500056044,0,07,000,00,2,2,01,C03
200500056044,0,07,000,00,0,5,01,D04
200500056044,0,07,000,00,2,3,01,E05
200500056044,0,07,000,00,2,8,01,F06
200500056044,0,07,000,00,2,8,01,G07
200500056044,1,07,000,00,2,0,01,H08
200500056045,0,07,000,04,0,1,00,A01
200500056045,0,15,000,00,0,0,01,B02
200500056045,0,15,000,00,0,6,01,C03
200500056045,0,07,000,00,0,1,01,D04
200500056046,0,07,000,00,2,1,02,A01
200500056046,0,16,000,00,0,0,02,B02
200500056047,0,07,000,00,2,4,01,A01
200500056047,0,15,000,00,2,1,01,B02
200500056048,0,07,000,00,9,5,01,A01
200500056048,0,05,000,00,2,1,19,B02
200500056049,0,07,000,02,0,1,01,A01
200500056050,0,07,000,00,0,2,13,A01
200500056051,0,07,000,00,2,8,01,A01
200500056051,0,07,000,00,2,3,12,B02
200500056052,0,15,000,03,0,7,00,A01
200500056053,0,07,000,13,0,2,01,A01
200500056054,0,07,000,00,2,1,01,A01
200500056054,0,15,000,00,2,1,01,B02
200500056055,0,07,000,02,0,1,01,A01
200500056056,0,07,000,00,2,7,15,A01
200500056056,0,05,000,00,2,1,01,B02
200500056057,0,07,000,13,0,1,01,A01
200500056058,0,07,000,00,0,0,01,A01
200500056059,0,07,000,06,2,1,01,A01
200500056059,0,07,000,00,2,3,01,B02
200500056060,0,02,000,00,1,1,21,A01
200500056061,0,07,000,06,0,1,01,A01
200500056062,0,07,000,00,0,4,09,A01
200500056062,0,99,000,00,2,2,14,C03
200500056063,0,05,000,00,0,8,01,A01
200500056064,0,07,000,00,2,6,13,A01
200500056064,0,17,000,00,2,3,01,B02
200500056065,0,07,000,13,0,2,01,A01
200500056066,0,07,000,02,0,1,01,A01
200500056067,0,07,000,00,2,1,01,A01
200500056067,0,07,000,00,2,2,15,B02
200500056068,0,07,000,00,2,1,20,A01
200500056068,0,02,000,00,2,7,01,B02
200500056069,0,07,000,08,0,7,01,A01
200500056070,0,07,000,00,1,3,01,A01
200500056071,0,07,000,00,0,8,23,A01
200500056071,0,07,000,00,2,1,01,B02
200500056072,1,07,000,00,1,0,00,A01
200500056073,0,07,000,03,0,3,17,A01
200500056074,0,07,000,13,0,9,01,A01
200500056075,0,07,000,00,2,3,01,A01
200500056075,0,15,000,00,0,5,01,B02
200500056076,0,07,000,00,2,1,01,A01
200500056076,0,09,000,00,0,4,01,B02
200500056077,0,07,000,00,2,1,01,A01
200500056077,0,07,000,00,2,4,24,B02
200500056077,0,07,000,00,2,4,24,C03
200500056078,0,15,000,00,0,8,16,A01
200500056079,0,15,000,03,0,3,13,A01
200500056079,0,07,000,00,2,3,01,B02
200500056079,0,07,000,14,0,3,21,C03
200500056079,0,07,000,14,0,2,01,D04
200500056080,0,07,000,00,2,5,02,A01
200500056080,0,15,000,00,2,3,02,B02
200500056081,0,15,000,03,0,7,14,A01
200500056082,0,01,000,00,2,0,15,A01
200500056083,0,07,000,15,2,2,01,A01
200500056084,0,07,000,00,2,1,16,A01
200500056084,0,01,000,00,2,1,00,B02
200500056085,0,02,000,00,2,5,00,A01
200500056085,0,07,000,00,9,3,01,B02
200500056086,0,10,000,03,0,1,01,A01
200500056087,0,07,000,03,0,1,01,A01
200500056088,0,07,000,00,2,1,01,A01
200500056088,0,17,000,00,0,6,01,B02
200500056089,0,07,000,00,2,1,02,A01
200500056089,0,07,000,00,2,4,02,B02
200500056089,0,07,000,00,0,4,00,C03
200500056090,0,07,000,00,2,1,01,A01
200500056090,0,07,000,00,2,4,01,B02
200500056091,0,07,000,00,2,1,02,A01
200500056091,0,07,000,00,2,4,02,B02
200500056092,0,07,000,00,2,3,02,A01
200500056092,0,07,000,00,2,4,02,B02
200500056093,0,04,000,06,0,1,01,A01
200500056094,0,07,000,03,0,3,13,A01
200500056095,0,07,000,03,2,6,09,A01
200500056095,0,07,000,00,2,2,12,B02
200500056096,0,17,000,03,2,9,06,A01
200500056096,0,08,000,00,2,7,01,B02
200500056096,0,07,000,00,9,1,01,C03
200500056097,0,07,000,00,0,1,17,A01
200500056098,0,07,000,00,2,1,01,A01
200500056098,0,07,000,00,0,4,01,B02
200500056099,0,07,000,11,0,1,01,A01
200500056100,0,07,000,13,0,1,14,A01
200500056101,0,07,000,04,0,3,01,A01
200500056102,0,07,000,00,2,1,11,A01
200500056102,0,07,000,00,2,1,16,B02
200500056103,0,07,000,13,9,3,01,A01
200500056104,0,05,000,03,0,0,01,A01
200500056105,0,07,000,04,0,3,00,A01
200500056106,0,07,000,00,2,1,17,A01
200500056106,0,07,000,00,2,1,01,B02
200500056107,0,07,000,13,0,3,14,A01
200500056108,0,17,000,00,0,0,02,A01
200500056108,0,07,000,00,0,1,02,B02
200500056109,0,07,000,00,0,3,15,A01
200500056109,0,15,000,00,0,2,01,B02
200500056110,0,07,000,00,0,9,01,A01
200500056111,0,07,000,02,0,1,14,A01
200500056112,0,07,000,03,0,2,05,A01
200500056113,0,07,000,00,0,0,01,A01
200500056114,0,07,000,04,2,3,02,A01
200500056114,0,07,000,03,0,2,02,B02
200500056115,0,07,000,00,2,1,02,A01
200500056115,0,07,000,00,0,4,02,B02
200500056115,0,07,000,00,0,4,02,C03
200500056115,0,07,000,00,2,1,01,D04
200500056115,0,07,000,00,2,1,02,E05
200500056115,0,07,000,00,2,1,02,F06
200500056115,0,17,000,00,2,3,02,G07
200500056116,0,07,000,00,2,1,02,A01
200500056116,0,07,000,00,2,4,23,B02
200500056116,0,07,000,00,2,4,23,C03
200500056116,0,07,000,14,0,4,23,D04
200500056117,0,17,000,03,0,8,01,A01
200500056118,0,05,000,13,0,7,16,A01
200500056119,0,07,000,00,2,2,17,A01
200500056119,0,17,000,00,2,3,01,B02
200500056120,0,05,000,00,9,1,01,A01
200500056121,0,07,000,00,2,3,15,A01
200500056121,0,05,000,00,2,3,01,B02
200500056122,0,05,000,00,2,3,17,A01
200500056122,0,07,000,00,2,3,05,B02
200500056123,0,05,000,00,2,8,15,A01
200500056123,0,05,000,00,2,1,01,B02
200500056123,0,05,000,00,0,0,00,C03
200500056124,0,07,000,00,2,7,15,A01
200500056124,0,05,000,00,2,1,01,B02
200500056125,0,05,000,00,2,2,02,A01
200500056125,0,07,000,00,0,6,01,B02
200500056126,0,07,000,00,2,4,02,A01
200500056126,0,07,000,00,2,4,02,B02
200500056126,0,07,000,00,2,1,02,C03
200500056126,0,07,000,00,2,4,02,D04
200500056127,0,07,000,00,1,1,01,A01
200500056128,0,07,000,00,2,3,19,A01
200500056128,0,02,000,00,2,1,01,B02
200500056129,0,07,000,00,1,1,01,A01
200500056130,0,07,000,02,0,7,17,A01
200500056131,0,17,000,13,0,2,14,A01
200500056132,0,07,000,13,0,2,14,A01
200500056133,0,07,000,03,2,1,01,A01
200500056133,0,09,000,00,2,3,02,B02
200500056134,0,07,000,00,2,1,17,A01
200500056134,0,09,000,00,2,7,17,B02
200500056134,0,15,000,00,2,6,02,C03
200500056135,0,07,000,00,0,5,01,A01
200500056135,0,07,000,00,0,1,00,B02
200500056136,0,05,000,00,2,8,01,A01
200500056136,0,07,000,00,2,7,15,B02
200500056137,0,07,000,00,2,2,00,A01
200500056137,0,05,000,00,2,1,05,B02
200500056138,0,05,000,00,2,8,01,A01
200500056138,0,07,000,00,2,8,13,B02
200500056139,0,07,000,00,2,3,01,A01
200500056139,0,07,000,00,0,0,00,B02
200500056140,0,07,000,00,2,2,01,A01
200500056140,0,07,000,00,2,3,09,B02
200500056141,0,01,000,00,2,1,01,A01
200500056141,1,07,000,00,0,3,00,B02
200500056142,0,99,000,00,1,1,01,A01
200500056143,0,07,000,02,0,7,01,A01
200500056144,0,07,000,00,2,7,12,A01
200500056144,0,17,000,00,0,8,01,B02
200500056145,0,07,000,03,0,2,01,A01
200500056146,0,07,000,00,2,1,15,A01
200500056146,0,07,000,00,2,1,01,B02
200500056147,0,07,000,00,2,1,01,A01
200500056147,0,07,000,00,2,1,13,B02
200500056148,0,07,000,00,2,3,17,A01
200500056148,0,07,000,00,2,3,01,B02
200500056149,0,07,000,00,2,3,15,A01
200500056150,0,07,000,00,2,1,01,A01
200500056150,0,07,000,00,2,7,01,B02
200500056150,0,10,000,00,2,1,01,C03
200500056151,0,07,000,00,2,8,11,A01
200500056151,0,05,000,00,2,7,01,B02
200500056152,0,07,000,00,2,2,15,A01
200500056152,0,07,000,00,2,2,01,B02
200500056153,0,07,000,00,0,0,01,A01
200500056154,0,17,000,00,0,4,01,A01
200500056154,0,07,000,00,0,0,00,B02
200500056155,0,07,000,00,2,8,15,A01
200500056155,0,07,000,00,0,0,00,B02
200500056156,0,05,000,00,5,2,01,A01
200500056157,0,07,000,04,0,1,01,A01
200500056158,0,17,000,00,2,6,01,A01
200500056158,0,17,000,00,2,3,01,B02
200500056159,0,07,000,13,0,7,00,A01
200500056160,0,07,000,00,0,4,02,A01
200500056160,0,07,000,00,2,1,02,B02
200500056160,0,07,000,00,2,1,17,C03
200500056161,0,07,000,03,0,1,01,A01
200500056162,0,07,000,00,2,1,01,A01
200500056162,0,17,000,00,2,0,01,B02
200500056163,0,07,000,12,0,1,01,A01
200500056164,0,07,000,00,0,1,00,A01
200500056165,0,07,000,13,0,1,11,A01
200500056166,0,07,000,00,0,6,09,A01
200500056166,0,07,000,00,2,3,21,B02
200500056167,0,07,000,13,0,1,01,A01
200500056168,0,07,000,02,0,1,01,A01
200500056169,0,05,000,16,0,9,13,A01
200500056170,0,05,000,03,0,1,01,A01
200500056171,0,05,000,03,0,1,01,A01
200500056172,0,12,000,00,0,3,00,A01
200500056172,0,05,000,00,0,1,00,B02
200500056173,0,07,000,00,0,3,00,A01
200500056173,0,02,000,00,0,1,13,B02
200500056174,0,07,000,00,2,1,23,A01
200500056174,0,07,000,00,2,1,23,B02
200500056174,0,17,000,09,2,3,05,C03
200500056175,0,10,000,03,0,3,01,A01
200500056176,0,07,000,00,0,1,02,A01
200500056176,0,09,000,04,0,4,00,B02
200500056177,0,07,000,00,2,1,02,A01
200500056177,0,21,000,00,2,4,02,B02
200500056178,0,07,000,00,2,3,13,A01
200500056178,0,07,000,00,2,3,01,B02
200500056179,0,17,000,00,1,5,15,A01
200500056180,0,07,000,02,0,1,00,A01
200500056181,0,07,000,14,0,1,01,A01
200500056182,0,07,000,03,0,2,01,A01
200500056183,0,07,000,03,0,8,13,A01
200500056184,0,07,000,00,2,1,15,A01
200500056184,0,07,000,00,2,2,01,B02
200500056185,0,07,000,00,6,3,21,A01
200500056186,0,07,000,00,2,2,02,A01
200500056186,0,17,000,00,2,6,02,B02
200500056187,0,07,000,03,0,2,01,A01
200500056187,0,07,000,00,2,5,02,B02
200500056187,0,07,000,00,2,3,02,C03
200500056188,0,07,000,00,2,3,17,A01
200500056188,0,07,000,00,2,1,05,B02
200500056189,0,07,000,04,0,9,01,A01
200500056190,0,07,000,03,0,7,01,A01
200500056191,0,07,000,00,2,3,05,A01
200500056191,0,07,000,00,2,3,01,B02
200500056192,0,07,000,00,2,1,02,A01
200500056192,0,02,000,00,0,4,02,B02
200500056193,0,10,000,00,2,8,11,A01
200500056193,0,07,000,00,2,1,01,B02
200500056194,0,07,000,03,0,3,02,A01
200500056195,0,07,000,03,0,3,00,A01
200500056196,0,15,000,04,0,2,14,A01
200500056197,0,07,000,06,0,2,14,A01
200500056198,0,07,000,11,0,1,01,A01
200500056199,0,07,000,00,0,9,01,A01
200500056200,0,07,000,13,0,2,01,A01
200500056201,0,07,000,03,0,8,13,A01
200500056202,0,07,000,04,0,1,14,A01
200500056203,0,07,000,13,0,1,01,A01
200500056204,0,07,000,00,2,3,01,A01
200500056204,0,07,000,00,2,2,17,B02
200500056205,0,07,000,00,2,2,17,A01
200500056205,0,17,000,00,0,6,01,B02
200500056206,0,17,000,01,0,2,14,A01
200500056206,0,07,000,00,0,6,24,B02
200500056207,0,07,000,04,0,1,01,A01
200500056208,0,07,000,03,0,3,01,A01
200500056208,0,07,000,00,2,2,17,B02
200500056209,0,07,000,00,2,5,17,A01
200500056209,0,07,000,00,2,3,01,B02
200500056210,0,05,000,14,0,9,02,A01
200500056211,0,07,000,00,2,1,01,A01
200500056211,0,07,000,00,0,4,01,B02
200500056212,0,07,000,01,0,1,14,A01
200500056212,0,07,000,00,0,6,24,B02
200500056213,0,07,000,03,0,9,01,A01
200500056214,0,07,000,00,2,8,15,A01
200500056214,0,07,000,00,2,1,01,B02
200500056215,0,02,000,00,2,8,02,A01
200500056216,0,03,000,00,1,0,19,A01
200500056217,0,07,000,00,2,7,01,A01
200500056217,0,07,000,00,2,7,01,B02
200500056218,0,07,000,00,2,2,01,A01
200500056218,0,07,000,00,2,3,16,B02
200500056219,0,07,000,00,2,3,01,A01
200500056219,0,07,000,00,2,2,15,B02
200500056220,0,08,000,16,0,9,01,A01
200500056221,0,07,000,03,0,1,01,A01
200500056222,0,09,000,13,0,1,01,A01
200500056223,0,07,000,00,2,2,17,A01
200500056223,0,02,000,00,2,8,01,B02
200500056224,0,07,000,00,2,1,13,A01
200500056224,0,18,001,00,2,1,01,B02
200500056224,0,02,000,00,2,1,01,C03
200500056225,0,07,000,11,0,1,01,A01
200500056226,0,07,000,01,2,1,13,A01
200500056226,0,07,000,00,2,1,01,B02
200500056226,0,07,000,00,2,1,00,C03
200500056226,0,07,000,00,9,1,00,D04
200500056227,0,07,000,06,0,2,01,A01
200500056228,0,07,000,00,5,1,01,A01
200500056229,0,07,000,00,2,3,15,A01
200500056229,0,07,000,00,0,0,00,B02
200500056230,0,10,000,00,2,1,17,A01
200500056230,0,07,000,00,2,1,01,C03
200500056231,0,07,000,13,0,1,14,A01
200500056232,0,07,000,00,2,8,19,A01
200500056232,0,17,000,00,2,3,01,B02
200500056233,0,07,000,00,2,1,01,A01
200500056233,0,01,000,00,2,1,05,B02
200500056234,0,07,000,00,2,3,13,A01
200500056234,0,07,000,00,2,1,01,B02
200500056235,0,07,000,00,0,8,01,A01
200500056235,1,07,000,00,0,8,13,B02
200500056236,0,07,000,10,0,2,01,A01
200500056237,0,07,000,00,2,6,01,A01
200500056237,0,07,000,00,2,1,01,B02
200500056237,0,07,000,00,2,9,01,C03
200500056237,0,07,000,00,2,9,01,D04
200500056237,0,07,000,00,2,1,13,E05
200500056238,0,07,000,13,0,1,01,A01
200500056239,0,02,000,00,2,1,01,A01
200500056239,0,07,000,00,0,3,19,B02
200500056240,0,05,000,02,0,8,01,A01
200500056241,0,07,000,07,0,1,02,A01
200500056242,0,07,000,03,0,1,01,A01
200500056243,0,07,000,00,2,2,15,A01
200500056243,0,07,000,00,0,3,01,B02
200500056244,0,07,000,00,2,2,15,A01
200500056244,0,07,000,00,2,1,01,B02
200500056245,0,07,000,00,2,3,10,A01
200500056245,0,02,000,00,2,1,17,B02
200500056246,0,07,000,00,2,3,03,A01
200500056246,0,02,000,00,2,1,01,B02
200500056247,0,07,000,02,0,1,01,A01
200500056248,0,07,000,00,1,1,16,A01