Num_Acc,senc,catv,occutc,obs,obsm,choc,manv,num_veh
200500056249,0,07,000,00,2,1,02,A01
200500056249,0,07,000,00,2,1,01,B02
200500056249,0,07,000,00,2,1,01,C03
200500056250,0,07,000,00,2,3,19,A01
200500056250,0,05,000,00,2,1,01,B02
200500056251,0,07,000,00,2,8,19,A01
200500056251,0,02,000,00,2,1,01,B02
200500056252,0,21,000,00,0,2,15,A01
200500056252,0,02,000,00,0,2,01,B02
200500056253,0,20,000,00,2,1,19,A01
200500056253,0,18,001,00,2,7,01,B02
200500056254,0,07,000,13,0,1,01,A01
200500056255,0,07,000,00,0,2,01,A01
200500056255,0,01,000,00,0,4,01,B02
200500056256,0,07,000,00,2,1,13,A01
200500056256,0,07,000,00,2,1,01,B02
200500056256,0,07,000,00,2,2,02,C03
200500056257,0,07,000,00,1,4,20,A01
200500056258,0,07,000,00,2,5,00,B01
200500056258,0,05,000,00,2,1,01,A01
200500056259,0,07,000,00,2,3,01,B01
200500056259,0,01,000,00,2,8,15,A01
200500056260,0,07,000,00,2,7,16,A01
200500056260,0,05,000,00,2,7,15,B01
200500056261,0,07,000,00,0,1,01,A01
200500056261,0,07,000,00,0,4,15,B01
200500056262,0,07,000,02,0,1,13,A01
200500056263,0,02,000,00,2,1,17,A01
200500056263,0,07,000,00,2,1,00,B01
200500056264,0,07,000,00,1,1,00,A01
200500056265,0,05,000,00,2,1,02,A01
200500056265,0,07,000,00,0,6,00,B01
200500056266,0,07,000,00,1,0,00,A01
200500056267,0,07,000,00,2,7,16,A01
200500056267,0,02,000,00,1,0,16,B01
200500056268,0,04,000,00,2,8,01,B01
200500056268,1,07,000,00,0,0,00,A01
200500056269,0,07,000,00,2,1,02,A01
200500056269,0,07,000,00,2,4,23,B01
200500056269,0,07,000,00,2,4,23,C01
200500056270,0,05,000,00,2,7,17,A01
200500056270,0,07,000,00,9,8,13,B01
200500056271,0,07,000,00,2,5,16,A01
200500056271,0,01,000,00,2,1,16,B01
200500056272,0,05,000,00,0,0,01,A01
200500056272,0,07,000,00,0,5,04,B01
200500056272,0,07,000,00,2,0,23,C01
200500056273,0,07,000,00,1,0,01,A01
200500056274,0,05,000,00,2,1,00,B01
200500056274,1,07,000,00,2,0,00,A01
200500056275,0,07,000,00,0,4,23,B01
200500056275,0,07,000,00,0,1,02,A01
200500056276,0,07,000,00,2,1,02,A01
200500056276,0,07,000,08,2,8,02,B01
200500056277,0,10,000,00,2,2,01,A01
200500056277,0,10,000,00,2,3,00,B01
200500056278,1,07,000,00,2,1,01,A01
200500056278,0,07,000,00,0,4,15,B01
200500056279,0,07,000,00,1,1,01,A01
200500056280,0,07,000,00,2,1,02,A01
200500056280,0,20,000,00,0,5,23,B01
200500056281,0,07,000,00,2,1,15,A01
200500056281,0,04,000,00,2,0,01,B01
200500056282,0,05,000,01,1,0,21,A01
200500056283,0,07,000,00,0,1,02,A01
200500056283,0,07,000,00,0,0,02,B01
200500056283,0,07,000,00,0,0,02,C01
200500056283,0,07,000,00,0,0,02,D01
200500056284,0,07,000,00,2,1,02,A01
200500056284,0,07,000,00,2,9,02,B01
200500056284,0,07,000,00,0,4,02,C01
200500056285,0,07,000,00,2,7,15,A01
200500056285,0,05,000,00,2,1,01,B01
200500056286,0,02,000,00,2,0,01,B01
200500056287,0,07,000,04,0,6,01,A01
200500056288,1,05,000,00,1,1,17,A01
200500056289,0,04,000,00,2,1,00,A01
200500056289,0,07,000,00,9,3,00,B01
200500056290,0,07,000,06,2,1,13,A01
200500056290,0,07,000,00,2,1,00,B01
200500056291,0,07,000,09,2,8,16,A01
200500056291,0,17,000,00,2,7,01,B01
200500056292,0,07,000,00,1,1,01,A01
200500056293,0,07,000,00,2,1,01,A01
200500056293,0,05,000,00,2,1,05,B01
200500056294,0,07,000,00,2,3,15,A01
200500056294,0,05,000,00,2,3,01,B01
200500056295,0,07,000,12,2,3,16,A01
200500056295,0,07,000,00,2,2,05,B01
200500056296,0,01,000,00,0,0,21,B01
200500056296,0,01,000,00,0,0,21,C01
200500056296,0,07,000,00,0,0,00,A01
200500056297,1,07,000,00,1,0,00,A01
200500056298,0,07,000,00,2,1,02,A01
200500056298,0,07,000,07,2,4,00,B01
200500056299,0,04,000,00,2,1,07,A01
200500056299,0,07,000,00,0,4,23,B01
200500056300,0,07,000,01,2,1,19,A01
200500056300,0,07,000,01,0,2,19,B01
200500056301,1,07,000,00,2,1,02,A01
200500056301,0,07,000,00,2,4,02,B01
200500056302,0,02,000,00,0,0,00,A01
200500056303,0,07,000,00,2,3,16,A01
200500056303,1,07,000,00,2,0,01,B01
200500056304,0,07,000,00,2,1,02,A01
200500056304,0,07,000,00,0,4,02,B01
200500056305,0,02,000,00,2,1,00,A01
200500056305,0,07,000,00,2,3,15,B01
200500056306,0,02,000,00,1,3,00,A01
200500056307,0,04,000,00,2,1,01,A01
200500056308,0,07,000,00,0,0,00,A01
200500056308,0,04,000,00,0,0,00,B01
200500056309,0,07,000,00,2,3,15,A01
200500056309,0,07,000,00,2,1,01,B01
200500056310,0,07,000,00,2,1,00,A01
200500056310,0,07,000,00,2,3,00,B01
200500056311,0,07,000,00,0,4,23,A01
200500056311,0,05,000,00,2,1,02,B01
200500056312,0,07,000,12,2,1,13,A01
200500056312,0,07,000,00,2,1,01,B01
200500056313,0,07,000,00,2,1,02,A01
200500056313,0,07,000,00,2,4,23,B01
200500056313,0,07,000,00,2,4,23,C01
200500056314,0,02,000,00,2,9,21,A01
200500056315,0,07,000,00,1,5,17,A01
200500056316,0,07,000,00,2,7,16,A01
200500056316,0,02,000,15,2,8,07,B01
200500056317,0,99,000,00,0,0,01,A01
200500056318,0,07,000,08,2,7,15,A01
200500056318,0,07,000,00,2,1,01,B01
200500056319,0,15,000,00,1,7,16,A01
200500056320,0,07,000,00,1,3,00,A01
200500056321,0,05,000,11,0,1,02,A01
200500056322,0,07,000,14,0,0,00,A01
200500056323,0,04,000,00,0,0,00,A01
200500056324,0,07,000,00,1,2,00,A01
200500056325,0,02,000,00,2,1,17,B01
200500056325,0,07,000,00,0,8,01,A01
200500056326,0,07,000,00,1,0,01,A01
200500056327,0,07,000,00,2,3,05,A01
200500056327,0,07,000,00,2,3,16,B01
200500056328,0,07,000,00,0,0,00,A01
200500056329,0,05,000,00,2,8,00,A01
200500056329,1,07,000,00,0,0,00,B01
200500056330,0,07,000,12,0,3,00,A01
200500056331,0,07,000,00,1,0,19,A01
200500056332,2,07,000,00,2,3,12,A01
200500056332,0,07,000,00,2,5,23,B01
200500056333,0,02,000,00,2,1,15,A01
200500056333,0,05,000,01,2,1,01,B01
200500056334,0,05,000,00,2,8,00,B01
200500056334,0,07,000,00,2,6,15,A01
200500056335,0,05,000,00,0,0,00,A01
200500056336,0,04,000,00,0,0,01,A01
200500056337,0,10,000,00,0,4,23,B01
200500056337,1,10,000,14,0,1,02,A01
200500056338,0,07,000,00,2,1,05,A01
200500056338,0,07,000,00,2,1,00,B01
200500056339,0,07,000,00,9,6,15,A01
200500056339,0,05,000,00,2,1,03,B01
200500056340,0,04,000,00,2,1,01,A01
200500056340,0,07,000,00,2,6,10,B01
200500056341,0,07,000,00,2,3,04,A01
200500056341,0,07,000,00,2,0,01,B01
200500056342,2,07,000,04,1,1,14,A01
200500056343,0,07,000,00,1,4,04,A01
200500056344,0,07,000,09,2,1,21,A01
200500056345,0,07,000,00,9,0,15,A01
200500056345,0,05,000,00,0,1,00,B01
200500056346,0,07,000,00,0,5,13,A01
200500056346,0,01,000,00,2,1,09,B01
200500056347,0,07,000,00,2,1,02,A01
200500056347,0,07,000,00,0,4,23,B01
200500056348,0,05,000,00,2,1,00,A01
200500056348,0,05,000,00,2,1,01,B01
200500056349,0,07,000,00,2,3,00,B01
200500056349,0,04,000,00,2,0,15,A01
200500056350,0,02,000,00,2,7,02,A01
200500056350,1,07,000,00,0,0,00,B01
200500056351,0,07,000,00,2,2,15,A01
200500056351,0,04,000,00,2,8,01,B01
200500056352,0,07,000,00,0,0,00,A01
200500056352,0,07,000,00,1,0,00,B01
200500056352,0,07,000,00,0,0,00,C01
200500056353,1,07,000,00,0,0,00,A01
200500056354,2,07,000,02,0,7,13,A01
200500056355,0,04,000,01,0,0,07,A01
200500056356,0,07,000,00,2,3,02,A01
200500056356,0,07,000,00,2,7,02,B01
200500056357,0,04,000,00,2,0,07,A01
200500056357,0,07,000,00,2,2,16,B01
200500056358,0,18,000,00,0,0,00,A01
200500056359,1,07,000,00,0,0,00,A01
200500056360,2,07,000,01,2,1,01,A01
200500056360,0,07,000,00,0,4,01,B01
200500056361,0,07,000,00,2,2,15,A01
200500056361,0,02,000,00,2,1,01,B01
200500056362,0,07,000,00,2,3,16,A01
200500056362,0,02,000,00,2,0,00,B01
200500056363,1,07,000,00,1,1,18,A01
200500056364,0,07,000,08,0,1,14,A01
200500056365,0,07,000,00,0,7,23,A01
200500056365,2,07,000,00,0,1,08,B01
200500056366,1,07,000,00,2,1,01,A01
200500056366,0,07,000,00,2,4,02,B01
200500056367,1,07,000,00,2,0,00,A01
200500056367,0,07,000,00,1,1,00,B01
200500056368,0,07,000,00,2,2,15,A01
200500056368,0,05,000,00,2,1,01,B01
200500056369,0,05,000,00,0,0,00,A01
200500056370,0,07,000,01,2,3,13,A01
200500056370,0,07,000,00,2,8,01,B01
200500056371,0,07,000,00,1,1,01,A01
200500056372,0,07,000,00,2,1,02,A01
200500056372,0,07,000,00,0,4,02,B01
200500056373,0,07,000,00,2,1,02,A01
200500056373,0,07,000,00,2,4,02,B01
200500056374,0,05,000,00,2,1,01,A01
200500056374,0,07,000,00,2,3,10,B01
200500056375,0,07,000,00,2,8,15,A01
200500056375,0,02,000,00,2,7,17,B01
200500056376,1,07,000,00,1,0,01,A01
200500056377,0,07,000,00,2,1,01,A01
200500056377,0,07,000,00,2,8,10,B01
200500056378,0,07,000,00,0,0,00,A01
200500056379,0,07,000,02,1,1,01,A01
200500056380,1,07,000,00,2,1,02,A01
200500056380,0,07,000,00,2,4,02,B01
200500056381,0,07,000,00,2,1,19,A01
200500056381,0,07,000,00,0,7,00,B01
200500056382,0,07,000,00,1,7,00,A01
200500056383,0,14,000,01,0,9,14,A01
200500056384,2,07,000,00,1,1,01,A01
200500056385,0,07,000,00,2,0,10,A01
200500056385,0,07,000,00,2,0,00,B01
200500056386,1,07,000,00,2,3,00,A01
200500056386,0,07,000,00,2,7,00,B01
200500056387,0,04,000,00,0,0,00,A01
200500056388,0,04,000,00,0,0,00,A01
200500056389,1,07,000,00,0,0,00,A01
200500056389,0,01,000,00,0,0,02,B01
200500056390,0,07,000,00,2,2,15,A01
200500056390,0,05,000,00,2,2,01,B01
200500056391,0,07,000,00,1,4,19,A01
200500056392,0,07,000,00,2,1,10,A01
200500056392,0,04,000,00,2,1,00,B01
200500056393,0,05,000,00,9,1,00,B01
200500056393,1,99,000,00,0,0,00,A01
200500056394,1,07,000,00,2,1,01,A01
200500056394,0,04,000,00,2,1,01,B01
200500056395,0,07,000,00,2,2,00,A01
200500056395,0,04,000,00,2,1,01,B01
200500056396,0,07,000,00,1,1,01,A01
200500056397,0,07,000,00,0,0,00,A01
200500056398,0,07,000,00,2,3,13,A01
200500056398,0,07,000,00,2,3,01,B01
200500056399,0,01,000,00,2,4,02,A01
200500056400,0,04,000,01,2,3,19,B01
200500056401,0,07,000,00,2,3,15,A01
200500056401,0,05,000,00,2,7,00,B01
200500056402,0,07,000,00,2,3,15,A01
200500056402,0,05,000,02,2,1,01,B01
200500056403,2,07,000,00,2,7,15,A01
200500056403,0,07,000,00,2,1,01,B01
200500056404,0,07,000,01,2,8,05,A01
200500056404,0,07,000,00,2,8,05,B01
200500056405,0,07,000,00,2,2,15,A01
200500056405,0,04,000,00,2,1,01,B01
200500056406,0,07,000,00,2,3,09,A01
200500056406,0,02,000,00,2,2,02,B01
200500056407,1,07,000,00,1,1,17,A01
200500056408,1,07,000,00,2,1,09,A01
200500056408,0,04,000,00,2,9,00,B01
200500056409,0,04,000,00,2,1,00,A01
200500056409,0,07,000,00,2,2,01,B01
200500056410,0,99,000,00,1,4,04,A01
200500056411,1,02,000,00,1,1,00,A01
200500056412,0,07,000,00,9,0,00,A01
200500056412,0,01,000,00,0,0,00,B01
200500056413,0,07,000,06,0,2,14,A01
200500056414,0,07,000,00,2,4,00,C01
200500056414,0,07,000,00,2,1,01,A01
200500056414,0,07,000,00,2,4,23,B01
200500056415,0,07,000,00,0,0,00,A01
200500056415,0,02,000,00,0,0,00,B01
200500056416,0,07,000,00,0,0,00,A01
200500056417,0,07,000,00,0,4,23,A01
200500056417,1,07,000,00,0,0,00,B01
200500056418,0,07,000,00,2,8,01,A01
200500056418,0,07,000,03,2,9,12,B01
200500056419,0,07,000,00,0,0,10,A01
200500056419,0,02,000,00,0,0,00,B01
200500056420,0,07,000,00,0,0,00,A01
200500056421,0,10,000,00,2,1,02,A01
200500056421,0,07,000,00,2,4,23,B01
200500056422,0,05,000,00,0,0,00,A01
200500056422,0,07,000,00,0,0,00,B01
200500056423,2,07,000,00,2,1,09,A01
200500056424,1,07,000,00,2,8,13,A01
200500056424,0,04,000,00,0,8,14,B01
200500056425,0,07,000,00,1,1,01,A01
200500056426,0,07,000,00,1,1,01,A01
200500056427,0,07,000,00,1,1,01,A01
200500056428,0,07,000,00,2,7,15,A01
200500056428,0,07,000,00,2,2,15,B01
200500056429,0,05,000,14,0,0,00,A01
200500056430,0,05,000,01,2,8,00,A01
200500056430,1,07,000,00,2,3,16,B01
200500056431,0,07,000,00,2,1,00,A01
200500056431,0,07,000,00,0,1,00,B01
200500056432,0,07,000,00,0,0,00,C01
200500056432,0,07,000,00,0,0,00,D01
200500056432,0,07,000,00,0,0,00,B01
200500056432,0,02,000,14,0,0,00,A01
200500056433,0,07,000,00,1,4,04,A01
200500056434,1,07,000,00,0,0,00,A01
200500056435,0,04,000,00,0,0,00,C01
200500056435,0,02,000,00,0,2,17,B01
200500056435,0,07,000,00,2,8,00,A01
200500056436,1,07,000,00,0,0,00,A01
200500056436,0,02,000,00,0,0,00,B01
200500056437,0,02,000,00,2,0,17,A01
200500056437,0,07,000,00,2,3,16,B01
200500056438,0,07,000,00,0,0,00,A01
200500056439,1,07,000,00,1,7,01,A01
200500056440,2,07,000,00,0,0,00,A01
200500056440,0,02,000,00,2,4,01,B01
200500056441,1,02,000,00,1,1,00,A01
200500056442,0,07,000,00,1,2,02,A01
200500056443,0,07,000,00,2,6,01,A01
200500056443,0,07,000,00,2,2,15,B01
200500056444,0,07,000,01,0,5,02,B01
200500056444,0,04,000,00,2,0,02,A01
200500056445,0,07,000,00,2,3,21,A01
200500056445,0,04,000,00,2,1,00,B01
200500056446,0,07,000,00,2,1,00,A01
200500056446,0,07,000,00,0,4,23,B01
200500056447,1,07,000,00,2,3,10,A01
200500056447,0,02,000,00,2,5,01,B01
200500056448,0,05,000,00,9,9,01,A01
200500056449,0,07,000,08,0,2,14,A01
200500056450,0,07,000,00,2,4,02,C01
200500056450,0,07,000,00,2,0,02,B01
200500056450,0,07,000,00,2,1,02,A01
200500056450,0,07,000,00,0,0,00,D01
200500056451,0,07,000,08,0,1,21,A01
200500056452,0,07,000,00,2,7,00,A01
200500056452,0,04,000,00,2,8,00,B01
200500056453,0,07,000,00,0,3,00,A01
200500056453,1,07,000,00,2,1,00,B01
200500056454,1,06,000,00,2,1,02,A01
200500056454,0,07,000,00,2,4,02,B01
200500056455,1,07,000,00,2,1,01,A01
200500056455,0,04,000,00,2,4,01,B01
200500056456,0,07,000,00,2,4,04,A01
200500056456,0,04,000,00,2,0,00,B01
200500056457,0,02,000,16,0,1,01,A01
200500056458,0,02,000,07,0,0,00,A01
200500056459,0,07,000,00,2,1,15,A01
200500056459,0,05,000,00,2,1,00,B01
200500056460,0,05,000,00,0,0,00,B01
200500056461,0,07,000,00,0,4,02,B01
200500056461,0,02,000,00,2,1,02,A01
200500056462,0,07,000,00,2,1,05,A01
200500056462,0,07,000,00,2,3,00,B01
200500056463,0,07,000,00,1,2,01,A01
200500056464,0,07,000,08,2,1,02,B01
200500056464,0,07,000,00,2,2,02,A01
200500056465,0,02,000,00,0,0,01,A01
200500056466,1,04,000,00,1,0,05,A01
200500056467,0,07,000,00,2,3,15,A01
200500056467,0,05,000,00,2,7,17,B01
200500056468,1,07,000,00,2,1,00,A01
200500056468,0,07,000,00,2,1,09,B01
200500056469,0,07,000,00,9,2,01,A01
200500056469,0,01,000,00,2,1,05,B01
200500056470,0,01,000,00,2,3,02,A01
200500056471,0,07,000,00,2,7,09,A01
200500056471,0,04,000,00,2,8,01,B01
200500056472,0,07,000,00,1,2,01,A01
200500056473,2,07,000,00,2,1,01,A01
200500056473,0,07,000,00,0,4,01,B01
200500056474,0,07,000,00,0,0,00,B01
200500056474,0,07,000,00,2,1,09,A01
200500056475,0,07,000,08,0,0,00,A01
200500056476,1,07,000,00,1,0,00,A01
200500056477,0,07,000,00,2,1,15,A01
200500056477,0,04,000,00,2,1,01,B01
200500056478,1,07,000,00,2,1,00,A01
200500056479,1,07,000,00,0,0,00,A01
200500056480,0,07,000,00,2,1,05,A01
200500056480,0,07,000,00,2,1,00,C01
200500056480,0,07,000,00,2,1,00,B01
200500056481,0,07,000,00,2,1,01,A01
200500056481,0,07,000,00,2,3,13,B01
200500056482,0,07,000,00,0,0,00,A01
200500056483,0,07,000,00,1,0,01,A01
200500056484,0,01,000,00,0,0,00,A01
200500056485,0,07,000,00,0,4,02,A01
200500056485,1,07,000,00,2,1,00,B01
200500056486,1,05,000,00,2,8,00,A01
200500056486,0,07,000,00,0,8,24,C01
200500056486,0,07,000,00,2,8,02,B01
200500056487,0,07,000,00,2,2,01,B01
200500056487,0,02,000,00,0,1,19,A01
200500056488,2,07,000,00,2,1,02,A01
200500056488,0,07,000,00,2,4,02,B01
200500056489,0,99,000,00,2,3,01,A01
200500056489,0,07,000,00,2,1,02,B01
200500056490,0,07,000,00,2,3,01,B01
200500056490,0,07,000,00,2,1,13,A01
200500056490,0,07,000,00,0,0,23,C01
200500056491,1,07,000,00,0,0,00,A01
200500056491,0,05,000,00,0,8,01,B01
200500056492,1,04,000,00,1,0,00,A01
200500056493,0,07,000,00,2,8,01,A01
200500056493,0,07,000,00,2,1,01,B01
200500056494,0,07,000,00,2,3,05,B01
200500056494,0,07,000,00,2,1,13,A01
200500056495,1,07,000,00,0,4,04,A01
200500056496,0,07,000,15,0,1,21,A01
200500056497,1,02,000,00,1,1,00,A01
200500056498,1,07,000,00,2,1,00,A01
200500056498,0,07,000,00,2,4,00,B01
200500056499,0,07,000,00,2,3,00,A01
200500056499,0,07,000,00,2,8,15,B01
200500056500,0,05,000,00,0,2,01,A01
200500056501,1,07,000,00,1,1,00,A01
200500056502,0,05,000,00,1,1,01,A01
200500056503,0,07,000,00,2,2,02,A01
200500056503,0,07,000,00,2,6,00,B01
200500056504,0,05,000,00,2,1,01,B01
200500056504,0,02,000,00,2,7,01,A01
200500056505,0,07,000,00,2,2,00,B01
200500056505,0,05,000,00,2,8,01,A01
200500056506,0,07,000,00,2,4,01,B01
200500056506,0,07,000,00,2,1,01,A01
200500056507,1,07,000,00,1,1,00,A01
200500056508,0,07,000,09,2,1,00,B01
200500056508,0,04,000,00,2,1,05,A01
200500056509,0,07,000,00,2,0,01,B01
200500056509,0,07,000,00,2,2,15,A01
200500056510,0,05,000,00,0,1,16,A01
200500056510,0,07,000,00,0,6,02,B01
200500056511,2,07,000,00,2,0,00,A01
200500056511,0,04,000,00,2,0,00,B01
200500056512,0,07,000,00,2,1,01,B01
200500056512,0,07,000,00,2,7,01,A01
200500056513,0,07,000,00,0,6,02,B01
200500056513,1,07,000,00,0,0,04,A01
200500056514,0,07,000,00,2,1,02,A01
200500056514,0,07,000,00,0,4,23,B01
200500056515,0,20,000,00,1,4,00,A01
200500056516,2,07,000,02,1,2,00,A01
200500056517,1,07,000,00,2,2,17,A01
200500056517,0,07,000,06,0,6,02,B01
200500056518,0,07,000,00,0,4,23,C01
200500056518,0,07,000,14,0,4,23,B01
200500056518,0,07,000,14,0,1,01,A01
200500056519,0,07,000,00,2,2,15,A01
200500056519,0,05,000,00,2,1,00,B01
200500056520,0,07,000,00,2,3,00,A01
200500056520,0,04,000,00,2,0,01,B01
200500056521,0,05,000,00,0,0,01,A01
200500056522,0,07,000,00,0,4,02,B01
200500056522,0,07,000,00,2,1,02,A01
200500056523,0,07,000,00,2,3,01,A01
200500056523,0,04,000,00,2,1,01,B01
200500056524,0,04,000,00,2,1,02,B01
200500056524,0,07,000,00,2,6,04,A01
200500056525,0,07,000,00,2,3,23,B01
200500056525,0,02,000,00,2,1,16,A01
200500056526,1,07,000,00,0,4,04,A01
200500056527,0,04,000,00,0,8,01,B01
200500056527,0,07,000,00,2,0,19,A01
200500056528,0,07,000,00,2,3,01,B01
200500056528,0,07,000,15,2,6,15,A01
200500056529,0,04,000,00,2,7,02,B01
200500056529,0,10,000,00,2,8,10,A01
200500056530,0,04,000,00,2,1,17,B01
200500056530,0,10,000,00,2,3,15,A01
200500056531,0,04,000,00,2,7,01,B01
200500056531,0,07,000,00,2,3,09,A01
200500056532,0,07,000,00,2,6,11,A01
200500056532,0,04,000,00,2,7,01,B01
200500056533,0,07,000,00,2,4,23,B01
200500056533,0,04,000,00,2,1,21,A01
200500056534,0,07,000,00,9,1,01,B01
200500056534,0,01,000,00,2,1,15,A01
200500056535,0,07,000,00,2,5,01,B01
200500056535,0,07,000,00,2,2,01,A01
200500056536,0,07,000,00,1,2,15,A01
200500056537,0,07,000,00,2,4,01,B01
200500056537,0,07,000,00,2,1,01,A01
200500056537,0,07,000,00,0,4,01,C01
200500056538,0,07,000,00,1,0,00,A01
200500056539,0,07,000,01,0,1,14,A01
200500056540,0,07,000,01,0,3,01,A01
200500056541,0,07,000,00,2,3,00,B01
200500056541,0,07,000,00,2,3,05,A01
200500056542,0,07,000,00,1,2,01,A01
200500056543,0,07,000,00,2,1,02,A01
200500056543,0,07,000,00,0,4,23,C01
200500056543,0,07,000,00,2,4,23,B01
200500056544,1,07,000,00,2,1,00,A01
200500056544,0,07,000,00,2,4,01,B01
200500056545,0,07,000,00,2,5,02,B01
200500056545,0,05,000,03,2,8,02,A01
200500056546,1,07,000,00,1,1,01,A01
200500056547,0,02,000,00,0,0,02,A01
200500056548,0,07,000,00,2,1,01,B01
200500056548,0,07,000,00,2,3,15,A01
200500056549,1,99,000,00,1,1,00,A01
200500056550,0,05,000,00,0,8,02,A01
200500056551,0,07,000,00,0,3,01,B01
200500056551,0,07,000,00,0,7,01,A01
200500056552,0,05,000,00,2,1,01,B01
200500056552,0,07,000,00,2,2,15,A01
200500056553,0,07,000,00,0,1,01,B01
200500056553,0,07,000,00,2,1,05,A01
200500056554,0,04,000,00,2,4,01,B01
200500056554,1,07,000,00,2,0,01,C01
200500056554,0,02,000,12,0,1,01,A01
200500056555,0,07,000,00,1,1,01,A01
200500056556,0,07,000,00,0,1,00,B01
200500056556,0,07,000,00,0,8,01,A01
200500056557,1,07,000,00,2,1,00,A01
200500056557,0,04,000,00,2,1,00,B01
200500056558,0,07,000,00,2,3,01,A01
200500056558,0,07,000,00,2,2,01,B01
200500056559,1,07,000,00,2,1,00,A01
200500056559,0,07,000,00,2,4,01,B01
200500056560,0,07,000,00,2,1,01,B01
200500056560,0,07,000,00,2,2,13,A01
200500056561,0,07,000,00,2,3,01,B01
200500056561,0,07,000,02,2,5,12,A01
200500056562,0,07,000,00,2,2,01,A01
200500056562,0,07,000,00,2,4,01,B01
200500056563,0,07,000,00,2,3,19,B01
200500056563,0,05,000,00,2,1,17,A01
200500056564,0,13,000,00,2,4,02,A01
200500056564,0,07,000,00,2,4,02,C01
200500056564,0,07,000,00,2,9,02,B01
200500056565,0,10,000,00,1,4,04,A01
200500056566,0,10,000,00,1,5,01,A01
200500056567,0,07,000,00,2,6,02,B01
200500056567,0,07,000,00,2,1,02,A01
200500056568,0,15,000,00,2,3,01,B01
200500056568,0,15,000,00,2,3,05,A01
200500056569,0,07,000,00,1,5,07,A01
200500056570,0,07,000,00,2,1,02,A01
200500056570,0,05,000,00,2,4,01,B01
200500056571,1,06,000,00,0,0,00,A01
200500056571,0,07,000,00,2,4,02,B01
200500056572,0,07,000,00,2,1,00,B01
200500056572,0,99,000,00,2,1,00,A01
200500056573,0,07,000,00,1,1,01,A01
200500056574,0,04,000,00,1,1,01,A01
200500056575,0,04,000,00,2,0,01,A01
200500056575,0,07,000,00,9,0,15,B01
200500056576,0,04,000,00,0,0,03,A01
200500056577,0,07,000,00,1,1,01,B01
200500056577,0,07,000,00,1,4,01,A01
200500056578,0,07,000,00,0,4,02,B01
200500056578,0,04,000,00,0,1,02,A01
200500056579,0,02,000,00,0,0,01,A01
200500056580,0,07,000,00,2,1,02,A01
200500056580,0,07,000,00,2,4,02,B01
200500056581,0,05,000,00,1,1,00,A01
200500056582,1,07,000,00,1,1,12,A01
200500056583,0,07,000,00,2,5,01,B01
200500056583,1,07,000,00,2,1,00,A01
200500056584,0,07,000,00,2,1,01,B01
200500056584,0,07,000,00,2,3,01,A01
200500056585,0,07,000,00,1,1,16,A01
200500056586,0,18,028,00,1,2,00,A01
200500056587,0,02,000,00,0,7,00,A01
200500056587,0,07,000,00,0,3,02,B01
200500056588,0,07,000,00,2,1,02,B01
200500056588,0,05,000,00,2,4,01,A01
200500056589,0,07,000,00,1,4,04,A01
200500056590,0,07,000,00,2,1,01,A01
200500056590,0,07,000,00,2,8,01,B01
200500056591,0,07,000,00,2,4,01,B01
200500056591,0,07,000,00,2,1,02,A01
200500056592,0,10,000,00,2,3,00,A01
200500056592,0,04,000,00,2,1,02,B01
200500056593,0,07,000,00,2,2,01,B01
200500056593,0,07,000,00,2,7,15,A01
200500056594,0,07,000,00,1,3,01,A01
200500056595,0,07,000,12,0,2,16,A01
200500056596,0,02,000,00,2,1,01,B01
200500056596,0,07,000,00,9,5,15,A01
200500056597,0,05,000,00,2,9,01,B01
200500056597,0,07,000,00,2,7,10,A01
200500056598,0,07,000,00,2,4,01,A01
200500056599,0,10,000,00,1,3,16,A01
200500056600,0,07,000,00,2,1,01,B01
200500056600,0,04,000,00,2,1,05,A01
200500056601,0,07,000,00,2,2,15,A01
200500056601,0,13,000,00,2,2,15,B01
200500056602,0,07,000,00,2,7,15,B01
200500056602,0,18,015,00,2,1,01,A01
200500056603,1,07,000,00,0,0,00,A01
200500056604,0,07,000,00,1,1,02,A01
200500056605,0,07,000,00,2,1,01,A01
200500056605,0,05,000,00,2,8,19,B01
200500056606,1,07,000,00,0,0,00,A01
200500056606,0,01,000,00,2,8,00,B01
200500056607,0,02,000,00,0,1,17,A01
200500056607,0,07,000,00,0,3,15,B01
200500056608,0,05,000,00,2,7,15,B01
200500056608,0,07,000,00,2,3,10,A01
200500056609,0,07,000,00,0,0,00,A01
200500056609,0,02,000,00,0,0,00,B01
200500056610,0,07,000,00,1,2,01,A01
200500056611,0,07,000,08,2,2,00,A01
200500056611,0,07,000,00,2,2,02,B01
200500056612,0,07,000,00,0,8,01,A01
200500056612,0,07,000,00,0,1,01,B01
200500056613,0,07,000,00,1,2,01,A01
200500056614,1,07,000,00,0,1,00,A01
200500056614,0,02,000,00,2,1,00,B01
200500056615,0,07,000,00,2,1,02,A01
200500056615,0,10,000,00,0,4,15,B01
200500056616,0,05,000,00,0,0,00,A01
200500056617,0,18,001,08,0,1,02,A01
200500056618,0,07,000,00,2,1,19,A01
200500056618,0,07,000,00,2,7,02,B01
200500056619,0,07,000,00,2,1,19,A01
200500056619,0,01,000,00,2,7,02,B01
200500056620,0,07,000,01,0,1,02,A01
200500056620,0,17,000,00,0,4,02,B01
200500056621,0,99,000,00,0,8,17,B01
200500056621,0,10,000,00,2,3,16,A01