Num_Acc,senc,catv,occutc,obs,obsm,choc,manv,num_veh
200500056622,0,07,000,00,2,1,01,A01
200500056622,0,07,000,00,2,8,01,B01
200500056623,0,07,000,00,2,1,15,A01
200500056623,0,07,000,00,2,3,01,B01
200500056624,0,07,000,00,2,1,01,A01
200500056624,0,07,000,00,0,4,23,B01
200500056625,0,07,000,00,2,3,01,A01
200500056625,0,04,000,00,2,2,01,B01
200500056626,0,07,000,00,2,8,10,A01
200500056626,0,07,000,00,2,7,01,B01
200500056627,0,02,000,00,2,3,01,A01
200500056627,0,02,000,00,2,2,02,B01
200500056628,0,07,000,00,2,2,15,A01
200500056628,0,07,000,00,2,3,02,B01
200500056629,0,07,000,00,2,2,17,A01
200500056629,0,07,000,00,0,4,01,B01
200500056630,0,17,000,00,0,7,14,A01
200500056631,0,07,000,13,2,2,13,A01
200500056631,0,07,000,00,2,3,23,B01
200500056632,0,07,000,00,2,1,17,A01
200500056632,0,07,000,00,2,3,01,B01
200500056633,0,07,000,00,2,1,13,A01
200500056633,0,07,000,00,2,1,01,B01
200500056634,0,07,000,16,0,9,14,A01
200500056635,0,15,000,02,0,1,01,A01
200500056636,0,07,000,13,2,3,13,A01
200500056636,0,13,000,00,2,3,01,B01
200500056637,0,05,000,04,0,8,01,A01
200500056638,0,07,000,00,2,2,15,A01
200500056638,0,02,000,00,2,1,01,B01
200500056639,0,02,000,00,2,2,13,A01
200500056639,0,07,000,00,2,2,01,B01
200500056639,0,07,000,00,9,1,01,C01
200500056640,0,02,000,11,9,1,01,A01
200500056641,0,07,000,00,2,6,15,A01
200500056641,0,02,000,00,2,2,01,B01
200500056642,0,10,000,00,1,2,16,A01
200500056643,0,07,000,14,0,3,02,A01
200500056643,0,15,000,00,0,0,00,B01
200500056644,0,04,000,00,0,0,01,A01
200500056645,0,07,000,00,2,1,02,A01
200500056645,0,07,000,00,0,4,23,C01
200500056645,0,07,000,01,1,1,23,B01
200500056646,0,07,000,13,0,1,01,A01
200500056647,0,07,000,00,2,1,02,A01
200500056647,0,07,000,00,2,4,01,B01
200500056648,0,07,000,00,2,5,15,A01
200500056648,0,05,000,00,2,1,01,B01
200500056649,0,07,000,00,1,1,15,A01
200500056650,0,07,000,01,2,1,01,B01
200500056650,0,07,000,13,2,7,19,A01
200500056650,0,07,000,00,2,1,23,C01
200500056651,0,07,000,01,2,1,17,A01
200500056652,0,07,000,00,2,1,13,A01
200500056652,0,07,000,00,2,3,02,B01
200500056653,0,07,000,00,2,1,15,A01
200500056653,0,07,000,00,2,1,02,B01
200500056654,0,07,000,00,2,2,15,A01
200500056654,0,05,000,00,2,3,05,B01
200500056655,0,17,000,00,2,2,02,A01
200500056655,0,18,005,00,2,3,02,B01
200500056656,1,04,000,00,1,2,17,A01
200500056657,0,07,000,00,2,3,17,A01
200500056657,0,07,000,00,2,3,01,B01
200500056658,0,05,000,00,2,0,19,A01
200500056658,0,07,000,00,2,1,21,B01
200500056659,0,07,000,00,2,0,15,A01
200500056659,0,05,000,00,2,0,21,B01
200500056660,0,07,000,00,2,4,15,B01
200500056660,0,02,000,00,2,1,01,A01
200500056661,0,07,000,00,2,3,15,A01
200500056661,0,07,000,00,2,3,02,B01
200500056662,0,01,000,00,2,1,01,B01
200500056662,0,05,000,00,2,1,01,A01
200500056663,0,02,000,00,1,1,01,A01
200500056664,0,07,000,00,2,2,15,A01
200500056664,0,07,000,00,2,1,01,B01
200500056665,0,07,000,13,0,1,19,A01
200500056666,0,02,000,00,2,5,00,A01
200500056666,0,07,000,00,2,3,00,B01
200500056667,0,07,000,00,2,7,01,A01
200500056667,0,07,000,00,2,1,01,B01
200500056668,0,07,000,00,1,3,01,A01
200500056669,0,07,000,00,1,2,01,A01
200500056670,0,05,000,00,2,1,13,A01
200500056670,0,07,000,00,2,8,01,B01
200500056671,0,07,000,00,1,2,01,A01
200500056672,0,07,000,00,2,7,01,B01
200500056672,0,07,000,00,2,1,01,A01
200500056673,0,05,000,01,2,1,01,A01
200500056673,0,07,000,00,2,4,20,B01
200500056674,0,02,000,14,0,1,01,A01
200500056675,0,99,000,00,2,2,19,A01
200500056675,0,07,000,00,2,3,01,B01
200500056676,0,01,000,00,1,8,01,A01
200500056677,0,07,000,00,2,3,15,A01
200500056677,0,05,000,00,0,8,02,B01
200500056678,0,05,000,00,2,8,19,A01
200500056678,0,07,000,00,2,1,01,B01
200500056679,0,05,000,00,2,2,02,A01
200500056679,0,17,000,00,2,6,02,B01
200500056680,0,99,000,00,2,1,01,B01
200500056680,0,07,000,02,2,8,19,A01
200500056681,0,07,000,00,2,1,00,A01
200500056681,0,07,000,00,0,3,00,B01
200500056681,0,07,000,00,0,1,00,C01
200500056682,0,07,000,00,2,5,15,A01
200500056682,0,01,000,00,0,1,05,B01
200500056683,0,02,000,00,2,1,01,B01
200500056683,0,07,000,00,2,2,01,A01
200500056684,0,01,000,00,1,1,05,A01
200500056685,0,07,000,00,1,0,00,A01
200500056686,0,04,000,15,0,2,01,A01
200500056687,0,05,000,08,0,9,13,A01
200500056688,0,18,001,00,1,2,02,A01
200500056689,0,07,000,00,2,1,01,A01
200500056689,0,18,001,00,2,1,01,B01
200500056690,0,07,000,00,0,5,02,B01
200500056690,0,04,000,00,2,1,02,A01
200500056691,0,07,000,00,2,3,09,A01
200500056691,0,04,000,00,2,9,00,B01
200500056692,0,01,000,00,2,1,01,A01
200500056692,0,07,000,00,0,0,02,B01
200500056693,0,07,000,00,0,7,13,A01
200500056693,0,07,000,00,0,3,01,B01
200500056694,0,02,000,00,2,9,01,B01
200500056694,0,07,000,00,2,7,01,A01
200500056695,0,07,000,00,2,2,15,A01
200500056695,0,02,000,00,2,1,01,B01
200500056696,0,07,000,00,2,3,15,A01
200500056696,0,02,000,00,2,1,01,B01
200500056697,0,07,000,00,2,1,15,B01
200500056697,0,02,000,00,2,3,15,A01
200500056698,0,05,000,01,2,3,01,B01
200500056698,0,07,000,00,2,2,22,A01
200500056699,2,05,000,00,2,1,02,A01
200500056699,0,02,000,00,2,1,15,B01
200500056700,0,07,000,00,2,4,04,A01
200500056700,0,05,000,00,2,0,01,B01
200500056701,0,02,000,00,2,1,01,A01
200500056701,0,07,000,00,2,1,01,B01
200500056702,0,05,000,00,1,0,21,A01
200500056703,0,07,000,00,2,1,02,A01
200500056703,0,07,000,00,2,4,02,B01
200500056704,0,07,000,00,2,1,01,A01
200500056704,0,07,000,00,2,3,15,B01
200500056705,0,02,000,00,2,1,01,A01
200500056705,0,07,000,00,2,8,15,B01
200500056706,0,02,000,00,2,1,02,A01
200500056706,0,07,000,00,2,1,02,B01
200500056707,1,07,000,00,2,3,01,A01
200500056707,0,05,000,00,2,4,01,B01
200500056708,0,07,000,00,2,1,01,A01
200500056708,0,07,000,00,2,3,01,B01
200500056709,0,07,000,00,2,8,01,A01
200500056709,0,18,000,00,2,8,01,B01
200500056710,0,07,000,00,2,2,01,A01
200500056710,0,01,000,00,2,1,16,B01
200500056711,0,10,000,00,2,5,15,A01
200500056711,0,05,000,00,2,1,01,B01
200500056712,0,07,000,00,2,1,01,A01
200500056712,0,07,000,01,2,4,02,B01
200500056713,0,07,000,00,2,4,01,B01
200500056713,0,07,000,00,2,1,01,C01
200500056713,0,07,000,00,2,5,15,A01
200500056714,0,07,000,00,2,2,15,A01
200500056714,0,07,000,00,2,1,01,B01
200500056715,0,07,000,00,2,1,15,A01
200500056715,0,02,000,00,2,2,01,B01
200500056716,0,02,000,06,2,1,01,A01
200500056716,0,07,000,00,0,3,15,B01
200500056717,0,07,000,00,2,1,21,A01
200500056717,0,07,000,00,2,1,02,B01
200500056717,0,07,000,00,1,4,02,C01
200500056718,0,07,000,00,2,1,20,A01
200500056718,0,07,000,01,2,1,01,B01
200500056718,0,07,000,00,0,3,24,C01
200500056719,0,14,000,00,2,1,02,A01
200500056719,0,07,000,00,2,4,02,B01
200500056720,0,02,000,00,0,7,02,B01
200500056720,0,07,000,00,0,0,02,A01
200500056721,0,07,000,00,1,1,01,A01
200500056722,0,04,000,01,2,2,17,A01
200500056722,0,07,000,00,0,4,23,B01
200500056722,1,07,000,00,2,0,11,C01
200500056723,0,02,000,00,2,1,01,A01
200500056723,0,07,000,01,0,8,01,B01
200500056724,0,02,000,00,2,1,17,A01
200500056724,0,02,000,00,2,1,17,B01
200500056724,0,07,000,00,2,3,15,C01
200500056725,0,07,000,00,2,0,01,B01
200500056725,0,07,000,15,2,8,19,A01
200500056726,0,07,000,00,2,8,20,A01
200500056726,0,05,000,01,2,1,01,B01
200500056727,0,07,000,00,2,0,22,A01
200500056727,0,01,000,01,0,1,01,B01
200500056728,0,07,000,14,2,1,01,A01
200500056728,0,07,000,00,0,0,00,B01
200500056728,0,07,000,00,0,0,00,C01
200500056729,0,04,000,00,2,0,18,A01
200500056729,0,07,000,00,2,0,14,B01
200500056730,0,07,000,00,0,3,01,A01
200500056730,0,05,000,00,2,1,01,B01
200500056731,0,07,000,03,2,0,01,A01
200500056731,0,07,000,00,0,6,01,B01
200500056732,0,07,000,00,1,2,01,A01
200500056733,0,14,000,00,1,0,01,A01
200500056734,0,07,000,00,1,0,04,A01
200500056735,0,07,000,00,1,0,01,A01
200500056736,0,07,000,00,1,2,01,A01
200500056737,0,04,000,00,1,1,01,A01
200500056738,0,07,000,00,1,1,01,A01
200500056739,1,07,000,00,1,0,01,A01
200500056740,0,05,000,06,0,1,00,A01
200500056741,0,07,000,00,0,6,01,A01
200500056741,0,07,000,03,2,2,11,B01
200500056742,0,07,000,03,2,4,14,A01
200500056742,0,07,000,00,0,8,01,B01
200500056743,0,07,000,00,2,4,23,D01
200500056743,0,14,000,00,2,3,02,F01
200500056743,0,07,000,00,2,4,23,C01
200500056743,0,07,000,00,2,4,23,B01
200500056743,0,07,000,00,0,4,23,A01
200500056743,0,10,000,00,2,2,23,E01
200500056744,0,07,000,00,0,0,00,A01
200500056744,0,07,000,00,0,4,01,B01
200500056744,0,10,000,00,2,4,02,C01
200500056744,0,07,000,00,2,1,02,D01
200500056745,0,07,000,03,0,8,14,A01
200500056746,0,07,000,00,0,4,01,A01
200500056746,0,07,000,00,2,1,02,B01
200500056746,0,07,000,03,0,3,21,C01
200500056747,0,07,000,00,2,4,13,A01
200500056747,0,07,000,00,0,2,01,B01
200500056747,0,07,000,00,2,3,02,C01
200500056748,0,07,000,00,0,4,23,A01
200500056748,0,07,000,00,2,4,23,B01
200500056748,0,07,000,00,2,8,13,D01
200500056748,0,07,000,00,0,3,23,C01
200500056748,0,14,000,00,2,2,01,E01
200500056749,0,07,000,13,0,1,14,A01
200500056750,0,14,000,00,2,2,17,B01
200500056750,0,10,000,00,0,6,14,A01
200500056751,0,07,000,03,0,1,14,A01
200500056752,0,07,000,00,0,4,23,A01
200500056752,0,07,000,00,2,4,23,B01
200500056752,0,07,000,00,2,1,02,C01
200500056753,0,07,000,00,2,6,23,D01
200500056753,0,07,000,00,2,4,23,G01
200500056753,0,07,000,03,0,8,23,E01
200500056753,0,17,000,00,2,2,02,H01
200500056753,0,07,000,00,2,3,23,B01
200500056753,0,07,000,03,0,8,23,F01
200500056753,0,07,000,00,0,5,23,A01
200500056753,0,07,000,00,2,6,23,C01
200500056754,0,07,000,03,0,3,13,A01
200500056755,0,07,000,00,0,4,23,A01
200500056755,0,07,000,00,2,1,02,B01
200500056756,0,07,000,00,0,4,23,A01
200500056756,0,07,000,00,2,2,02,F01
200500056756,0,07,000,00,2,1,23,B01
200500056756,0,07,000,00,2,1,23,C01
200500056756,0,07,000,00,2,3,23,D01
200500056756,0,07,000,00,2,4,23,E01
200500056757,0,07,000,04,0,1,13,A01
200500056758,0,07,000,00,0,4,23,A01
200500056758,0,07,000,00,2,1,02,B01
200500056759,0,07,000,00,0,6,23,A01
200500056759,0,07,000,00,2,4,23,B01
200500056759,0,07,000,03,2,4,23,C01
200500056759,0,10,000,00,2,1,02,D01
200500056760,0,07,000,00,0,4,23,A01
200500056760,0,07,000,00,0,8,23,B01
200500056760,0,07,000,00,2,2,12,C01
200500056761,0,07,000,00,0,2,23,A01
200500056761,0,07,000,00,2,3,02,B01
200500056761,0,07,000,00,2,2,02,C01
200500056762,0,17,000,00,2,3,13,A01
200500056762,0,10,000,03,0,5,17,B01
200500056762,0,17,000,00,0,7,01,C01
200500056763,0,07,000,00,0,4,01,A01
200500056763,0,07,000,00,2,1,02,B01
200500056764,0,07,000,00,0,0,01,A01
200500056764,0,05,000,00,9,8,21,B01
200500056764,0,07,000,00,9,1,02,C01
200500056765,0,14,000,00,2,2,12,A01
200500056765,0,07,000,00,2,6,01,B01
200500056765,0,07,000,00,0,7,01,C01
200500056766,0,07,000,00,0,4,23,A01
200500056766,0,07,000,00,2,1,02,F01
200500056766,0,07,000,00,2,3,02,B01
200500056766,0,07,000,00,2,1,11,C01
200500056766,0,07,000,00,2,4,02,D01
200500056766,0,07,000,00,2,4,02,E01
200500056767,0,07,000,00,0,4,23,A01
200500056767,0,07,000,00,2,1,02,B01
200500056768,0,07,000,00,0,4,23,A01
200500056768,0,07,000,00,2,1,02,B01
200500056769,0,07,000,00,0,4,13,A01
200500056769,0,07,000,00,2,4,23,B01
200500056769,0,10,000,00,2,2,21,C01
200500056769,0,07,000,00,2,1,01,D01
200500056770,0,07,000,00,1,2,01,A01
200500056771,0,07,000,00,2,2,17,A01
200500056771,0,07,000,00,0,2,01,B01
200500056772,0,07,000,00,1,8,02,A01
200500056773,0,02,000,00,2,1,02,A01
200500056773,1,07,000,00,2,4,02,B01
200500056774,0,07,000,08,2,1,02,B01
200500056774,0,07,000,00,2,1,02,A01
200500056775,0,07,000,08,0,1,02,A01
200500056776,0,14,000,00,1,7,02,A01
200500056777,0,07,000,00,2,8,01,B01
200500056777,0,07,000,00,2,2,15,A01
200500056778,0,07,000,00,1,1,02,A01
200500056779,0,07,000,02,0,1,02,A01
200500056780,0,07,000,00,2,8,15,B01
200500056780,0,04,000,00,2,1,02,A01
200500056781,0,07,000,00,2,1,01,B01
200500056781,0,07,000,00,2,7,01,A01
200500056782,0,10,000,00,2,8,15,A01
200500056782,0,05,000,00,2,1,17,B01
200500056783,0,07,000,00,2,1,01,A01
200500056783,0,07,000,00,2,4,23,B01
200500056783,0,07,000,00,2,4,23,C01
200500056784,0,07,000,00,2,4,20,A01
200500056784,0,02,000,00,2,1,01,B01
200500056785,0,07,000,00,2,1,01,B01
200500056785,0,07,000,00,2,3,01,A01
200500056786,0,10,000,07,0,6,11,A01
200500056786,0,07,000,04,2,2,01,B01
200500056787,0,05,000,15,2,8,01,A01
200500056787,0,07,000,00,0,5,12,B01
200500056788,0,07,000,07,0,1,01,A01
200500056789,0,07,000,04,0,3,01,A01
200500056790,0,07,000,06,0,5,01,B01
200500056790,0,17,000,00,2,1,03,A01
200500056791,0,05,000,00,0,8,02,A01
200500056792,0,07,000,04,0,7,01,A01
200500056793,0,07,000,04,2,2,12,B01
200500056793,0,07,000,00,2,1,01,C01
200500056793,0,07,000,00,2,8,01,A01
200500056794,0,07,000,04,0,0,00,A01
200500056795,0,07,000,15,9,8,00,A01
200500056796,0,07,000,03,0,2,01,A01
200500056797,0,07,000,00,2,8,13,A01
200500056797,0,07,000,00,2,2,01,B01
200500056798,0,07,000,03,2,9,00,A01
200500056798,0,07,000,00,2,9,00,B01
200500056798,0,05,000,00,2,9,00,C01
200500056799,0,07,000,04,0,3,01,A01
200500056800,0,07,000,04,0,3,01,A01
200500056801,0,14,000,04,2,2,00,A01
200500056801,0,17,000,00,0,6,11,B01
200500056802,0,07,000,00,9,0,11,A01
200500056802,0,05,000,00,2,1,01,B01
200500056802,0,17,000,00,2,6,02,C01
200500056803,0,13,000,00,2,2,12,A01
200500056803,0,07,000,00,2,6,01,B01
200500056804,0,07,000,00,1,1,01,A01
200500056805,0,07,000,00,2,1,02,A01
200500056805,0,07,000,00,2,4,02,B01
200500056806,0,07,000,00,2,2,15,A01
200500056806,0,02,000,00,2,7,01,B01
200500056807,0,07,000,00,1,1,01,A01
200500056808,0,01,000,00,2,7,01,A01
200500056808,0,07,000,00,2,7,01,B01
200500056809,0,07,000,00,2,1,01,B01
200500056809,0,07,000,00,2,1,01,A01
200500056810,0,02,000,00,2,1,13,A01
200500056810,0,03,000,00,2,1,04,B01
200500056811,0,07,000,02,0,1,14,A01
200500056812,0,10,000,00,2,1,01,A01
200500056812,0,07,000,00,2,4,01,B01
200500056813,0,10,000,00,2,2,15,A01
200500056813,0,05,000,00,2,9,01,B01
200500056814,0,07,000,00,2,1,05,A01
200500056814,0,07,000,00,2,1,05,B01
200500056815,0,07,000,00,2,1,17,A01
200500056816,0,07,000,02,0,1,00,A01
200500056817,0,07,000,00,1,2,01,A01
200500056818,0,02,000,00,2,1,17,A01
200500056818,0,07,000,00,2,8,15,B01
200500056819,0,05,000,00,2,1,01,A01
200500056819,0,10,000,00,2,6,23,B01
200500056820,0,20,000,06,0,1,01,A01
200500056821,0,01,000,00,9,7,01,A01
200500056821,0,05,000,00,9,1,01,B01
200500056822,0,07,000,00,2,2,17,A01
200500056822,0,07,000,00,2,1,01,B01
200500056823,0,07,000,00,9,1,01,A01
200500056823,0,02,000,00,2,1,01,B01
200500056824,0,07,000,00,2,1,01,A01
200500056824,0,07,000,00,0,4,15,B01
200500056825,0,07,000,00,0,6,10,A01
200500056825,0,02,000,00,2,1,02,B01
200500056826,0,07,000,00,9,3,06,A01
200500056826,0,02,000,00,2,1,01,B01
200500056827,0,07,000,00,2,3,01,B01
200500056827,0,07,000,00,2,2,19,A01
200500056828,0,07,000,13,0,9,21,A01
200500056829,0,07,000,00,1,3,21,A01
200500056830,0,02,000,11,0,8,02,A01
200500056831,0,07,000,00,2,2,02,B01
200500056831,0,07,000,00,2,3,02,A01
200500056832,0,02,000,00,1,1,01,A01
200500056833,0,07,000,00,2,2,01,A01
200500056833,0,02,000,00,2,1,01,B01
200500056834,0,10,000,03,2,3,02,B01
200500056834,0,07,000,03,2,3,02,A01
200500056835,0,07,000,00,1,1,01,A01
200500056836,0,07,000,11,0,3,13,A01
200500056837,0,07,000,00,0,4,02,A01
200500056837,0,07,000,00,2,1,02,B01
200500056838,0,07,000,00,2,1,01,B01
200500056838,0,07,000,00,2,2,09,A01
200500056839,0,02,000,00,2,1,01,A01
200500056839,0,07,000,00,2,3,01,B01
200500056840,0,07,000,00,2,4,04,A01
200500056840,0,02,000,00,2,3,01,B01
200500056841,0,07,000,00,1,1,01,A01
200500056842,0,07,000,00,2,1,02,A01
200500056842,0,07,000,00,2,4,02,B01
200500056842,0,07,000,00,2,4,02,C01
200500056843,0,07,000,00,2,1,01,A01
200500056843,0,07,000,00,2,6,01,B01
200500056844,0,02,000,00,1,1,01,A01
200500056845,0,07,000,00,1,4,04,A01
200500056846,0,03,000,00,2,2,09,A01
200500056846,0,07,000,00,0,6,24,C01
200500056846,0,02,000,01,2,1,01,B01
200500056847,0,07,000,02,0,1,13,A01
200500056848,0,07,000,00,2,2,09,A01
200500056848,0,07,000,00,2,3,01,B01
200500056849,0,07,000,00,2,2,15,A01
200500056849,0,02,000,00,2,1,01,B01
200500056850,0,07,000,00,1,1,15,A01
200500056851,0,07,000,01,0,1,13,A01
200500056852,0,02,000,00,2,1,02,A01
200500056852,0,02,000,00,0,4,16,B01
200500056853,0,10,000,00,1,1,01,A01
200500056854,0,07,000,02,2,1,01,A01
200500056854,0,07,000,00,2,3,01,B01
200500056855,0,02,000,00,2,5,01,A01
200500056855,0,07,000,00,2,2,15,B01
200500056856,0,07,000,00,1,1,02,A01
200500056857,0,07,000,00,1,1,01,A01
200500056858,0,07,000,00,0,6,23,A01
200500056858,0,07,000,00,2,2,21,B01
200500056859,0,07,000,00,0,8,19,A01
200500056859,0,07,000,00,2,1,01,B01
200500056860,0,07,000,00,2,4,15,A01
200500056860,0,07,000,00,2,3,02,B01
200500056861,0,07,000,00,2,1,05,A01
200500056861,0,07,000,00,2,3,01,B01
200500056862,0,07,000,08,0,1,01,A01
200500056863,0,07,000,00,2,7,15,A01
200500056863,0,07,000,00,2,1,01,B01
200500056864,0,02,000,00,2,4,17,A01
200500056864,0,99,000,00,2,5,15,B01
200500056865,0,05,000,08,0,1,00,A01
200500056866,0,07,000,00,2,1,02,A01
200500056866,0,07,000,00,2,4,02,B01
200500056866,0,07,000,00,0,4,02,C01
200500056867,0,04,000,00,2,1,05,A01
200500056867,0,07,000,00,2,6,01,B01
200500056867,0,07,000,00,2,1,01,C01
200500056868,0,07,000,00,2,1,01,A01
200500056868,0,07,000,00,2,8,01,B01
200500056869,0,05,000,00,2,1,15,B01
200500056869,0,07,000,00,2,2,15,A01
200500056870,0,07,000,00,2,3,19,A01
200500056870,0,05,000,00,2,1,01,B01
200500056871,0,07,000,00,2,3,15,B01
200500056871,0,04,000,00,2,2,17,A01
200500056872,0,07,000,00,2,8,15,B01
200500056872,0,04,000,00,2,1,01,A01
200500056873,0,14,000,00,2,3,13,A01
200500056873,0,10,000,00,2,1,01,B01
200500056874,0,02,000,00,2,7,01,A01
200500056875,0,07,000,00,1,2,01,A01
200500056876,2,07,000,03,2,2,02,A01
200500056876,0,07,000,00,2,4,02,B01
200500056876,0,07,000,00,2,4,02,C01
200500056877,0,05,000,00,2,3,01,M01
200500056877,0,07,000,00,0,0,01,V01
200500056878,0,07,000,02,0,1,13,A01
200500056879,0,07,000,00,2,1,01,B01
200500056879,0,07,000,00,2,6,01,A01
200500056880,0,07,000,00,2,1,02,A01
200500056880,0,07,000,00,2,4,02,B01
200500056881,0,07,000,00,2,1,02,A01
200500056881,0,07,000,00,2,4,02,B01
200500056882,0,13,000,00,2,1,02,A01
200500056882,0,07,000,00,2,4,02,B01
200500056883,0,05,000,00,2,1,03,B01
200500056883,0,07,000,00,2,1,03,A01
200500056884,0,02,000,00,2,1,01,A01
200500056884,0,07,000,00,2,8,09,B01
200500056885,0,02,000,00,2,1,02,A01
200500056885,0,07,000,00,2,4,02,B01
200500056886,0,07,000,00,2,1,02,A01
200500056886,0,07,000,00,2,1,02,B01
200500056886,0,07,000,00,2,4,02,C01
200500056887,0,07,000,00,2,1,15,A01
200500056887,0,05,000,01,2,1,02,B01
200500056888,0,07,000,00,2,2,02,A01
200500056888,0,07,000,00,2,3,02,B01
200500056889,0,07,000,02,2,3,01,A01
200500056889,0,07,000,00,2,3,01,B01
200500056890,0,07,000,00,2,1,01,B01
200500056890,0,01,000,00,0,1,05,A01
200500056891,0,07,000,00,2,4,00,B01
200500056891,0,05,000,00,2,1,02,A01
200500056892,0,07,000,00,2,4,02,B01
200500056892,0,07,000,00,2,1,02,A01
200500056893,0,07,000,00,2,1,00,A01
200500056893,0,05,000,00,2,8,02,B01
200500056894,0,05,000,00,2,4,02,B01
200500056894,0,07,000,00,2,1,02,A01
200500056895,0,04,000,00,2,1,02,B01
200500056895,0,07,000,00,2,3,09,A01
200500056896,0,07,000,03,0,1,02,A01
200500056897,0,04,000,00,2,1,02,A01
200500056897,0,04,000,00,2,4,02,B01
200500056898,0,07,000,00,2,1,09,A01
200500056898,0,07,000,00,2,1,09,B01
200500056899,0,07,000,00,2,1,00,A01
200500056899,0,10,000,00,2,1,00,B01
200500056900,0,07,000,00,2,1,06,A01
200500056900,0,07,000,00,2,1,02,B01
200500056901,0,07,000,00,2,1,09,A01
200500056901,0,05,000,00,2,1,02,B01
200500056902,0,07,000,00,2,1,00,A01
200500056902,0,07,000,00,2,3,01,B01
200500056903,0,07,000,00,1,1,01,A01
200500056904,0,07,000,00,2,1,02,A01
200500056904,0,07,000,00,2,4,02,B01
200500056905,0,04,000,00,1,1,00,A01
200500056906,0,07,000,00,2,1,01,A01
200500056907,0,07,000,00,2,1,01,A01
200500056907,0,07,000,00,2,4,01,B01
200500056907,0,07,000,00,2,4,02,C01
200500056907,0,07,000,00,2,4,01,D01
200500056908,0,07,000,00,2,2,09,A01
200500056908,0,01,000,00,2,2,01,B01
200500056909,0,10,000,00,2,1,09,A01
200500056909,0,05,000,00,2,7,01,B01
200500056910,0,07,000,00,2,1,05,A01
200500056910,0,07,000,00,2,1,01,B01
200500056910,0,07,000,00,2,1,01,C01
200500056911,0,07,000,00,2,4,02,A01
200500056911,0,07,000,00,2,1,02,B01
200500056912,0,07,000,00,2,2,15,A01
200500056912,0,04,000,00,2,1,01,B01
200500056913,0,04,000,00,2,1,00,B01
200500056913,0,07,000,00,2,2,09,A01
200500056914,0,07,000,00,1,4,04,A01
200500056915,1,02,000,00,1,1,03,A01
200500056916,0,04,000,00,2,4,01,B01
200500056916,1,07,000,00,2,6,11,A01
200500056917,0,04,000,00,2,7,01,A01
200500056917,0,05,000,00,2,8,01,B01
200500056918,0,07,000,00,2,8,15,A01
200500056918,0,05,000,00,2,7,17,B01
200500056919,0,07,000,00,2,3,01,A01
200500056919,0,02,000,00,2,1,01,B01
200500056920,1,18,000,00,2,8,13,A01
200500056920,0,02,000,00,2,2,01,B01
200500056921,0,07,000,00,1,1,01,A01
200500056922,0,07,000,00,2,1,09,A01
200500056922,0,02,000,00,2,2,17,B01
200500056923,0,07,000,00,2,8,22,A01
200500056923,0,01,000,01,2,3,01,B01
200500056924,0,07,000,00,2,8,22,A01
200500056924,0,01,000,00,2,1,01,B01
200500056925,0,02,000,00,2,1,01,B01
200500056925,0,07,000,00,2,5,01,A01
200500056926,0,07,000,00,0,8,10,A01
200500056926,0,04,000,00,2,1,01,B01
200500056927,0,04,000,00,1,1,01,A01
200500056927,0,07,000,00,2,8,01,B01
200500056927,0,07,000,00,0,6,01,C01
200500056928,0,07,000,00,2,3,15,A01
200500056928,0,04,000,00,2,1,01,B01
200500056929,0,05,000,00,2,1,01,A01
200500056929,0,07,000,00,2,8,15,B01
200500056930,0,07,000,00,2,8,15,A01
200500056930,0,02,000,00,2,1,17,B01
200500056931,0,02,000,00,2,1,01,B01
200500056931,0,07,000,00,2,2,09,A01
200500056932,0,07,000,00,2,3,15,A01
200500056932,0,02,000,00,2,1,01,B01
200500056933,0,02,000,00,2,8,13,A01
200500056933,0,02,000,00,2,1,17,B01
200500056934,0,02,000,00,2,1,02,A01
200500056934,0,07,000,00,2,4,02,B01
200500056935,0,07,000,00,1,4,04,A01
200500056936,0,07,000,00,2,6,01,A01
200500056936,0,01,000,00,2,1,01,B01
200500056936,0,01,000,00,2,1,02,C01
200500056937,0,15,000,00,2,5,01,A01
200500056937,0,02,000,00,2,1,02,B01
200500056938,0,07,000,00,2,1,17,A01
200500056938,0,02,000,00,2,1,01,B01
200500056939,0,07,000,00,1,2,01,A01
200500056940,0,02,000,00,2,1,02,A01
200500056940,0,07,000,00,2,4,02,B01
200500056941,0,07,000,00,2,7,15,A01
200500056941,0,04,000,00,2,1,01,B01
200500056942,0,07,000,00,2,5,10,A01
200500056942,0,02,000,00,2,1,01,B01
200500056943,0,02,000,00,1,1,01,A01
200500056944,0,02,000,00,2,8,01,B01
200500056944,0,07,000,00,2,1,01,A01
200500056945,0,02,000,00,2,1,02,A01
200500056945,0,07,000,00,2,4,01,B01
200500056946,0,07,000,00,2,7,00,A01
200500056946,0,04,000,00,2,1,01,B01
200500056947,0,07,000,00,2,2,15,A01
200500056947,0,02,000,00,2,1,01,B01
200500056948,0,07,000,00,2,7,15,A01
200500056948,0,04,000,00,2,1,16,B01
200500056949,0,18,001,00,1,2,07,A01
200500056950,0,07,000,00,2,2,01,A01
200500056950,0,04,000,00,2,1,15,B01
200500056951,0,05,000,12,0,1,01,A01
200500056952,0,05,000,00,2,1,00,A01
200500056952,0,07,000,00,2,8,00,B01
200500056952,0,07,000,00,2,1,01,C01
200500056953,0,05,000,00,1,2,01,A01
200500056954,2,07,000,00,2,3,18,A01
200500056954,0,04,000,00,2,7,16,B01
200500056955,0,07,000,00,1,7,01,A01