Num_Acc,senc,catv,occutc,obs,obsm,choc,manv,num_veh
200500057660,0,01,000,00,2,2,13,A01
200500057660,0,07,000,00,2,2,01,B01
200500057661,0,02,000,00,2,1,01,A01
200500057661,0,02,000,00,2,1,13,B01
200500057662,0,01,000,00,1,1,01,A01
200500057663,0,07,000,00,2,1,01,A01
200500057663,0,07,000,00,2,4,01,B01
200500057664,0,07,000,00,2,1,01,A01
200500057664,0,07,000,00,2,4,01,B01
200500057665,0,02,000,00,2,1,01,B01
200500057665,0,07,000,00,2,3,01,A01
200500057666,0,02,000,01,2,1,01,A01
200500057666,0,18,001,00,2,7,01,B01
200500057667,0,02,000,00,2,1,01,A01
200500057667,0,07,000,00,2,1,00,B01
200500057668,0,05,000,00,1,1,15,A01
200500057669,0,07,000,00,2,3,15,A01
200500057669,0,02,000,00,2,2,15,B01
200500057670,0,07,000,00,2,3,01,A01
200500057670,0,07,000,00,2,1,01,B01
200500057671,0,02,000,00,2,1,18,A01
200500057671,0,07,000,00,2,7,16,B01
200500057672,0,07,000,00,2,3,13,A01
200500057672,0,07,000,00,2,6,01,B01
200500057673,0,18,000,00,2,1,01,A01
200500057673,0,01,000,00,2,6,15,B01
200500057674,0,04,000,00,2,1,01,A01
200500057674,0,07,000,00,2,7,15,B01
200500057675,0,07,000,00,2,2,01,A01
200500057675,0,02,000,00,2,1,01,B01
200500057676,0,02,000,00,2,1,01,A01
200500057676,0,07,000,00,2,4,01,B01
200500057677,0,07,000,00,2,1,01,A01
200500057677,0,07,000,00,2,4,01,B01
200500057677,0,07,000,00,0,4,01,C01
200500057678,0,04,000,00,1,1,14,A01
200500057679,0,07,000,00,2,1,01,A01
200500057679,0,07,000,00,2,3,01,B01
200500057680,0,07,000,00,1,0,23,A01
200500057681,0,04,000,00,2,1,01,B01
200500057681,0,07,000,00,2,1,15,A01
200500057682,0,07,000,00,0,9,01,A01
200500057683,0,01,000,00,2,1,05,A01
200500057683,0,07,000,00,2,1,01,B01
200500057684,0,07,000,00,2,3,09,A01
200500057684,0,02,000,00,2,1,10,B01
200500057685,0,07,000,00,1,1,01,A01
200500057686,0,07,000,00,2,2,15,A01
200500057686,0,02,000,00,2,1,10,B01
200500057687,0,05,000,00,2,1,05,B01
200500057687,0,07,000,00,2,7,10,A01
200500057688,0,07,000,13,2,1,13,A01
200500057688,0,07,000,00,2,1,01,B01
200500057689,0,02,000,14,0,8,17,A01
200500057689,1,03,000,00,0,0,13,B01
200500057690,0,02,000,00,2,1,02,A01
200500057690,0,02,000,00,2,4,23,B01
200500057691,0,07,000,00,2,2,02,A01
200500057691,0,07,000,00,0,6,02,B01
200500057692,0,15,000,02,2,2,13,A01
200500057692,0,07,000,00,0,1,21,B01
200500057693,0,07,000,08,0,2,01,A01
200500057694,0,05,000,15,2,1,02,A01
200500057694,0,02,000,00,2,8,02,B01
200500057695,0,02,000,00,2,1,01,A01
200500057695,0,07,000,00,2,1,01,B01
200500057696,0,02,000,00,2,7,01,A01
200500057696,0,18,120,00,2,1,01,B01
200500057697,0,07,000,00,2,1,15,A01
200500057697,0,05,000,00,0,1,01,B01
200500057698,0,07,000,00,2,3,01,A01
200500057698,0,07,000,00,2,3,01,B01
200500057699,1,07,000,00,1,4,04,A01
200500057700,0,07,000,00,2,4,01,A01
200500057700,0,07,000,00,2,1,01,B01
200500057700,0,07,000,00,0,4,01,C01
200500057701,0,05,000,00,2,1,16,A01
200500057701,0,07,000,00,2,3,15,B01
200500057702,0,07,000,01,0,2,14,A01
200500057703,0,01,000,00,2,1,16,A01
200500057703,0,07,000,00,9,7,15,B01
200500057704,0,05,000,00,2,1,01,B01
200500057704,0,07,000,00,2,1,15,A01
200500057705,0,05,000,00,9,1,16,A01
200500057705,0,01,000,00,2,8,01,B01
200500057706,0,05,000,01,0,8,19,A01
200500057707,0,07,000,00,2,0,21,A01
200500057707,0,01,000,00,2,2,17,B01
200500057708,0,21,000,00,0,3,15,B01
200500057708,0,05,000,00,0,0,00,A01
200500057709,0,02,000,00,0,8,01,A01
200500057710,0,07,000,00,0,8,15,A01
200500057710,0,04,000,00,2,1,17,B01
200500057711,0,02,000,00,2,1,21,B01
200500057711,0,07,000,00,2,8,19,A01
200500057712,0,07,000,00,2,1,01,B01
200500057712,0,07,000,00,2,2,01,A01
200500057713,0,07,000,00,2,7,11,A01
200500057713,0,07,000,00,2,3,01,B01
200500057714,0,07,000,00,2,1,01,A01
200500057714,0,07,000,00,2,3,01,B01
200500057715,0,05,000,00,2,1,15,A01
200500057715,0,07,000,00,2,2,01,B01
200500057716,0,07,000,00,2,2,15,A01
200500057716,0,07,000,00,2,3,01,B01
200500057717,0,02,000,00,2,1,05,A01
200500057717,0,07,000,00,2,3,09,B01
200500057718,0,07,000,00,2,3,09,A01
200500057718,0,02,000,00,2,1,01,B01
200500057719,0,07,000,00,2,1,02,A01
200500057719,0,07,000,00,2,4,02,B01
200500057719,0,07,000,00,2,4,02,C01
200500057720,0,07,000,00,2,2,01,B01
200500057720,0,01,000,00,2,1,01,A01
200500057721,0,07,000,00,2,4,02,B01
200500057721,0,07,000,00,2,4,02,C01
200500057721,0,07,000,00,2,4,02,D01
200500057721,0,07,000,00,2,1,02,A01
200500057722,0,07,000,00,2,3,01,B01
200500057722,0,02,000,00,2,1,16,A01
200500057723,0,07,000,00,2,0,01,B01
200500057723,0,02,000,00,2,1,09,A01
200500057724,0,07,000,00,2,1,02,A01
200500057724,0,07,000,00,2,1,02,B01
200500057724,0,07,000,00,2,1,02,C01
200500057725,0,07,000,00,2,7,15,A01
200500057725,0,02,000,00,2,1,01,B01
200500057726,0,05,000,12,0,0,13,A01
200500057727,0,07,000,00,1,3,02,A01
200500057728,0,07,000,13,0,1,13,A01
200500057729,0,07,000,00,1,4,04,A01
200500057730,0,07,000,00,2,1,01,A01
200500057730,0,10,000,00,2,3,15,B01
200500057731,0,07,000,00,1,1,02,A01
200500057732,0,07,000,00,2,1,09,A01
200500057732,0,07,000,10,2,6,02,B01
200500057733,0,07,000,00,2,1,02,A01
200500057733,0,07,000,00,2,4,02,B01
200500057734,0,07,000,11,0,1,02,A01
200500057735,0,07,000,00,2,2,02,A01
200500057735,0,01,000,00,2,1,15,B01
200500057736,0,07,000,00,2,4,02,A01
200500057736,0,02,000,00,2,1,02,B01
200500057737,0,05,000,00,1,1,01,A01
200500057738,0,07,000,00,2,2,15,A01
200500057738,0,05,000,00,2,3,01,B01
200500057739,0,07,000,00,2,1,15,A01
200500057739,0,07,000,00,2,1,16,B01
200500057740,0,07,000,00,1,1,01,A01
200500057741,0,01,000,00,2,8,05,A01
200500057741,0,07,000,00,2,1,01,B01
200500057742,0,01,000,00,2,1,15,A01
200500057742,0,18,001,00,2,1,15,B01
200500057743,0,07,000,00,2,1,01,A01
200500057743,0,07,000,00,2,1,01,B01
200500057744,0,07,000,00,2,2,01,A01
200500057744,0,01,000,00,2,1,19,B01
200500057745,0,07,000,00,2,2,01,A01
200500057745,0,07,000,00,2,1,01,B01
200500057746,0,07,000,00,2,1,01,A01
200500057746,0,02,000,00,2,1,01,B01
200500057747,0,07,000,00,2,1,01,A01
200500057747,0,07,000,00,2,2,15,B01
200500057748,0,07,000,00,1,1,01,A01
200500057749,0,07,000,00,2,1,01,A01
200500057749,0,07,000,00,2,4,02,B01
200500057749,0,07,000,00,2,4,02,C01
200500057750,0,07,000,00,2,5,15,A01
200500057750,0,02,000,00,2,1,01,B01
200500057751,0,05,000,00,2,2,01,A01
200500057751,0,07,000,00,2,5,15,B01
200500057752,0,05,000,00,2,1,17,A01
200500057752,0,07,000,00,2,3,15,B01
200500057753,0,07,000,00,2,2,15,A01
200500057753,0,07,000,00,2,1,01,B01
200500057754,0,07,000,00,2,6,16,A01
200500057754,0,01,000,00,2,1,19,B01
200500057755,0,05,000,00,2,3,02,A01
200500057755,0,07,000,00,2,4,02,B01
200500057755,0,07,000,00,2,0,02,C01
200500057756,0,05,000,00,2,1,15,A01
200500057756,0,07,000,00,2,3,01,B01
200500057757,0,07,000,00,2,1,01,A01
200500057757,0,07,000,00,2,1,01,B01
200500057758,0,07,000,00,2,3,12,A01
200500057758,0,07,000,00,2,4,01,B01
200500057759,0,07,000,00,2,3,15,A01
200500057759,0,05,000,00,2,1,01,B01
200500057760,0,07,000,00,1,1,01,A01
200500057761,0,07,000,00,2,1,02,A01
200500057761,0,02,000,00,2,4,02,B01
200500057762,0,05,000,00,2,1,01,B01
200500057762,0,07,000,00,2,5,15,A01
200500057763,0,07,000,00,2,2,02,A01
200500057763,0,07,000,00,2,5,02,B01
200500057764,0,07,000,00,2,1,02,A01
200500057764,0,07,000,00,2,4,02,B01
200500057764,0,07,000,00,2,4,02,C01
200500057765,1,07,000,00,1,2,01,A01
200500057766,0,07,000,00,2,5,01,A01
200500057766,0,01,000,00,2,3,02,B01
200500057767,0,07,000,00,2,7,16,A01
200500057767,0,05,000,00,2,1,01,B01
200500057768,0,07,000,00,2,1,01,B01
200500057768,0,02,000,00,2,2,15,A01
200500057769,0,07,000,00,2,5,15,A01
200500057769,0,05,000,00,2,1,01,B01
200500057770,0,18,000,00,1,7,01,A01
200500057771,0,07,000,00,2,2,24,A01
200500057771,0,02,000,01,0,1,01,B01
200500057772,0,07,000,00,2,2,15,A01
200500057772,0,07,000,07,2,1,01,B01
200500057773,0,07,000,00,1,2,15,A01
200500057774,0,03,000,00,1,1,01,A01
200500057775,0,05,000,00,2,3,18,A01
200500057775,0,10,000,00,2,1,16,B01
200500057776,0,07,000,00,2,2,01,A01
200500057776,0,10,000,00,2,1,01,B01
200500057777,0,07,000,01,2,1,01,A01
200500057777,0,07,000,00,2,1,01,B01
200500057777,0,07,000,00,2,6,24,C01
200500057778,0,07,000,00,2,2,21,A01
200500057778,0,05,000,00,2,1,01,B01
200500057779,0,07,000,06,0,1,16,A01
200500057780,0,07,000,00,1,3,00,A01
200500057781,0,07,000,00,1,2,01,A01
200500057782,0,07,000,00,1,7,01,A01
200500057783,0,07,000,00,1,1,01,A01
200500057784,0,07,000,00,2,3,09,A01
200500057784,0,01,000,00,2,1,01,B01
200500057785,0,02,000,00,2,2,01,B01
200500057785,0,05,000,00,2,2,05,A01
200500057786,0,17,000,00,2,6,04,A01
200500057786,0,07,000,00,2,7,01,B01
200500057787,0,07,000,00,1,1,01,A01
200500057788,2,07,000,08,1,1,01,A01
200500057789,0,02,000,00,2,1,02,A01
200500057789,0,07,000,00,2,4,02,B01
200500057790,0,07,000,00,1,2,01,A01
200500057791,0,04,000,00,2,1,17,A01
200500057791,0,07,000,00,2,8,15,B01
200500057792,1,14,000,00,9,7,16,A01
200500057792,0,01,000,00,2,4,01,B01
200500057793,1,99,000,00,0,0,00,A01
200500057794,0,04,000,06,9,1,01,A01
200500057795,0,07,000,00,1,3,01,A01
200500057796,0,07,000,00,1,2,01,A01
200500057797,0,07,000,00,1,1,01,A01
200500057798,0,07,000,00,2,3,18,A01
200500057798,0,07,000,00,0,9,15,B01
200500057798,0,10,000,00,2,8,01,C01
200500057799,0,18,001,00,1,3,01,A01
200500057800,0,07,000,00,9,1,01,A01
200500057801,0,07,000,00,2,1,01,A01
200500057801,0,07,000,00,2,4,01,B01
200500057801,0,07,000,00,2,4,01,C01
200500057801,0,07,000,00,2,4,01,D01
200500057802,0,13,000,00,2,1,01,A01
200500057802,0,01,000,00,2,1,16,B01
200500057803,0,07,000,00,2,1,09,A01
200500057803,0,01,000,00,2,4,02,B01
200500057804,0,05,000,00,2,1,01,A01
200500057804,0,07,000,00,2,2,01,B01
200500057805,0,07,000,00,2,1,01,A01
200500057805,0,07,000,00,2,1,01,B01
200500057806,0,07,000,00,2,1,01,A01
200500057806,0,07,000,00,2,4,01,B01
200500057807,0,07,000,00,1,1,01,A01
200500057808,0,07,000,00,2,1,01,B01
200500057808,0,07,000,00,2,4,04,C01
200500057808,0,07,000,00,2,4,04,A01
200500057809,0,07,000,00,1,1,01,A01
200500057810,0,01,000,00,2,1,01,B01
200500057810,0,07,000,00,2,3,15,A01
200500057811,0,07,000,00,0,8,11,A01
200500057812,0,07,000,00,2,1,01,A01
200500057812,0,07,000,00,0,4,23,B01
200500057813,0,18,008,00,1,3,01,A01
200500057814,0,07,000,00,1,3,15,A01
200500057815,0,06,000,00,2,3,13,A01
200500057815,0,14,000,00,2,8,01,B01
200500057816,0,07,000,00,2,1,09,A01
200500057816,0,01,000,00,2,0,15,B01
200500057817,0,07,000,01,0,1,13,A01
200500057818,0,07,000,00,1,1,01,A01
200500057819,0,05,000,00,2,1,01,A01
200500057819,0,07,000,00,0,4,01,B01
200500057820,0,07,000,00,2,4,02,A01
200500057820,0,07,000,00,2,4,23,B01
200500057821,0,02,000,00,1,1,01,A01
200500057822,0,07,000,00,1,7,01,A01
200500057823,0,07,000,00,2,3,15,A01
200500057823,0,05,000,00,2,1,01,B01
200500057824,0,07,000,00,1,4,04,A01
200500057825,0,02,000,00,1,1,01,A01
200500057826,0,07,000,05,2,1,11,A01
200500057826,0,17,000,00,2,2,12,B01
200500057827,0,05,000,00,2,1,17,A01
200500057827,0,07,000,00,2,8,15,B01
200500057828,0,01,000,00,1,1,01,A01
200500057829,0,04,000,00,0,7,01,A01
200500057830,0,05,000,00,2,2,01,B01
200500057830,0,07,000,00,2,1,09,A01
200500057831,0,07,000,00,2,1,02,A01
200500057831,0,07,000,00,0,4,23,B01
200500057832,0,02,000,00,2,1,17,A01
200500057832,0,07,000,00,2,2,15,B01
200500057833,0,07,000,00,0,4,15,B01
200500057833,0,07,000,00,2,1,15,A01
200500057834,0,07,000,00,2,1,01,B01
200500057834,0,01,000,00,2,0,19,A01
200500057835,0,07,000,00,2,2,01,A01
200500057835,0,07,000,00,2,6,01,B01
200500057836,0,07,000,00,2,3,09,A01
200500057836,0,02,000,00,2,1,00,B01
200500057837,0,02,000,14,0,1,01,A01
200500057838,0,07,000,00,2,3,13,A01
200500057838,0,07,000,00,2,8,15,B01
200500057839,0,07,000,00,2,1,00,A01
200500057839,0,04,000,00,2,8,00,B01
200500057840,0,07,000,00,2,8,11,A01
200500057840,0,16,000,00,2,2,01,B01
200500057840,0,07,000,00,2,1,00,C01
200500057841,0,07,000,08,0,1,00,A01
200500057842,0,01,000,00,2,1,21,A01
200500057842,0,01,000,00,2,1,21,B01
200500057843,0,07,000,00,9,7,15,A01
200500057843,0,17,000,00,2,1,01,B01
200500057844,0,07,000,00,0,8,19,A01
200500057844,0,07,000,00,2,1,01,B01
200500057845,0,07,000,00,2,1,02,A01
200500057845,0,07,000,00,0,4,02,B01
200500057846,0,07,000,00,1,1,01,A01
200500057847,0,07,000,00,1,1,01,A01
200500057848,0,07,000,00,2,2,01,A01
200500057848,0,07,000,00,2,3,01,B01
200500057849,0,01,000,00,2,1,15,A01
200500057849,0,07,000,00,2,3,01,B01
200500057850,0,07,000,00,2,1,01,A01
200500057850,0,07,000,00,0,4,01,B01
200500057851,0,07,000,02,0,1,01,A01
200500057852,0,07,000,00,1,3,01,A01
200500057853,0,10,000,00,2,1,10,A01
200500057853,0,10,000,00,2,7,01,B01
200500057854,0,07,000,00,2,1,01,B01
200500057854,0,07,000,00,0,4,01,A01
200500057855,0,07,000,00,2,1,01,A01
200500057855,0,02,000,00,2,1,01,B01
200500057856,0,07,000,00,2,1,01,A01
200500057856,0,07,000,00,0,4,01,B01
200500057857,0,07,000,01,0,3,01,A01
200500057858,0,07,000,00,0,3,05,A01
200500057858,0,07,000,00,2,8,02,B01
200500057859,0,07,000,00,1,1,15,A01
200500057860,0,07,000,00,2,7,01,A01
200500057860,0,07,000,00,2,1,01,B01
200500057861,0,07,000,00,2,1,01,A01
200500057861,0,07,000,00,2,9,01,B01
200500057861,0,07,000,00,2,4,02,C01
200500057862,0,07,000,00,2,1,01,A01
200500057862,0,07,000,00,2,4,15,B01
200500057863,0,07,000,06,2,2,16,A01
200500057863,0,02,000,00,2,1,01,B01
200500057864,0,07,000,00,2,2,15,A01
200500057864,0,02,000,00,2,1,01,B01
200500057865,0,07,000,00,1,1,15,A01
200500057866,0,02,000,00,2,3,01,A01
200500057866,0,07,000,00,2,5,01,B01
200500057867,0,07,000,08,0,2,16,A01
200500057868,0,07,000,00,1,4,04,A01
200500057869,0,18,001,00,1,6,09,A01
200500057870,0,10,000,13,0,1,01,A01
200500057871,0,02,000,00,2,1,19,A01
200500057871,0,07,000,00,2,3,01,B01
200500057872,0,07,000,00,2,1,01,A01
200500057872,0,01,000,00,2,2,01,B01
200500057873,1,99,000,00,0,0,00,A01
200500057874,0,07,000,00,2,3,01,A01
200500057874,0,02,000,00,2,4,01,B01
200500057875,0,07,000,00,2,1,01,A01
200500057875,0,10,000,00,2,7,01,B01
200500057875,0,13,000,00,2,1,01,C01
200500057876,0,07,000,00,1,2,01,A01
200500057877,0,07,000,00,1,2,01,A01
200500057878,0,07,000,00,1,2,15,A01
200500057879,0,07,000,00,2,3,09,A01
200500057879,0,07,000,00,2,1,01,B01
200500057880,0,07,000,00,2,1,01,A01
200500057880,0,07,000,00,2,2,15,B01
200500057881,0,05,000,00,2,1,02,A01
200500057881,0,07,000,00,2,4,23,B01
200500057881,0,20,000,00,2,5,23,C01
200500057882,0,07,000,00,1,1,01,A01
200500057883,0,02,000,00,0,0,01,A01
200500057884,0,05,000,00,2,1,01,B01
200500057884,0,07,000,00,2,8,01,A01
200500057885,1,02,000,00,2,1,01,A01
200500057885,0,01,000,00,2,4,01,B01
200500057886,0,07,000,00,2,1,01,A01
200500057886,0,07,000,00,2,4,01,B01
200500057887,0,17,000,00,2,1,01,A01
200500057887,0,05,000,00,2,1,00,B01
200500057888,0,07,000,00,2,0,01,A01
200500057888,0,02,000,00,2,0,00,B01
200500057889,0,02,000,00,2,0,01,B01
200500057889,0,07,000,00,2,2,15,A01
200500057890,0,02,000,00,2,1,17,A01
200500057890,0,07,000,00,2,3,15,B01
200500057891,0,04,000,15,0,1,06,A01
200500057892,0,07,000,00,1,1,09,A01
200500057893,0,07,000,00,2,5,11,A01
200500057893,0,02,000,00,2,1,01,B01
200500057894,0,07,000,00,9,1,01,A01
200500057894,0,01,000,00,2,0,19,B01
200500057895,0,07,000,00,0,0,00,A01
200500057896,0,07,000,00,2,1,01,B01
200500057896,0,07,000,00,2,8,19,A01
200500057897,0,02,000,12,0,0,20,A01
200500057898,0,07,000,01,0,1,17,A01
200500057899,0,07,000,00,2,3,05,A01
200500057899,0,05,000,00,2,7,05,B01
200500057900,0,05,000,00,2,1,17,A01
200500057900,0,07,000,00,2,4,15,B01
200500057901,0,07,000,00,9,0,00,A01
200500057901,0,01,000,00,2,0,00,B01
200500057902,0,07,000,00,1,1,00,A01
200500057903,0,18,001,00,1,2,01,A01
200500057904,0,07,000,00,2,6,15,A01
200500057904,0,05,000,00,2,1,17,B01
200500057905,0,07,000,00,2,1,01,B01
200500057905,0,02,000,00,2,1,17,A01
200500057906,0,07,000,00,2,3,01,B01
200500057906,0,02,000,01,2,1,19,A01
200500057907,0,07,000,00,2,6,17,A01
200500057907,0,05,000,00,2,7,01,B01
200500057908,0,07,000,00,1,2,01,A01
200500057909,0,07,000,00,2,7,00,A01
200500057909,0,01,000,00,2,3,00,B01
200500057910,0,02,000,00,2,1,02,A01
200500057910,0,07,000,00,2,4,02,B01
200500057911,0,02,000,00,2,1,02,A01
200500057911,0,07,000,00,2,4,02,B01
200500057912,0,07,000,00,2,7,10,A01
200500057912,0,07,000,00,2,1,01,B01
200500057913,0,07,000,00,2,1,01,A01
200500057913,0,07,000,00,2,4,02,B01
200500057913,0,07,000,00,2,4,02,C01
200500057914,0,07,000,00,2,1,13,A01
200500057914,0,07,000,00,2,1,01,B01
200500057915,0,07,000,00,2,1,01,A01
200500057915,0,07,000,00,2,3,01,B01
200500057916,0,07,000,00,2,1,09,A01
200500057916,0,07,000,00,2,3,01,B01
200500057917,0,07,000,00,1,1,01,A01
200500057918,0,07,000,00,2,1,05,A01
200500057918,0,07,000,00,2,1,01,B01
200500057919,0,05,000,07,0,1,01,A01
200500057920,0,05,000,00,0,1,01,A01
200500057921,0,07,000,06,0,1,01,A01
200500057922,0,05,000,00,0,0,00,A01
200500057922,0,07,000,00,0,0,01,B01
200500057923,0,07,000,00,1,1,01,A01
200500057924,0,07,000,00,2,3,15,A01
200500057924,0,07,000,00,2,8,01,B01
200500057925,0,07,000,00,1,3,01,A01
200500057926,1,07,000,00,1,1,01,A01
200500057927,0,18,000,00,2,7,15,A01
200500057927,0,18,000,00,2,8,15,B01
200500057928,0,07,000,00,2,3,09,A01
200500057928,0,05,000,00,2,2,01,B01
200500057929,0,07,000,00,1,1,01,A01
200500057930,0,05,000,00,2,7,00,A01
200500057930,1,18,000,00,2,6,13,B01
200500057931,0,10,000,00,2,1,02,A01
200500057931,0,07,000,00,2,4,02,B01
200500057932,0,02,000,09,0,1,01,A01
200500057933,0,01,000,00,2,0,01,A01
200500057933,1,07,000,00,2,0,16,B01
200500057934,0,21,000,00,2,6,16,A01
200500057934,0,07,000,00,2,1,01,B01
200500057935,0,07,000,00,2,3,16,A01
200500057935,0,02,000,00,2,1,01,B01
200500057936,0,07,000,00,2,1,15,A01
200500057936,0,07,000,00,2,1,01,B01
200500057936,0,07,000,00,2,3,01,C01
200500057937,0,02,000,00,2,1,01,A01
200500057937,0,07,000,00,2,3,15,B01
200500057938,0,07,000,00,0,9,10,A01
200500057939,0,07,000,00,2,2,16,A01
200500057939,0,02,000,00,2,8,01,B01
200500057940,0,07,000,00,2,8,13,A01
200500057940,0,02,000,00,2,7,01,B01
200500057941,0,07,000,00,2,1,01,A01
200500057941,0,07,000,00,2,4,02,B01
200500057942,0,07,000,00,2,1,01,A01
200500057942,0,07,000,00,2,4,01,B01
200500057943,0,07,000,00,2,1,13,A01
200500057943,0,07,000,00,2,3,01,B01
200500057944,0,02,000,00,2,1,01,A01
200500057944,0,07,000,00,2,4,01,B01
200500057945,0,17,000,01,0,0,01,A01
200500057946,0,02,000,00,2,1,01,B01
200500057946,0,07,000,00,2,7,15,A01
200500057947,1,10,000,00,1,0,01,A01
200500057948,0,07,000,00,1,1,01,A01
200500057949,0,07,000,00,2,3,19,A01
200500057949,0,02,000,00,2,7,17,B01
200500057950,0,07,000,00,2,1,01,A01
200500057950,0,07,000,00,2,1,01,B01
200500057951,0,07,000,00,1,3,01,A01
200500057952,0,07,000,00,1,1,01,A01
200500057953,0,05,000,00,1,1,00,A01
200500057953,0,03,000,00,2,1,01,B01
200500057954,0,07,000,00,1,1,01,A01
200500057955,0,07,000,00,2,2,02,A01
200500057955,0,02,000,00,2,3,02,B01
200500057956,0,05,000,00,2,7,01,B01
200500057956,0,07,000,00,0,8,19,A01
200500057957,0,07,000,00,1,4,04,A01
200500057958,0,07,000,00,1,1,01,A01
200500057959,0,07,000,00,0,0,01,A01
200500057959,0,07,000,00,0,0,01,B01
200500057960,0,07,000,00,2,7,11,A01
200500057960,0,05,000,00,2,1,21,B01
200500057960,0,07,000,00,2,3,23,C01
200500057961,0,03,000,00,0,1,00,A01
200500057962,0,07,000,00,2,3,01,A01
200500057962,0,07,000,01,2,2,01,B01
200500057963,0,07,000,00,2,2,01,B01
200500057963,0,07,000,00,2,3,15,A01
200500057964,0,07,000,00,2,3,01,A01
200500057964,0,07,000,00,2,3,15,B01
200500057965,0,07,000,00,0,4,02,A01
200500057965,0,07,000,00,2,4,02,B01
200500057965,0,07,000,00,2,1,02,C01
200500057966,0,07,000,00,2,1,17,A01
200500057966,0,07,000,00,2,1,01,B01
200500057966,0,07,000,00,0,0,00,C01
200500057967,0,07,000,00,1,1,01,A01
200500057968,0,07,000,00,2,1,15,A01
200500057968,0,07,000,00,2,1,01,B01
200500057969,0,07,000,00,1,1,24,A01
200500057970,0,07,000,01,2,1,01,A01
200500057970,0,07,000,00,2,8,16,C01
200500057970,0,07,000,00,2,2,01,B01
200500057971,0,07,000,13,0,0,13,A01
200500057972,0,07,000,01,0,1,01,A01
200500057973,0,07,000,00,1,1,15,A01
200500057974,0,07,000,00,1,8,01,A01
200500057975,0,04,000,00,1,1,01,A01
200500057975,0,07,000,00,2,6,01,B01
200500057976,0,07,000,00,2,3,02,A01
200500057976,0,07,000,00,2,6,02,B01
200500057977,0,07,000,01,0,2,01,A01
200500057978,0,07,000,00,2,1,01,A01
200500057978,0,01,000,00,2,8,09,B01
200500057979,1,99,000,00,1,0,01,A01
200500057980,0,07,000,00,2,8,13,A01
200500057980,0,07,000,00,2,1,01,B01
200500057981,0,05,000,00,2,1,01,B01
200500057981,0,07,000,00,2,2,09,A01
200500057982,0,05,000,00,1,2,01,A01
200500057983,0,07,000,00,1,2,01,A01
200500057984,0,07,000,00,2,8,15,A01
200500057985,0,04,000,00,2,1,01,A01
200500057986,0,07,000,00,2,1,01,A01
200500057986,0,07,000,00,2,9,01,B01
200500057986,0,07,000,00,4,4,01,C01
200500057987,0,04,000,00,2,0,01,A01
200500057987,0,07,000,00,2,2,15,B01
200500057988,0,07,000,00,2,4,02,A01
200500057988,0,07,000,00,2,1,02,B01
200500057988,0,07,000,00,2,1,02,C01
200500057989,0,07,000,00,2,2,07,A01
200500057989,0,07,000,00,2,8,01,B01
200500057990,0,05,000,00,2,1,17,A01
200500057990,0,13,000,00,0,8,15,B01
200500057991,0,07,000,01,2,2,01,A01
200500057991,0,07,000,00,2,6,24,B01
200500057992,0,07,000,00,1,2,15,A01
200500057993,0,07,000,11,2,2,01,A01
200500057993,0,07,000,00,2,1,01,B01
200500057994,0,07,000,13,0,1,01,A01
200500057995,0,07,000,00,0,1,13,A01
200500057996,0,07,000,00,2,8,15,A01
200500057996,0,04,000,00,2,7,02,B01
200500057997,0,05,000,00,2,0,01,A01
200500057997,0,15,000,00,2,0,01,B01
200500057998,0,07,000,00,2,1,01,A01
200500057998,0,07,000,00,2,9,01,B01
200500057998,0,07,000,00,2,4,01,C01
200500057999,0,07,000,00,2,7,01,A01
200500057999,0,05,000,00,2,1,01,B01
200500058000,0,07,000,15,2,9,02,A01
200500058000,0,07,000,00,2,7,02,B01
200500058001,0,07,000,00,2,3,15,A01
200500058001,0,04,000,00,2,1,01,B01
200500058002,0,07,000,00,2,2,00,A01
200500058002,0,05,000,00,2,6,13,B01
200500058002,0,07,000,00,0,0,01,C01
200500058003,0,05,000,01,0,1,14,A01
200500058003,0,07,000,00,2,1,24,B01
200500058004,0,07,000,00,1,1,01,A01
200500058005,0,07,000,00,1,1,01,A01
200500058006,0,07,000,00,2,1,16,A01
200500058006,0,01,000,00,2,7,19,B01
200500058007,0,07,000,00,0,8,16,B01
200500058007,0,15,000,00,2,7,09,A01
200500058008,0,07,000,00,2,4,23,A01
200500058008,0,07,000,00,2,1,02,B01
200500058009,0,07,000,00,2,2,15,A01
200500058009,0,01,000,00,2,1,01,B01
200500058010,0,07,000,00,1,7,16,A01
200500058011,0,07,000,00,2,1,01,A01
200500058011,0,07,000,00,2,3,01,B01
200500058012,0,05,000,12,0,1,13,A01
200500058013,0,07,000,01,0,8,13,A01
200500058014,0,05,000,01,0,1,01,A01
200500058015,0,07,000,00,2,0,00,C01
200500058015,0,07,000,15,2,3,01,A01
200500058015,0,07,000,00,2,2,12,B01
200500058016,0,05,000,00,0,2,01,A01
200500058017,0,07,000,00,1,1,01,A01
200500058018,0,07,000,00,2,1,05,A01
200500058018,0,07,000,00,2,3,02,B01
200500058019,0,04,000,00,2,1,09,A01
200500058019,0,07,000,00,2,1,02,B01
200500058020,0,07,000,14,9,9,01,A01
200500058020,0,99,000,00,0,0,02,B01
200500058020,0,07,000,00,9,8,05,C01
200500058021,0,07,000,00,1,1,01,A01
200500058022,0,07,000,14,2,1,02,A01
200500058022,0,07,000,00,2,4,02,B01
200500058022,0,07,000,00,0,4,02,C01