Num_Acc,senc,catv,occutc,obs,obsm,choc,manv,num_veh
200500058370,0,07,000,00,2,4,02,B01
200500058371,0,07,000,14,0,1,00,A01
200500058372,0,05,000,00,0,8,00,A01
200500058373,1,07,000,00,1,0,21,A01
200500058374,0,07,000,00,2,1,23,B01
200500058374,0,02,000,00,2,1,16,A01
200500058375,0,07,000,00,1,4,04,A01
200500058376,0,01,000,00,2,0,01,B01
200500058376,0,07,000,00,2,1,16,A01
200500058377,1,07,000,00,1,0,00,A01
200500058378,0,02,000,00,2,1,17,A01
200500058378,0,07,000,00,2,3,20,B01
200500058379,0,07,000,00,2,3,10,A01
200500058379,0,05,000,00,2,1,01,B01
200500058380,0,07,000,00,2,1,05,A01
200500058380,0,07,000,00,2,1,01,B01
200500058381,0,07,000,00,2,1,02,A01
200500058381,0,07,000,00,1,4,01,B01
200500058382,0,02,000,00,2,8,09,A01
200500058382,0,07,000,00,2,2,01,B01
200500058383,0,07,000,00,1,1,01,A01
200500058384,0,07,000,01,2,9,01,A01
200500058384,0,07,000,01,2,6,24,B01
200500058384,0,18,001,00,2,3,01,D01
200500058385,0,07,000,00,2,3,09,A01
200500058385,0,02,000,00,2,1,01,B01
200500058386,0,07,000,00,2,2,15,B01
200500058386,0,02,000,00,2,1,01,A01
200500058387,0,07,000,00,1,8,01,A01
200500058388,1,07,000,00,2,1,01,A01
200500058388,0,07,000,00,2,3,23,B01
200500058389,0,07,000,00,2,1,02,A01
200500058389,0,07,000,00,2,4,23,B01
200500058389,0,07,000,00,0,4,23,C01
200500058390,0,07,000,00,2,8,10,A01
200500058390,0,07,000,00,2,1,02,B01
200500058391,0,07,000,00,2,3,15,B01
200500058391,0,05,000,00,2,1,01,A01
200500058392,0,02,000,00,2,7,06,A01
200500058392,1,99,000,00,2,1,06,B01
200500058393,0,02,000,00,2,1,05,A01
200500058393,0,07,000,00,2,1,01,B01
200500058394,0,02,000,00,2,1,17,A01
200500058394,0,07,000,00,2,8,15,B01
200500058395,0,07,000,00,1,5,01,A01
200500058396,0,01,000,00,2,1,02,A01
200500058396,0,07,000,00,2,4,02,B01
200500058397,0,07,000,00,2,7,01,A01
200500058397,0,01,000,00,2,8,01,B01
200500058398,0,13,000,00,1,1,16,A01
200500058399,0,07,000,00,2,2,15,A01
200500058399,0,05,000,00,2,1,01,B01
200500058400,0,02,000,00,2,1,01,A01
200500058400,0,07,000,00,2,3,01,B01
200500058401,0,05,000,00,2,1,01,A01
200500058401,0,07,000,00,2,8,01,B01
200500058402,0,07,000,00,1,3,01,A01
200500058403,0,07,000,00,2,2,19,A01
200500058403,0,07,000,00,2,1,01,B01
200500058404,0,10,000,00,1,3,01,A01
200500058405,0,07,000,00,1,1,01,A01
200500058406,0,07,000,00,2,6,10,A01
200500058406,0,05,000,00,2,1,07,B01
200500058407,0,07,000,00,2,1,01,B01
200500058407,0,07,000,00,2,7,01,A01
200500058408,0,01,000,00,2,3,15,A01
200500058408,0,17,000,00,2,2,16,B01
200500058409,0,07,000,00,2,3,15,A01
200500058409,0,01,000,00,2,1,01,B01
200500058410,0,07,000,00,1,1,01,A01
200500058411,0,10,000,00,1,1,17,A01
200500058412,0,07,000,07,0,3,14,A01
200500058413,0,07,000,00,1,6,00,A01
200500058414,0,07,000,00,9,2,01,B01
200500058414,0,01,000,00,2,8,01,A01
200500058415,0,02,000,00,1,1,02,A01
200500058416,0,07,000,00,2,1,01,A01
200500058416,0,07,000,00,2,4,01,B01
200500058417,0,07,000,00,2,1,02,A01
200500058417,0,07,000,00,2,4,02,B01
200500058417,0,07,000,00,2,4,02,C01
200500058418,0,07,000,03,2,1,00,A01
200500058418,0,07,000,00,2,2,01,B01
200500058419,0,07,000,00,2,1,15,A01
200500058419,0,02,000,00,2,3,01,B01
200500058420,0,07,000,00,1,1,17,A01
200500058421,0,07,000,00,2,1,02,A01
200500058421,0,07,000,00,2,4,02,B01
200500058421,0,07,000,00,2,4,02,C01
200500058422,0,05,000,00,2,1,03,A01
200500058422,0,07,000,00,2,5,12,B01
200500058423,0,05,000,00,2,1,05,A01
200500058423,0,07,000,00,2,1,00,B01
200500058424,1,07,000,00,2,3,00,A01
200500058424,0,07,000,00,2,2,01,B01
200500058424,0,07,000,00,0,5,01,C01
200500058425,0,07,000,00,2,2,15,A01
200500058425,0,01,000,00,2,1,01,B01
200500058426,0,07,000,00,1,1,17,A01
200500058426,0,07,000,00,2,3,22,B01
200500058427,0,07,000,01,0,1,11,A01
200500058428,0,07,000,00,2,3,15,A01
200500058428,0,02,000,00,2,1,01,B01
200500058429,0,07,000,00,4,7,16,A01
200500058429,0,19,000,00,2,3,01,B01
200500058430,0,01,000,00,0,1,00,A01
200500058430,0,01,000,00,2,1,01,B01
200500058430,0,07,000,00,2,3,01,C01
200500058431,0,10,000,00,2,1,02,A01
200500058431,0,07,000,00,2,4,02,B01
200500058432,0,07,000,00,2,2,15,A01
200500058432,0,05,000,00,2,1,01,B01
200500058433,0,07,000,00,2,3,01,A01
200500058433,0,02,000,00,2,1,01,B01
200500058434,0,07,000,00,2,1,02,A01
200500058434,0,07,000,00,2,4,02,B01
200500058434,0,07,000,00,2,4,23,C01
200500058435,0,07,000,00,2,4,01,B01
200500058435,0,07,000,00,2,1,01,A01
200500058436,0,05,000,00,2,2,17,A01
200500058436,0,07,000,00,2,3,15,B01
200500058436,0,07,000,01,2,6,24,C01
200500058437,0,01,000,00,2,1,19,B01
200500058437,0,07,000,00,2,1,01,A01
200500058438,0,07,000,00,2,5,15,A01
200500058438,0,01,000,00,2,1,01,B01
200500058439,0,07,000,00,2,5,20,A01
200500058439,0,01,000,00,2,1,01,B01
200500058440,0,07,000,00,2,4,01,B01
200500058440,0,07,000,00,2,1,02,A01
200500058440,0,07,000,00,2,4,02,C01
200500058440,0,07,000,02,2,4,02,D01
200500058441,0,05,000,14,0,1,01,A01
200500058442,0,07,000,00,2,3,01,A01
200500058442,0,01,000,00,2,1,19,B01
200500058443,0,07,000,04,2,1,01,A01
200500058443,0,07,000,00,2,1,01,B01
200500058444,0,05,000,00,0,0,02,A01
200500058444,0,07,000,00,0,0,12,B01
200500058445,0,07,000,00,1,4,04,A01
200500058446,0,07,000,00,2,1,02,A01
200500058446,0,07,000,00,0,4,23,B01
200500058447,0,07,000,00,1,6,20,A01
200500058448,0,02,000,00,2,1,01,A01
200500058448,0,07,000,00,2,8,15,B01
200500058449,0,02,000,00,2,1,01,A01
200500058449,0,07,000,00,2,7,01,B01
200500058450,0,07,000,00,1,3,01,A01
200500058451,0,07,000,00,2,2,15,A01
200500058452,0,01,000,00,2,1,01,A01
200500058452,0,07,000,00,2,8,01,B01
200500058453,0,01,000,00,2,1,15,A01
200500058453,0,07,000,00,2,3,01,B01
200500058454,0,07,000,00,1,5,04,A01
200500058455,0,02,000,01,2,2,05,A01
200500058455,0,07,000,01,2,1,01,B01
200500058456,0,07,000,00,2,8,22,A01
200500058456,0,01,000,01,2,1,01,B01
200500058457,0,07,000,00,2,2,01,A01
200500058457,0,07,000,00,2,1,01,B01
200500058458,0,07,000,00,2,1,02,A01
200500058458,0,18,020,00,2,4,02,B01
200500058458,0,07,000,00,0,0,15,C01
200500058459,0,19,000,00,1,3,01,A01
200500058460,0,07,000,00,2,5,15,A01
200500058460,0,07,000,00,2,1,01,B01
200500058461,0,07,000,00,2,3,22,A01
200500058461,0,01,000,00,0,1,01,B01
200500058462,0,07,000,00,2,1,15,A01
200500058462,0,02,000,00,2,3,01,B01
200500058463,0,19,000,00,1,2,24,A01
200500058464,0,01,000,00,2,1,17,A01
200500058464,0,07,000,00,2,3,01,B01
200500058464,0,07,000,00,0,0,01,C01
200500058465,0,07,000,00,2,1,15,A01
200500058465,0,07,000,00,2,3,01,B01
200500058466,0,07,000,00,2,2,15,A01
200500058466,0,05,000,00,2,1,01,B01
200500058467,0,04,000,00,2,1,22,B01
200500058467,0,07,000,00,2,5,15,A01
200500058468,0,05,000,00,2,1,01,B01
200500058468,0,07,000,00,2,3,15,A01
200500058469,0,02,000,00,2,1,02,A01
200500058469,0,07,000,00,2,4,02,B01
200500058470,0,07,000,00,2,4,02,B01
200500058470,0,02,000,00,2,1,02,A01
200500058471,0,07,000,00,2,1,01,A01
200500058471,0,07,000,00,2,1,15,B01
200500058472,0,17,000,08,2,3,01,B01
200500058472,0,07,000,08,2,6,13,A01
200500058472,0,07,000,13,2,1,01,C01
200500058473,0,07,000,00,2,3,15,A01
200500058473,0,02,000,00,2,1,01,B01
200500058474,0,10,000,00,2,7,16,A01
200500058474,0,02,000,00,2,1,01,B01
200500058475,0,05,000,00,2,3,13,A01
200500058475,0,07,000,00,2,8,01,B01
200500058476,0,02,000,00,2,1,02,A01
200500058476,0,07,000,00,2,4,23,B01
200500058477,0,05,000,00,2,1,02,A01
200500058477,0,07,000,00,2,4,02,B01
200500058478,0,02,000,00,2,1,01,A01
200500058478,0,07,000,00,2,6,15,B01
200500058479,0,07,000,00,1,1,02,A01
200500058480,0,07,000,00,2,2,15,A01
200500058480,0,04,000,00,2,1,18,B01
200500058481,0,07,000,06,0,1,01,A01
200500058482,0,07,000,01,2,2,02,A01
200500058482,0,02,000,00,2,0,02,B01
200500058483,0,07,000,00,2,1,15,A01
200500058483,0,07,000,06,2,1,01,B01
200500058484,0,07,000,00,2,4,15,A01
200500058484,0,02,000,00,2,1,01,B01
200500058485,0,05,000,00,2,1,01,A01
200500058485,0,07,000,00,2,2,16,B01
200500058486,0,07,000,00,6,1,01,A01
200500058487,0,07,000,00,1,1,01,A01
200500058488,0,07,000,08,0,1,01,A01
200500058489,0,07,000,00,1,0,01,A01
200500058490,0,07,000,00,2,1,01,A01
200500058490,0,07,000,00,2,4,23,B01
200500058491,0,02,000,00,0,1,00,A01
200500058492,0,01,000,00,1,1,01,A01
200500058493,0,13,000,00,2,7,12,A01
200500058493,0,07,000,01,2,8,01,B01
200500058494,0,07,000,04,2,8,06,A01
200500058494,0,07,000,00,2,1,01,B01
200500058495,0,10,000,00,2,1,02,A01
200500058495,0,07,000,00,2,4,23,B01
200500058496,0,07,000,00,2,8,15,A01
200500058496,0,01,000,00,2,1,01,B01
200500058497,0,07,000,00,2,1,15,B01
200500058497,0,07,000,00,2,1,16,A01
200500058498,1,07,000,00,2,1,01,A01
200500058498,0,01,000,00,0,4,01,B01
200500058499,0,07,000,00,2,1,01,A01
200500058499,0,07,000,00,0,4,01,B01
200500058500,0,07,000,00,2,1,00,A01
200500058500,0,07,000,00,2,1,00,B01
200500058501,0,07,000,13,0,2,01,A01
200500058502,0,07,000,00,2,1,10,A01
200500058502,0,07,000,00,2,8,01,B01
200500058503,0,07,000,00,2,3,15,A01
200500058503,0,05,000,00,2,1,01,B01
200500058504,0,07,000,00,0,0,00,A01
200500058504,0,07,000,00,0,0,00,B01
200500058505,0,10,000,00,2,1,01,A01
200500058505,0,07,000,00,2,4,01,B01
200500058506,0,04,000,00,2,1,01,A01
200500058506,0,07,000,00,2,4,01,B01
200500058507,0,07,000,00,1,2,00,A01
200500058508,0,07,000,00,1,1,01,A01
200500058509,0,07,000,00,2,1,01,B01
200500058509,0,04,000,00,2,1,13,A01
200500058510,0,07,000,00,0,7,01,A01
200500058510,0,07,000,00,2,1,01,B01
200500058511,0,07,000,00,0,1,02,A01
200500058511,0,07,000,00,0,4,02,C01
200500058511,0,07,000,00,2,4,02,B01
200500058512,0,07,000,00,9,7,00,A01
200500058512,0,01,000,00,0,7,01,B01
200500058513,0,07,000,00,2,2,01,A01
200500058513,0,07,000,00,2,3,01,B01
200500058514,0,07,000,08,0,8,00,A01
200500058515,0,07,000,12,1,2,02,A01
200500058516,0,02,000,00,2,7,01,B01
200500058516,0,07,000,00,2,8,01,A01
200500058517,0,02,000,16,0,1,01,A01
200500058517,0,07,000,00,0,0,15,B01
200500058518,0,99,000,00,1,1,01,A01
200500058519,0,02,000,00,1,1,01,A01
200500058520,0,07,000,00,1,1,16,A01
200500058521,0,07,000,00,2,4,04,A01
200500058521,0,02,000,00,2,7,01,B01
200500058522,0,02,000,00,2,1,01,A01
200500058522,0,07,000,00,2,4,23,B01
200500058523,0,02,000,00,1,1,13,A01
200500058524,0,02,000,00,2,1,01,A01
200500058524,0,07,000,00,2,4,16,B01
200500058525,0,07,000,00,2,7,15,A01
200500058525,0,02,000,00,2,2,01,B01
200500058526,0,02,000,00,2,7,15,A01
200500058526,0,05,000,00,2,1,01,B01
200500058527,0,07,000,06,0,2,01,A01
200500058528,0,07,000,00,1,1,01,A01
200500058529,0,07,000,00,2,1,01,A01
200500058529,0,01,000,00,2,1,15,B01
200500058530,0,07,000,01,0,1,01,A01
200500058531,0,07,000,13,0,1,01,A01
200500058532,0,07,000,00,2,8,01,B01
200500058532,0,02,000,00,2,8,00,A01
200500058533,0,07,000,00,2,3,00,A01
200500058533,0,07,000,00,2,2,00,B01
200500058534,0,07,000,00,1,8,15,A01
200500058535,0,07,000,00,2,1,00,A01
200500058535,0,07,000,00,2,3,00,B01
200500058536,0,07,000,00,2,8,01,C01
200500058536,0,07,000,13,2,6,01,A01
200500058536,0,17,000,00,2,1,01,B01
200500058537,0,07,000,00,2,8,15,A01
200500058537,0,07,000,00,2,3,01,B01
200500058538,0,10,000,00,2,1,01,A01
200500058538,0,07,000,00,2,1,01,B01
200500058539,0,07,000,06,2,2,01,B01
200500058539,0,07,000,06,2,3,00,A01
200500058540,0,07,000,00,2,3,11,A01
200500058540,0,05,000,00,2,1,01,B01
200500058541,0,07,000,00,2,7,16,B01
200500058541,0,05,000,00,2,3,18,A01
200500058542,0,05,000,00,2,3,13,A01
200500058542,0,07,000,00,2,8,01,B01
200500058543,0,07,000,00,2,7,01,A01
200500058544,0,07,000,00,2,3,11,A01
200500058544,0,07,000,00,2,8,01,B01
200500058545,0,18,012,00,2,7,16,B01
200500058545,0,07,000,00,2,1,01,A01
200500058545,0,07,000,00,0,1,23,C01
200500058546,0,14,000,00,9,2,15,A01
200500058546,0,14,000,00,2,1,01,B01
200500058547,0,07,000,00,1,3,21,A01
200500058548,0,01,000,00,1,1,01,A01
200500058549,0,07,000,00,0,1,02,A01
200500058549,0,02,000,00,0,4,15,B01
200500058550,0,07,000,00,1,2,09,A01
200500058551,0,05,000,00,2,1,02,A01
200500058551,0,07,000,00,0,6,10,B01
200500058552,0,02,000,00,2,1,01,A01
200500058552,0,07,000,00,0,4,23,B01
200500058553,0,05,000,12,0,9,01,A01
200500058554,0,07,000,00,0,1,01,B01
200500058554,0,07,000,00,0,1,09,A01
200500058555,0,07,000,00,2,3,01,A01
200500058555,0,07,000,00,2,3,01,B01
200500058556,0,07,000,00,0,3,01,B01
200500058556,0,07,000,00,0,2,15,A01
200500058557,0,07,000,00,0,7,15,A01
200500058557,0,01,000,00,0,1,01,B01
200500058558,0,07,000,00,2,1,15,A01
200500058558,0,07,000,00,0,1,01,B01
200500058559,0,01,000,00,2,1,13,A01
200500058559,0,07,000,00,2,3,23,B01
200500058560,0,07,000,00,2,2,09,A01
200500058560,0,07,000,00,2,3,09,B01
200500058561,0,04,000,00,0,3,01,B01
200500058561,0,07,000,00,0,0,09,A01
200500058562,0,07,000,00,2,1,02,A01
200500058562,0,07,000,00,2,4,02,B01
200500058563,0,07,000,00,2,2,09,A01
200500058563,0,07,000,00,2,3,21,B01
200500058564,0,07,000,01,0,2,01,A01
200500058565,0,07,000,00,2,2,15,A01
200500058565,0,05,000,00,2,1,01,B01
200500058566,0,02,000,06,0,2,01,A01
200500058567,0,07,000,00,2,8,15,A01
200500058567,0,10,000,00,2,1,01,B01
200500058568,0,17,000,00,2,8,15,A01
200500058568,0,07,000,00,2,1,01,B01
200500058568,0,09,000,00,2,1,01,C01
200500058569,0,07,000,00,2,3,15,B01
200500058569,0,05,000,00,2,3,12,A01
200500058570,0,07,000,00,1,1,01,A01
200500058571,0,02,000,00,2,1,01,A01
200500058571,0,07,000,00,2,6,15,B01
200500058572,0,10,000,00,2,8,15,A01
200500058572,0,05,000,00,2,2,15,B01
200500058573,0,07,000,00,1,1,01,A01
200500058573,0,07,000,00,1,1,01,B01
200500058574,0,07,000,00,1,3,01,A01
200500058575,0,07,000,00,2,3,15,A01
200500058575,0,07,000,00,2,1,01,B01
200500058576,0,07,000,00,1,1,01,A01
200500058577,0,04,000,00,2,2,17,A01
200500058577,0,07,000,00,9,3,15,B01
200500058578,0,07,000,00,2,7,15,A01
200500058578,0,04,000,00,2,1,20,B01
200500058579,0,07,000,00,2,3,11,A01
200500058579,0,07,000,00,2,5,23,B01
200500058579,0,07,000,00,9,4,23,C01
200500058579,0,07,000,00,0,4,23,D01
200500058580,0,07,000,06,0,3,14,A01
200500058581,0,02,000,00,2,3,01,A01
200500058581,0,07,000,00,2,3,15,B01
200500058581,0,07,000,00,0,0,15,C01
200500058582,0,07,000,00,2,2,01,A01
200500058582,0,01,000,00,2,1,01,B01
200500058583,0,02,000,00,2,1,01,A01
200500058583,0,07,000,00,2,4,23,B01
200500058584,0,07,000,00,2,3,10,A01
200500058584,0,05,000,00,2,1,01,B01
200500058585,0,05,000,00,0,2,02,A01
200500058585,0,07,000,00,0,0,00,B01
200500058586,0,02,000,15,0,1,14,A01
200500058587,0,07,000,00,2,2,02,A01
200500058587,0,07,000,00,2,4,02,B01
200500058588,0,07,000,00,2,5,15,A01
200500058588,0,04,000,00,2,1,01,B01
200500058589,0,07,000,00,0,2,17,A01
200500058589,0,01,000,00,2,3,01,B01
200500058590,0,07,000,00,2,3,20,A01
200500058590,0,01,000,00,2,1,01,B01
200500058591,2,05,000,00,4,0,00,A01
200500058591,0,18,000,00,0,3,02,B01
200500058592,0,01,000,00,0,0,01,B01
200500058592,1,07,000,00,0,0,00,A01
200500058593,0,19,000,00,1,3,01,A01
200500058594,0,07,000,15,0,1,00,A01
200500058595,1,07,000,00,2,2,15,A01
200500058595,0,05,000,00,2,1,01,B01
200500058596,0,07,000,15,0,1,01,A01
200500058597,0,19,000,00,1,1,01,A01
200500058598,0,02,000,00,1,1,01,A01
200500058599,0,07,000,16,9,7,14,A01
200500058600,0,01,000,00,2,4,00,A01
200500058600,1,02,000,00,2,1,00,B01
200500058601,0,19,000,00,1,8,01,A01
200500058602,1,07,000,00,2,7,16,A01
200500058602,0,02,000,00,2,1,01,B01
200500058603,0,07,000,16,0,3,14,A01
200500058604,0,02,000,00,2,1,15,A01
200500058604,0,07,000,00,2,3,15,B01
200500058605,0,07,000,00,2,8,01,A01
200500058605,0,05,000,00,2,1,01,B01
200500058606,0,07,000,00,1,1,02,A01
200500058607,0,07,000,00,2,3,01,A01
200500058607,0,01,000,00,2,7,01,B01
200500058608,1,07,000,00,2,1,00,A01
200500058608,0,07,000,00,2,8,01,B01
200500058609,0,07,000,00,1,2,01,A01
200500058609,0,01,000,14,2,4,01,B01
200500058610,0,07,000,00,2,1,01,A01
200500058610,0,02,000,00,2,7,01,B01
200500058611,0,07,000,00,2,2,15,A01
200500058611,0,02,000,00,2,1,08,B01
200500058612,0,07,000,09,4,3,01,A01
200500058612,0,19,000,00,2,1,01,B01
200500058613,0,07,000,01,2,1,01,A01
200500058613,0,07,000,00,2,1,01,B01
200500058614,0,07,000,00,2,2,15,A01
200500058614,0,01,000,00,2,1,01,B01
200500058615,0,17,000,00,2,3,17,A01
200500058615,0,07,000,04,2,9,01,B01
200500058616,0,07,000,00,2,7,15,A01
200500058616,0,02,000,00,2,1,01,B01
200500058617,0,07,000,00,2,3,10,A01
200500058617,0,05,000,00,2,1,01,B01
200500058618,0,07,000,13,0,9,01,A01
200500058619,0,07,000,00,2,6,15,A01
200500058619,0,05,000,00,2,2,07,B01
200500058620,0,02,000,00,2,8,01,B01
200500058620,1,07,000,00,2,0,20,A01
200500058621,0,07,000,00,2,3,01,A01
200500058621,0,07,000,00,2,1,01,B01
200500058622,1,07,000,00,2,1,01,A01
200500058623,0,07,000,06,0,1,01,A01
200500058624,0,02,000,00,2,1,01,A01
200500058624,0,07,000,00,2,7,15,B01
200500058625,0,07,000,00,2,8,01,A01
200500058625,0,01,000,00,2,1,01,B01
200500058626,0,18,001,00,1,0,01,A01
200500058627,0,07,000,00,2,1,01,A01
200500058627,0,07,000,00,2,4,02,B01
200500058627,0,07,000,00,2,6,02,C01
200500058627,0,07,000,00,2,5,02,D01
200500058628,1,07,000,00,2,1,02,A01
200500058628,0,07,000,00,2,1,02,B01
200500058629,0,07,000,00,2,2,14,A01
200500058629,0,02,000,00,2,8,01,B01
200500058630,0,02,000,00,0,7,01,A01
200500058631,0,02,000,00,2,2,01,A01
200500058631,0,07,000,00,2,8,01,B01
200500058632,0,04,000,00,2,1,02,A01
200500058632,0,07,000,00,2,5,02,B01
200500058633,0,10,000,00,2,4,24,A01
200500058633,0,07,000,00,2,1,01,B01
200500058634,0,07,000,00,2,1,01,A01
200500058634,0,04,000,00,2,7,01,B01
200500058635,0,05,000,00,1,1,01,A01
200500058636,0,06,000,00,2,3,02,A01
200500058636,0,07,000,00,2,4,02,B01
200500058636,0,07,000,00,2,3,01,C01
200500058637,0,18,006,00,1,2,23,A01
200500058638,1,07,000,00,1,1,19,A01
200500058639,0,07,000,00,2,7,10,A01
200500058639,0,05,000,00,2,1,02,B01
200500058640,0,02,000,00,2,1,02,A01
200500058640,0,07,000,00,2,2,02,B01
200500058641,0,07,000,00,2,1,13,A01
200500058641,0,07,000,00,2,1,02,B01
200500058642,0,07,000,00,2,3,15,A01
200500058642,0,02,000,00,2,1,01,B01
200500058643,0,07,000,01,0,1,13,A01
200500058644,0,02,000,00,2,7,01,B01
200500058644,1,07,000,00,2,1,01,A01
200500058645,0,07,000,00,2,8,19,A01
200500058645,0,05,000,00,2,1,01,B01
200500058646,0,07,000,08,0,1,01,A01
200500058647,2,07,000,00,2,8,15,A01
200500058647,0,02,000,00,2,2,01,B01
200500058648,0,05,000,00,0,0,01,B01
200500058648,0,07,000,00,0,0,16,A01
200500058649,0,07,000,00,2,4,01,B01
200500058649,0,02,000,00,2,1,01,A01
200500058650,0,07,000,00,2,2,19,A01
200500058650,0,18,001,00,2,3,01,B01
200500058651,0,07,000,00,0,1,14,B01
200500058651,1,07,000,00,0,0,00,A01
200500058652,0,02,000,00,2,0,21,A01
200500058652,0,07,000,00,0,6,23,B01
200500058653,0,07,000,00,9,2,15,A01
200500058653,0,02,000,00,2,1,01,B01
200500058654,0,07,000,00,2,8,14,C01
200500058654,0,02,000,00,2,8,17,A01
200500058654,0,07,000,00,2,3,16,B01
200500058655,0,07,000,00,2,1,00,A01
200500058655,0,01,000,00,2,0,16,B01
200500058656,0,02,000,00,2,1,01,A01
200500058656,0,02,000,00,2,1,01,B01
200500058657,1,99,000,00,1,1,00,A01
200500058658,0,02,000,00,2,0,17,A01
200500058658,0,07,000,00,2,8,15,B01
200500058659,0,07,000,00,1,2,01,A01
200500058660,0,07,000,00,2,0,18,A01
200500058660,0,02,000,00,2,0,00,B01
200500058661,0,07,000,00,2,1,00,A01
200500058661,0,01,000,00,2,4,00,B01
200500058662,0,02,000,01,0,0,00,A01
200500058663,0,07,000,00,2,1,13,A01
200500058663,0,07,000,00,2,3,13,B01
200500058663,0,07,000,00,2,2,02,C01
200500058664,0,07,000,00,1,1,01,A01
200500058665,0,07,000,00,2,7,11,A01
200500058665,0,07,000,00,2,1,01,B01
200500058666,0,07,000,00,1,2,01,A01
200500058667,0,07,000,00,1,0,01,A01
200500058668,0,07,000,00,2,1,15,A01
200500058668,0,05,000,00,1,1,01,B01
200500058669,0,07,000,00,2,1,01,A01
200500058669,0,07,000,00,2,3,23,B01
200500058669,0,07,000,00,2,1,23,C01
200500058670,0,01,000,00,2,3,11,A01
200500058670,0,07,000,00,2,1,01,B01
200500058671,0,10,000,00,2,2,01,B01
200500058671,0,07,000,00,2,5,01,A01
200500058672,0,07,000,00,2,3,21,B01
200500058672,0,04,000,00,2,1,13,A01
200500058673,0,07,000,01,2,1,19,A01
200500058673,0,05,000,00,2,7,15,B01
200500058674,0,07,000,00,2,3,19,A01
200500058674,0,02,000,00,2,3,17,B01
200500058675,0,07,000,00,0,7,14,B01
200500058675,0,07,000,00,2,1,15,A01
200500058676,0,07,000,03,2,8,10,A01
200500058676,0,07,000,00,2,1,01,B01
200500058677,0,07,000,00,0,1,01,A01
200500058678,0,07,000,13,0,1,01,A01
200500058679,0,07,000,00,1,1,01,A01
200500058680,0,07,000,00,1,1,01,A01
200500058681,0,07,000,00,1,1,01,A01
200500058682,0,07,000,00,1,1,15,A01
200500058683,0,07,000,00,2,1,01,A01
200500058683,0,18,003,00,2,1,01,B01
200500058684,0,01,000,00,0,0,01,A01
200500058685,0,02,000,00,2,8,15,A01
200500058685,0,07,000,00,2,3,01,B01
200500058686,0,02,000,00,0,0,01,A01
200500058687,0,02,000,00,2,1,01,A01
200500058687,0,02,000,00,2,4,23,B01
200500058688,1,01,000,00,2,1,01,A01
200500058688,0,01,000,00,2,1,01,B01
200500058689,0,02,000,00,2,2,01,A01
200500058689,0,07,000,00,2,8,01,B01
200500058690,0,07,000,00,2,3,16,A01
200500058690,0,01,000,00,2,1,01,B01
200500058691,0,01,000,00,2,1,19,A01
200500058691,0,07,000,00,2,1,01,B01
200500058692,0,07,000,00,2,1,01,A01
200500058692,0,07,000,00,2,4,01,B01
200500058692,0,07,000,00,2,4,01,C01
200500058693,0,14,000,00,2,1,12,A01
200500058693,0,07,000,03,2,7,01,B01
200500058694,0,07,000,00,2,2,15,A01
200500058694,0,02,000,00,2,1,01,B01
200500058695,0,01,000,00,2,1,15,A01
200500058695,0,07,000,00,2,1,11,B01
200500058696,0,07,000,00,2,7,01,A01
200500058696,0,02,000,00,2,1,01,B01
200500058697,0,01,000,00,2,1,01,A01
200500058697,0,07,000,00,2,3,01,B01
200500058698,0,07,000,01,0,1,01,A01
200500058699,1,07,000,00,2,1,01,A01
200500058699,0,02,000,00,2,4,01,B01
200500058700,0,07,000,00,2,5,18,A01
200500058700,0,18,002,00,2,3,01,B01
200500058701,0,07,000,00,2,8,10,A01
200500058701,0,05,000,00,2,1,01,B01
200500058702,0,02,000,00,2,1,01,A01
200500058702,0,07,000,00,2,1,15,B01
200500058703,0,07,000,00,2,2,01,A01
200500058703,0,01,000,00,2,1,01,B01
200500058704,0,18,001,00,2,3,01,A01
200500058704,0,07,000,00,2,7,01,B01
200500058705,0,02,000,00,2,1,01,A01
200500058705,0,07,000,00,2,3,01,B01
200500058706,0,05,000,11,0,1,01,A01
200500058707,0,07,000,00,2,1,01,A01
200500058707,0,07,000,00,2,4,01,B01
200500058708,0,02,000,00,1,1,17,A01
200500058709,0,07,000,00,1,1,01,A01
200500058710,0,02,000,00,2,1,01,B01
200500058710,0,07,000,00,2,1,15,A01
200500058711,0,01,000,00,2,0,18,A01
200500058711,0,07,000,00,2,7,23,B01
200500058712,0,07,000,00,2,1,01,A01
200500058712,0,07,000,00,2,2,15,B01
200500058713,0,07,000,00,2,1,01,A01
200500058713,0,02,000,00,2,1,00,B01
200500058714,0,07,000,00,2,1,01,A01
200500058714,0,07,000,01,2,3,01,B01
200500058715,0,07,000,00,2,1,15,A01
200500058715,0,07,000,00,2,1,01,B01
200500058716,0,02,000,00,2,1,01,A01
200500058716,0,07,000,00,2,4,01,B01
200500058717,0,07,000,00,2,1,01,A01
200500058717,0,05,000,00,2,1,15,B01
200500058718,0,07,000,00,2,1,02,A01
200500058718,0,07,000,00,2,2,13,B01
200500058719,0,07,000,00,2,1,01,A01
200500058719,0,07,000,00,2,4,01,B01
200500058720,0,05,000,00,2,1,01,B01
200500058720,0,07,000,00,2,6,01,A01
200500058721,0,07,000,00,1,1,01,A01
200500058722,0,02,000,00,2,1,01,A01
200500058722,0,07,000,00,2,1,01,B01
200500058723,0,07,000,00,2,7,01,B01