Num_Acc,senc,catv,occutc,obs,obsm,choc,manv,num_veh
200500060212,0,07,000,00,1,2,01,A01
200500060213,0,07,000,00,2,2,12,A01
200500060213,0,02,000,00,2,3,01,B01
200500060214,0,02,000,12,0,2,14,A01
200500060215,0,07,000,01,2,2,15,A01
200500060215,0,07,000,01,2,1,01,B01
200500060216,0,07,000,00,1,5,01,A01
200500060217,0,18,000,00,1,1,07,A01
200500060218,0,02,000,00,2,3,16,A01
200500060218,0,07,000,00,2,2,16,B01
200500060219,0,10,000,00,2,1,02,A01
200500060219,0,10,000,00,2,4,02,B01
200500060220,0,10,000,00,2,5,16,A01
200500060220,0,05,000,00,2,3,16,B01
200500060221,0,05,000,14,0,3,15,A01
200500060222,0,07,000,01,0,1,14,A01
200500060223,0,05,000,00,0,2,21,A01
200500060224,0,07,000,00,2,6,15,A01
200500060224,0,04,000,00,2,1,01,B01
200500060225,0,04,000,00,1,2,01,A01
200500060226,0,07,000,00,2,8,15,A01
200500060226,0,04,000,00,2,2,15,B01
200500060227,0,02,000,00,2,1,02,A01
200500060227,0,07,000,00,2,4,02,B01
200500060228,0,05,000,00,2,1,01,A01
200500060228,0,07,000,00,2,4,23,B01
200500060228,0,02,000,00,2,3,01,C01
200500060229,0,04,000,00,0,2,01,A01
200500060230,0,05,000,00,1,1,01,A01
200500060231,0,07,000,00,2,8,22,A01
200500060231,0,01,000,00,2,1,01,B01
200500060231,0,07,000,00,2,2,01,C01
200500060232,0,18,000,00,2,7,01,B01
200500060232,0,10,000,00,2,1,01,A01
200500060233,0,07,000,00,1,3,01,A01
200500060234,0,10,000,00,2,7,12,A01
200500060234,0,04,000,00,2,3,01,B01
200500060235,0,02,000,00,0,2,21,A01
200500060236,1,07,000,00,2,2,00,A01
200500060236,0,02,000,00,2,1,01,B01
200500060237,0,07,000,00,2,1,01,A01
200500060237,0,07,000,00,2,4,23,B01
200500060237,0,07,000,00,2,2,15,C01
200500060238,0,04,000,00,2,3,17,A01
200500060238,0,10,000,00,2,3,15,B01
200500060239,0,07,000,00,1,1,15,A01
200500060240,0,05,000,00,0,0,01,A01
200500060241,0,07,000,00,1,1,01,A01
200500060242,0,05,000,00,2,2,17,A01
200500060242,0,10,000,00,2,3,15,B01
200500060243,0,07,000,00,2,1,01,A01
200500060243,0,07,000,00,2,2,01,B01
200500060244,0,07,000,00,2,4,24,A01
200500060244,0,02,000,00,2,1,01,B01
200500060245,0,07,000,01,0,1,01,A01
200500060246,0,07,000,09,0,1,16,A01
200500060247,0,05,000,00,0,0,01,A01
200500060248,0,07,000,00,2,3,10,A01
200500060248,0,04,000,00,2,2,01,B01
200500060249,0,02,000,00,2,1,01,A01
200500060249,0,07,000,00,2,2,01,B01
200500060250,0,07,000,00,1,1,15,A01
200500060251,0,07,000,00,2,2,01,A01
200500060251,0,04,000,00,2,3,01,B01
200500060252,0,05,000,00,2,3,18,A01
200500060252,0,07,000,00,2,5,01,B01
200500060253,0,05,000,00,2,2,01,A01
200500060253,0,05,000,00,2,3,01,B01
200500060254,0,05,000,00,2,2,17,A01
200500060254,0,07,000,00,2,3,15,B01
200500060255,0,04,000,00,2,1,07,A01
200500060255,0,07,000,00,2,4,23,B01
200500060256,0,02,000,00,2,1,17,A01
200500060256,0,07,000,00,2,1,01,B01
200500060256,0,07,000,00,2,4,01,C01
200500060257,0,04,000,00,2,1,01,A01
200500060257,0,18,000,00,2,1,01,B01
200500060258,0,02,000,00,2,1,01,A01
200500060258,0,10,000,00,2,8,15,B01
200500060259,0,04,000,00,2,1,01,A01
200500060259,0,07,000,00,2,4,01,B01
200500060260,0,10,000,00,2,3,09,A01
200500060260,0,05,000,00,2,2,01,B01
200500060261,0,07,000,00,2,3,10,A01
200500060261,0,02,000,00,2,2,01,B01
200500060262,0,07,000,01,0,1,21,A01
200500060263,0,01,000,00,2,3,16,B01
200500060263,0,02,000,00,2,2,01,A01
200500060264,1,07,000,00,2,3,00,A01
200500060264,0,05,000,00,2,2,01,B01
200500060265,0,02,000,00,0,0,01,A01
200500060266,0,07,000,01,0,1,14,A01
200500060267,0,05,000,00,2,3,18,A01
200500060267,0,07,000,00,2,2,12,B01
200500060268,0,05,000,00,0,3,03,A01
200500060269,0,05,000,00,2,1,01,A01
200500060269,0,07,000,00,2,4,01,B01
200500060269,0,07,000,00,2,8,01,C01
200500060270,0,07,000,05,0,3,13,A01
200500060271,0,07,000,04,0,2,14,A01
200500060272,0,05,000,00,2,3,18,A01
200500060272,0,07,000,00,2,2,12,B01
200500060273,0,17,000,00,2,7,12,A01
200500060273,0,07,000,04,2,3,01,B01
200500060274,1,07,000,00,2,7,00,A01
200500060274,0,05,000,00,2,3,01,B01
200500060275,0,07,000,00,2,2,12,A01
200500060275,0,05,000,00,2,1,01,B01
200500060275,0,07,000,00,2,7,01,C01
200500060276,0,07,000,00,2,1,02,A01
200500060276,0,07,000,00,2,4,02,B01
200500060276,0,07,000,00,2,4,02,C01
200500060277,0,05,000,00,2,3,18,A01
200500060277,0,07,000,00,2,7,01,B01
200500060278,0,07,000,00,2,1,01,A01
200500060278,0,17,000,00,2,4,01,B01
200500060279,0,10,000,00,2,3,11,A01
200500060279,0,05,000,00,2,2,03,B01
200500060280,0,07,000,00,2,6,11,A01
200500060280,0,05,000,00,2,2,01,B01
200500060281,0,07,000,00,2,7,22,A01
200500060281,0,05,000,00,2,3,03,B01
200500060282,0,04,000,00,1,1,01,A01
200500060283,0,02,000,00,2,1,01,A01
200500060283,0,10,000,00,2,4,01,B01
200500060284,0,07,000,00,1,1,15,A01
200500060285,0,02,000,00,2,1,01,A01
200500060285,0,07,000,00,2,4,01,B01
200500060286,0,07,000,00,2,1,02,A01
200500060286,0,07,000,00,2,4,02,B01
200500060286,0,07,000,00,2,4,02,C01
200500060287,0,07,000,00,2,2,15,A01
200500060287,0,02,000,00,2,1,01,B01
200500060288,0,10,000,00,1,1,01,A01
200500060289,0,04,000,00,1,1,01,A01
200500060290,0,05,000,00,2,2,17,A01
200500060290,0,10,000,00,2,3,01,B01
200500060290,0,07,000,00,2,7,01,C01
200500060291,0,04,000,00,0,3,21,A01
200500060292,0,07,000,00,2,1,14,A01
200500060292,0,07,000,00,2,4,24,B01
200500060292,0,07,000,00,2,4,24,C01
200500060293,0,04,000,12,0,2,01,A01
200500060294,0,05,000,00,1,1,01,A01
200500060295,0,05,000,00,2,2,12,A01
200500060295,0,07,000,00,2,8,01,B01
200500060295,0,07,000,00,2,5,01,C01
200500060296,0,05,000,00,2,3,11,A01
200500060296,0,05,000,00,2,2,01,B01
200500060296,0,07,000,00,2,6,01,C01
200500060296,0,07,000,00,2,4,01,D01
200500060297,0,10,000,00,2,3,10,A01
200500060297,0,05,000,00,2,2,01,B01
200500060298,0,07,000,00,2,3,01,B01
200500060298,0,07,000,00,2,1,01,A01
200500060299,0,07,000,00,2,2,15,A01
200500060299,0,07,000,00,2,1,01,B01
200500060300,0,07,000,00,2,1,01,A01
200500060300,0,01,000,00,2,4,01,B01
200500060301,0,02,000,00,0,3,21,A01
200500060302,0,18,000,00,1,1,07,A01
200500060303,0,07,000,00,2,5,17,A01
200500060303,0,02,000,00,2,3,01,B01
200500060304,0,17,000,00,2,2,01,A01
200500060304,0,07,000,00,2,3,01,B01
200500060305,0,05,000,00,2,1,01,B01
200500060305,0,07,000,00,2,2,01,A01
200500060306,0,07,000,00,1,1,01,A01
200500060307,0,10,000,00,1,1,01,A01
200500060308,0,01,000,00,2,3,13,A01
200500060308,0,04,000,00,2,5,01,B01
200500060309,0,07,000,00,2,2,12,A01
200500060309,0,05,000,00,2,3,01,B01
200500060310,0,05,000,00,2,1,01,A01
200500060310,0,07,000,00,2,4,23,B01
200500060311,0,07,000,00,2,3,11,A01
200500060311,0,05,000,00,2,2,03,B01
200500060312,0,04,000,00,2,2,17,A01
200500060312,0,04,000,00,2,3,15,B01
200500060313,0,07,000,00,2,1,01,B01
200500060313,0,07,000,01,2,3,01,A01
200500060314,0,07,000,00,1,1,15,A01
200500060315,0,07,000,00,1,1,01,A01
200500060316,0,10,000,00,1,1,01,A01
200500060317,0,04,000,00,2,3,07,A01
200500060317,0,07,000,00,2,2,16,B01
200500060318,0,07,000,00,1,4,04,A01
200500060319,0,07,000,00,2,1,01,A01
200500060319,0,07,000,00,2,4,23,B01
200500060319,0,07,000,00,2,4,23,C01
200500060320,1,07,000,00,1,1,00,A01
200500060321,1,05,000,00,2,1,00,A01
200500060321,0,04,000,00,2,4,01,B01
200500060322,0,07,000,00,2,6,11,A01
200500060322,0,05,000,00,2,2,03,B01
200500060323,0,05,000,00,2,2,01,A01
200500060323,0,07,000,00,2,3,11,B01
200500060324,0,05,000,00,2,1,01,A01
200500060324,0,07,000,00,2,4,01,B01
200500060325,0,07,000,00,2,7,16,A01
200500060325,0,05,000,00,2,1,01,B01
200500060326,1,07,000,00,2,3,00,A01
200500060326,0,05,000,00,2,3,01,B01
200500060327,0,04,000,00,2,3,11,A01
200500060327,0,07,000,00,2,2,01,B01
200500060328,0,07,000,11,0,8,01,A01
200500060329,1,07,000,00,2,2,00,A01
200500060329,0,05,000,00,2,3,01,B01
200500060330,0,02,000,00,2,2,17,A01
200500060330,0,07,000,00,2,8,15,B01
200500060331,0,02,000,00,2,1,07,A01
200500060331,0,07,000,00,2,2,15,B01
200500060332,0,02,000,00,2,1,01,A01
200500060332,0,07,000,00,2,1,15,B01
200500060333,0,14,000,00,2,1,02,A01
200500060333,0,07,000,00,2,4,02,B01
200500060334,0,05,000,00,2,2,12,A01
200500060334,0,05,000,00,2,1,01,B01
200500060335,0,17,000,00,2,2,12,A01
200500060335,0,07,000,04,2,3,01,B01
200500060335,0,07,000,00,2,5,01,C01
200500060335,0,07,000,00,2,1,01,D01
200500060336,0,07,000,00,2,8,22,A01
200500060336,0,05,000,00,2,1,17,B01
200500060337,0,05,000,00,2,1,01,A01
200500060337,0,05,000,00,2,4,23,B01
200500060338,0,07,000,00,2,3,11,A01
200500060338,0,05,000,00,2,2,01,B01
200500060339,0,14,000,00,2,1,02,A01
200500060339,0,07,000,00,2,4,02,B01
200500060340,0,07,000,00,2,4,12,A01
200500060340,0,10,000,00,2,1,01,B01
200500060341,0,07,000,00,2,6,11,A01
200500060341,0,05,000,00,2,2,03,B01
200500060342,0,07,000,00,2,5,12,A01
200500060342,0,05,000,00,2,3,01,B01
200500060343,0,07,000,00,2,1,02,A01
200500060343,0,07,000,00,2,4,02,B01
200500060343,0,07,000,00,2,4,02,C01
200500060344,0,05,000,00,2,3,18,A01
200500060344,0,07,000,00,2,2,12,B01
200500060345,0,07,000,00,2,6,11,A01
200500060345,0,05,000,00,2,2,01,B01
200500060346,0,07,000,15,2,2,15,A01
200500060346,0,07,000,00,2,1,01,B01
200500060347,0,07,000,00,2,3,15,A01
200500060347,0,05,000,00,2,7,01,B01
200500060348,0,07,000,00,2,1,17,A01
200500060348,0,07,000,00,2,3,01,B01
200500060349,0,02,000,00,2,2,17,A01
200500060349,0,07,000,00,2,3,15,B01
200500060350,0,05,000,14,0,1,18,A01
200500060350,0,07,000,00,0,5,23,B01
200500060351,0,01,000,00,2,8,19,A01
200500060351,0,07,000,00,2,1,01,B01
200500060352,0,01,000,00,2,1,09,A01
200500060352,0,18,041,00,9,3,01,B01
200500060353,0,02,000,00,2,1,01,A01
200500060353,0,07,000,00,2,8,01,B01
200500060354,0,07,000,00,2,1,01,A01
200500060354,0,07,000,00,2,3,01,B01
200500060355,0,02,000,00,2,1,01,A01
200500060355,0,07,000,00,2,3,15,B01
200500060356,0,07,000,08,2,1,01,A01
200500060356,0,07,000,15,2,8,01,B01
200500060357,0,07,000,00,2,2,21,A01
200500060357,0,07,000,00,2,1,01,B01
200500060357,1,02,000,00,2,1,19,C01
200500060358,0,07,000,00,1,2,01,A01
200500060359,0,07,000,00,1,2,01,A01
200500060360,0,07,000,00,2,1,15,A01
200500060360,0,02,000,00,2,1,01,B01
200500060361,0,04,000,00,2,1,01,B01
200500060361,0,07,000,00,9,2,01,A01
200500060362,0,01,000,00,2,7,15,A01
200500060362,0,07,000,00,2,1,01,B01
200500060363,0,08,000,00,1,1,01,A01
200500060364,0,07,000,00,1,1,01,A01
200500060365,0,05,000,01,2,1,02,A01
200500060365,0,07,000,01,2,2,16,B01
200500060366,0,07,000,00,1,1,00,A01
200500060367,0,07,000,00,2,3,15,A01
200500060367,0,05,000,00,2,8,02,B01
200500060368,0,07,000,03,0,1,02,A01
200500060369,0,05,000,00,2,6,09,A01
200500060369,0,07,000,00,2,1,01,B01
200500060370,0,05,000,00,2,1,19,A01
200500060370,0,07,000,00,2,8,01,B01
200500060370,0,18,001,00,2,7,01,C01
200500060371,0,07,000,00,2,7,15,A01
200500060371,0,04,000,00,2,2,02,B01
200500060372,1,07,000,00,2,0,09,A01
200500060372,0,05,000,00,2,8,01,B01
200500060373,0,07,000,00,1,1,01,A01
200500060374,0,07,000,00,1,2,01,A01
200500060375,0,02,000,03,0,1,00,A01
200500060376,0,02,000,00,2,1,01,A01
200500060376,0,10,000,00,2,4,02,B01
200500060377,1,07,000,00,0,0,00,A01
200500060378,0,07,000,00,1,1,01,A01
200500060379,0,07,000,13,0,1,00,A01
200500060380,0,07,000,00,2,2,01,A01
200500060380,0,02,000,00,2,1,02,B01
200500060381,0,07,000,00,2,1,15,A01
200500060381,0,05,000,00,2,1,01,B01
200500060382,0,05,000,00,2,1,01,A01
200500060382,0,04,000,00,2,1,01,B01
200500060383,0,07,000,00,2,7,15,A01
200500060383,0,05,000,00,2,1,01,B01
200500060384,0,07,000,00,1,1,01,A01
200500060385,0,07,000,00,2,1,14,A01
200500060385,0,07,000,00,2,4,15,B01
200500060385,0,18,001,00,2,3,01,C01
200500060386,0,04,000,00,2,1,01,A01
200500060386,0,07,000,00,0,4,01,B01
200500060387,0,02,000,00,2,1,05,A01
200500060387,0,07,000,00,2,2,20,B01
200500060388,0,04,000,00,2,1,01,A01
200500060388,0,07,000,00,2,6,01,B01
200500060389,0,07,000,00,2,1,15,A01
200500060389,0,07,000,00,2,1,02,B01
200500060390,0,07,000,06,0,1,00,A01
200500060391,0,07,000,00,2,1,02,A01
200500060391,0,07,000,00,2,1,02,B01
200500060392,0,02,000,12,0,2,02,A01
200500060393,0,07,000,00,2,8,09,A01
200500060393,0,05,000,00,2,1,01,B01
200500060393,0,07,000,00,0,8,00,C01
200500060394,0,07,000,00,1,1,02,A01
200500060395,1,07,000,00,0,0,00,A01
200500060395,0,05,000,00,2,1,02,B01
200500060396,0,07,000,00,2,8,02,A01
200500060396,0,05,000,00,2,7,15,B01
200500060397,0,07,000,00,2,8,15,A01
200500060397,0,05,000,00,2,8,02,B01
200500060398,0,07,000,00,2,4,02,A01
200500060398,0,05,000,00,2,1,02,B01
200500060399,0,07,000,00,1,1,02,A01
200500060400,0,07,000,00,1,1,02,A01
200500060401,0,07,000,00,1,3,02,B01
200500060401,0,04,000,00,2,1,02,A01
200500060402,0,07,000,08,0,9,02,A01
200500060403,0,07,000,00,2,2,15,A01
200500060403,0,05,000,00,2,1,02,B01
200500060403,0,07,000,00,2,6,02,C01
200500060404,0,02,000,01,0,7,02,A01
200500060405,0,07,000,00,2,1,19,A01
200500060405,0,07,000,00,2,8,02,B01
200500060406,0,10,000,00,2,1,00,A01
200500060406,0,07,000,00,2,3,01,B01
200500060407,0,07,000,02,0,8,17,A01
200500060408,0,07,000,00,2,2,15,A01
200500060408,0,07,000,00,2,3,01,B01
200500060409,0,07,000,13,0,7,01,A01
200500060410,0,07,000,00,2,6,17,B01
200500060410,0,05,000,00,2,1,17,A01
200500060411,0,07,000,00,0,0,05,A01
200500060411,0,05,000,00,0,0,01,B01
200500060412,0,05,000,00,0,8,01,A01
200500060413,0,04,000,00,2,1,05,A01
200500060413,0,07,000,00,2,1,01,B01
200500060414,0,07,000,00,9,7,02,A01
200500060414,0,01,000,00,2,6,02,B01
200500060415,0,07,000,00,2,3,05,A01
200500060415,0,07,000,00,2,1,01,B01
200500060416,0,07,000,00,2,1,19,A01
200500060416,0,07,000,00,2,2,01,B01
200500060417,0,07,000,07,0,9,01,A01
200500060418,0,07,000,00,2,4,02,A01
200500060418,0,07,000,00,2,1,02,B01
200500060419,0,07,000,00,2,1,21,A01
200500060419,0,07,000,00,2,6,00,B01
200500060420,0,07,000,00,2,3,00,A01
200500060420,0,01,000,00,2,3,15,B01
200500060421,0,01,000,00,0,1,13,A01
200500060421,0,99,000,00,0,1,00,B01
200500060422,0,07,000,00,2,3,15,A01
200500060422,0,05,000,00,2,0,01,B01
200500060423,0,05,000,00,2,1,17,B01
200500060423,0,07,000,00,0,8,10,A01
200500060424,0,16,000,06,0,1,01,A01
200500060425,0,07,000,01,2,5,15,A01
200500060425,0,05,000,00,2,1,01,B01
200500060426,0,07,000,02,0,2,02,A01
200500060427,0,07,000,00,2,3,09,A01
200500060427,0,05,000,00,2,0,16,B01
200500060428,0,05,000,00,2,1,17,A01
200500060428,0,07,000,00,2,1,01,B01
200500060429,0,07,000,00,2,7,05,A01
200500060429,0,07,000,00,0,1,05,B01
200500060430,0,07,000,08,0,6,13,A01
200500060431,0,07,000,00,0,1,01,D01
200500060431,0,10,000,00,2,1,01,C01
200500060431,0,05,000,00,2,7,01,B01
200500060432,0,07,000,00,2,1,05,B01
200500060432,0,07,000,00,2,2,15,A01
200500060432,0,07,000,00,2,3,23,C01
200500060433,0,05,000,14,9,9,06,A01
200500060434,0,07,000,02,0,8,01,A01
200500060435,0,07,000,00,2,1,01,A01
200500060435,0,07,000,00,2,2,01,B01
200500060436,0,07,000,00,2,1,01,B01
200500060436,0,07,000,09,2,2,15,A01
200500060437,0,07,000,00,1,1,15,A01
200500060438,0,07,000,00,2,1,01,A01
200500060438,0,07,000,00,2,1,01,B01
200500060439,0,07,000,00,1,3,00,A01
200500060440,0,07,000,00,2,2,01,A01
200500060440,0,02,000,00,0,8,01,B01
200500060441,0,01,000,00,2,7,01,A01
200500060441,0,07,000,00,9,1,01,B01
200500060442,0,07,000,09,0,1,01,A01
200500060443,0,07,000,00,2,2,15,A01
200500060443,0,05,000,00,2,1,01,B01
200500060444,0,07,000,00,2,3,01,A01
200500060444,0,07,000,00,2,3,01,B01
200500060445,0,07,000,00,2,7,15,A01
200500060445,0,07,000,00,2,1,01,B01
200500060446,0,07,000,05,0,1,05,A01
200500060447,0,07,000,00,2,7,01,A01
200500060447,0,07,000,00,2,1,01,B01
200500060448,0,02,000,00,2,1,02,A01
200500060448,0,07,000,00,0,6,23,B01
200500060449,0,07,000,00,1,2,01,A01
200500060450,0,07,000,00,2,3,15,A01
200500060450,0,02,000,07,2,1,01,B01
200500060451,0,07,000,00,1,0,01,A01
200500060452,0,07,000,00,2,1,02,A01
200500060452,0,05,000,00,0,4,23,B01
200500060453,0,16,000,00,2,3,15,A01
200500060453,0,07,000,00,2,8,01,B01
200500060454,0,02,000,00,0,7,01,A01
200500060455,0,07,000,00,2,2,17,A01
200500060455,0,01,000,00,0,4,01,B01
200500060456,0,02,000,00,0,7,01,A01
200500060457,0,07,000,00,2,2,21,A01
200500060457,0,01,000,00,2,8,19,B01
200500060458,0,07,000,00,2,1,13,A01
200500060458,0,07,000,00,2,1,01,B01
200500060459,0,10,000,00,2,1,16,A01
200500060459,0,05,000,00,2,7,01,B01
200500060460,0,07,000,00,2,2,09,A01
200500060460,0,07,000,00,2,7,16,B01
200500060461,0,05,000,15,0,9,02,A01
200500060462,0,07,000,00,0,2,02,A01
200500060462,0,07,000,00,0,6,02,B01
200500060463,0,07,000,02,0,1,01,A01
200500060464,0,07,000,00,2,8,23,B01
200500060464,0,07,000,00,2,3,23,D01
200500060464,0,07,000,00,2,8,23,C01
200500060464,0,07,000,00,2,1,06,A01
200500060465,0,07,000,00,0,1,17,A01
200500060466,0,07,000,00,2,3,01,B01
200500060466,0,07,000,00,2,8,01,A01
200500060467,0,07,000,00,2,3,00,A01
200500060467,0,07,000,00,2,0,00,B01
200500060468,0,07,000,00,0,6,00,A01
200500060468,0,15,000,00,0,0,00,B01
200500060469,0,07,000,00,2,3,23,A01
200500060469,0,07,000,00,2,1,01,B01
200500060470,0,07,000,00,0,0,00,A01
200500060470,0,02,000,00,0,0,00,B01
200500060471,0,07,000,13,0,1,00,A01
200500060472,0,07,000,13,0,1,00,A01
200500060473,0,05,000,16,0,8,14,A01
200500060474,0,07,000,00,0,2,13,B01
200500060474,0,01,000,00,2,1,19,A01
200500060475,0,15,000,00,2,1,12,A01
200500060475,0,07,000,00,2,3,01,B01
200500060475,0,05,000,00,2,5,01,C01
200500060476,0,07,000,00,1,2,15,A01
200500060476,0,01,000,00,2,8,19,B01
200500060477,0,07,000,00,1,1,01,A01
200500060478,0,07,000,00,0,4,23,B01
200500060478,0,13,000,00,2,1,01,A01
200500060479,0,07,000,08,0,4,02,A01
200500060479,0,07,000,00,2,1,02,B01
200500060480,0,07,000,00,2,1,15,A01
200500060480,0,04,000,00,2,1,01,B01
200500060481,0,05,000,00,2,1,02,A01
200500060481,0,07,000,00,0,5,15,B01
200500060482,0,07,000,13,0,3,02,A01
200500060483,0,02,000,00,2,1,21,A01
200500060483,0,07,000,00,2,5,23,B01
200500060484,0,07,000,00,0,3,01,B01
200500060484,0,07,000,00,0,2,15,A01
200500060485,0,07,000,00,2,2,05,B01
200500060485,0,07,000,00,2,2,13,A01
200500060486,0,07,000,00,0,2,02,A01
200500060486,0,01,000,00,0,4,02,B01
200500060487,0,07,000,00,2,2,15,A01
200500060487,0,02,000,00,0,1,02,B01
200500060488,0,07,000,00,0,1,01,A01
200500060488,0,05,000,00,0,2,01,B01
200500060489,0,07,000,00,1,2,19,A01
200500060490,0,07,000,00,0,3,00,B01
200500060490,0,07,000,00,0,8,19,A01
200500060491,0,07,000,00,1,3,02,A01
200500060492,0,02,000,00,2,1,02,B01
200500060492,0,07,000,00,0,4,23,A01
200500060493,0,17,000,13,0,1,14,A01
200500060494,0,10,000,00,2,7,10,A01
200500060494,0,05,000,00,2,1,01,B01
200500060495,0,05,000,00,2,1,02,B01
200500060495,0,15,000,00,0,5,02,A01
200500060496,0,07,000,00,9,8,01,A01
200500060496,0,99,000,00,0,0,00,B01
200500060497,0,01,000,00,0,8,01,B01
200500060497,0,07,000,00,9,1,16,A01
200500060498,0,04,000,14,0,1,01,A01
200500060499,0,07,000,00,2,3,16,A01
200500060499,0,07,000,00,0,8,00,B01
200500060500,0,05,000,00,1,3,17,A01
200500060501,0,05,000,07,0,1,14,A01
200500060502,0,07,000,00,1,3,01,A01
200500060503,0,10,000,00,0,0,00,A01
200500060504,0,07,000,00,2,4,21,A01
200500060504,0,07,000,00,0,4,01,B01
200500060505,0,05,000,00,0,8,01,A01
200500060506,0,07,000,01,0,0,04,A01
200500060506,0,05,000,00,0,1,24,B01
200500060507,0,07,000,00,2,0,09,A01
200500060507,0,01,000,00,0,8,15,B01
200500060508,0,07,000,00,1,0,01,A01
200500060509,0,01,000,00,0,0,00,A01
200500060510,0,01,000,00,1,0,01,A01
200500060511,0,07,000,00,1,1,01,A01
200500060512,0,02,000,00,2,7,18,A01
200500060512,0,07,000,00,2,7,16,B01
200500060513,0,05,000,00,0,1,01,A01
200500060514,0,05,000,00,6,1,01,A01
200500060515,0,07,000,00,2,1,01,A01
200500060515,0,01,000,00,2,1,19,B01
200500060516,0,07,000,00,1,1,01,A01
200500060517,0,07,000,00,2,2,13,A01
200500060517,0,07,000,00,2,1,01,B01
200500060518,0,07,000,00,9,2,01,A01
200500060518,0,01,000,00,0,0,00,B01
200500060519,0,07,000,00,2,4,02,A01
200500060519,1,99,000,00,0,0,00,B01
200500060520,0,01,000,00,2,4,19,A01
200500060520,0,07,000,00,2,1,02,B01
200500060521,0,07,000,09,0,1,00,A01
200500060522,1,15,000,00,9,7,17,A01
200500060522,0,01,000,00,2,8,02,B01
200500060523,0,05,000,00,0,0,15,A01
200500060524,0,07,000,00,1,1,00,A01
200500060525,2,02,000,00,1,1,00,A01
200500060526,0,02,000,00,2,6,01,B01
200500060526,0,07,000,00,2,1,09,A01
200500060527,0,04,000,00,2,1,17,A01
200500060527,0,07,000,00,0,6,01,B01
200500060528,0,05,000,00,2,1,02,A01
200500060528,0,07,000,00,0,6,02,B01
200500060529,0,07,000,00,1,1,01,A01
200500060530,0,07,000,06,0,1,01,A01
200500060531,0,02,000,00,2,1,02,A01
200500060531,0,07,000,00,0,4,02,B01
200500060532,0,07,000,00,2,4,02,A01
200500060532,1,07,000,00,2,1,02,B01
200500060533,0,07,000,00,2,1,02,A01
200500060533,0,07,000,00,2,4,02,B01
200500060534,0,07,000,00,2,8,10,A01
200500060534,0,07,000,00,2,1,01,B01
200500060535,0,04,000,00,5,2,01,A01
200500060536,0,07,000,00,1,2,01,A01
200500060537,0,02,000,09,0,1,01,A01
200500060538,0,05,000,00,2,1,01,B01
200500060538,0,07,000,00,2,3,15,A01
200500060539,0,07,000,15,2,1,01,A01
200500060539,0,10,000,15,0,1,01,C01
200500060539,0,07,000,00,2,1,01,B01
200500060540,0,02,000,00,2,0,01,A01
200500060540,0,07,000,00,2,3,01,B01
200500060541,0,07,000,00,2,6,01,A01
200500060541,0,07,000,04,0,3,01,B01
200500060541,0,07,000,00,9,1,01,C01
200500060542,0,10,000,00,2,1,01,A01
200500060542,0,01,000,00,2,4,01,B01
200500060543,0,07,000,00,2,1,17,A01
200500060543,0,07,000,01,2,1,01,B01
200500060543,0,07,000,00,1,1,00,C01
200500060544,0,05,000,00,0,1,01,A01
200500060544,0,02,000,00,0,0,01,B01
200500060545,1,07,000,00,1,0,01,A01
200500060546,1,07,000,00,2,7,01,A01
200500060546,0,07,000,00,2,1,01,B01
200500060547,0,07,000,00,0,7,15,A01
200500060547,0,07,000,00,2,1,01,B01
200500060548,0,05,000,00,0,1,01,A01
200500060549,0,10,000,00,2,1,15,A01
200500060549,0,01,000,00,2,1,01,B01
200500060550,0,02,000,00,2,1,01,A01
200500060550,0,07,000,00,0,5,01,B01
200500060551,0,07,000,06,0,1,01,A01
200500060552,0,07,000,00,2,3,05,A01
200500060552,0,07,000,00,2,3,01,B01
200500060553,0,02,000,00,2,0,01,B01
200500060553,0,07,000,00,9,1,01,C01
200500060553,0,07,000,00,9,1,15,A01
200500060554,0,07,000,01,0,1,14,A01
200500060555,0,07,000,00,0,4,01,B01
200500060555,0,15,000,00,2,1,01,A01
200500060556,0,07,000,00,2,1,01,B01
200500060556,0,07,000,00,2,6,16,A01
200500060557,0,07,000,00,2,3,01,B01
200500060557,0,07,000,00,0,2,15,A01
200500060558,0,07,000,02,0,7,01,A01
200500060559,0,07,000,00,2,6,11,A01
200500060559,0,05,000,00,2,1,01,B01
200500060560,0,07,000,01,0,2,01,A01
200500060561,0,07,000,00,2,1,06,A01
200500060561,0,07,000,00,0,8,01,B01
200500060562,0,02,000,00,2,1,01,A01
200500060562,0,07,000,00,2,3,15,B01
200500060563,0,07,000,00,2,6,10,A01
200500060563,0,02,000,00,2,1,17,B01
200500060564,0,07,000,00,2,8,01,B01
200500060564,0,10,000,00,2,3,16,A01
200500060565,0,07,000,00,1,1,01,A01
200500060566,0,14,000,01,0,1,02,A01
200500060566,0,07,000,14,2,3,02,B01
200500060566,0,07,000,00,2,4,02,C01
200500060567,0,07,000,00,5,1,01,B01
200500060567,0,07,000,01,0,1,02,A01
200500060567,0,07,000,00,0,4,24,C01
200500060568,0,07,000,00,0,0,01,A01
200500060569,0,07,000,00,1,2,01,A01
200500060570,0,07,000,00,6,1,01,A01
200500060571,0,10,000,00,0,6,12,A01
200500060571,0,04,000,00,2,1,01,B01
200500060572,0,05,000,00,2,1,02,A01
200500060572,0,07,000,00,2,4,01,B01
200500060573,0,07,000,00,2,1,01,A01