Num_Acc,senc,catv,occutc,obs,obsm,choc,manv,num_veh
200500060573,0,07,000,00,2,4,01,B01
200500060573,0,07,000,00,2,4,01,C01
200500060574,0,07,000,00,2,7,15,A01
200500060574,0,07,000,00,2,1,01,B01
200500060575,0,07,000,00,1,2,01,A01
200500060576,0,07,000,00,2,1,01,B01
200500060576,0,02,000,00,2,7,15,A01
200500060577,0,07,000,00,2,1,01,A01
200500060577,0,07,000,00,2,8,01,B01
200500060578,0,07,000,00,1,2,16,A01
200500060579,0,07,000,00,2,1,01,A01
200500060579,0,07,000,00,2,6,01,B01
200500060580,0,10,000,00,2,6,01,A01
200500060580,0,18,042,00,0,6,23,B01
200500060581,0,07,000,00,2,3,15,A01
200500060581,0,01,000,00,2,1,01,B01
200500060582,0,07,000,00,2,7,12,A01
200500060582,0,05,000,00,2,1,02,B01
200500060583,0,07,000,00,2,1,02,A01
200500060583,0,07,000,00,2,4,02,B01
200500060583,0,07,000,00,2,4,02,C01
200500060584,0,07,000,00,1,3,01,A01
200500060585,0,02,000,00,2,1,01,A01
200500060585,0,07,000,00,2,2,15,B01
200500060586,0,07,000,00,2,1,01,B01
200500060586,0,07,000,00,2,3,01,C01
200500060586,0,07,000,00,0,3,19,A01
200500060587,0,07,000,00,1,1,15,A01
200500060588,0,07,000,08,0,0,00,A01
200500060589,0,07,000,00,2,6,10,A01
200500060589,0,05,000,00,2,1,13,B01
200500060590,0,07,000,00,2,1,11,A01
200500060590,0,07,000,00,2,1,01,B01
200500060591,0,07,000,00,1,1,16,A01
200500060592,0,07,000,00,2,8,15,A01
200500060592,0,05,000,00,2,2,01,B01
200500060593,0,01,000,00,2,1,01,B01
200500060593,0,07,000,00,2,1,01,A01
200500060594,0,05,000,00,2,1,05,A01
200500060594,0,18,001,00,2,3,01,B01
200500060595,0,02,000,00,2,1,02,A01
200500060595,0,07,000,00,2,4,02,B01
200500060596,0,07,000,00,2,3,01,B01
200500060596,0,01,000,00,2,1,01,A01
200500060597,0,10,000,00,1,5,16,A01
200500060598,0,01,000,00,2,1,01,B01
200500060598,0,07,000,00,2,7,01,A01
200500060599,0,07,000,00,2,3,13,A01
200500060599,0,07,000,00,2,9,17,B01
200500060600,0,07,000,00,2,7,15,A01
200500060600,0,05,000,00,2,1,01,B01
200500060601,0,14,000,00,2,1,01,A01
200500060601,0,07,000,00,2,4,01,B01
200500060601,0,07,000,00,2,4,01,C01
200500060601,0,07,000,00,2,4,01,D01
200500060601,0,07,000,00,2,4,00,E01
200500060602,0,07,000,00,1,2,01,A01
200500060603,0,07,000,00,2,5,15,A01
200500060603,0,02,000,00,2,8,01,B01
200500060604,0,07,000,00,1,1,01,A01
200500060605,0,07,000,00,2,8,10,A01
200500060605,0,05,000,00,2,1,01,B01
200500060606,0,07,000,00,2,8,11,A01
200500060606,0,04,000,00,2,3,01,B01
200500060607,0,07,000,00,2,1,01,A01
200500060607,0,02,000,00,2,7,01,B01
200500060608,0,07,000,00,2,2,16,A01
200500060608,0,01,000,00,0,1,01,B01
200500060609,0,07,000,00,1,1,15,A01
200500060610,0,07,000,00,1,1,15,A01
200500060611,0,04,000,00,2,2,18,A01
200500060611,0,05,000,00,0,7,16,B01
200500060612,0,05,000,01,2,1,01,B01
200500060612,0,07,000,00,2,2,15,A01
200500060613,0,05,000,00,0,0,17,A01
200500060613,0,07,000,00,0,0,15,B01
200500060614,0,02,000,00,2,0,19,A01
200500060614,0,02,000,00,2,0,01,B01
200500060615,0,02,000,00,1,1,01,A01
200500060616,0,07,000,00,0,8,23,A01
200500060616,0,17,000,00,2,3,21,B01
200500060617,0,02,000,00,2,1,09,A01
200500060617,0,07,000,00,2,1,01,B01
200500060618,0,01,000,00,2,2,01,A01
200500060618,0,07,000,00,2,1,15,B01
200500060619,0,07,000,00,1,2,01,A01
200500060620,0,07,000,00,2,1,15,A01
200500060620,0,07,000,00,2,8,01,B01
200500060621,0,14,000,04,0,3,01,A01
200500060622,1,07,000,00,2,8,22,A01
200500060622,0,01,000,00,2,1,01,B01
200500060623,0,07,000,08,0,3,01,A01
200500060624,0,07,000,00,2,2,15,A01
200500060624,0,01,000,00,2,4,01,B01
200500060625,0,07,000,00,2,3,20,A01
200500060625,0,01,000,00,2,1,01,B01
200500060626,0,02,000,00,2,1,01,A01
200500060626,0,07,000,00,2,3,01,B01
200500060627,0,07,000,00,1,1,01,A01
200500060628,0,07,000,00,1,1,01,A01
200500060629,0,01,000,00,2,1,05,A01
200500060629,0,02,000,00,2,1,01,B01
200500060630,0,02,000,00,2,1,01,B01
200500060630,0,07,000,00,2,1,15,A01
200500060631,0,02,000,00,2,4,01,A01
200500060631,0,10,000,00,2,2,17,B01
200500060632,0,07,000,00,2,2,15,A01
200500060632,0,07,000,00,2,2,01,B01
200500060633,0,05,000,00,2,8,01,A01
200500060633,0,99,000,00,2,0,15,B01
200500060634,0,07,000,00,2,1,01,A01
200500060634,0,05,000,00,2,2,01,B01
200500060635,0,02,000,12,0,7,01,A01
200500060636,0,07,000,00,2,1,01,A01
200500060636,0,07,000,00,2,4,01,B01
200500060637,0,07,000,00,2,8,01,A01
200500060637,0,07,000,00,2,5,15,B01
200500060638,0,02,000,06,0,1,01,A01
200500060639,0,05,000,04,0,1,01,A01
200500060640,0,10,000,00,0,0,01,A01
200500060640,0,02,000,01,0,1,01,B01
200500060641,0,01,000,00,2,4,01,A01
200500060641,0,07,000,00,2,1,01,B01
200500060642,0,07,000,00,2,8,15,A01
200500060642,0,05,000,00,2,1,01,B01
200500060643,0,07,000,00,2,1,01,A01
200500060643,0,07,000,00,2,4,01,B01
200500060643,0,07,000,00,2,1,01,C01
200500060643,0,07,000,00,2,4,01,D01
200500060644,0,07,000,00,2,1,01,A01
200500060644,0,07,000,00,2,4,01,B01
200500060644,0,07,000,00,2,4,01,C01
200500060645,0,02,000,00,1,1,01,A01
200500060646,0,07,000,00,2,5,01,A01
200500060646,0,05,000,00,2,1,01,B01
200500060647,0,07,000,00,2,1,15,A01
200500060647,0,01,000,00,2,1,01,B01
200500060648,0,07,000,00,1,2,01,A01
200500060649,0,07,000,00,2,1,01,A01
200500060649,1,07,000,00,2,0,01,B01
200500060650,0,07,000,00,2,3,17,A01
200500060650,2,07,000,00,2,1,01,B01
200500060651,0,07,000,00,2,6,01,A01
200500060651,0,05,000,00,2,1,01,B01
200500060652,0,07,000,00,1,0,01,A01
200500060653,0,02,000,00,2,1,01,A01
200500060653,0,07,000,00,2,4,01,B01
200500060654,0,10,000,00,1,1,01,A01
200500060655,0,07,000,00,2,8,01,A01
200500060655,0,07,000,00,2,1,01,B01
200500060656,0,07,000,00,2,1,01,A01
200500060656,0,02,000,00,2,7,01,B01
200500060657,0,07,000,00,1,5,01,A01
200500060658,0,07,000,00,1,2,11,A01
200500060659,0,07,000,00,2,3,15,B01
200500060659,0,07,000,00,2,2,01,A01
200500060660,0,07,000,16,2,8,13,A01
200500060660,0,07,000,00,2,1,01,B01
200500060661,0,07,000,00,2,1,01,B01
200500060661,0,02,000,00,2,1,01,A01
200500060662,0,07,000,00,2,3,13,A01
200500060662,0,09,000,00,2,1,01,B01
200500060663,0,04,000,11,0,1,17,A01
200500060664,0,07,000,00,2,7,01,B01
200500060664,0,07,000,00,2,1,19,A01
200500060665,0,07,000,00,1,2,01,A01
200500060666,0,07,000,00,2,2,15,A01
200500060666,0,02,000,00,2,1,01,B01
200500060667,0,02,000,00,2,1,00,A01
200500060667,0,07,000,00,2,1,02,B01
200500060668,0,07,000,00,1,1,01,A01
200500060669,0,07,000,00,2,2,17,A01
200500060669,0,07,000,06,2,6,15,B01
200500060670,0,01,000,00,2,1,19,A01
200500060670,0,07,000,00,9,2,02,B01
200500060671,0,07,000,00,2,2,15,A01
200500060671,0,02,000,00,2,1,01,B01
200500060672,0,07,000,00,2,2,02,A01
200500060672,0,13,000,00,2,6,01,B01
200500060673,0,07,000,00,2,1,02,A01
200500060673,0,07,000,00,2,4,01,B01
200500060674,0,07,000,00,2,2,01,B01
200500060674,0,07,000,00,2,3,19,A01
200500060675,0,07,000,00,2,1,01,B01
200500060675,0,07,000,00,2,1,19,A01
200500060676,0,07,000,00,2,1,01,A01
200500060676,0,07,000,00,2,4,16,B01
200500060677,0,07,000,00,2,4,15,A01
200500060677,0,07,000,00,2,4,15,B01
200500060678,0,07,000,00,2,1,15,A01
200500060678,0,05,000,00,2,7,01,B01
200500060679,0,07,000,13,0,1,01,A01
200500060680,0,07,000,00,1,7,01,A01
200500060681,0,05,000,00,0,0,01,B01
200500060681,0,02,000,00,0,0,15,A01
200500060682,1,07,000,00,1,1,01,A01
200500060683,0,07,000,00,2,8,11,A01
200500060683,0,02,000,00,2,1,01,B01
200500060684,0,05,000,01,0,0,02,B01
200500060685,0,07,000,00,2,1,01,B01
200500060685,0,18,001,00,0,4,23,A01
200500060686,0,02,000,12,0,1,06,A01
200500060687,1,07,000,00,2,6,01,B01
200500060687,0,05,000,00,2,0,17,A01
200500060688,1,04,000,00,2,1,01,A01
200500060688,0,02,000,00,2,1,01,B01
200500060689,0,04,000,00,2,1,01,B01
200500060689,0,07,000,00,2,3,15,A01
200500060690,0,07,000,00,1,1,01,A01
200500060691,0,05,000,08,2,1,03,A01
200500060691,0,07,000,00,2,3,15,B01
200500060692,0,07,000,00,2,1,01,A01
200500060692,0,02,000,00,2,8,01,B01
200500060693,0,07,000,13,0,9,14,A01
200500060694,0,07,000,00,1,1,13,A01
200500060694,0,07,000,00,2,3,01,B01
200500060694,0,07,000,00,2,1,01,C01
200500060695,1,07,000,00,1,1,01,A01
200500060696,0,05,000,00,2,1,13,A01
200500060696,0,07,000,00,2,1,01,B01
200500060697,0,07,000,14,0,1,02,A01
200500060697,0,07,000,00,2,4,02,B01
200500060698,0,14,000,00,2,3,13,B01
200500060698,0,07,000,00,2,8,15,A01
200500060699,0,07,000,00,1,4,04,A01
200500060700,0,07,000,00,2,3,05,A01
200500060700,0,07,000,00,2,3,00,B01
200500060701,0,02,000,00,0,2,12,A01
200500060702,0,05,000,00,0,0,01,A01
200500060703,0,07,000,00,2,2,10,A01
200500060703,0,05,000,00,2,1,00,B01
200500060704,0,07,000,00,2,1,01,B01
200500060704,0,07,000,00,2,7,19,A01
200500060705,0,07,000,00,1,1,01,A01
200500060706,0,02,000,00,2,0,01,A01
200500060706,0,07,000,00,2,8,01,B01
200500060707,0,07,000,00,2,8,15,A01
200500060707,0,04,000,00,2,1,03,B01
200500060708,0,07,000,00,2,3,15,B01
200500060708,0,02,000,00,2,1,17,A01
200500060709,0,07,000,00,2,1,17,A01
200500060709,0,07,000,00,2,3,01,B01
200500060709,0,07,000,00,2,1,01,C01
200500060710,0,07,000,01,0,1,15,B01
200500060710,0,07,000,00,0,1,01,A01
200500060711,0,07,000,00,2,3,20,A01
200500060711,0,02,000,00,2,1,01,B01
200500060712,0,02,000,00,1,1,01,A01
200500060713,0,07,000,00,2,8,19,A01
200500060713,0,05,000,00,2,1,01,B01
200500060714,0,05,000,00,2,1,01,B01
200500060714,0,07,000,00,2,1,05,A01
200500060715,2,07,000,00,2,0,05,A01
200500060715,0,02,000,00,2,1,01,B01
200500060716,0,07,000,00,1,8,00,A01
200500060717,0,07,000,00,2,1,01,A01
200500060717,0,01,000,00,2,1,16,B01
200500060718,0,02,000,00,1,1,01,A01
200500060719,0,07,000,00,1,4,04,A01
200500060720,0,02,000,00,2,2,03,A01
200500060720,0,07,000,00,2,3,09,B01
200500060721,0,07,000,00,2,0,15,A01
200500060721,0,07,000,00,2,0,01,B01
200500060722,0,07,000,00,2,3,19,A01
200500060722,0,07,000,00,2,1,01,B01
200500060723,0,07,000,00,2,6,10,A01
200500060723,0,04,000,00,2,1,17,B01
200500060724,0,07,000,00,2,1,02,B01
200500060724,0,07,000,00,2,8,15,A01
200500060725,0,07,000,00,0,0,01,A01
200500060726,0,07,000,00,2,3,13,A01
200500060726,0,07,000,00,2,3,00,B01
200500060727,0,04,000,00,2,1,01,B01
200500060727,0,07,000,00,2,2,15,A01
200500060728,0,02,000,00,2,2,02,A01
200500060728,0,07,000,00,0,6,02,B01
200500060728,0,07,000,00,2,8,05,C01
200500060729,0,07,000,00,2,3,00,A01
200500060729,0,18,002,00,2,2,01,B01
200500060730,0,07,000,01,2,7,19,A01
200500060730,0,07,000,01,2,1,01,B01
200500060731,0,07,000,00,1,1,01,A01
200500060732,0,05,000,00,2,1,17,A01
200500060732,0,07,000,00,2,8,15,B01
200500060733,0,05,000,00,2,1,01,A01
200500060733,0,01,000,00,2,1,05,B01
200500060734,0,07,000,00,1,2,01,A01
200500060735,0,07,000,00,1,2,01,A01
200500060736,0,07,000,00,2,1,01,A01
200500060736,0,18,000,00,2,3,01,B01
200500060737,0,18,002,00,2,1,01,B01
200500060737,0,07,000,08,2,1,05,A01
200500060738,0,01,000,00,2,1,17,B01
200500060738,0,07,000,00,9,6,15,A01
200500060739,0,07,000,00,1,3,01,A01
200500060740,0,07,000,00,9,3,09,A01
200500060740,0,01,000,00,2,1,01,B01
200500060741,0,02,000,00,2,6,01,A01
200500060741,0,10,000,00,2,1,01,B01
200500060741,0,07,000,00,0,0,01,C01
200500060742,0,07,000,00,2,1,18,A01
200500060742,0,05,000,00,2,7,01,B01
200500060743,0,07,000,00,2,1,01,B01
200500060743,0,07,000,00,2,1,00,A01
200500060744,0,07,000,00,2,7,17,A01
200500060744,0,02,000,00,2,8,13,B01
200500060745,0,07,000,00,2,3,15,B01
200500060745,0,05,000,00,2,3,17,A01
200500060746,0,07,000,00,2,2,15,B01
200500060746,0,07,000,13,2,5,01,A01
200500060747,0,07,000,00,2,1,01,A01
200500060747,0,07,000,00,2,4,01,B01
200500060747,0,10,000,00,0,4,01,C01
200500060748,0,07,000,00,2,2,15,A01
200500060748,0,02,000,00,2,1,01,B01
200500060749,0,07,000,00,2,1,16,A01
200500060749,0,07,000,00,2,3,01,B01
200500060750,0,07,000,00,2,8,10,A01
200500060750,0,04,000,00,2,2,17,B01
200500060751,0,01,000,00,2,1,05,A01
200500060751,0,07,000,00,2,3,15,B01
200500060752,0,02,000,00,2,1,01,B01
200500060752,0,07,000,00,2,3,15,A01
200500060753,0,07,000,00,2,2,01,A01
200500060753,0,02,000,00,2,4,11,B01
200500060754,0,05,000,12,0,1,01,A01
200500060755,0,07,000,00,2,2,15,A01
200500060755,0,07,000,00,2,1,01,B01
200500060756,0,07,000,00,2,2,15,A01
200500060756,0,05,000,00,2,1,01,B01
200500060757,0,07,000,00,2,2,09,A01
200500060757,0,07,000,00,2,2,01,B01
200500060757,0,15,000,00,2,6,01,C01
200500060758,0,07,000,00,2,2,15,A01
200500060758,0,02,000,00,2,1,01,B01
200500060759,0,02,000,03,0,1,01,A01
200500060760,0,07,000,00,2,1,15,A01
200500060760,0,07,000,00,2,8,01,B01
200500060761,0,02,000,00,2,1,01,A01
200500060761,0,07,000,00,2,3,01,B01
200500060762,0,07,000,08,0,1,01,A01
200500060763,0,14,000,00,1,2,01,A01
200500060764,1,10,000,00,1,7,01,A01
200500060765,0,04,000,00,2,1,01,B01
200500060765,0,07,000,00,2,3,01,A01
200500060766,0,07,000,00,2,1,01,A01
200500060766,0,07,000,00,2,4,02,B01
200500060767,0,07,000,00,2,1,02,A01
200500060767,0,07,000,00,2,4,23,B01
200500060767,0,07,000,00,2,4,23,C01
200500060767,0,07,000,00,2,4,23,D01
200500060768,0,07,000,00,1,1,01,A01
200500060769,0,07,000,00,2,3,05,A01
200500060769,0,07,000,00,2,3,01,B01
200500060770,0,07,000,00,2,1,01,A01
200500060770,0,07,000,00,2,3,15,B01
200500060771,0,07,000,00,2,1,02,A01
200500060771,0,07,000,00,2,4,23,B01
200500060772,0,07,000,00,2,1,01,A01
200500060772,0,07,000,00,2,7,01,B01
200500060773,0,07,000,00,2,1,15,A01
200500060773,0,02,000,00,2,1,01,B01
200500060774,0,07,000,00,2,3,23,B01
200500060774,0,04,000,00,2,3,23,A01
200500060775,0,07,000,00,2,1,02,A01
200500060775,0,07,000,00,0,4,02,B01
200500060776,0,07,000,00,2,5,15,A01
200500060776,0,01,000,00,2,1,01,B01
200500060777,0,07,000,00,1,3,01,A01
200500060778,0,07,000,00,2,5,15,A01
200500060778,0,07,000,00,2,2,01,B01
200500060779,0,05,000,00,2,1,01,B01
200500060779,0,07,000,00,2,3,01,A01
200500060780,0,02,000,12,0,1,00,A01
200500060781,0,02,000,00,2,1,01,A01
200500060781,0,02,000,00,2,8,00,B01
200500060782,0,07,000,00,2,1,00,A01
200500060782,0,07,000,00,2,4,01,B01
200500060782,0,07,000,00,2,4,01,C01
200500060783,0,07,000,01,2,1,01,A01
200500060783,0,07,000,00,2,1,01,B01
200500060784,0,07,000,13,0,1,01,A01
200500060785,0,07,000,00,2,6,09,A01
200500060785,0,07,000,00,2,1,01,B01
200500060786,0,07,000,00,2,1,17,A01
200500060786,0,21,000,00,2,4,01,B01
200500060787,0,07,000,00,2,2,00,A01
200500060787,0,02,000,01,2,3,12,B01
200500060788,0,02,000,00,2,1,15,A01
200500060788,0,05,000,00,2,1,01,B01
200500060789,0,07,000,00,2,1,00,A01
200500060789,0,07,000,00,2,1,00,B01
200500060790,0,07,000,00,2,1,00,A01
200500060790,0,07,000,00,2,1,01,B01
200500060791,0,05,000,00,2,1,01,B01
200500060791,0,18,002,00,2,7,10,A01
200500060792,0,07,000,00,1,1,01,A01
200500060793,0,14,000,00,2,3,01,A01
200500060793,0,03,000,00,2,3,16,B01
200500060794,0,07,000,00,1,8,01,A01
200500060795,0,02,000,00,2,1,01,A01
200500060795,0,18,001,00,2,8,01,B01
200500060796,0,07,000,00,2,7,15,A01
200500060796,0,07,000,00,2,1,01,B01
200500060797,0,99,000,08,2,1,09,A01
200500060797,0,99,000,00,0,5,01,B01
200500060798,0,02,000,00,2,1,17,A01
200500060798,0,07,000,00,2,3,15,B01
200500060799,0,07,000,00,2,1,02,A01
200500060799,0,07,000,00,2,1,02,B01
200500060799,0,07,000,00,2,4,02,C01
200500060800,0,07,000,00,2,1,02,A01
200500060800,0,07,000,00,2,5,15,B01
200500060801,0,07,000,00,2,3,02,A01
200500060801,0,02,000,00,2,1,02,B01
200500060802,0,07,000,00,2,1,13,A01
200500060802,0,07,000,00,2,1,02,B01
200500060803,0,07,000,00,2,3,02,B01
200500060803,0,07,000,00,2,1,02,C01
200500060803,0,07,000,00,2,3,15,A01
200500060804,0,07,000,00,1,4,04,A01
200500060805,0,07,000,00,2,8,09,A01
200500060805,0,01,000,00,2,1,01,B01
200500060806,0,07,000,00,2,1,01,B01
200500060806,0,07,000,00,2,3,01,A01
200500060807,0,07,000,00,2,1,01,A01
200500060807,0,02,000,00,2,4,01,B01
200500060808,0,07,000,00,1,4,20,A01
200500060809,0,02,000,00,2,1,01,A01
200500060809,0,07,000,00,2,8,01,B01
200500060810,0,02,000,00,2,1,01,A01
200500060810,0,10,000,00,2,3,15,B01
200500060811,0,07,000,00,9,1,02,A01
200500060811,0,01,000,00,9,4,02,B01
200500060811,0,01,000,00,0,4,02,C01
200500060812,0,07,000,00,2,3,01,B01
200500060812,0,01,000,00,2,5,15,A01
200500060813,0,05,000,00,2,1,18,A01
200500060813,0,07,000,00,0,5,12,B01
200500060814,0,07,000,00,1,3,02,A01
200500060815,0,02,000,00,2,1,01,A01
200500060815,0,02,000,00,2,1,01,B01
200500060816,0,07,000,00,2,5,15,A01
200500060816,0,05,000,00,2,1,01,B01
200500060817,2,07,000,09,0,2,14,A01
200500060818,0,04,000,12,0,8,13,A01
200500060819,0,07,000,00,2,2,01,A01
200500060819,0,07,000,00,2,3,01,B01
200500060820,0,07,000,08,0,1,13,A01
200500060821,0,07,000,15,0,3,13,A01
200500060822,0,07,000,00,1,1,01,A01
200500060823,0,07,000,00,2,1,01,A01
200500060823,0,07,000,00,2,4,01,B01
200500060823,0,07,000,00,2,5,01,C01
200500060824,0,02,000,00,2,7,17,B01
200500060824,0,07,000,00,2,8,15,A01
200500060825,0,07,000,00,2,1,01,A01
200500060825,0,07,000,00,2,4,01,B01
200500060826,0,07,000,00,2,3,15,A01
200500060826,0,01,000,00,2,1,01,B01
200500060827,0,07,000,00,2,1,01,A01
200500060827,0,07,000,00,2,4,02,B01
200500060828,0,02,000,00,2,1,17,A01
200500060828,0,07,000,00,2,3,15,B01
200500060829,0,07,000,00,2,1,01,B01
200500060829,0,07,000,00,2,7,01,C01
200500060829,0,07,000,03,2,2,19,A01
200500060830,0,07,000,00,2,5,15,A01
200500060830,0,07,000,00,2,1,01,B01
200500060831,0,07,000,00,2,3,02,A01
200500060831,0,01,000,00,2,1,02,B01
200500060832,0,07,000,00,1,3,01,A01
200500060833,0,10,000,00,2,2,16,A01
200500060833,0,01,000,00,2,1,01,B01
200500060834,0,07,000,00,2,1,15,A01
200500060834,0,05,000,00,2,1,02,B01
200500060835,0,07,000,00,2,2,19,A01
200500060835,0,07,000,00,2,3,01,B01
200500060836,0,07,000,00,2,8,15,A01
200500060836,0,10,000,00,2,1,01,B01
200500060837,0,07,000,00,2,1,01,A01
200500060837,0,07,000,00,2,4,02,B01
200500060837,0,07,000,00,2,7,01,C01
200500060838,0,07,000,00,2,7,17,A01
200500060838,0,01,000,00,2,8,01,B01
200500060839,0,07,000,00,2,3,19,A01
200500060840,0,07,000,00,2,1,15,A01
200500060840,0,07,000,00,2,1,01,B01
200500060841,0,07,000,00,2,1,02,A01
200500060841,0,07,000,00,2,4,02,B01
200500060841,0,07,000,00,2,4,02,C01
200500060842,0,02,000,00,2,1,15,A01
200500060842,0,07,000,00,2,3,01,B01
200500060843,0,07,000,11,0,1,01,A01
200500060844,0,07,000,00,9,5,16,A01
200500060844,0,01,000,00,2,8,01,B01
200500060845,0,05,000,00,2,1,17,A01
200500060845,0,10,000,00,2,3,15,B01
200500060846,0,02,000,00,2,1,01,A01
200500060846,0,07,000,00,2,1,01,B01
200500060847,0,07,000,06,0,1,15,A01
200500060848,0,05,000,00,2,8,01,B01
200500060848,0,07,000,00,2,5,15,A01
200500060849,0,07,000,00,1,1,01,A01
200500060850,0,07,000,00,2,1,15,A01
200500060850,0,05,000,00,2,6,08,B01
200500060851,0,07,000,00,2,2,15,A01
200500060851,0,05,000,00,2,1,01,B01
200500060852,0,10,000,00,2,1,15,A01
200500060852,0,02,000,00,2,1,01,B01
200500060852,0,07,000,00,2,1,23,C01
200500060853,0,10,000,00,2,1,02,A01
200500060853,0,07,000,00,2,4,02,B01
200500060854,0,07,000,00,2,8,10,A01
200500060854,0,02,000,01,2,1,01,B01
200500060855,0,07,000,00,2,3,19,A01
200500060855,0,05,000,00,2,1,01,B01
200500060856,0,07,000,00,2,1,09,A01
200500060856,0,02,000,00,2,1,17,B01
200500060857,0,07,000,00,2,1,01,A01
200500060857,0,07,000,03,2,4,01,B01
200500060858,0,02,000,00,2,1,17,A01
200500060858,0,07,000,00,2,3,15,B01
200500060859,0,07,000,05,0,1,01,A01
200500060860,0,07,000,00,2,1,01,A01
200500060860,0,07,000,00,2,4,23,B01
200500060860,0,07,000,00,2,4,01,C01
200500060861,0,07,000,00,2,3,15,A01
200500060861,0,07,000,00,2,3,01,B01
200500060862,0,07,000,16,0,9,19,A01
200500060863,0,07,000,07,0,1,14,A01
200500060864,0,07,000,02,0,1,01,A01
200500060865,0,07,000,09,0,3,01,A01
200500060866,0,07,000,01,0,1,01,A01
200500060867,0,05,000,16,0,8,01,A01
200500060868,0,07,000,00,2,1,01,A01
200500060868,0,07,000,00,2,4,23,B01
200500060868,0,07,000,00,2,4,23,C01
200500060869,0,07,000,00,2,1,01,A01
200500060869,0,07,000,00,0,4,23,B01
200500060869,0,07,000,00,2,1,23,C01
200500060870,0,07,000,07,0,1,13,A01
200500060871,0,07,000,16,2,9,01,A01
200500060872,0,02,000,00,2,1,01,A01
200500060872,0,07,000,00,2,7,09,B01
200500060873,0,07,000,00,2,1,01,A01
200500060873,0,07,000,00,0,4,23,B01
200500060874,0,07,000,10,0,7,01,A01
200500060875,0,07,000,16,0,9,01,A01
200500060876,0,07,000,00,2,3,15,A01
200500060876,0,07,000,00,2,8,01,B01
200500060877,0,07,000,00,2,3,09,A01
200500060877,0,07,000,00,2,1,01,B01
200500060878,0,02,000,00,0,1,01,A01
200500060879,0,07,000,00,2,1,01,A01
200500060879,0,07,000,00,0,4,23,B01
200500060880,0,07,000,06,0,1,01,A01
200500060881,0,07,000,00,2,8,15,A01
200500060881,0,07,000,00,2,7,01,B01
200500060882,0,07,000,00,2,1,01,A01
200500060882,0,07,000,00,2,4,23,B01
200500060882,0,07,000,00,2,1,01,C01
200500060883,0,02,000,00,2,1,01,A01
200500060884,0,07,000,00,2,8,11,A01
200500060884,0,02,000,00,2,1,01,B01
200500060885,0,01,000,00,0,0,15,A01
200500060886,0,07,000,06,0,1,13,A01
200500060887,0,07,000,16,0,9,04,A01
200500060888,0,07,000,02,0,1,01,A01
200500060889,0,18,001,00,2,3,15,A01
200500060889,0,02,000,00,2,1,01,B01
200500060890,0,05,000,00,2,1,01,A01
200500060890,0,07,000,00,2,6,15,B01
200500060891,0,07,000,00,2,1,01,A01
200500060891,0,07,000,00,2,4,23,B01
200500060892,0,07,000,00,2,3,01,A01
200500060892,0,07,000,00,2,1,01,B01
200500060893,0,07,000,14,0,2,01,A01
200500060894,0,07,000,00,2,3,20,A01
200500060894,0,02,000,00,2,8,01,B01
200500060895,0,07,000,00,2,1,01,A01
200500060895,0,07,000,00,2,5,15,B01
200500060896,0,07,000,00,2,2,10,A01
200500060896,0,07,000,00,2,3,01,B01
200500060897,0,07,000,00,2,8,01,B01
200500060897,0,18,010,00,2,3,01,A01
200500060898,0,07,000,00,2,1,01,A01
200500060898,0,07,000,00,2,4,21,B01
200500060899,0,07,000,00,2,1,01,A01
200500060899,0,07,000,00,2,4,23,B01
200500060900,0,05,000,00,2,1,01,A01
200500060900,0,02,000,00,2,4,01,B01
200500060901,0,07,000,00,1,3,01,A01
200500060902,0,07,000,00,2,1,01,B01
200500060902,0,07,000,00,2,1,15,A01
200500060903,0,07,000,00,2,1,02,A01
200500060903,0,07,000,00,2,4,23,B01
200500060904,0,07,000,00,2,2,15,A01
200500060904,0,02,000,00,2,1,01,B01
200500060905,0,07,000,00,1,3,01,A01
200500060906,0,07,000,06,1,2,14,A01
200500060907,0,05,000,13,2,2,17,A01
200500060907,0,07,000,00,0,8,15,B01
200500060908,0,07,000,00,1,7,01,A01
200500060909,0,07,000,15,0,9,01,A01
200500060910,0,07,000,00,1,2,00,A01
200500060911,0,03,000,00,2,1,13,A01
200500060911,0,07,000,00,2,1,01,B01
200500060912,0,02,000,16,0,0,01,A01
200500060913,0,07,000,00,2,1,02,A01
200500060913,0,07,000,00,2,4,23,B01
200500060914,0,07,000,00,1,1,01,A01
200500060915,0,07,000,06,0,1,01,A01
200500060915,0,07,000,14,0,1,01,B01
200500060916,0,07,000,00,9,8,15,A01
200500060916,0,01,000,00,2,4,01,B01
200500060917,0,01,000,00,2,1,11,A01
200500060917,0,07,000,00,9,2,17,B01
200500060918,0,07,000,00,2,8,09,A01
200500060918,0,05,000,00,2,1,01,B01
200500060919,0,02,000,00,2,1,17,A01
200500060919,0,07,000,00,0,3,15,B01
200500060920,0,18,000,12,0,5,02,A01
200500060920,0,01,000,12,0,4,02,B01
200500060921,0,02,000,00,2,2,02,A01
200500060921,0,07,000,00,0,4,02,B01
200500060922,0,07,000,08,0,1,01,A01
200500060923,0,07,000,00,2,1,05,A01
200500060923,0,07,000,00,2,3,01,B01
200500060924,0,07,000,00,1,2,01,A01
200500060925,0,01,000,00,2,1,02,A01
200500060925,0,07,000,00,9,4,23,B01
200500060926,0,07,000,00,2,7,20,A01
200500060926,0,01,000,00,2,1,14,B01
200500060927,0,07,000,00,0,2,01,B01