Num_Acc,senc,catv,occutc,obs,obsm,choc,manv,num_veh
200500061288,0,02,000,00,2,8,02,A01
200500061288,0,07,000,00,9,8,02,B01
200500061289,0,07,000,00,0,4,00,B01
200500061289,1,07,000,00,0,0,00,A01
200500061290,0,04,000,00,0,6,01,B01
200500061290,0,07,000,00,2,3,16,A01
200500061291,0,07,000,00,2,9,01,A01
200500061291,0,07,000,00,2,1,09,B01
200500061292,0,18,000,00,0,0,00,A01
200500061292,0,13,000,00,0,0,00,B01
200500061293,0,07,000,00,0,4,02,B01
200500061293,0,07,000,00,2,1,02,A01
200500061294,0,07,000,00,2,5,09,B01
200500061294,0,05,000,03,2,1,17,A01
200500061295,0,05,000,01,0,5,02,A01
200500061296,0,07,000,00,2,1,02,B01
200500061296,0,07,000,00,2,7,00,A01
200500061297,0,07,000,00,1,1,02,A01
200500061298,0,05,000,00,2,7,01,A01
200500061298,0,07,000,00,0,3,11,B01
200500061299,0,04,000,00,2,0,02,A01
200500061300,1,07,000,00,1,2,01,A01
200500061301,0,07,000,00,0,2,10,A01
200500061301,0,05,000,00,2,1,02,B01
200500061302,0,07,000,00,2,1,05,A01
200500061302,0,04,000,00,2,1,05,B01
200500061303,0,02,000,00,1,1,02,A01
200500061304,0,07,000,00,0,8,11,A01
200500061304,0,04,000,00,2,7,01,B01
200500061305,0,07,000,00,1,1,02,A01
200500061306,1,07,000,00,1,0,01,A01
200500061306,0,07,000,00,1,2,02,B01
200500061307,0,07,000,03,2,7,15,A01
200500061307,0,07,000,00,2,1,01,B01
200500061308,0,07,000,00,2,7,01,A01
200500061308,0,07,000,00,2,1,01,B01
200500061309,0,07,000,00,2,2,01,A01
200500061309,0,07,000,00,2,3,01,B01
200500061310,1,05,000,00,1,0,00,A01
200500061311,0,07,000,00,2,8,10,A01
200500061311,0,02,000,00,2,2,17,B01
200500061312,0,07,000,01,0,3,05,A01
200500061312,0,07,000,00,2,8,00,B01
200500061312,0,07,000,15,2,4,00,C01
200500061313,0,07,000,00,2,5,12,B01
200500061313,0,05,000,00,2,8,02,A01
200500061314,0,07,000,00,2,1,01,A01
200500061314,0,07,000,00,0,4,23,B01
200500061315,0,02,000,01,2,0,00,A01
200500061316,0,07,000,00,2,1,15,A01
200500061316,0,02,000,00,2,1,01,B01
200500061317,0,07,000,00,2,4,02,A01
200500061317,0,02,000,00,2,1,02,B01
200500061318,0,07,000,00,1,0,00,A01
200500061319,0,07,000,00,2,1,19,A01
200500061319,0,04,000,00,2,8,01,B01
200500061320,0,07,000,00,1,1,02,A01
200500061321,0,07,000,00,2,7,19,A01
200500061321,0,04,000,00,2,1,02,B01
200500061322,0,07,000,00,2,6,01,B01
200500061322,0,07,000,00,2,1,01,A01
200500061323,0,07,000,00,2,2,10,A01
200500061323,0,05,000,01,2,1,01,B01
200500061324,0,05,000,00,2,1,02,A01
200500061325,0,07,000,00,2,3,11,B01
200500061325,0,05,000,01,2,1,01,A01
200500061326,0,07,000,00,0,6,02,A01
200500061326,0,05,000,00,2,1,02,B01
200500061327,0,07,000,00,2,6,01,B01
200500061327,0,07,000,00,2,1,01,A01
200500061328,0,07,000,00,2,7,02,A01
200500061328,0,04,000,00,2,1,01,B01
200500061329,0,07,000,00,0,3,10,A01
200500061329,0,02,000,00,2,1,00,B01
200500061330,0,02,000,01,0,1,01,A01
200500061331,0,05,000,00,2,1,01,A01
200500061331,0,07,000,00,2,1,15,B01
200500061331,0,07,000,00,9,3,23,C01
200500061332,0,04,000,00,0,2,17,A01
200500061332,0,07,000,00,0,3,15,B01
200500061333,0,04,000,00,2,6,01,A01
200500061333,0,07,000,00,2,1,15,B01
200500061334,0,07,000,00,2,1,01,B01
200500061334,0,07,000,00,2,1,00,A01
200500061334,0,07,000,00,0,3,23,C01
200500061335,0,07,000,00,0,5,02,A01
200500061335,0,04,000,00,0,8,02,B01
200500061336,0,18,000,00,1,2,15,A01
200500061337,0,04,000,00,2,1,02,A01
200500061337,0,04,000,00,2,4,02,B01
200500061338,0,04,000,00,0,1,00,A01
200500061338,0,04,000,00,2,8,01,B01
200500061339,0,07,000,00,2,1,02,A01
200500061339,0,07,000,00,0,4,02,B01
200500061340,0,07,000,00,1,2,01,A01
200500061341,0,07,000,00,2,8,15,A01
200500061341,0,05,000,00,2,7,17,B01
200500061342,0,07,000,00,2,1,02,A01
200500061342,0,07,000,01,0,1,23,B01
200500061342,0,07,000,00,0,4,23,C01
200500061343,0,07,000,00,1,3,00,A01
200500061344,0,04,000,12,0,1,01,A01
200500061345,0,05,000,00,1,2,01,A01
200500061346,0,14,000,00,1,4,04,A01
200500061347,0,07,000,00,2,1,03,A01
200500061347,0,07,000,00,0,4,15,B01
200500061348,0,07,000,14,0,2,19,A01
200500061348,0,07,000,00,2,2,19,B01
200500061349,0,02,000,00,1,2,02,A01
200500061350,0,02,000,12,2,3,09,A01
200500061350,0,03,000,00,9,2,22,B01
200500061350,0,03,000,00,9,5,23,C01
200500061351,0,07,000,00,1,3,01,A01
200500061352,0,07,000,00,1,3,01,A01
200500061353,0,07,000,00,2,2,01,A01
200500061353,0,07,000,00,2,2,11,B01
200500061354,0,07,000,00,2,3,15,A01
200500061354,0,05,000,00,2,2,17,B01
200500061355,0,07,000,00,1,1,02,A01
200500061356,0,07,000,00,2,3,15,B01
200500061356,0,04,000,00,2,1,01,A01
200500061357,0,07,000,00,2,1,00,A01
200500061357,0,01,000,00,2,1,05,B01
200500061358,0,07,000,00,2,5,02,A01
200500061358,0,02,000,00,2,1,02,B01
200500061359,0,07,000,14,2,8,21,A01
200500061360,0,02,000,00,2,6,03,A01
200500061360,0,20,000,00,2,6,00,B01
200500061361,0,07,000,00,1,3,02,A01
200500061362,0,07,000,00,1,3,02,A01
200500061363,0,07,000,00,2,3,18,A01
200500061363,0,07,000,00,2,2,16,B01
200500061364,0,05,000,00,1,7,13,A01
200500061365,0,05,000,00,1,1,01,A01
200500061366,0,07,000,00,1,1,01,A01
200500061367,0,07,000,00,1,1,01,A01
200500061368,0,07,000,00,2,1,05,A01
200500061368,0,07,000,00,2,3,01,B01
200500061369,0,07,000,00,2,4,01,A01
200500061369,0,07,000,00,2,1,01,B01
200500061370,1,07,000,00,2,1,01,A01
200500061370,0,05,000,00,2,8,10,B01
200500061371,0,07,000,00,0,0,00,A01
200500061371,0,07,000,00,0,3,00,B01
200500061372,0,07,000,00,1,1,00,A01
200500061373,0,07,000,00,2,2,15,A01
200500061373,0,07,000,00,2,1,02,B01
200500061374,0,07,000,00,9,1,02,A01
200500061375,0,07,000,00,0,1,00,A01
200500061375,0,01,000,00,0,4,00,B01
200500061376,0,07,000,01,0,5,04,A01
200500061376,0,07,000,00,2,4,24,B01
200500061377,0,07,000,00,2,3,16,B01
200500061377,0,01,000,00,2,1,19,A01
200500061378,0,07,000,00,9,3,01,A01
200500061378,0,01,000,00,2,6,01,B01
200500061379,0,07,000,00,2,3,09,A01
200500061379,0,04,000,00,2,2,02,B01
200500061380,0,17,000,00,2,2,02,A01
200500061380,0,07,000,00,0,8,02,B01
200500061381,0,07,000,00,2,1,00,A01
200500061381,0,07,000,00,0,4,00,B01
200500061382,0,02,000,00,2,7,11,A01
200500061382,0,07,000,00,9,1,00,B01
200500061383,0,10,000,00,2,1,09,A01
200500061383,0,05,000,00,0,7,19,B01
200500061384,0,07,000,00,0,1,00,A01
200500061384,0,05,000,00,0,7,00,B01
200500061385,0,07,000,00,2,3,02,A01
200500061385,0,07,000,00,2,4,02,B01
200500061385,0,07,000,00,2,4,02,C01
200500061386,0,07,000,00,9,2,15,A01
200500061386,0,01,000,00,2,3,02,B01
200500061387,0,07,000,00,0,7,10,A01
200500061387,0,05,000,00,0,0,00,B01
200500061388,0,04,000,00,0,9,02,A01
200500061389,0,07,000,00,0,1,02,A01
200500061389,0,07,000,00,0,4,02,B01
200500061390,0,07,000,00,0,1,15,A01
200500061390,0,05,000,00,0,1,00,B01
200500061391,0,07,000,08,2,1,00,A01
200500061392,0,07,000,01,0,8,00,A01
200500061392,0,01,000,01,0,1,00,B01
200500061393,0,07,000,00,1,3,02,A01
200500061394,0,07,000,00,1,5,04,A01
200500061395,0,07,000,00,2,4,00,B01
200500061395,0,07,000,00,0,4,00,C01
200500061395,0,07,000,00,2,1,01,A01
200500061396,0,07,000,00,2,2,10,A01
200500061396,0,07,000,00,2,1,01,B01
200500061397,0,07,000,00,1,1,00,A01
200500061398,0,07,000,00,1,7,02,A01
200500061399,0,07,000,00,0,1,02,A01
200500061399,0,07,000,00,2,5,02,B01
200500061399,0,07,000,00,2,4,02,C01
200500061400,0,02,000,01,0,7,21,A01
200500061401,0,14,000,00,2,8,15,A01
200500061401,0,02,000,00,0,1,17,B01
200500061402,0,05,000,00,2,1,00,A01
200500061402,0,07,000,01,0,1,00,B01
200500061403,0,07,000,00,2,1,02,A01
200500061403,0,07,000,00,2,4,02,B01
200500061404,0,07,000,00,1,2,01,A01
200500061405,0,07,000,00,2,3,01,A01
200500061405,0,07,000,00,2,2,15,B01
200500061406,0,02,000,00,0,2,03,A01
200500061406,0,10,000,00,0,8,01,B01
200500061407,0,02,000,00,2,1,01,B01
200500061407,0,07,000,00,2,3,15,A01
200500061408,0,07,000,00,2,1,20,A01
200500061408,0,02,000,00,2,7,00,B01
200500061409,0,07,000,00,2,1,00,A01
200500061409,0,07,000,00,2,3,00,B01
200500061410,0,04,000,00,2,2,01,B01
200500061410,0,07,000,00,2,3,15,A01
200500061411,0,07,000,00,1,1,16,A01
200500061412,0,05,000,00,1,3,11,A01
200500061413,0,07,000,15,0,2,00,A01
200500061414,0,07,000,00,2,1,02,A01
200500061414,0,07,000,00,0,4,02,B01
200500061415,0,07,000,00,1,2,01,A01
200500061416,0,07,000,00,1,1,01,A01
200500061417,0,07,000,00,2,8,02,A01
200500061417,0,04,000,00,2,1,02,B01
200500061418,0,07,000,00,2,1,02,A01
200500061418,0,07,000,00,0,4,02,B01
200500061419,0,07,000,00,2,1,02,A01
200500061419,0,07,000,00,0,4,15,B01
200500061420,1,07,000,00,2,1,02,A01
200500061420,0,07,000,00,0,4,00,B01
200500061421,1,07,000,00,1,4,04,A01
200500061422,0,07,000,00,2,1,02,A01
200500061422,0,08,000,00,0,4,02,B01
200500061423,0,07,000,14,2,1,09,A01
200500061423,0,07,000,00,2,8,09,B01
200500061423,0,07,000,00,2,4,23,C01
200500061424,0,07,000,05,0,2,01,A01
200500061425,0,07,000,00,1,1,01,A01
200500061426,0,07,000,00,2,3,01,B01
200500061426,0,07,000,00,2,8,15,A01
200500061427,0,07,000,00,0,6,02,A01
200500061428,0,04,000,00,2,1,01,A01
200500061428,0,07,000,00,2,1,15,B01
200500061429,0,04,000,00,2,8,01,A01
200500061429,0,07,000,00,2,1,15,B01
200500061430,0,05,000,00,2,1,02,A01
200500061430,0,07,000,00,0,4,15,B01
200500061431,0,02,000,03,0,1,01,A01
200500061432,0,02,000,00,2,1,02,A01
200500061432,0,07,000,00,2,4,16,B01
200500061433,0,07,000,00,2,1,15,A01
200500061433,0,05,000,00,2,9,02,B01
200500061434,0,07,000,00,2,3,01,B01
200500061434,0,07,000,06,2,1,15,A01
200500061435,0,10,000,08,2,3,01,B01
200500061435,0,07,000,08,2,1,01,A01
200500061436,0,07,000,00,1,1,02,A01
200500061437,0,02,000,00,2,7,05,A01
200500061438,0,04,000,00,1,1,17,A01
200500061439,0,07,000,06,2,1,01,A01
200500061440,0,07,000,00,2,1,02,A01
200500061440,0,07,000,00,0,4,02,B01
200500061441,0,02,000,12,0,1,16,A01
200500061442,0,07,000,00,0,6,15,B01
200500061442,0,05,000,00,2,1,17,A01
200500061443,0,05,000,00,2,8,17,B01
200500061443,0,07,000,00,0,0,15,A01
200500061444,0,04,000,00,2,7,21,A01
200500061444,0,07,000,00,0,4,23,B01
200500061445,0,07,000,00,2,7,15,A01
200500061445,0,05,000,00,2,1,18,B01
200500061446,0,02,000,00,1,1,17,A01
200500061446,0,07,000,00,2,1,01,B01
200500061447,0,07,000,00,1,3,17,A01
200500061448,0,07,000,00,2,7,15,A01
200500061448,0,05,000,00,2,1,01,B01
200500061448,0,07,000,00,2,1,00,C01
200500061449,0,04,000,00,2,8,01,B01
200500061449,1,07,000,00,2,0,17,A01
200500061450,0,10,000,00,2,4,10,A01
200500061450,0,05,000,00,2,3,01,B01
200500061451,0,07,000,00,2,1,21,A01
200500061451,0,07,000,00,2,1,01,B01
200500061452,0,07,000,00,2,3,01,B01
200500061452,0,07,000,00,2,3,16,A01
200500061453,0,07,000,00,2,8,01,A01
200500061453,0,07,000,00,2,1,16,B01
200500061454,0,07,000,00,2,1,02,A01
200500061454,0,01,000,00,0,6,01,B01
200500061455,0,05,000,00,2,1,02,A01
200500061455,0,07,000,00,0,5,02,B01
200500061456,0,07,000,00,2,1,02,A01
200500061456,0,07,000,00,0,4,15,B01
200500061457,0,04,000,00,2,1,02,A01
200500061457,0,07,000,00,0,4,01,B01
200500061458,0,07,000,00,2,2,21,A01
200500061458,0,07,000,00,0,6,20,B01
200500061459,0,07,000,01,2,1,02,A01
200500061459,0,18,001,00,0,4,23,B01
200500061460,0,10,000,00,2,4,21,A01
200500061460,0,10,000,00,2,1,02,B01
200500061461,0,02,000,00,2,1,17,A01
200500061461,0,07,000,00,0,3,15,B01
200500061462,0,05,000,08,0,1,01,A01
200500061463,0,10,000,00,2,3,07,A01
200500061463,0,07,000,00,2,7,07,B01
200500061464,1,07,000,00,2,0,02,A01
200500061464,0,18,002,00,2,3,16,B01
200500061465,0,07,000,00,2,8,02,A01
200500061465,0,05,000,00,2,7,02,B01
200500061466,0,07,000,00,2,7,15,A01
200500061466,0,07,000,00,0,0,00,B01
200500061467,0,07,000,00,1,1,02,A01
200500061468,0,07,000,00,9,3,02,B01
200500061468,0,04,000,00,2,1,02,A01
200500061469,0,07,000,00,2,1,02,A01
200500061469,0,07,000,00,2,4,02,B01
200500061470,0,07,000,00,2,1,09,A01
200500061470,0,02,000,00,2,8,02,B01
200500061471,0,05,000,00,9,3,02,A01
200500061471,0,01,000,00,9,4,02,B01
200500061472,0,07,000,00,2,3,17,A01
200500061472,0,04,000,00,2,2,17,B01
200500061473,0,07,000,00,0,0,00,A01
200500061473,0,07,000,00,0,0,00,B01
200500061474,0,04,000,00,2,1,17,A01
200500061474,0,07,000,00,2,3,15,B01
200500061475,0,07,000,00,2,2,02,A01
200500061475,0,07,000,00,2,8,02,B01
200500061476,0,02,000,00,2,1,03,A01
200500061476,0,07,000,00,9,3,02,B01
200500061477,0,07,000,00,2,7,15,A01
200500061477,0,05,000,00,2,1,01,B01
200500061478,0,07,000,00,2,3,13,A01
200500061478,0,05,000,00,2,1,17,B01
200500061479,0,02,000,00,2,8,15,A01
200500061479,1,07,000,00,9,0,01,B01
200500061480,0,07,000,00,2,0,01,A01
200500061480,0,02,000,00,2,0,13,B01
200500061481,0,07,000,00,2,4,23,A01
200500061481,0,07,000,00,2,1,02,B01
200500061482,0,07,000,00,1,2,16,A01
200500061483,0,07,000,00,2,2,19,A01
200500061483,0,07,000,01,0,6,19,B01
200500061484,0,05,000,00,2,0,17,A01
200500061484,0,07,000,00,2,3,01,B01
200500061485,0,18,010,00,2,2,07,B01
200500061485,0,07,000,00,2,3,15,A01
200500061486,0,07,000,00,2,2,02,A01
200500061486,0,07,000,00,2,8,02,B01
200500061487,0,07,000,00,2,2,15,A01
200500061487,0,05,000,00,2,3,19,B01
200500061488,0,07,000,15,0,1,21,A01
200500061489,0,07,000,03,0,2,00,A01
200500061490,0,07,000,00,2,3,15,A01
200500061490,0,02,000,00,2,1,01,B01
200500061491,0,07,000,00,1,1,01,A01
200500061492,0,02,000,00,9,3,01,A01
200500061493,0,07,000,00,2,0,07,A01
200500061493,0,99,000,00,2,1,01,B01
200500061494,0,07,000,00,2,1,02,A01
200500061494,0,07,000,00,2,4,02,B01
200500061495,0,07,000,00,1,2,01,A01
200500061496,0,07,000,00,1,1,01,A01
200500061497,0,07,000,14,2,4,02,B01
200500061497,0,07,000,14,2,1,02,A01
200500061498,0,13,000,00,2,1,00,A01
200500061498,0,18,000,00,0,4,00,B01
200500061499,0,07,000,02,0,1,01,A01
200500061500,0,02,000,00,2,1,02,A01
200500061500,0,07,000,00,2,4,02,B01
200500061501,0,07,000,00,1,1,01,A01
200500061502,0,05,000,00,0,7,01,B01
200500061502,0,07,000,00,2,3,13,A01
200500061503,0,07,000,00,2,6,15,A01
200500061503,0,02,000,00,2,1,17,B01
200500061504,0,07,000,00,0,0,00,A01
200500061505,0,13,000,00,0,8,00,A01
200500061506,0,07,000,00,2,1,01,A01
200500061506,0,07,000,00,0,4,02,B01
200500061507,0,07,000,00,2,3,03,A01
200500061507,0,07,000,00,0,7,01,B01
200500061507,0,07,000,00,0,7,01,C01
200500061507,0,07,000,00,2,4,01,D01
200500061507,0,07,000,00,0,4,01,E01
200500061508,1,07,000,00,2,1,00,A01
200500061508,0,07,000,00,0,6,01,B01
200500061509,0,07,000,00,2,2,15,A01
200500061509,0,05,000,00,2,1,21,B01
200500061510,0,07,000,00,1,1,17,A01
200500061511,0,05,000,00,2,0,15,A01
200500061511,0,05,000,00,2,0,09,B01
200500061512,0,07,000,00,1,0,19,A01
200500061513,0,07,000,00,1,0,19,A01
200500061514,1,04,000,00,1,1,01,A01
200500061515,0,07,000,06,0,0,13,A01
200500061516,0,05,000,00,2,0,09,A01
200500061516,0,07,000,00,2,0,09,B01
200500061517,0,07,000,00,2,1,15,A01
200500061517,0,05,000,00,2,1,21,B01
200500061518,0,07,000,00,2,0,09,A01
200500061518,0,07,000,00,2,0,09,B01
200500061519,0,07,000,00,2,0,09,A01
200500061519,0,05,000,00,2,0,09,B01
200500061520,0,05,000,00,2,1,17,A01
200500061520,0,07,000,00,2,1,09,B01
200500061521,0,07,000,00,1,2,01,A01
200500061522,0,07,000,00,1,1,21,A01
200500061523,0,05,000,00,2,1,13,A01
200500061523,0,07,000,00,2,1,23,B01
200500061524,0,07,000,06,2,1,13,A01
200500061524,0,07,000,00,2,1,21,B01
200500061525,0,04,000,00,2,2,21,B01
200500061525,0,07,000,00,2,1,00,A01
200500061526,0,07,000,00,1,3,01,A01
200500061527,0,13,000,00,2,1,01,A01
200500061527,0,07,000,00,2,4,01,B01
200500061528,0,07,000,00,2,1,15,A01
200500061528,0,07,000,00,2,3,01,B01
200500061529,0,05,000,00,2,7,01,A01
200500061529,0,15,000,00,2,8,10,B01
200500061530,0,05,000,00,1,1,01,A01
200500061531,0,07,000,00,1,4,20,A01
200500061532,0,07,000,00,2,6,15,A01
200500061532,0,05,000,00,2,1,18,B01
200500061533,0,07,000,00,1,2,01,A01
200500061534,0,07,000,00,1,1,01,A01
200500061535,0,02,000,01,0,9,21,A01
200500061536,0,02,000,00,2,3,01,B01
200500061536,0,07,000,00,2,3,15,A01
200500061537,0,02,000,08,0,0,17,A01
200500061538,0,07,000,00,2,3,20,A01
200500061538,0,01,000,00,2,3,01,B01
200500061539,0,07,000,00,2,3,15,A01
200500061539,0,05,000,00,2,1,01,B01
200500061540,0,05,000,00,1,1,02,A01
200500061541,0,07,000,00,9,2,20,A01
200500061541,0,02,000,00,2,7,21,B01
200500061542,0,07,000,00,2,2,02,B01
200500061542,0,13,000,00,2,8,02,C01
200500061542,0,02,000,00,2,6,02,A01
200500061543,0,05,000,00,1,2,21,A01
200500061544,0,07,000,00,9,1,16,A01
200500061544,0,01,000,00,2,2,19,B01
200500061545,0,07,000,00,9,1,15,A01
200500061545,0,05,000,00,2,7,11,B01
200500061546,0,05,000,00,2,1,02,A01
200500061546,1,07,000,00,2,0,19,B01
200500061547,0,07,000,00,1,7,15,A01
200500061548,0,01,000,00,2,0,05,A01
200500061548,0,07,000,00,2,1,21,B01
200500061549,0,07,000,00,1,2,15,A01
200500061550,0,07,000,00,2,5,14,A01
200500061550,0,04,000,00,0,3,00,B01
200500061551,0,07,000,00,2,1,02,A01
200500061551,0,07,000,15,2,6,02,B01
200500061552,0,07,000,00,2,4,01,A01
200500061552,0,02,000,00,2,1,01,B01
200500061553,0,07,000,00,2,4,01,A01
200500061553,0,01,000,00,2,1,01,B01
200500061554,0,05,000,00,2,1,17,A01
200500061554,0,07,000,00,2,3,15,B01
200500061555,0,18,001,00,2,1,01,B01
200500061555,0,07,000,00,2,3,01,A01
200500061556,0,07,000,00,2,1,02,A01
200500061556,0,07,000,00,2,4,23,B01
200500061557,0,10,000,00,1,3,01,A01
200500061558,0,07,000,00,2,1,02,A01
200500061558,0,07,000,00,5,1,02,B01
200500061559,0,02,000,00,2,1,01,A01
200500061559,0,07,000,00,2,6,15,B01
200500061560,0,07,000,00,2,3,15,A01
200500061560,0,02,000,00,2,6,01,B01
200500061561,0,18,002,00,9,7,19,A01
200500061561,0,05,000,00,2,1,01,B01
200500061562,0,07,000,00,1,1,01,A01
200500061563,0,05,000,01,0,7,02,A01
200500061564,0,15,000,00,2,1,17,A01
200500061564,0,05,000,00,2,8,01,B01
200500061565,0,07,000,00,2,1,02,A01
200500061565,0,07,000,00,2,4,02,B01
200500061565,0,07,000,00,2,4,02,C01
200500061565,0,07,000,00,0,4,02,D01
200500061566,0,07,000,08,2,8,13,A01
200500061566,0,04,000,00,2,1,01,B01
200500061567,0,07,000,00,2,2,14,A01
200500061567,0,02,000,00,2,7,16,B01
200500061568,0,05,000,06,2,1,01,A01
200500061568,0,07,000,01,2,1,01,B01
200500061569,0,07,000,00,2,8,10,A01
200500061569,0,01,000,00,2,7,01,B01
200500061570,0,02,000,01,0,1,09,A01
200500061571,0,10,000,00,1,4,20,A01
200500061572,0,04,000,00,2,1,01,A01
200500061572,0,07,000,00,2,2,15,B01
200500061573,0,07,000,00,2,1,01,A01
200500061573,0,07,000,00,2,3,15,B01
200500061574,0,10,000,00,2,7,01,A01
200500061574,0,05,000,00,2,1,01,B01
200500061575,1,01,000,00,1,1,00,A01
200500061576,0,07,000,00,2,1,00,A01
200500061576,0,07,000,00,2,6,00,B01
200500061577,0,07,000,00,1,1,00,A01
200500061578,0,07,000,00,2,2,16,A01
200500061578,0,02,000,00,2,3,01,B01
200500061579,0,18,062,00,1,3,01,A01
200500061580,0,07,000,00,2,3,01,A01
200500061580,0,05,000,00,2,8,02,B01
200500061581,0,07,000,00,2,3,15,A01
200500061581,0,04,000,00,2,1,01,B01
200500061582,0,02,000,00,0,8,15,A01
200500061583,0,02,000,16,0,1,01,A01
200500061584,0,10,000,00,2,3,15,A01
200500061584,0,07,000,08,2,1,16,B01
200500061585,0,07,000,00,2,1,01,A01
200500061585,0,07,000,00,2,3,01,B01
200500061586,0,07,000,00,2,1,01,A01
200500061586,0,07,000,00,2,4,02,B01
200500061587,0,07,000,03,0,7,01,A01
200500061588,0,07,000,00,2,1,13,A01
200500061588,0,07,000,09,2,1,01,B01
200500061589,0,02,000,03,0,7,01,A01
200500061590,0,07,000,00,2,1,15,A01
200500061590,0,07,000,00,2,1,01,B01
200500061591,0,01,000,01,0,7,01,A01
200500061592,0,05,000,00,2,1,15,A01
200500061592,0,07,000,00,2,1,01,B01
200500061593,0,07,000,11,0,1,01,A01
200500061594,0,10,000,00,2,1,01,A01
200500061594,0,07,000,00,2,8,01,B01
200500061595,0,07,000,00,1,3,01,A01
200500061596,0,10,000,00,1,2,15,A01
200500061597,0,07,000,00,2,3,09,A01
200500061597,0,05,000,00,2,7,01,B01
200500061598,0,10,000,00,2,1,01,A01
200500061598,0,07,000,00,2,8,16,B01
200500061599,0,05,000,00,2,1,05,A01
200500061599,0,07,000,00,2,1,16,B01
200500061600,0,07,000,00,2,7,15,A01
200500061600,0,07,000,00,2,1,01,B01
200500061601,0,07,000,00,1,3,13,A01
200500061602,0,07,000,00,2,1,15,A01
200500061602,0,07,000,00,2,3,01,B01
200500061603,0,07,000,06,0,1,01,A01
200500061604,0,07,000,00,2,7,01,B01
200500061604,0,02,000,00,2,1,01,A01
200500061605,0,07,000,00,2,1,02,A01
200500061605,0,07,000,00,2,4,02,B01
200500061605,0,07,000,00,2,4,02,C01
200500061606,0,07,000,00,2,4,04,A01
200500061606,0,07,000,00,2,3,01,B01
200500061607,0,07,000,00,2,1,02,A01
200500061607,0,05,000,00,2,4,02,B01
200500061608,0,07,000,00,2,1,01,A01
200500061608,0,07,000,00,2,8,16,B01
200500061609,0,07,000,00,1,2,01,A01
200500061610,0,07,000,00,1,2,01,A01
200500061611,0,20,000,00,1,4,04,A01
200500061612,0,02,000,00,2,1,17,A01
200500061612,0,07,000,00,2,2,15,B01
200500061613,0,07,000,00,2,1,13,A01
200500061613,0,10,000,00,2,1,01,B01
200500061614,0,07,000,00,1,2,00,A01
200500061615,0,07,000,00,2,7,12,A01
200500061615,0,01,000,00,2,7,11,B01
200500061616,0,07,000,00,1,2,02,A01
200500061617,0,07,000,00,2,1,10,A01
200500061617,0,05,000,00,2,3,00,B01
200500061618,0,07,000,00,2,6,20,A01
200500061618,0,05,000,00,2,1,01,B01
200500061619,0,07,000,00,2,3,12,A01
200500061619,0,01,000,00,2,7,16,B01
200500061620,0,05,000,00,1,1,03,A01
200500061621,0,07,000,00,2,1,21,A01
200500061621,0,07,000,00,2,1,01,B01
200500061622,0,18,000,00,2,3,09,A01
200500061622,0,05,000,00,2,7,01,B01
200500061623,0,07,000,00,2,1,02,A01
200500061623,0,07,000,00,2,4,02,B01
200500061624,0,07,000,01,0,2,01,A01
200500061625,0,04,000,00,0,7,01,A01
200500061625,0,07,000,00,0,0,15,B01
200500061626,1,07,000,00,2,4,04,A01
200500061626,0,01,000,00,2,1,01,B01
200500061627,0,07,000,00,2,8,15,A01
200500061627,2,02,000,00,2,1,17,B01
200500061628,0,07,000,01,0,6,14,A01
200500061629,0,07,000,00,2,5,15,A01
200500061629,0,05,000,00,2,1,01,B01
200500061630,0,07,000,00,2,8,12,A01
200500061630,0,01,000,00,2,1,12,B01
200500061631,0,07,000,02,0,1,01,A01
200500061632,0,07,000,00,0,0,10,B01
200500061632,0,04,000,00,2,1,01,A01
200500061633,0,04,000,00,2,1,01,B01
200500061633,0,07,000,00,2,1,15,A01
200500061634,0,07,000,09,0,9,01,A01
200500061635,0,02,000,00,2,1,18,A01
200500061635,0,07,000,00,0,2,16,B01
200500061636,0,02,000,00,1,1,01,A01
200500061637,0,02,000,00,1,2,03,A01
200500061637,0,07,000,00,0,8,23,B01
200500061637,0,02,000,00,2,1,03,C01
200500061638,0,07,000,00,2,3,01,A01
200500061638,0,07,000,00,2,2,01,B01
200500061639,0,07,000,00,2,3,15,A01
200500061639,0,07,000,00,2,1,01,B01
200500061640,0,05,000,00,2,7,01,A01
200500061640,0,07,000,00,2,1,01,B01
200500061641,0,07,000,00,0,6,19,A01
200500061641,0,05,000,00,2,5,17,B01
200500061642,1,02,000,01,1,3,01,A01
200500061643,0,07,000,00,2,1,15,A01
200500061643,0,02,000,00,2,1,01,B01
200500061644,0,13,000,00,2,3,01,B01
200500061644,0,07,000,00,2,7,14,A01
200500061645,0,07,000,00,2,2,15,A01
200500061645,0,05,000,00,1,1,01,B01
200500061646,0,07,000,15,0,1,01,A01
200500061647,0,07,000,00,0,2,01,A01
200500061648,0,07,000,00,2,3,09,A01
200500061648,0,05,000,00,2,1,01,B01
200500061649,0,07,000,00,2,3,13,A01
200500061649,0,01,000,00,2,1,02,B01
200500061650,0,07,000,00,2,1,15,A01
200500061650,0,01,000,00,2,1,01,B01
200500061651,0,05,000,00,2,1,02,B01
200500061651,0,07,000,00,2,3,15,A01
200500061652,0,07,000,00,1,1,16,A01
200500061653,1,07,000,00,0,0,02,A01
200500061653,0,02,000,00,0,4,23,B01
200500061654,0,07,000,00,1,0,01,A01
200500061655,0,07,000,01,0,1,01,A01
200500061656,0,02,000,00,0,7,17,A01
200500061656,0,07,000,00,0,3,15,B01