Num_Acc,senc,catv,occutc,obs,obsm,choc,manv,num_veh
200500062000,0,07,000,04,0,3,21,A01
200500062001,0,07,000,04,0,1,21,A01
200500062002,0,07,000,00,2,3,21,A01
200500062002,0,07,000,00,2,2,21,B01
200500062002,0,07,000,00,2,5,21,C01
200500062003,0,10,000,04,0,7,13,A01
200500062004,0,07,000,00,2,3,21,A01
200500062004,0,05,000,00,2,5,21,B01
200500062004,0,07,000,00,2,4,21,C01
200500062005,0,07,000,00,2,2,21,A01
200500062005,0,15,000,00,0,6,21,B01
200500062006,0,13,000,00,2,2,12,A01
200500062006,0,07,000,00,2,6,21,B01
200500062007,0,05,000,00,2,1,01,A01
200500062007,0,07,000,00,2,2,15,B01
200500062008,0,07,000,00,2,1,01,A01
200500062008,0,07,000,00,0,4,01,B01
200500062009,0,07,000,00,1,2,02,A01
200500062010,0,07,000,00,1,7,17,A01
200500062011,0,07,000,00,0,4,23,A01
200500062011,0,07,000,00,2,1,02,B01
200500062012,0,07,000,00,0,4,01,A01
200500062012,0,07,000,00,2,2,21,B01
200500062013,0,07,000,00,0,4,23,A01
200500062013,0,07,000,00,2,1,02,B01
200500062014,0,07,000,04,0,8,00,A01
200500062015,0,10,000,03,2,8,17,A01
200500062016,0,07,000,03,0,3,01,B01
200500062016,0,07,000,00,2,2,17,A01
200500062017,0,07,000,00,2,3,01,B01
200500062017,0,17,000,03,2,1,13,A01
200500062018,0,07,000,13,0,8,17,A01
200500062019,0,17,000,00,0,4,23,B01
200500062019,0,07,000,00,2,1,02,A01
200500062020,0,12,000,03,0,4,01,B01
200500062020,0,14,000,00,2,3,01,A01
200500062021,0,07,000,00,2,1,02,A01
200500062021,0,07,000,00,2,4,02,B01
200500062021,0,07,000,00,2,4,02,C01
200500062022,0,07,000,03,0,1,12,A01
200500062022,0,05,000,00,2,1,11,B01
200500062022,0,07,000,00,0,6,01,C01
200500062023,0,07,000,00,2,1,02,A01
200500062023,0,07,000,00,2,4,02,B01
200500062023,0,07,000,00,0,4,02,C01
200500062024,0,07,000,00,2,1,02,A01
200500062024,0,07,000,03,0,4,02,B01
200500062025,0,07,000,00,2,7,01,B01
200500062025,0,07,000,00,2,1,01,A01
200500062026,0,07,000,00,1,2,01,A01
200500062027,0,07,000,00,0,0,15,A01
200500062027,0,05,000,00,0,8,01,B01
200500062028,0,07,000,00,2,2,15,A01
200500062028,0,07,000,00,2,2,01,B01
200500062029,0,19,000,00,2,3,01,B01
200500062029,0,14,000,00,4,5,04,A01
200500062030,0,07,000,00,2,7,23,A01
200500062030,0,01,000,00,2,1,18,B01
200500062031,1,05,000,00,1,1,01,A01
200500062032,1,10,000,00,1,1,15,A01
200500062033,0,05,000,00,2,7,07,A01
200500062033,0,07,000,00,2,3,15,B01
200500062034,0,07,000,00,2,3,11,A01
200500062034,0,02,000,00,2,1,01,B01
200500062035,0,07,000,00,2,1,01,A01
200500062035,0,07,000,00,2,4,23,B01
200500062036,0,07,000,00,2,1,01,A01
200500062036,0,07,000,00,2,4,23,B01
200500062036,0,07,000,00,2,4,23,C01
200500062037,0,05,000,00,2,7,17,A01
200500062037,1,07,000,00,2,8,13,B01
200500062038,0,07,000,00,2,8,24,A01
200500062038,0,01,000,01,0,1,01,B01
200500062039,0,07,000,00,2,8,09,A01
200500062039,0,05,000,00,2,1,01,B01
200500062040,0,07,000,00,2,8,22,A01
200500062040,0,18,001,01,0,2,01,B01
200500062041,0,07,000,00,1,1,01,A01
200500062042,0,02,000,00,2,1,01,A01
200500062042,0,07,000,00,2,8,15,B01
200500062043,0,07,000,00,2,7,01,A01
200500062043,0,01,000,00,2,3,03,B01
200500062044,0,07,000,00,2,7,15,A01
200500062044,0,07,000,00,2,1,01,B01
200500062045,0,18,001,00,2,2,01,B01
200500062045,0,02,000,00,2,1,00,A01
200500062046,0,04,000,00,0,1,01,A01
200500062046,0,07,000,00,0,0,15,B01
200500062047,0,07,000,00,1,1,01,A01
200500062048,0,07,000,06,0,2,01,A01
200500062049,0,07,000,16,0,6,01,A01
200500062050,0,05,000,00,0,0,21,B01
200500062050,1,07,000,00,0,0,02,A01
200500062051,0,05,000,00,2,1,02,A01
200500062051,0,07,000,00,0,4,02,B01
200500062052,0,17,000,00,0,1,01,A01
200500062052,0,07,000,00,0,3,01,B01
200500062053,0,07,000,00,2,1,02,A01
200500062053,0,07,000,04,0,4,02,B01
200500062054,0,07,000,04,0,9,12,A01
200500062055,0,07,000,00,2,1,01,A01
200500062055,0,07,000,00,2,4,01,B01
200500062055,0,07,000,00,0,4,01,C01
200500062056,0,07,000,04,0,1,01,A01
200500062057,0,15,000,00,2,8,03,A01
200500062057,0,07,000,03,2,2,01,B01
200500062057,0,07,000,00,2,1,02,C01
200500062058,0,07,000,16,0,0,13,A01
200500062059,0,07,000,04,2,4,00,A01
200500062059,1,07,000,00,2,0,00,B01
200500062060,0,07,000,00,2,1,02,A01
200500062060,0,07,000,00,0,4,02,B01
200500062061,0,17,000,00,0,8,00,A01
200500062062,0,07,000,03,2,2,01,A01
200500062062,0,07,000,00,2,3,02,B01
200500062063,0,07,000,00,2,1,02,A01
200500062063,0,07,000,00,0,4,02,B01
200500062064,0,05,000,00,2,7,01,A01
200500062064,0,07,000,00,2,3,15,B01
200500062065,0,07,000,04,0,1,01,A01
200500062066,0,07,000,15,0,1,21,A01
200500062067,0,07,000,00,0,4,02,B01
200500062067,0,07,000,00,2,1,02,A01
200500062068,0,10,000,03,0,2,00,A01
200500062069,1,07,000,00,2,2,05,F01
200500062069,0,07,000,00,2,3,01,A01
200500062069,0,07,000,00,2,2,01,B01
200500062069,0,07,000,00,2,7,01,C01
200500062069,0,07,000,00,2,4,01,E01
200500062069,0,15,000,00,2,3,01,D01
200500062070,0,07,000,00,2,3,02,A01
200500062070,0,07,000,04,2,3,02,B01
200500062071,0,17,000,00,2,2,12,A01
200500062071,0,07,000,04,0,6,01,B01
200500062072,0,05,000,00,0,7,01,A01
200500062073,0,07,000,03,2,8,01,A01
200500062073,0,07,000,00,2,7,14,B01
200500062073,0,07,000,00,2,1,21,C01
200500062073,0,07,000,03,2,3,21,E01
200500062073,0,07,000,04,2,3,02,D01
200500062074,0,07,000,00,2,2,05,A01
200500062074,0,07,000,00,2,2,01,B01
200500062075,0,07,000,00,0,1,02,A01
200500062075,0,07,000,00,0,4,02,B01
200500062075,0,07,000,00,0,4,02,C01
200500062076,0,07,000,04,2,3,02,A01
200500062076,0,07,000,00,2,5,02,B01
200500062077,0,14,000,00,2,7,12,A01
200500062077,0,07,000,00,0,8,01,B01
200500062077,0,07,000,00,2,7,01,C01
200500062078,0,07,000,03,0,7,13,A01
200500062079,0,07,000,00,2,3,14,A01
200500062079,0,07,000,00,2,6,01,B01
200500062080,0,07,000,00,2,7,04,A01
200500062080,0,07,000,00,0,9,02,B01
200500062081,0,05,000,00,2,1,02,A01
200500062081,0,07,000,00,0,4,02,B01
200500062082,0,07,000,00,2,2,02,A01
200500062082,0,07,000,03,0,6,02,B01
200500062083,0,07,000,06,0,3,02,A01
200500062084,0,07,000,00,2,1,12,A01
200500062084,0,15,000,00,2,6,02,B01
200500062085,0,07,000,04,0,3,02,A01
200500062086,0,15,000,00,2,2,12,A01
200500062086,0,07,000,00,2,6,01,B01
200500062087,0,07,000,00,2,1,02,A01
200500062087,0,07,000,00,2,4,02,B01
200500062087,0,07,000,00,0,4,02,C01
200500062088,0,15,000,04,0,3,01,A01
200500062089,0,07,000,04,0,1,01,A01
200500062090,0,07,000,00,1,2,17,A01
200500062091,0,05,000,14,0,2,02,A01
200500062091,0,07,000,00,0,3,02,B01
200500062092,0,18,001,00,1,5,00,A01
200500062093,0,07,000,04,0,8,13,A01
200500062093,1,07,000,00,0,0,00,B01
200500062094,0,05,000,00,0,7,18,A01
200500062095,0,05,000,00,0,2,09,A01
200500062095,0,07,000,00,0,4,02,B01
200500062096,0,07,000,00,2,1,02,A01
200500062096,0,07,000,00,5,4,02,B01
200500062097,0,07,000,00,0,2,12,A01
200500062097,0,04,000,00,0,3,23,B01
200500062098,0,07,000,04,0,6,21,A01
200500062098,0,07,000,00,2,2,02,B01
200500062098,1,07,000,00,0,0,13,C01
200500062099,0,07,000,02,0,2,14,A01
200500062100,0,07,000,14,2,1,02,A01
200500062100,0,07,000,00,1,4,02,B01
200500062101,0,07,000,00,0,4,23,A01
200500062101,0,04,000,00,2,1,23,B01
200500062101,0,07,000,00,2,1,02,C01
200500062102,0,07,000,05,0,1,14,A01
200500062103,0,07,000,00,0,5,13,B01
200500062103,0,07,000,00,0,2,02,A01
200500062104,0,10,000,00,2,2,14,B01
200500062104,0,07,000,00,0,4,09,A01
200500062105,0,05,000,00,0,8,00,A01
200500062106,0,07,000,00,2,1,12,A01
200500062106,0,07,000,00,0,4,00,B01
200500062107,0,07,000,00,0,4,01,A01
200500062107,0,07,000,00,2,1,01,B01
200500062107,0,07,000,00,2,1,01,C01
200500062108,0,07,000,00,0,4,23,A01
200500062108,0,07,000,00,2,4,23,B01
200500062108,0,07,000,00,2,1,02,C01
200500062109,0,07,000,04,0,0,02,A01
200500062110,0,07,000,04,2,4,02,B01
200500062110,0,07,000,00,0,6,02,A01
200500062110,0,07,000,00,2,1,00,C01
200500062111,0,07,000,00,2,1,01,B01
200500062111,0,07,000,00,0,4,01,A01
200500062112,0,07,000,03,0,9,13,A01
200500062113,0,07,000,00,2,6,11,A01
200500062113,0,07,000,04,2,2,01,B01
200500062114,0,07,000,00,0,0,00,A01
200500062115,0,07,000,04,2,7,01,A01
200500062115,0,07,000,00,2,8,11,B01
200500062116,0,07,000,04,0,3,21,A01
200500062117,0,07,000,00,0,4,02,A01
200500062117,0,07,000,00,0,1,02,C01
200500062117,0,07,000,00,0,4,02,B01
200500062118,0,15,000,01,0,1,02,A01
200500062119,0,07,000,00,2,3,14,B01
200500062119,0,07,000,00,0,3,02,A01
200500062120,0,07,000,00,0,0,02,B01
200500062120,0,17,000,00,0,0,12,A01
200500062121,0,07,000,00,2,1,21,D01
200500062121,0,07,000,00,2,4,21,C01
200500062121,0,07,000,00,2,4,21,B01
200500062121,0,07,000,00,2,4,21,A01
200500062122,0,05,000,03,0,1,02,A01
200500062123,0,07,000,00,2,2,21,B01
200500062123,0,10,000,05,2,3,01,A01
200500062124,0,07,000,06,0,3,00,A01
200500062125,0,07,000,00,0,4,01,A01
200500062125,0,07,000,00,0,1,02,B01
200500062126,0,07,000,13,2,3,21,B01
200500062126,0,07,000,03,2,8,21,A01
200500062127,0,07,000,00,0,6,02,A01
200500062127,0,07,000,00,2,1,17,C01
200500062127,0,07,000,04,2,4,02,B01
200500062128,0,07,000,03,0,1,02,A01
200500062129,0,07,000,00,0,3,12,B01
200500062129,0,07,000,00,2,2,17,A01
200500062130,0,07,000,04,0,2,14,A01
200500062131,0,07,000,04,0,2,14,A01
200500062132,0,07,000,00,0,4,17,A01
200500062133,0,07,000,00,0,8,17,A01
200500062134,0,05,000,10,2,1,02,B01
200500062134,0,07,000,00,2,5,02,A01
200500062135,0,07,000,13,0,1,02,A01
200500062136,0,07,000,00,0,6,00,A01
200500062137,0,07,000,15,0,3,02,A01
200500062138,0,05,000,00,0,8,02,A01
200500062139,0,05,000,00,2,3,01,B01
200500062139,0,07,000,00,2,2,01,A01
200500062140,0,07,000,00,0,4,01,A01
200500062140,0,05,000,00,2,1,01,B01
200500062141,0,07,000,00,2,8,13,A01
200500062141,0,05,000,00,2,7,01,B01
200500062142,0,07,000,00,0,9,13,A01
200500062143,0,07,000,00,2,1,05,A01
200500062143,0,07,000,00,2,1,01,B02
200500062144,0,07,000,00,2,1,01,A01
200500062144,0,07,000,00,2,1,01,B01
200500062144,0,07,000,00,2,4,01,C01
200500062145,0,01,000,00,0,0,01,A01
200500062146,0,05,000,00,0,0,02,A01
200500062147,0,05,000,00,0,0,02,A01
200500062148,0,02,000,14,0,1,02,A01
200500062149,0,99,000,14,0,1,01,A01
200500062150,0,07,000,00,1,6,04,A01
200500062151,0,07,000,00,1,4,04,A01
200500062152,0,07,000,13,0,0,01,A01
200500062153,0,07,000,00,0,1,00,A01
200500062153,0,07,000,00,0,1,01,B01
200500062154,0,07,000,00,0,2,00,A01
200500062154,0,01,000,00,0,0,00,B01
200500062155,0,07,000,00,0,1,02,A01
200500062155,0,07,000,00,0,0,02,B01
200500062155,0,07,000,00,0,4,02,C01
200500062156,0,02,000,00,2,7,01,B01
200500062156,0,01,000,00,2,1,01,A01
200500062157,0,07,000,00,2,1,01,A01
200500062157,0,07,000,00,2,1,01,B01
200500062157,0,07,000,00,2,4,01,C01
200500062158,0,14,000,00,1,1,01,A01
200500062159,0,01,000,00,2,1,01,B01
200500062159,0,07,000,00,2,2,23,A01
200500062160,0,05,000,00,1,1,01,A01
200500062161,0,07,000,00,1,4,24,A01
200500062162,0,18,001,00,1,3,17,A01
200500062162,0,14,000,00,0,0,05,B01
200500062163,0,07,000,00,2,1,01,A01
200500062163,0,07,000,00,2,4,01,B01
200500062163,0,07,000,00,2,4,01,C01
200500062164,0,07,000,00,2,1,01,B01
200500062164,0,02,000,00,2,8,15,A01
200500062165,0,05,000,04,0,1,01,A01
200500062166,0,14,000,00,1,1,02,A01
200500062166,0,01,000,00,2,4,02,B01
200500062167,0,07,000,00,4,6,15,A01
200500062167,0,19,000,00,2,1,01,B01
200500062168,0,07,000,00,9,6,01,B01
200500062168,0,02,000,00,2,1,05,A01
200500062169,0,10,000,00,2,1,01,A01
200500062169,0,07,000,00,2,4,01,B01
200500062170,0,07,000,00,1,4,04,A01
200500062171,1,07,000,00,0,0,17,A01
200500062171,0,07,000,13,0,2,14,B01
200500062172,0,05,000,00,2,0,00,A01
200500062172,0,05,000,00,2,0,00,B01
200500062173,0,07,000,00,0,9,01,A01
200500062174,0,07,000,00,2,3,01,A01
200500062174,0,07,000,00,2,3,01,B01
200500062175,0,07,000,00,2,3,15,A01
200500062175,0,02,000,00,2,1,01,B01
200500062176,0,02,000,00,2,1,02,A01
200500062176,0,07,000,00,2,4,02,B01
200500062177,0,07,000,00,9,3,00,A01
200500062177,0,01,000,00,2,9,02,B01
200500062178,0,07,000,00,2,1,16,A01
200500062178,0,07,000,15,2,1,01,B01
200500062179,0,07,000,00,2,1,01,A01
200500062179,0,07,000,00,0,4,01,B01
200500062179,0,07,000,00,2,4,01,C01
200500062180,0,07,000,00,2,1,00,A01
200500062180,0,07,000,00,2,1,00,B01
200500062181,0,07,000,15,0,1,14,A01
200500062182,0,07,000,00,2,1,15,A01
200500062182,0,07,000,00,2,4,01,B01
200500062183,0,07,000,00,2,3,02,B01
200500062183,0,07,000,00,2,8,02,A01
200500062183,0,07,000,00,2,8,02,C01
200500062184,0,07,000,01,9,1,20,B01
200500062184,0,01,000,00,2,1,00,A01
200500062185,0,07,000,00,1,0,01,A01
200500062186,0,07,000,00,2,7,00,A01
200500062186,0,02,000,00,2,1,00,B01
200500062187,0,05,000,00,0,8,02,A01
200500062188,0,05,000,00,2,0,00,B01
200500062188,0,07,000,00,9,5,01,A01
200500062189,0,07,000,00,1,2,02,A01
200500062190,0,07,000,00,2,1,02,A01
200500062190,0,07,000,00,2,4,02,B01
200500062191,0,07,000,00,2,1,01,A01
200500062191,0,01,000,00,2,4,01,B01
200500062192,0,01,000,00,2,0,01,B01
200500062193,0,07,000,00,0,1,01,B01
200500062193,1,07,000,06,2,0,01,A01
200500062194,0,07,000,00,2,9,01,B01
200500062194,0,07,000,00,2,2,19,A01
200500062195,0,02,000,00,2,7,17,A01
200500062195,0,07,000,00,2,3,01,B01
200500062196,0,07,000,00,1,2,01,A01
200500062197,0,05,000,00,2,2,17,A01
200500062197,0,07,000,00,2,3,15,B01
200500062198,0,07,000,00,2,1,16,A01
200500062198,0,04,000,00,2,6,00,B01
200500062199,0,07,000,00,2,1,09,A01
200500062199,0,05,000,00,2,7,01,B01
200500062200,0,07,000,00,2,2,01,A01
200500062200,0,01,000,00,2,0,09,B01
200500062201,0,07,000,00,2,2,01,B01
200500062201,0,07,000,00,2,3,15,A01
200500062202,0,07,000,00,2,1,01,A01
200500062202,0,07,000,00,2,3,01,B01
200500062203,0,07,000,00,2,1,02,A01
200500062203,0,07,000,00,2,8,02,B01
200500062204,0,02,000,00,2,1,01,A01
200500062204,0,07,000,00,2,2,01,B01
200500062205,0,05,000,00,2,1,15,B01
200500062205,0,07,000,00,2,6,15,C01
200500062206,0,07,000,06,0,1,14,A01
200500062207,0,07,000,00,2,1,19,A01
200500062207,0,02,000,00,2,8,01,B01
200500062208,0,07,000,00,1,1,01,A01
200500062209,0,10,000,00,1,3,01,B01
200500062210,0,02,000,00,2,1,02,A01
200500062210,0,17,000,00,2,4,04,B01
200500062211,0,07,000,00,1,1,02,A01
200500062212,0,07,000,00,2,1,02,A01
200500062212,0,07,000,00,2,4,02,B01
200500062213,0,07,000,00,2,1,15,A01
200500062213,0,07,000,00,2,3,01,B01
200500062214,0,07,000,00,2,7,01,B01
200500062214,0,02,000,00,2,1,01,A01
200500062215,0,05,000,00,2,1,01,B01
200500062215,0,07,000,00,2,2,19,A01
200500062216,0,07,000,00,2,3,10,A01
200500062216,0,05,000,00,2,1,02,B01
200500062217,0,07,000,00,2,3,15,A01
200500062217,0,05,000,00,2,3,05,B01
200500062218,0,07,000,00,2,2,20,A01
200500062218,0,02,000,00,2,2,17,B01
200500062219,0,04,000,00,2,1,02,A01
200500062219,0,07,000,00,0,4,02,B01
200500062220,0,07,000,00,2,2,15,A01
200500062220,0,05,000,00,2,1,01,B01
200500062221,0,04,000,05,0,1,01,A01
200500062222,0,07,000,00,2,1,01,A01
200500062222,0,07,000,00,2,4,02,B01
200500062223,0,07,000,01,0,3,01,A01
200500062224,0,07,000,00,2,3,15,A01
200500062224,0,05,000,00,2,1,01,B01
200500062225,0,05,000,00,2,1,15,A01
200500062225,0,07,000,00,2,0,15,B01
200500062226,0,05,000,00,2,1,01,A01
200500062226,0,20,000,00,2,3,01,B01
200500062227,0,04,000,00,2,2,01,A01
200500062227,0,07,000,00,2,3,01,B01
200500062228,0,07,000,00,2,4,00,A01
200500062228,0,07,000,00,2,9,00,B01
200500062228,0,07,000,00,2,1,00,C01
200500062229,0,05,000,00,2,1,00,A01
200500062229,0,07,000,00,2,3,00,B01
200500062230,0,07,000,00,2,6,02,B01
200500062230,0,05,000,00,2,0,02,A01
200500062231,0,05,000,00,2,8,02,B01
200500062231,0,07,000,00,2,2,14,A01
200500062232,0,05,000,00,1,1,02,A01
200500062233,0,05,000,00,2,1,02,A01
200500062233,0,07,000,00,2,5,16,B01
200500062234,1,07,000,00,2,4,02,A01
200500062234,0,07,000,00,0,6,02,B01
200500062235,0,07,000,00,2,7,15,A01
200500062235,0,07,000,00,2,1,02,B01
200500062236,0,10,000,14,2,3,19,B01
200500062236,0,07,000,00,2,1,19,A01
200500062237,0,07,000,00,1,2,02,A01
200500062238,0,01,000,00,2,8,09,A01
200500062238,0,07,000,00,9,1,02,B01
200500062239,0,07,000,00,2,1,02,A01
200500062239,0,07,000,00,2,4,02,B01
200500062239,0,07,000,00,2,4,02,C01
200500062240,0,07,000,00,1,1,14,A01
200500062241,0,07,000,00,0,1,02,A01
200500062242,0,07,000,00,2,1,02,A01
200500062242,0,07,000,00,2,4,02,B01
200500062242,0,07,000,00,2,2,02,C01
200500062242,0,07,000,00,2,4,02,D01
200500062243,0,07,000,00,1,1,00,A01
200500062244,0,07,000,00,9,1,01,B01
200500062244,0,07,000,00,9,3,16,A01
200500062245,1,99,000,00,1,0,00,A01
200500062246,0,07,000,00,1,4,04,A01
200500062247,0,07,000,00,2,6,10,A01
200500062247,0,05,000,15,2,1,17,B01
200500062248,0,07,000,00,1,8,02,A01
200500062249,0,07,000,02,2,3,02,A01
200500062249,0,07,000,00,2,0,15,B01
200500062250,0,07,000,00,1,1,01,A01
200500062251,0,05,000,00,2,2,01,A01
200500062251,1,07,000,00,2,0,09,B01
200500062252,0,14,000,00,2,1,14,A01
200500062252,0,07,000,00,2,8,02,B01
200500062253,1,07,000,00,0,0,02,A01
200500062254,0,07,000,00,1,1,02,A01
200500062255,0,99,000,00,1,1,02,A01
200500062256,0,07,000,00,1,3,13,A01
200500062257,0,07,000,00,0,1,16,A01
200500062258,0,01,000,00,2,4,00,A01
200500062258,1,05,000,00,2,0,00,B01
200500062259,0,07,000,00,2,8,23,A01
200500062259,0,01,000,00,2,1,05,B01
200500062260,0,07,000,00,2,4,01,C01
200500062260,0,07,000,00,2,7,01,B01
200500062260,0,07,000,00,2,1,01,A01
200500062261,0,07,000,00,1,2,02,A01
200500062262,0,07,000,00,2,1,00,A01
200500062262,0,07,000,00,0,4,00,B01
200500062263,0,07,000,00,2,0,00,A01
200500062263,0,04,000,00,2,0,00,B01
200500062264,1,07,000,00,1,0,00,A01
200500062265,0,07,000,00,0,3,01,A01
200500062265,0,07,000,00,0,3,01,B01
200500062266,0,07,000,00,2,2,15,A01
200500062266,0,07,000,00,2,1,01,B01
200500062267,0,07,000,00,2,3,20,A01
200500062267,0,07,000,00,2,3,24,B01
200500062268,0,07,000,00,2,1,21,A01
200500062268,0,99,000,00,2,1,05,B01
200500062269,0,02,000,00,2,0,00,A01
200500062269,1,07,000,00,2,0,00,B01
200500062270,0,07,000,00,0,4,00,B01
200500062270,0,07,000,00,0,4,02,F01
200500062270,0,07,000,00,2,1,02,A01
200500062270,0,07,000,00,0,4,02,G01
200500062270,0,07,000,01,2,1,02,C01
200500062270,0,07,000,00,0,0,00,H01
200500062270,0,07,000,00,2,4,02,D01
200500062270,0,07,000,00,2,1,02,E01
200500062271,1,02,000,00,1,1,00,A01
200500062272,0,07,000,00,2,2,15,A01
200500062272,0,07,000,00,2,1,19,B01
200500062273,1,05,000,00,1,0,00,A01
200500062274,0,07,000,00,9,1,00,A01
200500062275,0,07,000,00,2,1,02,A01
200500062275,0,07,000,00,2,4,02,B01
200500062275,0,07,000,00,2,4,02,C01
200500062276,0,07,000,00,2,1,01,A01
200500062276,0,07,000,00,2,7,11,B01
200500062277,0,07,000,00,1,7,11,A01
200500062277,0,07,000,00,2,1,01,B01
200500062278,0,07,000,00,2,2,02,A01
200500062278,0,07,000,00,2,8,12,B01
200500062279,1,07,000,00,2,1,02,B01
200500062279,0,01,000,00,2,1,15,A01
200500062280,0,07,000,00,2,1,01,A01
200500062280,0,07,000,00,2,3,01,B01
200500062281,1,07,000,00,1,2,02,A01
200500062282,0,04,000,09,0,7,00,A01
200500062282,0,07,000,00,0,2,00,B01
200500062283,0,02,000,00,0,1,02,A01
200500062283,0,07,000,00,9,6,23,B01
200500062284,0,07,000,00,2,8,02,B01
200500062284,0,07,000,00,2,1,02,A01
200500062285,0,05,000,00,2,4,02,A01
200500062285,0,05,000,00,2,1,02,B01
200500062286,0,05,000,00,2,4,01,A01
200500062286,0,07,000,00,2,1,01,B01
200500062286,0,07,000,00,0,4,00,C01
200500062287,0,07,000,13,0,2,02,A01
200500062288,0,05,000,00,2,1,02,A01
200500062288,0,07,000,00,2,5,12,B01
200500062289,0,07,000,00,1,3,17,A01
200500062290,0,07,000,00,2,6,00,A01
200500062290,0,17,000,00,2,2,12,B01
200500062291,0,05,000,00,2,5,21,A01
200500062291,0,05,000,00,2,1,02,B01
200500062292,0,07,000,00,2,6,01,A01
200500062292,0,99,000,00,2,2,01,B01
200500062292,0,99,000,00,2,1,01,C01
200500062293,0,07,000,00,9,4,02,A01
200500062294,0,05,000,00,0,1,01,A01
200500062294,0,10,000,00,2,4,02,B01
200500062295,0,07,000,00,0,1,01,A01
200500062295,0,07,000,00,0,4,02,B01
200500062295,0,13,000,00,2,1,02,C01
200500062296,0,07,000,00,0,4,01,A01
200500062296,0,07,000,00,2,1,02,B01
200500062296,0,07,000,00,2,1,01,C01
200500062296,0,07,000,00,0,0,02,D01
200500062297,0,05,000,00,0,0,00,A01
200500062297,0,07,000,00,0,0,00,B01
200500062297,0,07,000,00,0,0,01,C01
200500062298,1,07,000,00,0,0,00,A01
200500062298,0,05,000,00,0,0,00,B01
200500062299,0,07,000,00,2,4,02,A01
200500062299,1,07,000,00,2,0,00,B01
200500062300,0,15,000,00,0,3,13,A01
200500062300,0,17,000,04,2,2,17,B01
200500062300,0,07,000,15,0,1,02,C01
200500062301,0,17,000,00,2,3,11,A01
200500062301,0,07,000,00,2,0,00,B01
200500062301,1,15,000,00,2,0,00,C01
200500062302,0,17,000,01,0,2,02,A01
200500062302,0,20,000,00,0,6,23,B01
200500062302,0,10,000,00,9,3,02,C01
200500062302,0,07,000,00,9,8,02,D01
200500062303,0,07,000,03,0,1,11,A01
200500062304,0,07,000,04,0,3,02,A01
200500062305,0,07,000,00,2,3,02,A01
200500062305,2,07,000,00,2,5,02,B01
200500062305,0,07,000,00,2,1,01,C01
200500062306,0,07,000,14,0,1,00,A01
200500062307,0,05,000,00,2,1,11,A01
200500062307,0,07,000,00,0,4,00,B01
200500062308,0,07,000,00,2,6,00,A01
200500062308,1,07,000,01,0,2,02,B01
200500062309,0,07,000,00,2,4,02,A01
200500062309,0,07,000,00,2,1,02,B01
200500062310,0,07,000,00,2,6,09,A01
200500062310,0,17,000,00,2,2,01,B01
200500062311,0,05,000,00,2,0,16,A01
200500062312,0,07,000,00,0,0,00,B01
200500062312,0,05,000,00,2,7,03,A01
200500062313,0,05,000,00,2,7,03,A01
200500062313,0,07,000,00,9,3,11,B01
200500062314,0,99,000,00,0,0,00,A01
200500062315,0,07,000,00,9,7,09,B01
200500062315,0,05,000,00,2,2,21,A01
200500062316,0,07,000,00,1,2,00,A01
200500062316,0,07,000,14,0,1,00,B01
200500062316,0,07,000,14,0,1,00,C01
200500062316,0,07,000,14,0,1,00,D01
200500062317,0,05,000,00,2,1,11,A01
200500062317,0,07,000,00,0,0,02,C01
200500062317,0,07,000,00,0,4,02,B01
200500062318,0,05,000,00,0,4,01,A01
200500062318,0,07,000,00,2,3,01,B01
200500062318,0,07,000,00,2,2,01,C01
200500062318,0,07,000,00,2,4,01,D01
200500062318,0,05,000,00,2,4,01,E01
200500062318,0,05,000,00,2,1,01,F01
200500062319,0,05,000,00,2,4,03,A01
200500062320,0,10,000,10,0,6,01,A01
200500062321,0,07,000,00,2,6,11,A01
200500062321,0,05,000,00,2,7,03,B01
200500062322,0,07,000,00,0,1,02,A01
200500062322,0,07,000,00,2,1,02,B01
200500062322,0,14,000,00,2,1,02,C01
200500062322,0,07,000,00,2,4,02,D01
200500062323,0,07,000,00,0,4,01,B01
200500062323,0,07,000,00,2,1,01,A01
200500062324,0,04,000,00,0,0,03,A01
200500062325,0,07,000,00,2,2,02,A01
200500062325,0,17,000,00,2,6,02,B01
200500062326,1,10,000,00,2,0,11,A01
200500062326,0,07,000,00,2,5,01,B01
200500062326,0,07,000,04,2,2,01,C01
200500062327,0,07,000,00,2,1,02,A01
200500062327,0,07,000,00,2,4,02,B01
200500062328,0,07,000,00,2,1,02,A01
200500062328,0,13,000,00,2,4,02,B01
200500062329,0,05,000,00,0,1,03,A01
200500062330,0,05,000,00,0,3,01,A01
200500062331,0,16,000,00,2,8,11,A01
200500062331,0,07,000,04,2,7,01,B01
200500062332,0,07,000,00,2,5,00,A01
200500062332,0,07,000,00,0,8,00,B01
200500062333,0,07,000,04,0,2,01,A01
200500062333,1,07,000,00,2,3,09,B01
200500062334,0,07,000,04,2,1,00,A01
200500062334,0,07,000,00,0,4,00,B01
200500062335,0,05,000,00,0,8,00,A01
200500062336,0,07,000,00,2,5,00,A01
200500062336,0,07,000,00,0,2,00,B01
200500062336,0,10,000,00,0,1,00,C01
200500062337,0,05,000,00,2,7,00,A01
200500062337,0,07,000,00,0,4,00,B01
200500062338,0,07,000,00,0,5,00,A01
200500062338,0,05,000,00,2,1,01,B01