Num_Acc,senc,catv,occutc,obs,obsm,choc,manv,num_veh
200500062339,0,07,000,00,2,1,00,A01
200500062339,0,07,000,00,0,4,00,B01
200500062340,0,07,000,00,2,1,00,A01
200500062340,0,07,000,00,0,4,00,B01
200500062341,0,07,000,00,2,1,00,A01
200500062341,0,10,000,00,2,4,00,B01
200500062341,0,07,000,00,0,5,00,C01
200500062341,0,07,000,00,0,4,00,D01
200500062341,0,07,000,00,0,6,00,E01
200500062342,0,13,000,00,2,2,00,A01
200500062342,0,10,000,00,0,8,00,B01
200500062342,0,07,000,00,0,2,00,C01
200500062343,0,05,000,00,2,1,03,A01
200500062343,0,07,000,00,0,8,11,B01
200500062344,0,05,000,00,1,1,00,A01
200500062344,0,07,000,00,0,6,00,B01
200500062345,0,10,000,00,2,1,02,A01
200500062345,0,07,000,00,0,4,02,B01
200500062346,0,07,000,00,2,1,01,A01
200500062346,0,07,000,00,2,4,01,B01
200500062346,0,07,000,00,2,4,01,C01
200500062346,0,07,000,00,0,4,01,D01
200500062347,0,07,000,00,2,2,00,A01
200500062347,0,07,000,00,0,0,00,B01
200500062348,0,10,000,10,0,1,00,A01
200500062349,0,07,000,00,2,7,12,B01
200500062349,0,05,000,00,2,8,03,A01
200500062350,0,07,000,00,2,1,00,A01
200500062350,0,07,000,00,0,4,00,B01
200500062351,0,07,000,04,0,7,01,A01
200500062352,0,05,000,00,2,1,00,B01
200500062352,0,07,000,00,2,4,00,A01
200500062353,0,07,000,00,2,6,11,B01
200500062353,0,05,000,00,2,8,17,A01
200500062354,0,07,000,00,2,8,11,B01
200500062354,0,05,000,00,2,2,03,A01
200500062355,0,07,000,00,2,5,23,B01
200500062355,0,05,000,00,2,1,02,A01
200500062356,0,07,000,00,2,6,02,B01
200500062356,0,05,000,00,2,1,02,A01
200500062357,0,07,000,00,2,1,02,A01
200500062357,0,07,000,00,2,4,02,B01
200500062358,0,07,000,04,0,7,13,A01
200500062359,0,07,000,04,0,9,00,A01
200500062360,0,07,000,00,2,2,12,A01
200500062360,0,05,000,00,2,1,01,B01
200500062361,0,07,000,04,0,3,02,A01
200500062362,0,04,000,00,2,3,03,A01
200500062362,0,07,000,00,9,2,12,B01
200500062363,0,07,000,00,2,6,11,A01
200500062363,0,05,000,00,2,2,03,B01
200500062364,0,14,000,04,0,7,15,A01
200500062365,0,07,000,00,0,0,11,A01
200500062365,0,07,000,04,0,3,21,B01
200500062366,0,07,000,04,2,4,17,A01
200500062366,0,07,000,00,2,1,02,B01
200500062367,0,14,000,00,0,4,23,B01
200500062367,0,07,000,04,0,2,19,A01
200500062368,0,07,000,00,0,8,23,A01
200500062368,0,07,000,00,2,1,23,B01
200500062368,0,07,000,00,2,1,02,C01
200500062368,1,07,000,00,2,7,17,D01
200500062369,0,07,000,00,0,5,01,A01
200500062369,0,07,000,00,2,3,21,B01
200500062370,0,07,000,04,0,9,13,A01
200500062371,0,07,000,00,0,4,23,A01
200500062371,0,10,000,00,2,1,02,B01
200500062372,0,10,000,13,0,1,14,A01
200500062373,0,17,000,00,2,2,12,A01
200500062373,0,07,000,04,0,6,01,B01
200500062374,0,07,000,03,0,5,13,A01
200500062374,0,07,000,14,2,3,02,B01
200500062374,0,07,000,03,0,6,01,C01
200500062375,0,07,000,00,0,4,01,A01
200500062375,0,07,000,00,2,4,02,B01
200500062375,0,07,000,00,2,1,02,C01
200500062376,0,07,000,16,0,1,14,A01
200500062377,0,07,000,00,2,3,23,A01
200500062377,0,07,000,03,0,4,23,B01
200500062377,0,07,000,00,0,0,11,C01
200500062377,0,07,000,00,2,3,21,D01
200500062378,0,07,000,00,0,4,01,A01
200500062378,0,07,000,13,2,3,21,B01
200500062379,0,07,000,00,0,4,23,A01
200500062379,0,10,000,00,2,4,23,B01
200500062379,0,10,000,00,2,1,02,C01
200500062380,0,07,000,00,0,4,23,A01
200500062380,0,07,000,00,2,1,02,B01
200500062381,0,07,000,03,0,3,14,A01
200500062382,0,17,000,00,2,2,12,A01
200500062382,0,07,000,03,0,6,01,B01
200500062383,0,07,000,04,0,3,13,A01
200500062384,0,07,000,03,0,1,13,A01
200500062384,0,07,000,00,9,1,01,B01
200500062385,0,14,000,00,2,2,12,A01
200500062385,0,07,000,03,0,6,01,B01
200500062386,0,07,000,00,0,4,23,A01
200500062386,0,07,000,00,2,1,02,B01
200500062387,0,05,000,00,0,7,01,A01
200500062388,0,07,000,16,0,9,13,A01
200500062389,0,07,000,00,0,4,23,A01
200500062389,0,07,000,00,2,1,01,B01
200500062390,0,07,000,04,0,4,23,A01
200500062390,0,14,000,00,2,2,12,B01
200500062391,0,05,000,00,0,8,15,A01
200500062392,0,15,000,00,0,6,01,A01
200500062392,0,10,000,00,2,2,02,B01
200500062393,0,07,000,00,0,4,23,A01
200500062393,0,07,000,00,2,1,02,B01
200500062394,0,07,000,00,0,4,23,A01
200500062394,0,07,000,00,2,4,23,B01
200500062394,0,07,000,00,2,4,23,C01
200500062394,0,07,000,00,2,4,23,D01
200500062394,0,10,000,00,2,1,02,E01
200500062395,0,07,000,04,0,6,01,A01
200500062395,0,17,000,00,2,2,02,B01
200500062396,0,07,000,02,0,6,13,A01
200500062397,0,05,000,00,0,7,01,A01
200500062398,0,07,000,13,0,8,13,A01
200500062399,0,07,000,00,0,4,23,A01
200500062399,0,07,000,00,2,4,23,B01
200500062399,0,07,000,00,2,2,14,C01
200500062400,0,17,000,00,2,5,12,A01
200500062400,0,07,000,04,2,3,01,B01
200500062401,0,07,000,04,0,2,13,A01
200500062402,0,07,000,13,0,5,01,A01
200500062402,0,07,000,04,0,2,01,B01
200500062402,0,10,000,00,2,8,13,C01
200500062403,0,07,000,04,0,3,13,A01
200500062404,0,07,000,00,0,4,23,A01
200500062404,0,05,000,00,2,4,01,B01
200500062404,0,07,000,00,2,1,02,C01
200500062405,0,07,000,00,0,4,23,A01
200500062405,0,07,000,00,2,4,23,B01
200500062405,0,07,000,00,2,4,23,C01
200500062405,0,07,000,00,2,1,02,D01
200500062406,0,07,000,00,0,4,01,A01
200500062406,0,07,000,00,2,4,02,B01
200500062406,0,10,000,00,2,1,02,C01
200500062407,0,07,000,03,0,4,01,A01
200500062407,0,17,000,00,0,3,01,B01
200500062408,0,17,000,00,0,2,01,A01
200500062408,0,07,000,03,0,3,11,B01
200500062409,0,07,000,04,0,6,01,A01
200500062409,0,14,000,00,2,2,14,B01
200500062410,0,05,000,00,0,7,01,A01
200500062410,0,07,000,00,2,3,11,B01
200500062411,0,07,000,00,0,4,23,A01
200500062411,0,07,000,00,2,1,02,B01
200500062412,0,07,000,00,2,1,09,A01
200500062412,0,07,000,00,0,4,09,B01
200500062413,0,07,000,04,2,7,17,C01
200500062413,0,07,000,03,2,8,09,A01
200500062413,0,18,050,00,2,3,13,B01
200500062414,0,07,000,00,2,1,02,A01
200500062414,1,13,000,00,2,4,02,B01
200500062415,0,07,000,00,2,5,12,A01
200500062415,0,05,000,00,2,3,01,B01
200500062416,0,07,000,00,1,7,21,A01
200500062417,0,17,000,04,0,8,16,A01
200500062418,0,07,000,00,2,3,02,A01
200500062418,0,07,000,00,2,5,02,B01
200500062419,0,07,000,00,0,4,12,A01
200500062419,0,07,000,00,2,1,01,B01
200500062420,0,12,000,00,2,1,02,A01
200500062420,0,07,000,00,0,4,02,B01
200500062421,0,07,000,04,2,2,14,A01
200500062421,0,07,000,00,2,6,01,B01
200500062421,0,10,000,00,0,8,01,C01
200500062422,0,14,000,00,2,7,12,A01
200500062422,0,07,000,00,0,8,01,B01
200500062422,0,07,000,00,2,7,01,C01
200500062423,0,07,000,00,2,8,13,A01
200500062423,0,05,000,00,2,2,17,B01
200500062424,0,07,000,04,0,3,17,A01
200500062425,0,07,000,03,2,3,17,A01
200500062425,0,15,000,00,2,1,01,B01
200500062426,0,07,000,00,0,0,00,A01
200500062427,0,05,000,00,0,7,17,A01
200500062428,0,07,000,13,0,3,13,A01
200500062429,0,07,000,03,0,1,19,A01
200500062430,0,07,000,00,2,1,15,A01
200500062430,0,02,000,00,2,8,01,B02
200500062431,0,05,000,00,2,7,17,A01
200500062431,0,07,000,00,2,1,19,B02
200500062432,0,07,000,00,2,1,15,A01
200500062432,0,07,000,00,2,1,01,B02
200500062433,0,07,000,00,0,2,01,A01
200500062433,0,05,000,00,0,1,01,B02
200500062434,0,07,000,00,2,2,02,A01
200500062434,0,01,000,00,2,4,02,B02
200500062435,0,07,000,00,2,8,19,B02
200500062435,0,07,000,00,2,1,01,C03
200500062436,0,07,000,00,2,2,02,A01
200500062436,0,01,000,00,0,4,02,B02
200500062437,0,07,000,00,2,8,15,A01
200500062437,0,07,000,00,2,1,01,B02
200500062438,0,21,000,00,2,1,23,A01
200500062438,0,07,000,00,2,1,01,B02
200500062439,0,07,000,00,2,1,17,A01
200500062439,0,07,000,00,2,1,01,B02
200500062440,0,07,000,00,2,3,10,A01
200500062440,0,02,000,00,2,1,01,B02
200500062441,0,07,000,00,2,2,01,A01
200500062441,0,02,000,00,2,1,13,B02
200500062442,0,02,000,00,0,8,10,B02
200500062443,0,01,000,00,2,3,01,A01
200500062444,0,19,000,00,2,1,01,A01
200500062444,0,07,000,00,4,7,02,B02
200500062445,0,05,000,15,0,1,01,A01
200500062446,0,07,000,00,2,3,01,A01
200500062446,0,01,000,00,0,6,19,B02
200500062447,0,13,000,00,1,1,01,A01
200500062448,0,07,000,00,0,7,00,B02
200500062448,0,07,000,00,2,1,00,C03
200500062448,0,07,000,00,2,2,01,A01
200500062449,0,07,000,00,2,2,00,A01
200500062449,0,07,000,00,2,3,01,B02
200500062450,0,07,000,06,0,2,00,A01
200500062451,0,05,000,13,0,1,00,A01
200500062452,0,05,000,00,2,3,21,A01
200500062453,0,07,000,00,2,1,15,A01
200500062453,0,15,000,00,2,1,01,B02
200500062453,0,10,000,00,2,3,01,C03
200500062454,0,07,000,00,2,1,01,A01
200500062454,0,07,000,00,2,1,01,B02
200500062455,0,02,000,00,2,1,01,A01
200500062455,0,07,000,00,2,2,01,B02
200500062456,0,07,000,00,2,3,15,A01
200500062456,0,07,000,00,2,1,01,B02
200500062457,0,07,000,02,0,1,05,A01
200500062458,0,07,000,00,0,0,00,A01
200500062459,0,07,000,00,2,1,01,A01
200500062459,0,07,000,00,2,1,13,B02
200500062460,0,07,000,00,2,3,13,A01
200500062460,0,07,000,00,2,3,01,B02
200500062461,0,07,000,00,2,3,00,A01
200500062461,0,07,000,00,0,3,13,B02
200500062462,0,07,000,13,0,1,01,A01
200500062463,0,05,000,00,2,1,21,A01
200500062463,0,07,000,00,2,8,15,B02
200500062464,0,07,000,00,2,3,17,A01
200500062464,0,07,000,00,2,8,01,B02
200500062464,0,07,000,00,2,8,01,C03
200500062464,0,17,000,00,2,3,01,D04
200500062465,0,05,000,00,2,1,01,A01
200500062465,0,07,000,00,2,1,01,B02
200500062466,0,07,000,00,2,8,23,A01
200500062466,0,07,000,00,2,2,23,B02
200500062466,0,07,000,00,2,1,01,C03
200500062466,0,07,000,00,2,1,01,D04
200500062467,0,07,000,13,0,3,13,A01
200500062468,0,07,000,00,2,1,01,A01
200500062468,0,02,000,00,2,1,15,B02
200500062469,0,07,000,00,2,7,01,A01
200500062469,0,07,000,00,2,1,01,B02
200500062469,0,07,000,00,2,8,01,C03
200500062470,0,05,000,00,2,8,01,A01
200500062470,0,02,000,00,2,7,17,B02
200500062471,0,07,000,00,2,2,01,A01
200500062471,0,07,000,00,2,8,19,B02
200500062472,0,07,000,02,0,3,13,A01
200500062473,0,07,000,08,0,3,13,A01
200500062474,0,07,000,00,2,1,01,B02
200500062474,0,02,000,00,2,7,01,A01
200500062475,0,04,000,00,2,8,05,A01
200500062475,0,07,000,00,2,3,17,B02
200500062476,0,07,000,00,1,2,00,A01
200500062477,0,05,000,00,2,1,17,A01
200500062477,0,07,000,00,2,4,15,B02
200500062478,0,05,000,00,6,1,19,A01
200500062479,0,07,000,13,0,3,01,A01
200500062480,0,05,000,00,2,1,01,A01
200500062480,0,07,000,00,2,3,19,B02
200500062481,0,07,000,00,2,3,01,A01
200500062481,0,21,000,00,2,3,05,B02
200500062482,0,02,000,00,0,8,15,A01
200500062482,0,07,000,00,0,2,01,B02
200500062483,0,07,000,00,2,3,15,A01
200500062483,0,09,000,00,2,3,01,B02
200500062483,0,07,000,00,2,2,23,C03
200500062484,0,15,000,00,2,1,01,A01
200500062484,0,07,000,00,0,8,19,B02
200500062485,0,07,000,00,2,3,13,A01
200500062485,0,14,000,00,2,3,01,B02
200500062486,0,07,000,00,2,8,01,A01
200500062486,0,02,000,00,2,8,13,B02
200500062487,0,07,000,00,2,3,01,A01
200500062487,0,04,000,00,2,8,13,B02
200500062488,0,07,000,00,2,3,16,A01
200500062488,0,05,000,00,2,1,01,B02
200500062489,0,02,000,03,0,7,00,A01
200500062490,0,01,000,00,2,1,01,A01
200500062490,0,07,000,00,2,1,15,B02
200500062491,0,10,000,02,0,3,13,A01
200500062492,0,07,000,00,2,3,01,A01
200500062492,0,01,000,00,0,0,00,B02
200500062493,0,07,000,13,0,2,01,A01
200500062494,0,07,000,00,0,9,01,A01
200500062495,0,17,000,00,0,0,00,A01
200500062495,0,17,000,00,2,8,21,B02
200500062496,0,07,000,00,2,0,01,A01
200500062496,0,07,000,00,2,8,01,B02
200500062497,0,07,000,00,2,1,01,A01
200500062497,0,01,000,00,2,2,00,B02
200500062498,0,99,000,00,2,1,16,B02
200500062499,0,07,000,00,2,1,13,A01
200500062499,0,18,015,00,2,1,01,B02
200500062500,0,05,000,00,2,1,02,B02
200500062500,0,07,000,00,0,8,00,A01
200500062501,0,07,000,00,6,1,21,A01
200500062502,0,07,000,02,0,1,00,A01
200500062503,0,07,000,00,2,3,15,A01
200500062503,0,02,000,00,2,8,01,B02
200500062504,0,07,000,00,2,1,01,B02
200500062504,0,07,000,00,2,7,01,A01
200500062505,0,07,000,00,0,4,02,A01
200500062505,0,02,000,00,2,1,02,B02
200500062506,0,05,000,00,0,8,00,A01
200500062507,0,07,000,00,0,2,01,A01
200500062508,0,07,000,06,0,2,19,A01
200500062509,0,07,000,00,2,3,13,A01
200500062509,0,07,000,00,2,2,01,B02
200500062510,0,07,000,13,0,2,00,A01
200500062511,0,07,000,00,2,7,15,A01
200500062511,0,02,000,00,2,1,01,B02
200500062512,0,07,000,00,2,2,19,A01
200500062512,0,02,000,00,2,1,02,B02
200500062513,0,07,000,00,2,3,01,A01
200500062513,0,06,000,00,2,1,05,B02
200500062514,0,07,000,13,0,9,01,A01
200500062515,0,07,000,05,0,3,01,A01
200500062516,0,07,000,02,0,1,21,A01
200500062517,0,02,000,12,0,1,01,A01
200500062518,0,17,000,08,0,1,01,A01
200500062519,0,02,000,00,2,7,13,A01
200500062519,0,07,000,00,0,2,01,B02
200500062520,0,99,000,00,2,2,09,A01
200500062520,0,07,000,00,2,3,09,B02
200500062521,0,07,000,00,0,1,13,A01
200500062522,0,07,000,00,2,6,15,A01
200500062522,0,07,000,00,2,1,17,B02
200500062523,0,01,000,00,2,1,01,A01
200500062523,0,07,000,00,2,2,01,B02
200500062524,0,14,000,00,9,9,14,A01
200500062525,0,07,000,00,2,1,13,A01
200500062525,0,14,000,00,2,1,01,B02
200500062526,0,07,000,00,2,1,01,A01
200500062526,0,17,000,00,0,4,01,B02
200500062527,0,07,000,00,2,6,10,A01
200500062527,0,07,000,00,2,1,01,B02
200500062528,0,07,000,00,1,5,01,A01
200500062529,0,07,000,00,0,8,00,A01
200500062529,0,02,000,00,2,1,01,B02
200500062530,0,05,000,00,0,7,01,A01
200500062531,0,02,000,01,0,3,13,A01
200500062532,0,07,000,00,2,2,16,A01
200500062532,0,07,000,00,2,1,01,B02
200500062533,0,02,000,00,0,0,15,A01
200500062534,0,07,000,13,0,1,17,A01
200500062535,0,07,000,13,0,1,01,A01
200500062536,0,07,000,00,2,2,02,A01
200500062536,0,04,000,00,2,1,02,B02
200500062537,0,07,000,01,0,2,00,A01
200500062538,0,07,000,00,2,1,01,A01
200500062538,0,07,000,00,2,1,01,B02
200500062539,0,07,000,00,2,1,01,A01
200500062539,0,07,000,00,2,1,01,B02
200500062540,0,07,000,00,2,6,15,A01
200500062540,0,05,000,00,2,1,01,B02
200500062541,0,05,000,16,0,9,01,A01
200500062542,0,21,000,00,2,6,01,A01
200500062542,0,07,000,00,2,1,13,B02
200500062543,0,05,000,00,2,1,13,A01
200500062543,0,07,000,00,2,2,01,B02
200500062544,0,07,000,06,0,1,19,A01
200500062545,0,07,000,00,2,2,17,A01
200500062545,0,07,000,00,2,8,15,B02
200500062546,0,07,000,00,2,3,01,A01
200500062546,0,07,000,00,2,3,01,B02
200500062547,0,07,000,00,2,3,01,A01
200500062547,0,05,000,00,2,1,11,B02
200500062548,0,07,000,00,2,3,01,A01
200500062548,0,07,000,00,2,2,15,B02
200500062549,0,07,000,00,2,3,13,A01
200500062549,0,07,000,00,2,3,01,B02
200500062550,0,07,000,00,2,6,02,A01
200500062550,0,07,000,00,2,1,02,B02
200500062550,0,07,000,00,2,8,23,C03
200500062551,0,07,000,00,9,3,01,A01
200500062551,0,01,000,00,2,1,19,B02
200500062552,0,07,000,00,2,8,01,A01
200500062552,0,07,000,00,2,7,17,B02
200500062552,0,07,000,00,2,9,01,C03
200500062553,0,07,000,00,2,1,13,A01
200500062553,0,07,000,00,2,1,01,B02
200500062554,0,07,000,00,2,1,01,A01
200500062554,0,07,000,00,2,5,19,B02
200500062554,0,07,000,00,2,2,23,C03
200500062555,0,07,000,02,0,1,01,A01
200500062556,0,07,000,00,2,1,01,A01
200500062556,0,07,000,00,2,1,13,B02
200500062557,0,07,000,02,0,9,01,A01
200500062558,0,07,000,00,0,4,23,A01
200500062558,0,07,000,01,0,1,01,B02
200500062559,0,07,000,00,0,4,01,A01
200500062559,0,05,000,00,2,1,02,B02
200500062559,0,05,000,00,0,0,02,C03
200500062560,0,05,000,01,0,1,01,A01
200500062561,0,07,000,00,0,1,23,A01
200500062561,0,02,000,01,0,1,01,B02
200500062562,0,07,000,00,0,1,00,A01
200500062563,1,07,000,00,1,2,16,A01
200500062564,1,07,000,00,1,2,00,A01
200500062565,0,02,000,00,2,1,01,A01
200500062565,0,07,000,00,2,3,01,B02
200500062566,0,07,000,00,0,3,15,A01
200500062566,0,02,000,00,2,7,02,B02
200500062567,0,02,000,00,2,1,01,A01
200500062567,0,07,000,00,2,2,01,B02
200500062568,0,07,000,00,0,7,19,A01
200500062568,0,07,000,00,0,1,01,B02
200500062569,0,07,000,00,2,3,13,A01
200500062569,0,07,000,00,2,3,01,B02
200500062570,0,07,000,00,2,3,01,A01
200500062570,0,16,000,00,2,3,01,B02
200500062571,0,07,000,08,0,0,01,A01
200500062572,0,07,000,00,2,2,19,A01
200500062572,0,05,000,00,2,1,01,B02
200500062573,0,05,000,00,2,1,02,A01
200500062573,0,17,000,00,0,0,02,B02
200500062574,0,02,000,01,2,1,17,A01
200500062574,0,07,000,00,0,8,15,B02
200500062575,0,02,000,00,0,3,00,A01
200500062576,0,07,000,00,2,1,01,A01
200500062576,0,07,000,00,2,1,13,B02
200500062577,0,07,000,00,2,1,01,A01
200500062577,0,01,000,00,2,7,01,B02
200500062578,0,15,000,00,0,0,02,A01
200500062578,0,01,000,00,0,0,02,B02
200500062579,0,07,000,00,0,7,17,A01
200500062579,0,07,000,00,0,8,16,B02
200500062580,0,07,000,00,2,1,13,A01
200500062580,0,07,000,00,2,1,01,B02
200500062581,0,07,000,14,0,1,01,A01
200500062582,0,07,000,00,2,3,19,A01
200500062582,0,05,000,00,2,1,01,B02
200500062583,0,07,000,00,2,1,01,A01
200500062583,0,14,000,00,0,4,23,B02
200500062584,0,07,000,00,2,6,11,A01
200500062584,0,05,000,00,2,1,17,B02
200500062585,0,21,000,00,2,6,01,A01
200500062585,0,05,000,00,2,1,01,B02
200500062586,0,07,000,00,0,2,01,A01
200500062587,0,07,000,11,2,1,05,A01
200500062587,0,07,000,00,0,0,00,B02
200500062588,0,07,000,00,2,2,01,A01
200500062588,0,01,000,00,0,4,01,B02
200500062589,0,07,000,00,2,1,01,A01
200500062589,0,07,000,00,2,1,23,B02
200500062589,0,09,000,00,2,7,15,C03
200500062589,0,07,000,00,2,3,02,D04
200500062590,0,07,000,06,2,1,01,A01
200500062590,0,07,000,00,2,7,19,B02
200500062591,0,07,000,02,0,3,01,A01
200500062592,0,07,000,00,1,2,02,A01
200500062593,0,07,000,00,2,1,01,A01
200500062593,0,07,000,00,0,4,15,B02
200500062594,0,07,000,02,0,1,01,A01
200500062595,0,07,000,06,2,6,13,A01
200500062595,0,02,000,00,2,6,01,B02
200500062596,0,07,000,00,2,3,01,A01
200500062596,0,21,000,00,2,8,01,B02
200500062596,0,07,000,00,2,2,01,C03
200500062597,0,05,000,00,6,1,01,A01
200500062598,0,09,000,00,1,2,01,A01
200500062599,0,04,000,00,2,3,16,A01
200500062599,0,07,000,00,2,2,01,B02
200500062600,0,05,000,00,2,0,21,A01
200500062601,0,07,000,00,2,2,00,A01
200500062601,0,07,000,00,2,2,00,B02
200500062602,0,07,000,08,0,7,01,A01
200500062603,0,07,000,00,0,0,01,A01
200500062604,0,07,000,00,2,3,19,A01
200500062604,0,07,000,00,2,1,01,B02
200500062604,0,07,000,00,2,1,01,C03
200500062605,0,07,000,00,2,1,01,B02
200500062605,0,07,000,00,2,3,19,A01
200500062606,0,07,000,02,0,1,19,A01
200500062607,0,07,000,00,2,3,19,A01
200500062607,0,05,000,00,2,7,01,B02
200500062608,0,07,000,00,2,1,13,A01
200500062608,0,07,000,00,2,1,01,B02
200500062609,0,07,000,00,2,2,21,A01
200500062609,0,07,000,00,2,3,15,B02
200500062610,0,07,000,09,0,0,01,A01
200500062611,0,07,000,00,2,7,01,A01
200500062611,0,17,000,00,2,3,01,B02
200500062612,0,07,000,13,0,9,01,A01
200500062613,0,07,000,00,2,2,01,A01
200500062613,0,07,000,08,2,1,01,C03
200500062614,0,07,000,12,0,3,13,A01
200500062615,0,18,001,00,9,1,19,A01
200500062615,0,01,000,00,2,8,01,B02
200500062615,0,01,000,00,2,1,01,C03
200500062616,0,07,000,00,2,1,01,A01
200500062616,0,07,000,00,2,8,15,B02
200500062617,0,07,000,00,1,2,01,A01
200500062618,0,07,000,06,0,2,01,A01
200500062619,0,07,000,00,2,7,15,A01
200500062619,0,05,000,00,2,7,01,B02
200500062620,0,07,000,00,0,0,00,A01
200500062621,0,07,000,13,0,2,19,A01
200500062622,0,07,000,00,2,2,01,A01
200500062622,0,03,000,00,2,2,13,B02
200500062623,1,07,000,00,1,7,01,A01
200500062624,0,10,000,00,2,1,01,A01
200500062624,0,01,000,00,2,1,21,B02
200500062625,0,07,000,00,2,3,13,A01
200500062625,0,17,000,00,2,3,01,B02
200500062626,0,07,000,00,2,3,05,A01
200500062626,0,07,000,00,2,3,05,B02
200500062626,0,07,000,00,2,8,05,C03
200500062627,0,05,000,13,0,1,13,A01
200500062628,0,07,000,00,2,3,05,A01
200500062628,0,99,000,00,2,0,13,B02
200500062629,0,02,000,00,2,1,01,B02
200500062629,0,07,000,00,2,3,01,A01
200500062630,0,07,000,00,2,1,01,A01
200500062630,0,07,000,00,2,7,21,B02
200500062631,0,07,000,00,1,1,01,A01
200500062632,0,07,000,00,0,9,00,A01
200500062633,0,07,000,00,9,3,02,A01
200500062633,0,02,000,00,2,1,01,B02
200500062634,0,07,000,13,0,3,01,A01
200500062635,0,07,000,00,2,2,15,A01
200500062635,0,07,000,00,2,3,01,B02
200500062636,0,07,000,00,2,1,01,B02
200500062636,0,07,000,00,2,1,19,A01
200500062637,0,07,000,00,1,3,01,A01
200500062638,0,07,000,13,0,1,01,A01
200500062639,0,07,000,00,9,2,01,A01
200500062639,0,01,000,00,0,4,00,B02
200500062640,0,21,000,00,2,6,15,A01
200500062640,0,05,000,00,2,1,01,B02
200500062641,0,07,000,00,6,1,21,A01
200500062642,0,99,000,08,0,2,20,A01
200500062643,0,05,000,00,6,1,01,A01
200500062644,0,07,000,01,1,4,04,A01
200500062645,0,07,000,02,0,7,01,A01
200500062646,0,07,000,00,2,2,13,A01
200500062646,0,17,000,00,2,2,01,B02
200500062647,0,05,000,00,2,1,17,A01
200500062647,0,07,000,00,2,8,15,B02
200500062648,0,07,000,00,2,3,13,A01
200500062648,0,07,000,00,2,3,01,B02
200500062649,0,07,000,00,2,2,01,A01
200500062649,0,01,000,00,2,1,01,B02
200500062650,0,07,000,00,2,5,19,A01
200500062650,0,07,000,00,2,2,01,B02
200500062651,0,07,000,00,2,7,15,A01
200500062651,0,05,000,00,2,1,01,B02
200500062652,0,07,000,14,0,2,15,A01
200500062652,0,01,000,00,0,4,23,B02
200500062653,0,07,000,00,2,1,13,A01
200500062653,0,02,000,00,2,1,01,B02
200500062654,0,10,000,00,2,2,15,A01
200500062654,0,02,000,00,2,1,01,B02
200500062655,0,07,000,00,2,1,13,A01
200500062655,0,07,000,00,2,3,01,B02
200500062656,0,18,017,13,0,7,21,A01
200500062657,0,07,000,00,2,2,17,A01
200500062657,0,07,000,00,2,6,01,B02
200500062658,0,07,000,00,1,2,17,A01
200500062658,0,07,000,00,0,9,01,B02
200500062659,0,21,000,13,0,2,01,A01
200500062660,0,01,000,00,1,1,21,A01
200500062661,0,07,000,00,2,1,13,A01
200500062661,0,07,000,00,2,1,01,B02
200500062662,0,07,000,00,9,1,15,A01
200500062662,0,02,000,00,2,7,01,B02
200500062662,0,07,000,00,1,3,01,C03
200500062662,0,07,000,00,0,3,24,D04
200500062663,0,07,000,00,2,7,17,A01
200500062663,0,07,000,00,2,8,01,B02
200500062664,0,07,000,00,2,2,13,A01
200500062664,0,07,000,00,2,1,01,B02
200500062665,0,15,000,00,2,1,01,A01
200500062665,0,07,000,00,2,1,05,B02
200500062666,0,07,000,00,2,3,01,B02
200500062666,0,07,000,00,2,2,19,A01
200500062667,0,07,000,00,2,1,01,A01
200500062667,0,07,000,00,2,3,23,B02
200500062668,0,02,000,00,2,1,01,A01
200500062668,0,07,000,00,9,7,01,B02
200500062669,0,21,000,00,0,6,21,A01
200500062669,0,05,000,00,2,8,00,B02
200500062670,0,07,000,16,0,1,01,A01
200500062671,0,07,000,00,2,3,11,A01
200500062671,0,07,000,00,2,3,01,B02
200500062672,0,07,000,16,0,2,01,A01
200500062673,0,07,000,00,2,3,01,A01
200500062673,0,07,000,00,2,8,01,B02
200500062674,0,07,000,00,2,1,13,A01
200500062674,0,14,000,00,2,3,01,B02
200500062674,0,07,000,00,2,1,01,C03
200500062675,0,07,000,00,0,2,17,A01
200500062675,0,09,000,00,0,6,15,B02
200500062676,0,02,000,00,2,1,01,A01
200500062676,0,07,000,00,2,2,15,B02
200500062677,0,07,000,00,2,7,13,A01
200500062677,0,07,000,00,2,1,01,B02
200500062678,0,07,000,13,0,1,01,A01
200500062679,0,02,000,06,0,1,01,A01
200500062680,0,07,000,00,2,1,01,A01
200500062680,0,07,000,00,2,1,15,B02
200500062681,0,07,000,13,0,2,01,A01
200500062682,0,07,000,13,0,2,14,A01
200500062683,0,07,000,00,2,1,21,A01
200500062683,0,01,000,00,2,6,13,B02
200500062684,0,07,000,00,2,3,15,A01
200500062684,0,02,000,00,1,1,01,B02
200500062685,0,07,000,00,2,3,15,A01
200500062685,0,04,000,00,2,1,01,B02
200500062686,0,07,000,08,0,1,01,A01
200500062687,0,07,000,08,0,2,01,A01
200500062688,0,07,000,00,0,8,15,A01
200500062688,0,02,000,00,2,1,17,B02
200500062689,0,07,000,00,2,1,01,A01
200500062689,0,07,000,00,2,1,15,B02
200500062690,0,07,000,00,2,2,05,A01
200500062690,0,07,000,00,2,2,00,B02
200500062691,0,02,000,00,2,1,17,A01
200500062691,0,07,000,00,2,0,15,B02
200500062692,0,07,000,00,2,2,01,A01