Num_Acc,senc,catv,occutc,obs,obsm,choc,manv,num_veh
200500062692,0,01,000,00,2,8,15,B02
200500062693,0,07,000,00,2,1,01,A01
200500062693,0,07,000,00,0,7,19,B02
200500062694,0,07,000,00,1,2,01,A01
200500062695,0,07,000,02,0,9,01,A01
200500062696,0,07,000,00,0,7,15,A01
200500062696,0,02,000,00,0,1,01,B02
200500062697,0,07,000,13,0,3,13,A01
200500062698,0,07,000,00,2,2,15,A01
200500062698,0,02,000,00,2,1,01,B02
200500062699,0,07,000,00,2,1,01,A01
200500062699,0,07,000,00,2,4,15,B02
200500062700,0,07,000,00,2,1,01,A01
200500062700,0,07,000,00,2,1,13,B02
200500062700,0,07,000,00,2,1,01,C03
200500062700,0,07,000,00,2,1,01,D04
200500062701,0,07,000,00,1,2,01,A01
200500062702,0,07,000,02,0,7,13,A01
200500062703,0,07,000,00,1,7,01,A01
200500062703,0,07,000,00,2,2,15,B02
200500062704,0,02,000,07,0,1,15,A01
200500062705,0,07,000,03,0,7,01,A01
200500062706,0,07,000,00,1,1,01,A01
200500062707,0,07,000,00,1,0,01,A01
200500062708,0,07,000,00,2,1,01,A01
200500062708,0,07,000,00,2,7,01,B02
200500062709,0,07,000,03,0,6,01,A01
200500062709,0,07,000,03,2,6,01,B02
200500062709,0,07,000,03,2,3,17,C03
200500062709,0,07,000,03,2,3,02,D04
200500062710,0,07,000,00,2,3,15,A01
200500062710,0,07,000,00,2,1,01,B02
200500062711,0,07,000,00,1,2,01,A01
200500062712,0,07,000,00,2,3,13,A01
200500062712,0,07,000,00,2,3,01,B02
200500062713,0,07,000,00,0,0,00,A01
200500062713,0,21,000,00,2,3,01,B02
200500062714,0,07,000,00,2,3,01,A01
200500062714,0,02,000,00,2,1,13,B02
200500062715,0,02,000,00,2,1,01,A01
200500062715,0,07,000,00,2,2,15,B02
200500062716,0,07,000,00,2,1,01,A01
200500062716,0,07,000,00,2,1,13,B02
200500062717,0,07,000,00,1,3,02,A01
200500062718,0,07,000,00,2,2,17,A01
200500062718,0,02,000,00,0,4,13,B02
200500062719,0,07,000,00,2,1,02,A01
200500062719,0,02,000,00,0,4,02,B02
200500062720,0,07,000,13,0,1,01,A01
200500062721,0,07,000,00,2,1,01,A01
200500062721,0,07,000,00,2,1,17,B02
200500062722,0,02,000,00,2,1,02,A01
200500062722,0,07,000,00,2,3,01,B02
200500062722,0,07,000,00,2,6,02,C03
200500062723,0,07,000,01,1,2,02,A01
200500062723,0,09,000,00,0,4,24,B02
200500062724,0,07,000,00,1,1,01,A01
200500062725,0,07,000,00,2,1,15,A01
200500062725,0,05,000,00,2,1,01,B02
200500062726,0,07,000,02,0,7,13,A01
200500062727,0,02,000,00,2,1,01,A01
200500062727,0,07,000,00,2,3,01,B02
200500062728,0,02,000,00,0,8,15,A01
200500062728,0,07,000,00,2,1,21,B02
200500062729,0,05,000,00,2,1,01,A01
200500062729,0,07,000,00,2,3,15,B02
200500062730,0,07,000,00,2,8,13,A01
200500062730,0,02,000,00,2,1,17,B02
200500062731,0,07,000,00,2,1,02,A01
200500062731,0,01,000,00,2,4,02,B02
200500062732,0,07,000,00,1,8,01,A01
200500062733,0,05,000,00,2,1,01,A01
200500062733,0,10,000,00,2,3,15,B02
200500062734,0,07,000,08,0,9,01,A01
200500062735,0,02,000,00,2,8,00,A01
200500062735,0,07,000,00,2,1,01,B02
200500062736,0,07,000,00,2,1,00,B02
200500062736,0,07,000,00,2,3,15,A01
200500062737,0,07,000,02,0,1,01,A01
200500062738,0,02,000,00,0,1,01,A01
200500062738,0,02,000,00,2,1,05,B02
200500062739,0,07,000,00,2,3,19,A01
200500062739,0,07,000,00,2,2,01,B02
200500062740,0,07,000,08,0,1,01,A01
200500062741,0,02,000,00,0,1,01,A01
200500062742,0,13,000,00,2,1,01,A01
200500062742,0,07,000,00,2,7,19,B02
200500062743,0,07,000,00,2,3,01,B02
200500062743,0,07,000,00,2,1,19,A01
200500062744,0,07,000,00,1,5,21,A01
200500062745,0,07,000,00,0,7,19,A01
200500062745,0,07,000,00,0,1,00,B02
200500062746,0,07,000,00,0,3,19,A01
200500062746,0,02,000,00,2,1,01,B02
200500062747,0,07,000,00,1,3,17,A01
200500062748,0,02,000,01,0,1,00,A01
200500062749,0,07,000,00,2,8,15,B02
200500062749,0,05,000,00,2,1,01,A01
200500062750,0,07,000,00,0,3,15,A01
200500062750,0,07,000,00,2,2,01,B02
200500062751,0,07,000,02,0,3,01,A01
200500062752,0,01,000,00,0,4,02,A01
200500062752,0,07,000,00,0,2,02,B02
200500062753,0,07,000,08,0,1,01,A01
200500062754,0,14,000,00,2,7,17,A01
200500062754,0,02,000,00,2,8,01,B02
200500062755,0,07,000,00,2,8,09,A01
200500062755,0,02,000,00,2,1,01,B02
200500062756,0,07,000,00,2,0,02,A01
200500062756,0,05,000,00,0,4,02,B02
200500062757,0,07,000,00,6,1,01,A01
200500062758,0,07,000,00,2,3,05,A01
200500062758,0,07,000,00,2,3,02,B02
200500062758,0,07,000,00,2,3,01,C03
200500062759,0,07,000,00,2,7,13,A01
200500062759,0,07,000,00,2,1,01,B02
200500062760,0,07,000,00,2,3,15,A01
200500062760,0,07,000,00,2,3,01,B02
200500062761,0,07,000,00,9,1,01,A01
200500062761,0,01,000,00,0,4,01,B02
200500062762,0,21,000,00,2,8,15,A01
200500062762,0,10,000,00,2,7,17,B02
200500062763,0,02,000,00,2,1,01,A01
200500062763,0,07,000,00,9,3,01,B02
200500062764,0,07,000,00,1,1,01,A01
200500062765,0,17,000,13,0,7,01,A01
200500062766,0,07,000,13,0,3,01,A01
200500062767,0,10,000,00,2,2,13,A01
200500062767,0,07,000,00,2,1,01,B02
200500062768,0,07,000,00,2,1,02,A01
200500062768,0,07,000,00,2,4,01,B02
200500062769,0,07,000,00,2,1,01,A01
200500062769,0,07,000,00,2,3,15,B02
200500062770,0,05,000,00,6,1,01,A01
200500062771,0,07,000,13,0,1,01,A01
200500062772,0,07,000,00,0,6,15,A01
200500062772,0,05,000,00,2,1,17,B02
200500062773,0,07,000,00,2,5,04,A01
200500062773,0,07,000,00,2,1,01,B02
200500062774,0,09,000,00,2,2,01,A01
200500062774,0,02,000,00,2,1,15,B02
200500062775,0,05,000,00,2,1,01,B02
200500062775,0,07,000,00,2,7,15,A01
200500062776,0,07,000,00,2,7,13,A01
200500062776,0,07,000,00,2,1,01,B02
200500062777,0,07,000,00,2,8,19,A01
200500062777,0,18,000,00,2,1,01,B02
200500062778,0,07,000,13,0,2,01,A01
200500062779,0,05,000,00,2,1,13,A01
200500062779,0,07,000,00,2,3,01,B02
200500062780,0,07,000,13,0,8,01,A01
200500062781,0,07,000,00,1,1,01,A01
200500062782,0,07,000,06,0,1,01,A01
200500062783,0,07,000,08,0,7,01,A01
200500062784,0,07,000,00,9,2,01,A01
200500062784,0,01,000,00,2,8,01,B02
200500062785,0,07,000,13,0,1,01,A01
200500062786,0,07,000,00,2,3,01,A01
200500062786,0,07,000,00,0,6,15,B02
200500062787,0,07,000,00,2,7,01,A01
200500062787,0,07,000,00,2,1,01,B02
200500062788,0,07,000,13,0,1,00,A01
200500062789,0,07,000,00,0,0,00,A01
200500062789,0,14,000,00,2,3,01,B02
200500062790,0,07,000,13,0,3,13,A01
200500062791,0,05,000,00,2,1,02,A01
200500062791,0,07,000,00,2,6,02,B02
200500062792,0,07,000,00,2,1,13,A01
200500062792,0,07,000,00,2,1,00,B02
200500062793,0,07,000,00,0,3,15,A01
200500062793,0,07,000,00,2,3,01,B02
200500062794,0,07,000,00,1,7,01,A01
200500062795,0,05,000,02,0,9,00,A01
200500062796,0,07,000,00,2,1,01,A01
200500062796,0,07,000,00,2,1,01,B02
200500062797,0,14,000,00,0,0,14,A01
200500062797,0,04,000,06,0,0,01,B02
200500062798,0,07,000,00,2,3,01,A01
200500062798,0,07,000,00,2,8,01,B02
200500062798,0,07,000,00,9,0,01,C03
200500062799,0,07,000,00,2,2,15,A01
200500062799,0,05,000,00,2,1,01,B02
200500062800,0,02,000,13,0,1,19,A01
200500062801,0,07,000,00,2,3,16,A01
200500062801,0,07,000,00,2,1,01,B02
200500062802,0,07,000,02,0,2,01,A01
200500062803,0,07,000,04,0,3,13,A01
200500062804,0,07,000,00,2,1,13,A01
200500062804,0,07,000,00,2,3,01,B02
200500062804,0,07,000,00,2,1,01,C03
200500062805,0,07,000,00,2,1,15,A01
200500062805,0,05,000,00,2,1,01,B02
200500062806,0,02,000,00,2,8,19,A01
200500062806,0,09,000,00,2,2,01,B02
200500062807,0,07,000,00,2,8,01,A01
200500062807,0,07,000,00,0,1,01,B02
200500062808,0,07,000,13,5,1,01,A01
200500062809,0,07,000,00,0,0,01,A01
200500062810,0,07,000,00,0,1,02,A01
200500062811,0,07,000,00,2,3,09,A01
200500062811,0,02,000,00,2,1,01,B02
200500062812,0,10,000,06,0,1,01,A01
200500062813,0,02,000,03,0,1,01,A01
200500062813,0,07,000,00,2,0,01,B02
200500062814,0,07,000,08,0,1,14,A01
200500062815,0,01,000,08,0,1,01,A01
200500062816,0,07,000,00,0,0,01,A01
200500062817,0,07,000,00,2,2,19,A01
200500062817,0,07,000,00,2,3,01,B02
200500062818,0,07,000,00,2,1,17,A01
200500062818,0,07,000,00,2,1,01,B02
200500062819,0,02,000,00,1,2,01,A01
200500062820,0,07,000,00,0,9,01,A01
200500062821,0,02,000,00,2,1,21,A01
200500062821,0,07,000,00,2,2,19,B02
200500062822,0,20,000,00,2,5,00,A01
200500062822,0,18,026,00,2,7,01,B02
200500062823,0,02,000,00,2,1,01,A01
200500062823,0,07,000,00,2,3,15,B02
200500062824,0,07,000,13,0,1,01,A01
200500062825,0,07,000,00,9,3,09,A01
200500062825,0,01,000,00,0,7,01,B02
200500062826,0,07,000,00,2,1,13,A01
200500062826,0,07,000,00,2,1,01,B02
200500062827,0,07,000,00,2,1,13,A01
200500062827,0,18,001,00,2,3,01,B02
200500062828,0,02,000,13,0,1,14,A01
200500062829,0,07,000,00,2,3,00,A01
200500062829,0,07,000,00,2,1,01,B02
200500062830,0,07,000,00,2,2,03,A01
200500062830,0,07,000,02,2,1,01,B02
200500062831,0,07,000,12,0,1,00,A01
200500062832,0,07,000,00,2,3,13,A01
200500062832,0,07,000,00,2,3,01,B02
200500062833,0,07,000,00,0,0,00,A01
200500062833,0,07,000,00,0,0,00,B02
200500062834,0,07,000,00,2,0,01,A01
200500062834,0,01,000,00,0,4,00,B02
200500062835,0,07,000,00,1,3,17,A01
200500062836,0,07,000,10,0,1,01,A01
200500062837,0,02,000,00,0,7,13,A01
200500062838,0,05,000,02,0,1,01,A01
200500062839,0,02,000,00,2,3,13,A01
200500062839,0,07,000,00,2,1,01,B02
200500062840,0,07,000,12,0,8,01,A01
200500062841,0,07,000,03,0,3,01,A01
200500062842,0,07,000,00,2,7,15,A01
200500062842,0,02,000,00,2,1,01,B02
200500062843,0,07,000,00,0,1,09,A01
200500062843,0,02,000,00,0,2,00,B02
200500062844,0,02,000,16,0,1,01,A01
200500062845,0,05,000,16,0,7,01,A01
200500062846,0,07,000,00,2,4,09,A01
200500062846,0,07,000,00,2,9,01,B02
200500062847,0,05,000,00,2,2,01,A01
200500062847,0,02,000,00,2,1,19,B02
200500062848,0,01,000,00,2,2,01,B02
200500062848,0,07,000,00,2,3,09,A01
200500062849,0,02,000,00,5,1,01,A01
200500062850,0,05,000,00,0,0,15,A01
200500062851,0,07,000,00,2,2,15,A01
200500062851,0,02,000,00,2,7,13,B02
200500062852,0,07,000,00,2,1,01,A01
200500062852,0,07,000,00,2,6,15,B02
200500062853,0,05,000,00,6,1,01,A01
200500062854,0,02,000,00,2,1,01,A01
200500062854,0,07,000,00,0,8,19,B02
200500062855,0,02,000,01,0,2,01,A01
200500062856,0,07,000,13,0,1,01,A01
200500062857,0,07,000,00,2,1,02,A01
200500062857,0,17,000,00,2,0,02,B02
200500062858,0,07,000,00,0,0,00,A01
200500062858,0,01,000,00,0,1,00,B02
200500062859,0,07,000,00,2,8,16,A01
200500062859,0,05,000,00,2,1,01,B02
200500062860,0,07,000,00,9,2,01,A01
200500062860,0,01,000,00,2,1,01,B02
200500062861,0,07,000,00,2,7,15,A01
200500062861,0,05,000,00,2,1,01,B02
200500062862,0,07,000,13,0,2,21,A01
200500062863,0,02,000,14,0,1,01,B02
200500062864,0,07,000,00,2,1,01,A01
200500062864,0,02,000,00,0,4,15,B02
200500062865,0,07,000,00,2,8,15,A01
200500062865,0,07,000,00,2,2,01,B02
200500062866,0,07,000,00,1,2,17,A01
200500062867,0,07,000,00,2,3,13,A01
200500062867,0,14,000,00,2,3,01,B02
200500062868,0,07,000,00,2,7,19,A01
200500062868,0,07,000,00,2,1,01,B02
200500062869,0,07,000,00,2,2,13,A01
200500062869,0,09,000,00,2,2,01,B02
200500062870,0,07,000,00,0,1,01,A01
200500062871,0,07,000,00,5,1,01,A01
200500062872,0,07,000,08,0,1,01,A01
200500062873,0,07,000,00,1,3,15,A01
200500062874,0,14,000,00,2,3,01,A01
200500062874,0,07,000,00,2,3,13,B02
200500062874,0,07,000,00,2,8,01,C03
200500062875,0,07,000,13,0,2,01,A01
200500062876,0,07,000,00,0,2,15,A01
200500062876,0,02,000,00,2,1,01,B02
200500062877,0,07,000,00,2,1,02,A01
200500062877,0,07,000,00,0,5,02,B02
200500062878,0,21,000,00,2,6,24,A01
200500062878,0,13,000,01,2,2,02,B02
200500062878,0,07,000,00,2,3,01,C03
200500062879,0,02,000,00,2,1,01,A01
200500062879,0,07,000,00,2,1,16,B02
200500062880,0,99,000,16,6,7,21,B02
200500062881,0,02,000,00,2,1,17,A01
200500062881,0,05,000,00,2,1,01,B02
200500062881,0,05,000,00,2,1,01,C03
200500062882,0,05,000,13,0,1,01,A01
200500062883,0,07,000,13,0,3,01,A01
200500062884,0,07,000,00,1,3,01,A01
200500062885,0,07,000,00,2,3,09,A01
200500062885,0,02,000,00,2,2,09,B02
200500062886,0,05,000,00,0,3,01,A01
200500062887,0,04,000,00,0,0,01,A01
200500062888,0,07,000,00,2,1,13,A01
200500062888,0,07,000,00,2,2,01,B02
200500062889,0,07,000,00,2,2,02,A01
200500062889,0,02,000,00,0,4,02,B02
200500062890,0,10,000,13,0,3,13,A01
200500062891,0,07,000,13,0,1,17,A01
200500062892,0,15,000,00,2,2,02,A01
200500062892,0,16,000,00,2,6,02,B02
200500062893,0,07,000,00,2,3,01,A01
200500062893,0,99,000,00,2,1,19,B02
200500062893,0,07,000,00,2,3,23,C03
200500062894,0,05,000,00,2,1,01,A01
200500062894,0,07,000,00,2,4,01,B02
200500062895,0,07,000,00,0,1,01,A01
200500062896,0,07,000,00,0,0,00,A01
200500062896,0,04,000,00,2,2,09,B02
200500062896,0,14,000,00,2,3,01,C03
200500062897,0,02,000,00,0,1,01,A01
200500062898,0,05,000,13,0,1,01,A01
200500062899,0,07,000,00,1,2,01,A01
200500062900,0,07,000,00,0,9,01,A01
200500062901,0,07,000,13,0,1,01,A01
200500062902,0,07,000,15,0,9,00,A01
200500062903,0,07,000,00,2,2,13,A01
200500062903,0,07,000,00,2,2,01,B02
200500062904,0,07,000,08,0,8,21,A01
200500062905,0,02,000,00,0,0,00,A01
200500062906,0,07,000,00,2,1,15,A01
200500062906,0,05,000,00,2,1,01,B02
200500062907,0,07,000,00,2,3,15,A01
200500062907,0,05,000,00,2,7,16,B02
200500062908,0,07,000,00,2,3,15,A01
200500062908,0,05,000,00,2,1,01,B02
200500062909,0,04,000,00,2,8,19,A01
200500062909,0,07,000,00,2,1,01,B02
200500062910,0,07,000,13,0,4,14,A01
200500062910,0,07,000,00,2,1,01,B02
200500062911,0,21,000,00,2,4,01,A01
200500062911,0,07,000,00,2,1,02,B02
200500062911,0,07,000,00,2,1,02,C03
200500062912,0,07,000,00,9,1,15,A01
200500062912,0,01,000,00,2,7,01,B02
200500062913,0,07,000,13,0,2,21,A01
200500062913,0,07,000,00,0,0,24,B02
200500062914,0,07,000,00,1,2,01,A01
200500062915,0,02,000,00,2,1,17,A01
200500062915,0,07,000,00,2,3,01,B02
200500062915,0,07,000,00,0,3,23,C03
200500062916,0,07,000,00,2,1,01,A01
200500062916,0,02,000,00,2,4,01,B02
200500062917,0,17,000,06,2,1,01,B02
200500062917,0,07,000,00,2,8,19,A01
200500062918,0,06,000,00,2,8,13,A01
200500062918,0,07,000,00,2,3,01,B02
200500062919,0,99,000,00,2,1,01,A01
200500062919,0,07,000,00,2,8,01,B02
200500062920,0,02,000,00,2,1,01,A01
200500062920,0,07,000,00,2,2,01,B02
200500062921,0,07,000,00,2,1,05,A01
200500062921,0,05,000,00,2,0,01,B02
200500062922,0,04,000,00,2,7,00,A01
200500062922,0,07,000,00,2,1,01,B02
200500062923,0,07,000,00,2,7,13,A01
200500062923,0,07,000,00,2,1,01,B02
200500062924,0,07,000,00,2,3,01,A01
200500062924,0,07,000,00,2,1,13,B02
200500062925,0,04,000,00,0,8,00,A01
200500062925,0,07,000,00,0,2,01,B02
200500062926,0,07,000,00,2,8,01,A01
200500062926,0,07,000,00,2,8,01,B02
200500062927,0,07,000,00,1,2,01,A01
200500062928,0,07,000,00,2,8,10,A01
200500062928,0,09,000,00,2,1,01,B02
200500062929,0,07,000,00,2,3,01,A01
200500062929,0,07,000,00,2,3,01,B02
200500062929,0,07,000,00,2,3,01,C03
200500062930,0,01,000,00,1,1,01,A01
200500062931,0,02,000,00,2,1,01,A01
200500062931,0,07,000,00,0,8,01,B02
200500062932,0,07,000,00,2,3,13,A01
200500062932,0,07,000,00,2,1,01,B02
200500062933,0,05,000,00,2,1,01,A01
200500062933,0,07,000,00,2,1,01,B02
200500062934,0,02,000,00,2,1,01,A01
200500062934,0,21,000,00,9,5,15,B02
200500062935,0,07,000,13,0,1,01,A01
200500062936,0,07,000,00,2,1,19,A01
200500062936,0,05,000,00,2,3,01,B02
200500062937,0,07,000,00,2,1,01,B02
200500062937,0,07,000,00,2,3,16,A01
200500062938,0,07,000,00,0,0,00,A01
200500062938,0,01,000,00,2,4,01,B02
200500062939,0,07,000,00,0,6,15,A01
200500062939,0,05,000,00,2,1,01,B02
200500062940,0,07,000,00,9,2,20,A01
200500062940,0,02,000,00,2,1,01,B02
200500062941,0,07,000,00,2,6,10,A01
200500062941,0,05,000,00,2,1,02,B02
200500062942,0,02,000,01,0,1,02,A01
200500062942,0,10,000,00,0,4,23,B02
200500062943,0,07,000,09,0,1,13,A01
200500062944,0,07,000,00,2,1,01,A01
200500062944,0,07,000,00,2,8,01,B02
200500062945,0,07,000,00,2,3,13,A01
200500062945,0,07,000,00,2,1,01,B02
200500062945,0,07,000,00,2,1,23,C03
200500062946,0,07,000,13,0,2,14,A01
200500062947,0,02,000,08,0,1,01,A01
200500062948,0,07,000,00,2,8,19,A01
200500062948,0,02,000,00,2,7,15,B02
200500062949,0,07,000,00,2,8,20,A01
200500062949,0,05,000,00,2,1,01,B02
200500062950,0,07,000,08,0,1,01,A01
200500062951,0,05,000,00,2,1,01,A01
200500062951,0,07,000,00,2,4,01,B02
200500062952,0,07,000,00,0,4,15,A01
200500062952,0,07,000,00,0,1,02,B02
200500062953,0,02,000,12,0,1,01,A01
200500062954,0,07,000,00,2,1,01,A01
200500062954,0,18,015,00,2,1,01,B02
200500062955,0,01,000,00,0,1,01,A01
200500062956,0,07,000,00,2,6,11,A01
200500062956,0,05,000,00,2,7,01,B02
200500062957,0,07,000,00,4,8,19,A01
200500062957,0,19,000,00,2,1,01,B02
200500062958,0,02,000,00,2,1,01,B02
200500062958,0,07,000,00,2,2,19,A01
200500062959,0,07,000,00,2,8,14,A01
200500062959,0,10,000,00,2,3,13,B02
200500062960,0,05,000,11,0,1,01,A01
200500062961,0,07,000,00,2,3,15,A01
200500062961,0,07,000,00,0,2,18,B02
200500062962,0,07,000,00,1,2,01,A01
200500062963,0,07,000,00,2,4,02,A01
200500062963,0,07,000,00,2,4,02,B02
200500062963,0,07,000,00,2,1,02,C03
200500062964,0,02,000,00,2,1,01,A01
200500062964,0,07,000,00,2,5,15,B02
200500062965,0,07,000,00,0,0,00,A01
200500062965,0,07,000,00,0,0,00,B02
200500062966,0,07,000,06,0,2,14,A01
200500062967,0,07,000,13,0,2,01,A01
200500062968,0,07,000,02,0,1,01,A01
200500062969,0,07,000,00,2,2,01,A01
200500062969,0,07,000,00,0,1,09,B02
200500062970,0,02,000,00,2,1,01,A01
200500062970,0,07,000,00,2,3,01,B02
200500062971,0,07,000,00,0,3,19,A01
200500062971,0,02,000,00,2,1,01,B02
200500062972,0,07,000,00,2,3,13,A01
200500062972,0,07,000,00,2,3,16,B02
200500062973,0,07,000,00,2,5,13,A01
200500062973,0,07,000,00,2,1,01,B02
200500062974,0,07,000,06,0,0,00,A01
200500062975,0,07,000,13,0,1,01,A01
200500062976,0,02,000,00,2,1,17,A01
200500062976,0,07,000,00,2,3,15,B02
200500062977,0,07,000,13,0,1,01,A01
200500062978,0,07,000,06,0,2,01,A01
200500062979,0,07,000,00,2,2,01,A01
200500062979,0,01,000,00,2,8,01,B02
200500062980,0,07,000,00,2,3,01,A01
200500062980,0,07,000,00,2,3,01,B02
200500062981,0,07,000,00,2,2,17,A01
200500062981,0,07,000,00,0,6,15,B02
200500062982,0,07,000,00,2,4,15,A01
200500062982,0,05,000,00,2,7,01,B02
200500062983,0,07,000,00,2,8,01,A01
200500062983,0,02,000,00,2,1,15,B02
200500062984,0,07,000,00,1,2,01,A01
200500062985,0,07,000,00,2,3,01,A01
200500062985,0,07,000,00,2,3,16,B02
200500062986,0,07,000,00,2,3,13,A01
200500062986,0,07,000,00,2,3,01,B02
200500062987,0,02,000,13,0,8,13,A01
200500062988,0,05,000,02,0,1,01,A01
200500062989,0,07,000,00,0,0,00,A01
200500062990,0,07,000,02,0,2,01,A01
200500062991,0,07,000,00,2,5,23,A01
200500062991,0,02,000,00,2,1,01,B02
200500062992,0,14,000,00,0,3,13,A01
200500062992,0,15,000,00,9,8,01,B02
200500062993,0,05,000,00,5,1,01,A01
200500062994,0,07,000,00,0,6,13,A01
200500062994,0,02,000,00,2,6,15,B02
200500062995,0,07,000,00,2,2,15,A01
200500062995,0,05,000,00,2,1,01,B02
200500062996,0,02,000,13,0,1,01,A01
200500062997,0,07,000,00,2,4,23,A01
200500062997,0,07,000,00,0,3,01,B02
200500062998,0,07,000,00,2,1,01,A01
200500062998,0,10,000,00,2,1,01,B02
200500062999,0,07,000,00,0,6,01,B02
200500062999,0,07,000,00,0,1,01,A01
200500063000,0,02,000,00,0,0,15,A01
200500063000,0,07,000,00,0,0,17,B02
200500063001,0,05,000,11,0,1,01,A01
200500063002,0,07,000,02,0,3,01,A01
200500063003,0,02,000,16,0,0,01,A01
200500063004,0,07,000,08,0,2,01,A01
200500063005,0,07,000,00,1,2,01,A01
200500063006,0,02,000,00,2,1,01,A01
200500063006,0,07,000,00,0,8,19,B02
200500063007,0,07,000,02,0,2,01,A01
200500063008,0,07,000,02,0,2,01,A01
200500063009,0,05,000,06,0,1,15,A01
200500063010,0,07,000,00,2,2,19,A01
200500063010,0,02,000,00,2,3,01,B02
200500063011,0,07,000,13,0,1,13,A01
200500063012,0,07,000,00,2,6,13,A01
200500063012,0,17,000,00,2,3,01,B02
200500063013,0,07,000,02,0,1,13,A01
200500063014,0,07,000,02,0,3,01,A01
200500063015,0,07,000,00,1,2,01,A01
200500063016,0,05,000,00,2,1,01,A01
200500063016,0,21,000,00,0,6,01,B02
200500063017,0,07,000,00,2,3,01,A01
200500063017,0,07,000,00,2,3,01,B02
200500063018,0,07,000,00,2,1,13,A01
200500063018,0,07,000,00,2,1,00,B02
200500063019,0,07,000,00,1,1,01,A01
200500063020,0,07,000,00,1,3,01,A01
200500063021,0,07,000,16,0,1,01,A01
200500063022,0,07,000,00,2,3,17,A01
200500063022,0,04,000,00,2,3,01,B02
200500063023,0,07,000,00,2,3,01,A01
200500063023,0,07,000,00,2,3,01,B02
200500063024,0,07,000,02,0,1,19,A01
200500063025,0,07,000,13,0,9,01,A01
200500063026,0,01,000,00,0,1,00,A01
200500063027,0,07,000,02,0,1,01,A01
200500063028,0,07,000,00,2,3,01,A01
200500063028,0,07,000,00,2,8,01,B02
200500063029,0,07,000,00,2,1,23,A01
200500063029,0,07,000,00,2,4,23,B02
200500063029,0,07,000,00,2,4,23,C03
200500063030,0,02,000,00,9,1,02,A01
200500063030,0,02,000,00,9,1,02,B02
200500063031,0,07,000,13,0,9,01,A01
200500063032,0,07,000,06,0,3,01,A01
200500063033,0,07,000,02,0,9,14,A01
200500063034,0,02,000,00,2,3,13,A01
200500063034,0,21,000,00,2,8,01,B02
200500063035,0,07,000,13,0,9,01,A01
200500063036,0,07,000,00,2,8,01,A01
200500063036,0,02,000,00,2,7,01,B02
200500063037,0,07,000,13,0,2,01,A01
200500063038,0,07,000,00,2,7,21,A01
200500063038,0,02,000,00,0,4,01,B02
200500063039,0,07,000,00,2,1,13,A01
200500063039,0,07,000,00,2,1,01,B02
200500063040,0,07,000,00,0,0,00,A01
200500063040,0,05,000,00,2,0,01,B02
200500063041,0,02,000,01,0,1,21,A01
200500063041,0,10,000,00,0,6,24,B02
200500063042,0,07,000,13,0,0,01,A01
200500063043,0,07,000,13,0,1,01,A01
200500063043,0,07,000,13,0,1,01,B02
200500063044,0,07,000,13,0,0,01,A01
200500063045,0,07,000,08,0,1,01,A01
200500063046,0,07,000,13,0,1,01,A01
200500063047,0,07,000,02,0,1,01,A01
200500063048,0,17,000,00,2,5,17,A01
200500063048,0,02,000,00,2,6,13,B02
200500063049,0,07,000,00,0,1,01,A01
200500063050,0,07,000,13,0,9,13,A01
200500063051,0,07,000,00,0,1,01,A01
200500063051,0,07,000,00,0,1,23,B02
200500063051,0,07,000,00,0,7,01,C03
200500063052,0,07,000,08,0,9,13,A01
200500063053,0,07,000,02,0,3,01,A01
200500063054,0,05,000,00,6,1,01,A01
200500063055,0,07,000,00,2,3,19,A01
200500063055,0,07,000,00,2,1,01,B02
200500063056,0,07,000,00,2,1,15,A01
200500063056,0,07,000,00,2,8,01,B02
200500063057,0,07,000,08,0,1,01,A01
200500063058,0,07,000,13,0,1,01,A01
200500063059,0,07,000,00,1,4,04,A01
200500063060,0,07,000,08,0,5,01,A01
200500063061,0,02,000,13,0,1,01,A01
200500063062,0,07,000,02,0,1,01,A01
200500063063,0,07,000,02,0,7,01,A01
200500063064,0,07,000,13,0,9,01,A01
200500063065,0,07,000,00,2,2,00,A01
200500063065,0,07,000,00,2,3,16,B02
200500063066,0,07,000,00,2,2,01,A01
200500063066,0,07,000,00,2,2,01,C03
200500063066,0,01,000,00,2,3,15,B02
200500063067,0,07,000,16,0,9,01,A01
200500063068,0,07,000,13,0,3,01,A01
200500063069,0,07,000,00,2,3,17,A01
200500063069,0,05,000,00,2,3,01,B02
200500063069,0,17,000,00,2,8,01,C03
200500063070,0,07,000,00,2,1,01,A01
200500063070,0,07,000,00,2,2,15,B02
200500063071,0,05,000,13,0,3,01,A01
200500063072,0,07,000,00,2,3,01,A01
200500063072,0,02,000,00,2,1,15,B02
200500063072,0,07,000,00,2,6,15,C03
200500063073,0,05,000,00,0,1,13,A01
200500063073,0,07,000,00,0,3,01,B02
200500063074,0,07,000,00,1,2,01,A01
200500063075,0,14,000,00,9,6,01,A01
200500063075,0,07,000,00,0,0,02,B02
200500063075,0,01,000,00,2,1,03,C03
200500063076,0,07,000,00,1,1,01,A01
200500063077,0,07,000,00,2,2,01,A01
200500063077,0,07,000,00,2,8,22,B02
200500063078,0,07,000,00,2,7,11,A01
200500063078,0,02,000,00,2,1,01,B02
200500063079,0,07,000,00,9,3,13,A01
200500063079,0,01,000,00,2,1,01,B02
200500063079,0,01,000,00,2,1,01,C03