Num_Acc,senc,catv,occutc,obs,obsm,choc,manv,num_veh
200500063079,0,01,000,00,2,1,00,D04
200500063080,0,07,000,00,0,7,01,A01
200500063081,0,07,000,00,0,7,01,A01
200500063082,0,07,000,00,2,2,15,A01
200500063082,0,07,000,00,2,3,01,B02
200500063083,0,07,000,00,2,4,23,A01
200500063083,0,07,000,00,2,4,23,B02
200500063083,0,07,000,00,2,1,02,C03
200500063084,0,07,000,00,2,1,01,A01
200500063084,0,07,000,00,0,7,15,B02
200500063085,0,07,000,00,2,3,13,A01
200500063085,0,18,036,00,2,3,01,B02
200500063086,0,05,000,16,0,1,01,A01
200500063087,0,07,000,00,2,1,01,A01
200500063087,0,07,000,00,2,1,23,B02
200500063087,0,07,000,00,2,3,01,C03
200500063088,0,21,000,00,2,6,01,A01
200500063088,0,07,000,00,2,3,01,B02
200500063089,0,07,000,02,0,3,01,A01
200500063090,0,07,000,00,0,0,00,A01
200500063091,0,07,000,03,9,3,13,A01
200500063091,0,04,000,00,2,1,01,B02
200500063092,0,07,000,00,2,3,01,A01
200500063092,0,04,000,00,2,3,01,B02
200500063093,0,17,000,13,0,7,01,A01
200500063094,0,07,000,00,0,8,19,A01
200500063094,0,02,000,00,0,8,01,B02
200500063095,0,07,000,00,2,3,13,A01
200500063095,0,02,000,00,2,8,01,B02
200500063096,0,07,000,13,0,1,01,A01
200500063097,0,07,000,06,0,1,01,A01
200500063098,0,05,000,03,0,2,01,A01
200500063098,0,05,000,03,0,2,02,B02
200500063099,0,07,000,02,0,1,00,A01
200500063100,0,07,000,00,2,3,13,A01
200500063100,0,07,000,00,2,3,01,B02
200500063101,0,07,000,00,0,0,19,A01
200500063101,0,02,000,00,2,8,01,B02
200500063102,0,07,000,02,0,8,13,A01
200500063103,0,07,000,02,0,8,13,A01
200500063104,0,07,000,00,0,1,13,A01
200500063105,0,07,000,00,2,7,01,A01
200500063106,0,07,000,02,0,8,01,A01
200500063107,0,07,000,13,0,3,00,A01
200500063108,0,07,000,00,2,7,15,A01
200500063108,0,02,000,00,2,1,01,B02
200500063109,0,07,000,00,2,1,01,A01
200500063109,0,07,000,00,2,9,19,B02
200500063110,0,07,000,00,2,2,00,A01
200500063111,0,05,000,00,2,1,13,A01
200500063111,0,02,000,00,2,1,01,B02
200500063112,0,02,000,00,2,3,13,A01
200500063112,0,07,000,00,0,8,01,B02
200500063113,0,07,000,12,0,2,01,A01
200500063114,0,07,000,00,2,2,01,A01
200500063114,0,07,000,00,0,3,23,B02
200500063114,0,07,000,00,2,1,01,C03
200500063115,0,07,000,00,2,8,15,A01
200500063115,0,02,000,00,2,1,01,B02
200500063116,0,07,000,06,0,2,01,A01
200500063117,0,07,000,02,0,3,13,A01
200500063118,0,07,000,00,1,8,01,A01
200500063119,0,07,000,00,1,1,01,A01
200500063120,0,07,000,06,0,7,01,A01
200500063121,0,02,000,00,2,1,01,A01
200500063121,0,05,000,00,2,1,01,B02
200500063122,0,07,000,00,2,1,17,A01
200500063122,0,07,000,00,0,8,15,B02
200500063123,0,05,000,00,0,8,01,A01
200500063124,0,07,000,08,0,1,01,A01
200500063125,0,07,000,06,0,1,13,A01
200500063126,0,07,000,00,2,1,01,B02
200500063126,0,07,000,00,2,8,15,A01
200500063127,0,07,000,00,2,1,13,A01
200500063127,0,07,000,00,2,1,01,B02
200500063127,0,07,000,00,2,1,01,C03
200500063128,0,07,000,00,2,1,23,D04
200500063128,0,07,000,00,2,2,02,A01
200500063128,0,07,000,00,2,4,23,B02
200500063128,0,10,000,00,2,3,21,C03
200500063129,0,07,000,00,2,8,19,A01
200500063129,0,07,000,00,2,1,01,B02
200500063130,0,07,000,00,0,0,00,A01
200500063131,0,02,000,00,2,1,17,A01
200500063131,0,07,000,00,2,3,17,B02
200500063132,0,02,000,00,0,8,01,B02
200500063133,0,07,000,00,2,6,13,A01
200500063133,0,07,000,00,2,8,01,B02
200500063133,0,07,000,00,2,1,01,C03
200500063134,0,07,000,00,0,1,01,A01
200500063135,0,05,000,00,2,1,01,A01
200500063135,0,17,000,00,0,0,15,B02
200500063136,0,02,000,08,0,1,13,A01
200500063137,0,07,000,00,2,5,02,A01
200500063137,0,07,000,00,2,2,01,B02
200500063138,0,07,000,00,2,1,13,A01
200500063138,0,07,000,00,2,1,01,B02
200500063139,0,02,000,00,2,1,13,B02
200500063139,0,07,000,00,2,2,01,A01
200500063140,0,07,000,00,2,1,13,A01
200500063140,0,07,000,00,2,1,13,B02
200500063141,0,07,000,00,0,0,00,A01
200500063142,0,02,000,00,2,1,01,A01
200500063142,0,07,000,00,2,3,01,B02
200500063143,0,07,000,00,1,3,01,A01
200500063144,0,07,000,08,0,1,19,A01
200500063145,0,07,000,00,2,1,01,B02
200500063145,0,07,000,00,0,7,19,A01
200500063146,0,07,000,00,2,7,01,A01
200500063146,0,07,000,00,2,1,01,B02
200500063146,0,07,000,00,2,2,01,C03
200500063147,0,07,000,06,2,3,13,A01
200500063147,0,07,000,09,2,3,01,B02
200500063148,0,07,000,01,2,6,20,A01
200500063148,0,02,000,00,2,1,01,B02
200500063149,0,07,000,00,1,1,01,A01
200500063150,0,07,000,00,0,7,15,A01
200500063150,0,07,000,00,0,3,21,B02
200500063151,0,15,000,00,2,2,02,A01
200500063151,0,07,000,00,2,3,17,B02
200500063152,0,07,000,00,2,1,01,A01
200500063152,0,07,000,00,2,1,01,B02
200500063153,0,05,000,02,0,1,01,A01
200500063154,0,07,000,13,0,1,01,A01
200500063155,0,07,000,02,0,3,01,A01
200500063156,0,14,000,00,2,5,15,A01
200500063156,0,02,000,00,2,1,01,B02
200500063157,0,07,000,00,2,2,21,A01
200500063157,0,07,000,05,2,1,01,B02
200500063158,0,07,000,00,0,6,01,A01
200500063159,0,05,000,06,0,0,13,A01
200500063160,0,07,000,05,0,1,01,A01
200500063161,0,07,000,01,0,3,01,A01
200500063161,0,07,000,00,2,6,24,B02
200500063162,0,07,000,00,2,1,15,A01
200500063162,0,02,000,00,2,1,21,B02
200500063163,0,07,000,02,0,3,01,A01
200500063164,0,02,000,00,0,8,15,A01
200500063165,0,07,000,00,2,3,01,A01
200500063165,0,14,000,00,0,7,01,B02
200500063166,0,07,000,02,0,1,01,A01
200500063167,0,07,000,00,2,4,20,A01
200500063167,0,02,000,00,2,7,01,B02
200500063168,0,07,000,00,2,1,19,A01
200500063168,0,02,000,00,2,8,01,B02
200500063169,0,01,000,00,2,1,15,A01
200500063169,0,07,000,00,2,2,01,B02
200500063170,0,07,000,00,0,6,09,A01
200500063170,0,02,000,00,2,1,09,B02
200500063171,0,07,000,13,0,2,01,A01
200500063172,0,07,000,00,0,1,01,A01
200500063172,0,02,000,00,0,1,09,B02
200500063173,0,07,000,00,2,2,02,A01
200500063173,0,01,000,00,2,4,02,B02
200500063174,0,07,000,00,0,3,01,A01
200500063174,0,02,000,00,0,1,13,B02
200500063175,0,07,000,02,0,8,01,A01
200500063176,0,07,000,13,0,2,01,A01
200500063177,0,01,000,16,0,0,13,A01
200500063178,0,07,000,00,2,1,01,A01
200500063178,0,07,000,00,2,9,15,B02
200500063178,0,10,000,00,2,1,01,C03
200500063179,0,07,000,13,0,3,01,A01
200500063180,0,05,000,00,0,7,01,A01
200500063181,0,07,000,00,0,9,01,A01
200500063182,0,07,000,00,2,1,19,A01
200500063182,0,07,000,00,0,1,00,B02
200500063183,0,07,000,08,0,3,13,A01
200500063184,0,02,000,00,2,3,17,A01
200500063184,0,02,000,00,2,0,01,B02
200500063185,0,07,000,00,1,2,21,A01
200500063186,0,07,000,00,0,0,00,A01
200500063186,0,07,000,00,2,3,01,B02
200500063187,0,05,000,03,0,8,01,A01
200500063188,0,07,000,00,1,2,17,A01
200500063189,0,07,000,06,0,3,01,A01
200500063190,0,07,000,00,1,8,01,A01
200500063191,0,07,000,00,2,2,01,A01
200500063191,0,01,000,00,2,4,13,B02
200500063192,0,05,000,13,0,0,01,A01
200500063193,0,07,000,13,0,1,01,A01
200500063194,0,07,000,00,2,2,17,A01
200500063194,0,07,000,00,2,6,01,B02
200500063195,0,07,000,00,2,3,01,A01
200500063195,0,07,000,00,2,3,01,B02
200500063196,0,07,000,08,0,6,01,A01
200500063197,0,07,000,00,2,1,01,A01
200500063197,0,17,000,00,2,3,13,B02
200500063198,0,07,000,00,6,1,01,A01
200500063199,0,07,000,00,1,1,00,A01
200500063200,0,07,000,08,2,3,01,A01
200500063200,0,07,000,00,2,2,19,B02
200500063201,0,07,000,13,0,2,01,A01
200500063202,0,07,000,13,0,2,01,A01
200500063203,0,02,000,00,1,8,01,A01
200500063204,0,05,000,00,2,1,01,A01
200500063204,0,07,000,00,2,2,15,B02
200500063205,0,02,000,00,2,1,02,A01
200500063205,0,07,000,00,2,5,23,B02
200500063206,0,07,000,13,0,1,15,A01
200500063207,0,07,000,13,0,1,01,A01
200500063208,0,07,000,00,0,2,01,A01
200500063208,0,07,000,00,2,3,15,B02
200500063208,0,07,000,00,0,0,00,C03
200500063209,0,07,000,00,9,1,01,A01
200500063209,0,01,000,12,2,4,01,B02
200500063210,0,02,000,00,2,1,15,A01
200500063210,0,07,000,00,2,8,01,B02
200500063211,0,07,000,00,2,2,15,A01
200500063211,0,07,000,00,2,8,01,B02
200500063211,0,07,000,00,2,3,01,C03
200500063212,0,07,000,00,2,1,13,A01
200500063212,0,07,000,00,2,1,01,B02
200500063213,0,07,000,00,2,1,13,A01
200500063213,0,07,000,00,2,1,01,B02
200500063214,0,07,000,00,9,3,10,A01
200500063214,0,05,000,00,2,1,17,B02
200500063215,0,02,000,15,0,1,01,B02
200500063216,0,07,000,00,0,4,16,A01
200500063216,0,07,000,00,2,1,01,B02
200500063217,0,07,000,00,9,3,01,A01
200500063217,0,02,000,00,2,3,13,B02
200500063218,0,02,000,00,2,1,13,A01
200500063218,0,07,000,00,2,3,01,B02
200500063219,0,07,000,00,2,8,01,A01
200500063219,0,02,000,00,2,1,01,B02
200500063220,0,05,000,00,2,1,17,A01
200500063220,0,07,000,00,2,3,15,B02
200500063221,0,07,000,00,2,0,15,A01
200500063221,0,05,000,16,2,0,14,B02
200500063222,0,07,000,00,2,3,15,A01
200500063222,0,07,000,00,2,3,01,B02
200500063222,0,07,000,00,2,3,23,C03
200500063223,0,05,000,02,0,2,01,A01
200500063224,0,07,000,02,2,1,13,A01
200500063224,0,04,000,00,0,1,01,B02
200500063225,1,10,000,00,1,7,01,A01
200500063226,0,99,000,00,0,1,01,A01
200500063227,0,05,000,00,6,1,01,A01
200500063228,0,07,000,00,2,2,15,A01
200500063228,0,10,000,00,2,1,01,B02
200500063229,0,07,000,08,0,1,01,A01
200500063230,0,07,000,02,0,8,14,A01
200500063231,0,07,000,00,2,1,01,B02
200500063231,0,07,000,00,2,3,01,A01
200500063232,0,07,000,02,0,7,19,A01
200500063233,0,10,000,00,1,3,01,A01
200500063234,0,07,000,00,2,6,04,A01
200500063234,0,05,000,00,2,1,01,B02
200500063235,0,07,000,00,2,1,19,A01
200500063235,0,02,000,00,2,8,01,B02
200500063236,0,07,000,00,2,3,01,A01
200500063236,0,07,000,00,2,3,13,B02
200500063237,0,21,000,13,0,2,01,A01
200500063238,0,07,000,00,0,0,00,A01
200500063238,0,05,000,00,2,1,13,B02
200500063239,0,05,000,08,0,9,01,A01
200500063240,0,07,000,16,0,1,01,A01
200500063241,0,07,000,00,2,3,13,A01
200500063241,0,07,000,00,2,3,01,B02
200500063242,0,07,000,00,2,3,02,A01
200500063242,0,02,000,00,2,1,16,B02
200500063243,0,07,000,13,0,2,14,A01
200500063244,0,07,000,02,0,1,01,A01
200500063245,0,07,000,00,0,0,01,A01
200500063245,0,02,000,00,0,0,13,B02
200500063246,0,07,000,00,1,2,01,A01
200500063247,0,02,000,00,2,1,01,A01
200500063247,0,07,000,00,0,4,15,B02
200500063248,0,07,000,00,9,5,16,A01
200500063248,0,07,000,00,9,1,16,B02
200500063249,0,07,000,00,2,8,01,B02
200500063249,0,07,000,00,2,1,01,A01
200500063250,0,07,000,00,2,6,00,B02
200500063250,0,02,000,00,2,7,01,A01
200500063251,0,07,000,00,2,7,17,A01
200500063251,0,14,000,00,2,8,01,B02
200500063252,0,07,000,03,2,8,19,A01
200500063252,0,07,000,00,2,1,01,B02
200500063253,0,07,000,02,0,2,01,A01
200500063254,0,04,000,16,0,7,14,A01
200500063255,0,07,000,00,2,3,06,A01
200500063255,0,07,000,00,2,3,01,B02
200500063256,0,07,000,00,2,7,01,A01
200500063257,0,07,000,00,2,1,01,A01
200500063257,0,07,000,00,2,1,01,B02
200500063258,0,07,000,00,0,0,00,A01
200500063259,0,07,000,00,0,0,00,A01
200500063259,0,07,000,00,9,2,19,B02
200500063260,0,07,000,13,0,1,16,A01
200500063261,0,07,000,00,2,3,01,A01
200500063261,0,07,000,00,2,3,01,B02
200500063262,0,07,000,06,0,3,13,A01
200500063263,0,07,000,13,0,1,13,A01
200500063264,0,10,000,02,0,1,01,A01
200500063265,0,07,000,06,2,1,13,A01
200500063265,0,07,000,00,2,1,01,B02
200500063266,0,07,000,00,0,9,02,A01
200500063267,0,07,000,00,2,2,15,A01
200500063267,0,05,000,00,2,1,01,B02
200500063268,0,07,000,00,0,9,13,A01
200500063269,0,02,000,00,0,8,00,A01
200500063270,0,13,000,00,0,2,01,A01
200500063270,0,07,000,00,0,1,01,B02
200500063270,0,07,000,00,0,1,01,C03
200500063271,0,02,000,06,0,1,00,A01
200500063272,0,07,000,00,2,3,13,A01
200500063272,0,07,000,00,2,1,01,B02
200500063273,0,07,000,00,2,2,01,A01
200500063273,0,07,000,00,2,1,00,B02
200500063274,0,02,000,00,2,3,10,A01
200500063274,0,07,000,00,2,2,01,B02
200500063275,0,07,000,08,0,3,19,A01
200500063276,0,21,000,00,0,0,00,A01
200500063277,0,07,000,00,2,7,01,A01
200500063277,0,01,000,00,2,1,15,B02
200500063278,0,07,000,00,2,8,13,A01
200500063278,0,07,000,00,2,1,01,B02
200500063279,0,07,000,00,2,2,01,B02
200500063279,0,07,000,00,2,8,19,A01
200500063280,0,07,000,00,2,3,01,A01
200500063280,0,07,000,00,2,3,01,B02
200500063281,0,07,000,00,2,2,21,C03
200500063281,0,05,000,00,2,8,15,A01
200500063282,0,07,000,13,0,1,01,A01
200500063283,0,07,000,00,2,3,01,A01
200500063283,0,07,000,00,2,3,01,B02
200500063284,0,07,000,00,1,3,01,A01
200500063285,0,07,000,13,0,5,01,A01
200500063286,0,07,000,02,0,1,00,A01
200500063287,0,07,000,02,0,1,13,A01
200500063288,0,17,000,00,2,7,17,A01
200500063288,0,02,000,00,2,3,15,B02
200500063289,0,07,000,00,2,3,13,A01
200500063289,0,07,000,00,2,2,01,B02
200500063290,0,07,000,08,0,1,14,A01
200500063291,0,07,000,02,0,7,01,A01
200500063292,0,07,000,00,2,1,01,A01
200500063292,0,02,000,00,2,3,15,B02
200500063293,0,07,000,00,2,2,02,A01
200500063293,0,07,000,00,2,8,13,B02
200500063294,0,09,000,00,2,5,13,A01
200500063294,0,07,000,00,2,2,01,B02
200500063295,0,07,000,00,9,2,15,A01
200500063295,0,02,000,00,2,1,01,B02
200500063296,0,07,000,00,0,3,01,A01
200500063297,0,07,000,02,0,7,00,A01
200500063298,0,02,000,13,0,1,01,A01
200500063299,0,05,000,00,0,1,01,A01
200500063300,0,07,000,00,0,1,01,A01
200500063301,0,02,000,12,0,8,13,A01
200500063302,0,07,000,00,0,9,01,A01
200500063303,0,07,000,01,0,1,13,A01
200500063304,0,07,000,00,2,3,13,A01
200500063304,0,07,000,00,2,3,01,B02
200500063305,0,02,000,00,0,0,15,A01
200500063306,0,07,000,00,1,2,01,A01
200500063307,0,07,000,03,0,3,01,A01
200500063308,0,07,000,00,2,3,15,A01
200500063308,0,07,000,00,2,3,15,B02
200500063309,0,17,000,00,1,2,01,A01
200500063310,0,07,000,00,2,5,15,A01
200500063310,0,07,000,00,2,1,01,B02
200500063311,0,10,000,00,2,4,23,A01
200500063311,0,02,000,00,2,1,02,B02
200500063312,0,07,000,01,2,1,01,A01
200500063312,0,07,000,00,2,7,10,B02
200500063313,0,07,000,00,1,3,01,A01
200500063314,0,04,000,00,0,4,10,A01
200500063314,0,05,000,00,2,1,02,B02
200500063315,0,07,000,00,1,2,01,A01
200500063316,0,05,000,00,2,1,01,A01
200500063316,0,07,000,00,0,8,15,B02
200500063317,0,07,000,00,0,8,15,A01
200500063317,0,02,000,00,0,1,17,B02
200500063318,0,07,000,00,0,8,15,A01
200500063318,0,02,000,00,0,1,17,B02
200500063319,0,02,000,00,2,1,02,A01
200500063319,0,07,000,00,2,4,16,B02
200500063320,0,07,000,00,0,1,16,A01
200500063320,0,07,000,00,0,1,17,B02
200500063321,0,02,000,12,0,1,01,A01
200500063322,0,09,000,00,0,0,19,A01
200500063322,0,07,000,00,2,1,01,B02
200500063323,0,05,000,01,0,1,01,A01
200500063323,0,07,000,00,2,1,01,B02
200500063323,0,07,000,00,2,3,22,C03
200500063324,0,15,000,00,2,1,02,A01
200500063324,0,07,000,00,2,4,15,B02
200500063324,0,07,000,00,2,4,15,C03
200500063325,0,02,000,00,2,1,01,A01
200500063325,0,07,000,00,0,3,19,B02
200500063326,0,99,000,13,0,0,01,A01
200500063327,0,07,000,00,2,3,05,B02
200500063327,0,02,000,00,2,1,01,C03
200500063328,0,05,000,00,0,0,01,A01
200500063329,0,04,000,13,0,2,00,A01
200500063330,0,05,000,00,0,8,01,A01
200500063331,0,05,000,00,2,1,01,A01
200500063331,0,07,000,00,0,5,19,B02
200500063332,0,07,000,00,2,6,09,A01
200500063332,0,05,000,00,2,1,01,B02
200500063333,0,02,000,01,0,1,02,A01
200500063334,0,07,000,00,0,1,24,A01
200500063334,0,02,000,01,0,9,13,B02
200500063335,0,07,000,00,2,1,19,A01
200500063335,0,07,000,00,2,9,01,B02
200500063335,0,07,000,00,2,1,23,C03
200500063335,0,07,000,00,2,4,23,D04
200500063336,0,07,000,00,2,1,13,A01
200500063336,0,07,000,00,2,3,01,B02
200500063337,0,07,000,00,2,1,19,A01
200500063337,0,02,000,00,2,9,01,B02
200500063338,0,07,000,00,0,2,15,A01
200500063338,0,01,000,00,0,1,01,B02
200500063339,0,07,000,00,2,7,13,A01
200500063339,0,07,000,00,2,1,01,B02
200500063340,0,07,000,00,2,2,15,A01
200500063340,0,02,000,00,2,1,01,B02
200500063341,0,17,000,00,2,2,02,A01
200500063341,0,07,000,03,2,6,02,B02
200500063341,0,07,000,00,0,5,02,C03
200500063341,0,07,000,00,0,8,02,D04
200500063342,0,07,000,00,2,2,05,A01
200500063342,0,07,000,00,2,1,01,B02
200500063343,0,17,000,13,0,9,01,A01
200500063344,0,07,000,02,0,1,13,A01
200500063345,0,07,000,00,2,1,17,A01
200500063346,0,07,000,00,2,3,15,A01
200500063346,0,07,000,00,2,1,01,B02
200500063347,0,07,000,00,2,3,15,A01
200500063347,0,02,000,00,2,8,01,B02
200500063348,0,17,000,00,1,6,01,A01
200500063349,0,07,000,00,2,1,01,A01
200500063349,0,02,000,00,2,1,05,B02
200500063350,0,07,000,16,0,0,01,A01
200500063351,0,07,000,02,0,1,01,A01
200500063352,0,07,000,02,0,8,00,A01
200500063353,0,07,000,00,2,8,10,A01
200500063353,0,07,000,00,2,1,21,B02
200500063354,0,07,000,00,2,1,01,A01
200500063354,0,07,000,00,2,3,01,B02
200500063355,0,07,000,00,2,3,15,A01
200500063355,0,07,000,00,2,2,01,B02
200500063356,0,07,000,10,0,8,00,A01
200500063357,0,07,000,00,2,1,13,A01
200500063357,0,09,000,00,2,1,01,B02
200500063358,0,07,000,00,2,3,21,A01
200500063358,0,02,000,00,2,1,15,B02
200500063359,0,07,000,00,2,8,15,A01
200500063359,0,17,000,00,2,1,01,B02
200500063360,0,02,000,00,9,7,01,A01
200500063361,0,07,000,00,0,2,00,A01
200500063361,0,07,000,00,0,1,00,B02
200500063362,0,02,000,00,2,7,17,A01
200500063362,0,15,000,00,0,7,02,B02
200500063362,0,05,000,00,2,3,01,C03
200500063363,0,07,000,00,0,8,00,A01
200500063364,0,07,000,00,0,0,24,A01
200500063364,0,05,000,00,0,7,01,B02
200500063365,0,07,000,00,2,1,15,A01
200500063365,0,07,000,00,2,3,01,B02
200500063366,0,07,000,08,0,2,14,A01
200500063367,0,07,000,00,0,9,01,A01
200500063368,0,07,000,00,1,2,01,A01
200500063369,0,05,000,00,2,0,01,A01
200500063369,0,07,000,00,0,0,00,B02
200500063370,0,07,000,00,2,1,13,A01
200500063370,0,07,000,00,2,1,01,B02
200500063371,0,05,000,00,2,7,13,A01
200500063371,0,07,000,00,0,3,15,B02
200500063372,0,07,000,00,1,6,01,A01
200500063373,0,07,000,00,2,3,01,B02
200500063373,0,07,000,00,0,6,15,A01
200500063374,0,07,000,00,1,3,01,A01
200500063375,0,07,000,00,2,1,13,A01
200500063375,0,07,000,00,2,1,01,B02
200500063376,0,05,000,00,6,1,00,A01
200500063377,0,07,000,13,0,9,13,A01
200500063378,0,05,000,00,2,1,17,A01
200500063378,0,07,000,00,0,3,15,B02
200500063379,0,07,000,00,1,2,02,A01
200500063380,0,07,000,00,2,3,01,A01
200500063380,0,04,000,00,2,1,01,B02
200500063381,0,07,000,00,2,2,05,A01
200500063381,0,07,000,00,2,1,05,B02
200500063382,0,07,000,13,0,1,13,A01
200500063383,0,07,000,00,6,0,01,A01
200500063384,0,07,000,02,0,8,14,A01
200500063385,0,10,000,00,2,2,01,A01
200500063385,0,01,000,00,2,8,01,B02
200500063386,0,02,000,00,2,0,19,A01
200500063386,0,07,000,00,2,2,01,B02
200500063387,0,17,000,00,1,1,01,A01
200500063388,0,07,000,08,0,1,01,A01
200500063389,0,07,000,00,2,1,15,A01
200500063389,0,07,000,00,2,1,01,B02
200500063390,0,05,000,00,2,1,01,A01
200500063390,0,03,000,00,2,3,15,B02
200500063391,0,07,000,02,0,2,01,A01
200500063392,0,05,000,06,0,1,01,A01
200500063393,0,07,000,00,2,2,15,A01
200500063393,0,07,000,00,2,1,01,B02
200500063393,0,07,000,00,2,2,23,C03
200500063394,0,07,000,08,2,2,17,A01
200500063394,0,07,000,00,2,3,01,B02
200500063395,0,02,000,00,2,1,17,A01
200500063395,0,07,000,00,2,1,01,B02
200500063396,0,07,000,06,0,1,01,A01
200500063397,0,07,000,00,2,1,01,A01
200500063397,0,07,000,00,2,2,13,B02
200500063398,0,07,000,00,1,3,11,A01
200500063399,0,07,000,00,2,3,13,A01
200500063399,0,07,000,00,2,3,01,B02
200500063400,0,05,000,00,0,9,01,A01
200500063401,0,07,000,08,0,1,01,A01
200500063402,0,07,000,08,0,3,14,A01
200500063403,0,15,000,10,2,1,13,A01
200500063403,0,07,000,00,2,1,01,B02
200500063404,0,07,000,00,2,3,09,A01
200500063404,0,05,000,00,2,1,01,B02
200500063405,0,05,000,00,2,8,05,A01
200500063405,0,07,000,13,2,6,05,B02
200500063406,1,07,000,00,1,0,00,A01
200500063407,0,07,000,13,0,2,01,A01
200500063408,0,07,000,00,2,1,15,A01
200500063408,0,05,000,00,2,0,01,B02
200500063409,0,07,000,00,9,1,15,A01
200500063409,0,02,000,00,2,1,01,B02
200500063410,0,05,000,13,0,1,01,A01
200500063411,0,07,000,00,2,7,00,A01
200500063411,0,07,000,00,2,1,19,B02
200500063412,0,02,000,00,2,1,13,A01
200500063412,0,07,000,00,2,2,01,B02
200500063413,0,07,000,00,2,3,01,A01
200500063413,0,07,000,00,2,3,01,B02
200500063414,0,05,000,13,0,1,16,A01
200500063415,0,09,000,00,2,1,00,A01
200500063415,0,07,000,00,2,1,01,B02
200500063416,0,07,000,00,2,2,09,A01
200500063416,0,07,000,00,2,1,01,B02
200500063417,0,07,000,00,2,2,01,A01
200500063417,0,99,000,00,2,4,19,B02
200500063418,0,17,000,00,1,7,19,A01
200500063419,0,07,000,02,0,1,21,A01
200500063420,0,07,000,00,2,7,15,A01
200500063420,0,05,000,00,2,5,01,B02
200500063421,0,15,000,00,0,0,01,A01
200500063421,0,07,000,00,2,3,01,C03
200500063421,0,09,000,00,2,3,01,D04
200500063422,0,05,000,13,0,1,01,A01
200500063423,0,07,000,03,0,2,13,A01
200500063424,0,07,000,06,0,1,01,A01
200500063425,0,02,000,00,2,1,16,A01
200500063425,0,07,000,00,2,1,01,B02
200500063426,0,07,000,00,2,2,01,A01
200500063426,0,07,000,00,2,1,01,B02
200500063427,0,02,000,00,2,3,01,A01
200500063427,0,07,000,00,2,3,19,B02
200500063428,0,07,000,00,9,0,01,A01
200500063428,0,01,000,00,5,0,01,B02
200500063429,0,07,000,01,0,7,01,A01
200500063429,0,17,000,01,1,5,22,B02
200500063430,0,07,000,00,1,3,01,A01
200500063431,0,07,000,00,2,7,13,A01
200500063431,0,07,000,00,2,1,01,B02
200500063432,0,07,000,00,2,5,11,A01
200500063432,0,05,000,00,2,3,01,B02
200500063433,0,03,000,01,1,4,04,A01
200500063433,0,07,000,00,2,5,24,B02
200500063434,0,07,000,00,2,1,01,A01
200500063434,0,07,000,00,2,1,01,B02
200500063435,0,07,000,00,2,2,01,A01
200500063435,0,02,000,00,2,3,15,B02
200500063436,0,07,000,00,2,3,09,A01
200500063436,0,07,000,00,0,5,21,B02
200500063437,0,05,000,00,2,8,13,A01
200500063437,0,07,000,00,2,6,13,B02
200500063438,0,05,000,00,0,7,01,A01
200500063439,0,07,000,00,2,3,01,A01
200500063439,0,07,000,00,2,3,17,B02
200500063440,0,05,000,00,2,1,02,A01
200500063440,0,07,000,00,0,5,23,B02
200500063441,0,07,000,00,2,2,14,A01
200500063441,0,07,000,00,0,0,00,B02
200500063441,0,07,000,00,2,1,23,C03
200500063442,0,07,000,00,2,8,13,A01
200500063442,0,07,000,00,2,2,01,B02
200500063443,0,07,000,08,0,1,01,A01
200500063444,0,07,000,10,0,9,01,A01
200500063445,0,07,000,00,2,2,19,A01
200500063445,0,05,000,00,2,2,01,B02
200500063446,0,05,000,02,0,1,01,A01
200500063447,0,02,000,14,0,8,21,A01
200500063448,0,07,000,13,0,3,01,A01
200500063449,0,05,000,09,0,1,01,A01
200500063450,0,07,000,00,2,3,13,A01
200500063450,0,07,000,00,2,3,01,B02
200500063451,0,07,000,00,2,1,01,A01
200500063451,0,02,000,00,2,1,01,B02
200500063452,0,07,000,02,0,3,01,A01
200500063453,0,05,000,12,0,2,01,A01
200500063454,0,02,000,00,1,1,17,A01
200500063455,0,18,001,03,9,9,01,A01
200500063455,0,20,000,00,2,5,04,B02
200500063456,0,07,000,00,2,2,01,A01
200500063456,0,07,000,00,0,0,00,B02
200500063457,0,07,000,00,2,1,19,A01
200500063457,0,07,000,00,2,3,01,B02
200500063458,0,07,000,00,0,9,01,A01
200500063459,0,21,000,00,0,3,19,A01
200500063459,0,05,000,00,2,1,01,B02
200500063460,0,07,000,00,2,3,13,A01
200500063460,0,07,000,00,2,3,01,B02
200500063461,0,07,000,02,0,1,14,A01
200500063462,0,07,000,00,1,2,01,A01
200500063463,0,07,000,00,2,3,13,A01
200500063463,0,07,000,00,2,3,01,B02
200500063464,0,07,000,00,0,3,15,A01
200500063464,0,07,000,00,2,1,01,B02
200500063465,0,07,000,00,1,2,19,A01
200500063466,0,10,000,00,0,3,19,A01
200500063466,0,05,000,00,2,1,01,B02
200500063467,0,05,000,00,2,1,01,A01
200500063467,0,15,000,00,0,0,15,B02
200500063467,0,07,000,00,9,3,01,D04
200500063468,0,07,000,00,2,1,15,A01
200500063468,0,09,000,00,2,8,01,B02
200500063469,0,07,000,00,1,1,01,A01
200500063470,0,01,000,08,0,1,01,A01
200500063471,0,07,000,00,2,2,17,A01
200500063471,0,07,000,00,2,3,01,B02
200500063471,0,07,000,00,2,1,01,C03
200500063472,0,07,000,00,5,1,00,A01
200500063472,0,07,000,00,5,1,01,B02