Num_Acc,senc,catv,occutc,obs,obsm,choc,manv,num_veh
200500063868,0,10,000,00,1,3,01,A01
200500063869,0,07,000,00,2,1,01,A01
200500063869,0,02,000,00,2,8,19,B02
200500063870,0,07,000,00,1,1,01,A01
200500063871,0,07,000,02,0,3,01,A01
200500063872,0,07,000,16,0,1,01,A01
200500063873,0,07,000,06,0,1,21,A01
200500063874,0,07,000,13,0,1,21,A01
200500063875,0,07,000,00,2,1,13,A01
200500063875,0,05,000,00,2,1,01,B02
200500063876,0,07,000,00,2,2,15,A01
200500063876,0,05,000,00,2,2,01,B02
200500063877,0,02,000,13,0,1,02,A01
200500063878,0,05,000,00,2,1,01,A01
200500063878,0,07,000,00,2,3,16,B02
200500063879,0,05,000,00,2,3,01,A01
200500063879,0,07,000,00,0,3,15,B02
200500063880,0,07,000,00,2,3,01,A01
200500063880,0,15,000,00,2,3,01,B02
200500063881,0,07,000,00,2,3,01,A01
200500063881,0,07,000,00,2,1,13,B02
200500063881,0,07,000,00,2,1,13,C03
200500063882,0,05,000,03,0,1,01,A01
200500063883,0,07,000,02,0,2,13,A01
200500063884,0,02,000,00,2,7,01,A01
200500063884,0,07,000,00,2,2,01,B02
200500063885,0,07,000,00,2,7,01,A01
200500063885,0,07,000,00,2,1,01,B02
200500063886,0,14,000,00,2,8,10,A01
200500063886,0,17,000,00,2,2,01,B02
200500063886,0,07,000,00,2,1,24,C03
200500063887,0,17,000,13,0,1,01,A01
200500063888,0,05,000,00,2,1,17,A01
200500063888,0,07,000,06,2,6,15,B02
200500063889,0,02,000,08,0,1,01,A01
200500063890,0,07,000,00,2,6,17,A01
200500063890,0,05,000,13,2,0,17,B02
200500063891,0,07,000,00,2,1,01,A01
200500063891,0,07,000,00,2,2,19,B02
200500063892,0,07,000,00,1,3,15,A01
200500063893,0,07,000,00,2,3,13,A01
200500063893,0,14,000,00,2,3,01,B02
200500063894,0,07,000,00,1,2,00,A01
200500063894,0,99,000,00,2,0,19,B02
200500063895,0,07,000,00,2,1,01,A01
200500063895,0,07,000,00,2,1,13,B02
200500063896,0,07,000,00,2,1,15,A01
200500063896,0,07,000,00,2,1,01,B02
200500063897,0,07,000,00,0,0,00,A01
200500063897,0,02,000,00,0,3,01,B02
200500063898,0,07,000,00,2,1,13,A01
200500063898,0,07,000,00,2,1,01,B02
200500063899,0,07,000,16,0,3,01,A01
200500063900,0,07,000,02,0,1,17,A01
200500063901,0,07,000,02,0,1,01,A01
200500063902,0,02,000,00,2,1,13,A01
200500063902,0,07,000,00,2,3,01,B02
200500063903,0,07,000,13,0,1,01,A01
200500063904,0,07,000,13,0,3,14,A01
200500063905,0,07,000,13,0,3,13,A01
200500063906,0,07,000,00,1,2,15,A01
200500063907,0,07,000,00,2,1,01,A01
200500063907,0,07,000,00,2,1,01,B02
200500063908,0,07,000,00,1,3,01,A01
200500063909,0,07,000,00,2,6,01,A01
200500063909,0,02,000,00,2,1,01,B02
200500063910,0,07,000,02,0,3,01,A01
200500063911,0,07,000,00,2,7,01,A01
200500063911,0,07,000,00,2,1,01,B02
200500063912,0,05,000,00,2,7,01,A01
200500063912,0,07,000,00,2,3,15,B02
200500063913,0,05,000,00,2,2,17,A01
200500063913,0,13,000,00,2,3,15,B02
200500063914,0,07,000,00,2,2,01,A01
200500063914,0,05,000,00,2,1,19,B02
200500063915,0,07,000,00,2,1,19,B02
200500063915,0,07,000,00,2,8,01,A01
200500063916,0,07,000,06,0,2,01,A01
200500063917,0,07,000,00,2,3,05,A01
200500063917,0,07,000,00,2,3,01,B02
200500063918,0,07,000,00,2,1,13,A01
200500063918,0,10,000,00,2,1,01,B02
200500063919,0,07,000,13,0,1,01,A01
200500063920,0,07,000,00,2,3,13,A01
200500063920,0,02,000,00,2,1,01,B02
200500063921,0,07,000,00,2,1,13,A01
200500063921,0,07,000,00,2,1,01,B02
200500063922,0,07,000,00,2,6,20,A01
200500063922,0,05,000,00,2,1,01,B02
200500063923,0,07,000,13,0,9,01,A01
200500063924,0,07,000,00,2,3,01,A01
200500063924,1,07,000,00,2,3,00,B02
200500063925,0,07,000,00,2,1,17,A01
200500063925,0,07,000,00,2,4,17,B02
200500063926,0,05,000,00,0,1,21,A01
200500063927,0,02,000,13,0,1,19,A01
200500063928,0,02,000,00,0,7,00,A01
200500063929,0,07,000,00,2,3,17,A01
200500063929,0,07,000,00,0,3,01,B02
200500063930,0,07,000,00,0,8,01,A01
200500063930,0,07,000,00,0,1,01,B02
200500063931,0,02,000,00,1,1,01,A01
200500063932,0,07,000,02,0,1,13,A01
200500063933,0,07,000,13,0,3,13,A01
200500063934,0,05,000,00,2,1,01,B02
200500063934,0,07,000,00,2,8,15,A01
200500063935,0,07,000,00,9,2,01,A01
200500063935,0,01,000,00,2,8,15,B02
200500063936,0,05,000,13,0,1,02,A01
200500063937,0,10,000,00,2,3,01,A01
200500063937,0,12,000,00,2,3,01,B02
200500063938,0,07,000,00,2,2,15,A01
200500063938,0,07,000,00,2,2,01,B02
200500063939,0,07,000,00,1,1,01,A01
200500063940,0,07,000,02,0,2,01,A01
200500063941,0,15,000,00,2,2,01,A01
200500063941,0,07,000,00,2,2,13,B02
200500063942,0,07,000,00,2,7,19,A01
200500063942,0,07,000,00,2,1,01,B02
200500063943,0,05,000,00,2,1,13,A01
200500063943,0,07,000,00,2,1,02,B02
200500063944,0,07,000,00,2,1,01,A01
200500063944,0,07,000,00,2,1,00,B02
200500063945,0,07,000,06,0,0,01,A01
200500063946,0,07,000,13,0,2,01,A01
200500063947,0,07,000,00,1,4,23,A01
200500063947,0,14,000,00,2,1,02,B02
200500063948,0,07,000,00,1,1,01,A01
200500063949,0,07,000,06,0,8,01,A01
200500063950,0,05,000,00,0,8,01,A01
200500063951,0,21,000,00,2,3,19,A01
200500063951,0,07,000,00,2,2,01,B02
200500063952,0,07,000,00,2,5,16,A01
200500063952,0,05,000,00,2,1,02,B02
200500063953,0,17,000,16,0,8,01,A01
200500063954,0,07,000,06,0,1,01,A01
200500063955,0,07,000,02,0,8,01,A01
200500063956,0,02,000,00,0,0,00,A01
200500063956,0,02,000,00,0,0,17,B02
200500063957,0,07,000,00,0,7,15,A01
200500063957,0,05,000,00,2,1,01,B02
200500063958,0,07,000,00,2,7,16,A01
200500063958,0,01,000,00,2,1,01,B02
200500063959,0,07,000,02,0,2,01,A01
200500063960,0,07,000,00,2,1,17,A01
200500063960,0,07,000,00,2,1,01,B02
200500063961,0,07,000,02,0,1,01,A01
200500063962,0,02,000,00,0,1,01,A01
200500063963,0,07,000,00,2,2,01,A01
200500063963,0,07,000,00,2,2,01,B02
200500063964,0,07,000,00,2,1,11,A01
200500063964,0,05,000,00,2,1,01,B02
200500063965,0,07,000,00,2,1,01,A01
200500063965,0,07,000,00,2,1,05,B02
200500063966,0,01,000,00,0,4,02,A01
200500063966,0,07,000,00,0,2,02,B02
200500063967,0,07,000,00,0,0,01,A01
200500063968,0,02,000,00,0,1,15,A01
200500063969,0,07,000,00,2,2,13,A01
200500063969,0,17,000,00,2,7,01,B02
200500063970,0,05,000,13,0,1,01,A01
200500063971,0,07,000,00,0,4,23,A01
200500063971,0,02,000,00,2,1,02,B02
200500063972,0,14,000,00,2,3,02,A01
200500063972,0,17,000,00,0,6,11,B02
200500063973,0,07,000,04,0,2,01,A01
200500063974,0,07,000,03,0,2,00,A01
200500063975,0,07,000,00,2,2,01,A01
200500063975,0,17,000,00,0,0,17,B02
200500063976,0,07,000,00,2,8,19,C03
200500063976,0,07,000,01,2,1,01,D04
200500063976,0,07,000,00,0,0,23,A01
200500063976,0,07,000,00,0,0,24,B02
200500063977,0,07,000,00,2,8,09,A01
200500063977,0,05,000,00,2,1,01,B02
200500063978,0,05,000,00,0,1,01,A01
200500063979,0,07,000,00,2,3,13,A01
200500063979,0,07,000,00,2,3,01,B02
200500063980,0,07,000,00,2,6,13,A01
200500063980,0,07,000,00,2,1,00,B02
200500063981,0,07,000,00,0,1,15,A01
200500063981,0,07,000,00,0,1,01,B02
200500063982,0,07,000,01,2,8,10,A01
200500063982,0,04,000,00,2,1,01,B02
200500063983,0,07,000,00,0,8,13,A01
200500063983,0,07,000,00,0,8,01,B02
200500063984,0,07,000,00,2,1,15,A01
200500063984,0,07,000,00,2,1,01,B02
200500063985,0,07,000,00,2,1,19,A01
200500063985,0,02,000,00,2,1,19,B02
200500063986,0,07,000,00,2,1,13,A01
200500063986,0,07,000,00,2,1,01,B02
200500063987,0,07,000,13,0,1,01,A01
200500063988,1,07,000,00,1,0,00,A01
200500063989,0,07,000,00,0,1,01,A01
200500063990,0,07,000,13,0,1,01,A01
200500063991,0,14,000,13,0,2,01,A01
200500063992,0,13,000,13,0,2,01,A01
200500063993,0,07,000,00,2,1,05,A01
200500063993,0,07,000,00,2,1,01,B02
200500063994,0,07,000,00,2,1,17,B02
200500063994,0,07,000,00,2,2,16,A01
200500063995,0,07,000,00,0,6,15,A01
200500063995,0,05,000,00,2,1,17,B02
200500063996,0,07,000,00,2,4,16,A01
200500063996,0,07,000,00,2,1,01,B02
200500063997,0,04,000,00,0,5,00,A01
200500063998,0,05,000,00,2,1,02,A01
200500063999,0,07,000,15,1,2,14,A01
200500064000,0,05,000,00,0,0,01,A01
200500064001,0,07,000,00,2,2,01,A01
200500064001,0,02,000,00,2,8,15,B02
200500064002,0,21,000,00,0,4,02,A01
200500064002,0,07,000,00,0,2,02,B02
200500064002,0,07,000,00,2,1,05,C03
200500064003,0,02,000,12,0,2,01,A01
200500064004,0,05,000,00,2,1,05,A01
200500064004,0,07,000,00,2,3,05,B02
200500064005,0,07,000,00,2,1,17,A01
200500064005,0,07,000,00,2,1,01,B02
200500064006,0,07,000,00,0,0,01,A01
200500064007,0,07,000,16,0,9,17,A01
200500064008,0,99,000,00,0,0,01,A01
200500064009,0,05,000,13,0,7,14,A01
200500064010,0,07,000,02,6,1,01,A01
200500064011,0,07,000,02,0,2,14,A01
200500064012,0,07,000,10,2,6,01,A01
200500064012,0,07,000,00,2,8,01,B02
200500064013,0,07,000,16,0,0,01,A01
200500064014,0,07,000,13,0,3,13,A01
200500064015,0,05,000,00,2,1,01,A01
200500064015,1,07,000,00,2,3,13,B02
200500064016,0,07,000,00,2,3,01,A01
200500064016,0,07,000,00,2,3,01,B02
200500064017,0,07,000,00,0,7,15,A01
200500064017,0,05,000,00,2,1,01,B02
200500064018,0,02,000,04,0,1,01,A01
200500064019,0,07,000,00,0,8,01,B02
200500064019,0,07,000,00,0,2,01,A01
200500064020,0,07,000,00,2,2,01,A01
200500064020,0,21,000,00,2,6,01,B02
200500064021,0,07,000,00,1,2,01,A01
200500064022,0,07,000,00,2,3,13,A01
200500064022,0,07,000,00,2,1,01,B02
200500064022,0,14,000,00,2,1,01,C03
200500064023,0,07,000,00,0,2,01,A01
200500064024,0,07,000,00,0,0,01,A01
200500064025,0,05,000,00,1,1,13,A01
200500064026,0,05,000,08,0,1,01,A01
200500064027,0,07,000,08,0,1,01,A01
200500064028,0,07,000,00,0,1,13,A01
200500064028,0,07,000,00,0,1,00,B02
200500064029,0,07,000,02,0,7,13,A01
200500064030,0,04,000,00,2,1,13,A01
200500064030,0,07,000,00,2,3,01,B02
200500064031,0,07,000,00,1,2,01,A01
200500064032,0,05,000,00,1,1,01,A01
200500064033,0,07,000,00,2,3,13,A01
200500064033,0,07,000,00,2,1,01,B02
200500064033,0,07,000,00,2,7,01,C03
200500064034,0,07,000,00,5,1,01,A01
200500064035,0,04,000,00,2,3,02,A01
200500064035,0,05,000,00,0,4,01,B02
200500064036,0,07,000,00,1,1,00,A01
200500064037,0,07,000,00,2,0,15,A01
200500064037,0,04,000,00,2,1,01,B02
200500064038,0,07,000,06,0,1,00,A01
200500064039,0,07,000,00,2,8,06,A01
200500064039,0,05,000,00,2,2,17,B02
200500064040,0,07,000,00,2,3,15,A01
200500064040,0,05,000,00,2,2,01,B02
200500064041,0,07,000,00,2,1,00,A01
200500064041,0,07,000,00,2,1,01,B02
200500064042,0,05,000,00,2,1,17,A01
200500064042,0,07,000,00,2,6,01,B02
200500064042,0,07,000,00,2,3,01,C03
200500064043,0,02,000,06,0,1,01,A01
200500064044,0,05,000,00,2,1,13,A01
200500064044,0,07,000,00,2,1,01,B02
200500064045,0,02,000,00,6,0,01,A01
200500064046,0,07,000,02,0,3,13,A01
200500064047,0,07,000,00,2,2,16,A01
200500064047,0,02,000,00,2,1,01,B02
200500064048,0,07,000,00,2,8,09,A01
200500064048,0,05,000,00,2,1,21,B02
200500064049,0,07,000,02,0,1,01,A01
200500064050,0,07,000,02,0,1,00,A01
200500064051,0,07,000,00,0,4,02,A01
200500064051,0,07,000,00,2,1,02,B02
200500064051,0,07,000,00,2,4,02,C03
200500064051,0,07,000,00,2,1,02,D04
200500064051,0,07,000,00,2,1,00,E05
200500064052,0,07,000,00,2,2,01,B02
200500064052,0,07,000,00,2,8,19,A01
200500064053,0,07,000,00,2,2,01,A01
200500064053,0,01,000,00,2,1,15,B02
200500064054,0,05,000,00,2,2,17,A01
200500064054,0,07,000,00,0,3,15,B02
200500064055,0,02,000,00,2,1,13,A01
200500064055,0,07,000,00,2,1,00,B02
200500064056,0,01,000,00,2,0,02,A01
200500064057,0,07,000,00,1,2,01,A01
200500064058,0,05,000,00,2,2,01,A01
200500064058,0,07,000,00,2,5,15,B02
200500064059,0,07,000,01,0,9,20,A01
200500064059,0,07,000,00,2,4,23,B02
200500064059,0,07,000,00,2,5,23,C03
200500064059,0,07,000,00,2,2,23,D04
200500064060,0,01,000,00,2,0,00,A01
200500064060,0,07,000,00,0,0,00,B02
200500064061,0,02,000,00,0,4,02,A01
200500064061,0,02,000,00,0,1,02,B02
200500064062,0,05,000,00,2,2,13,A01
200500064062,0,07,000,00,2,2,01,B02
200500064063,0,07,000,00,2,1,01,A01
200500064063,0,07,000,00,2,1,01,B02
200500064064,0,07,000,00,1,1,01,A01
200500064065,0,05,000,00,2,7,01,A01
200500064065,0,07,000,00,2,1,16,B02
200500064066,0,07,000,00,2,2,17,A01
200500064066,0,07,000,00,2,6,01,B02
200500064067,0,07,000,00,2,3,05,A01
200500064067,0,07,000,00,2,3,01,B02
200500064068,0,07,000,00,2,3,01,A01
200500064068,0,07,000,00,2,3,13,B02
200500064069,0,05,000,00,2,1,17,A01
200500064069,0,15,000,00,2,3,01,B02
200500064070,0,07,000,00,2,3,15,A01
200500064070,0,05,000,00,2,1,01,B02
200500064071,0,07,000,00,2,2,15,B02
200500064071,0,09,000,00,2,2,01,A01
200500064072,0,07,000,01,0,2,00,A01
200500064072,0,07,000,00,0,6,00,B02
200500064073,0,07,000,00,9,0,15,A01
200500064073,0,01,000,00,0,1,01,B02
200500064074,0,05,000,00,2,1,17,A01
200500064074,0,07,000,00,0,8,15,B02
200500064075,0,07,000,00,2,3,10,A01
200500064075,0,02,000,00,2,1,01,B02
200500064076,0,07,000,00,0,8,01,A01
200500064076,0,02,000,00,2,1,13,B02
200500064077,0,18,000,00,2,3,01,A01
200500064077,0,07,000,00,2,3,01,B02
200500064078,0,07,000,00,9,1,16,A01
200500064078,0,01,000,00,0,7,00,B02
200500064079,0,07,000,13,0,1,01,A01
200500064080,0,07,000,00,2,3,01,A01
200500064080,0,07,000,00,2,4,15,B02
200500064080,0,07,000,00,0,4,15,C03
200500064081,0,07,000,08,0,1,01,A01
200500064082,0,05,000,04,0,8,13,A01
200500064083,0,07,000,00,1,1,01,A01
200500064084,0,07,000,00,2,1,01,A01
200500064084,0,07,000,00,2,8,15,B02
200500064085,0,07,000,02,0,1,13,A01
200500064086,0,21,000,00,0,0,04,A01
200500064087,0,07,000,00,2,8,13,A01
200500064087,0,09,000,00,2,8,01,B02
200500064087,0,07,000,00,2,8,01,C03
200500064087,0,07,000,00,2,1,01,D04
200500064088,0,07,000,00,2,1,01,A01
200500064088,0,07,000,00,0,7,01,B02
200500064088,0,07,000,00,2,1,01,C03
200500064088,0,07,000,00,2,1,01,D04
200500064089,0,07,000,00,9,2,01,A01
200500064089,0,01,000,00,2,8,19,B02
200500064090,0,07,000,00,2,6,19,A01
200500064090,0,05,000,00,2,8,01,B02
200500064091,0,07,000,00,1,2,15,A01
200500064092,0,05,000,10,0,1,13,A01
200500064093,0,07,000,13,0,3,14,A01
200500064094,0,05,000,00,0,7,01,A01
200500064095,0,99,000,00,2,3,13,A01
200500064095,0,07,000,00,2,3,01,B02
200500064096,0,17,000,00,2,2,15,A01
200500064096,0,05,000,00,2,1,01,B02
200500064097,0,07,000,00,2,3,13,A01
200500064097,0,17,000,00,2,3,23,B02
200500064098,0,02,000,11,0,1,06,A01
200500064099,0,15,000,00,2,1,01,A01
200500064099,0,07,000,00,2,1,01,B02
200500064100,0,07,000,00,2,3,17,A01
200500064100,0,21,000,00,2,8,15,B02
200500064101,0,07,000,00,1,4,04,A01
200500064102,0,07,000,00,2,1,02,A01
200500064102,0,07,000,00,0,4,02,B02
200500064103,0,01,000,00,0,3,21,A01
200500064103,0,17,000,00,0,7,01,B02
200500064104,0,02,000,00,2,1,14,A01
200500064104,0,07,000,00,2,5,15,B02
200500064105,0,05,000,00,2,5,01,B02
200500064105,0,07,000,00,2,3,09,A01
200500064106,0,07,000,00,2,8,01,A01
200500064106,0,05,000,00,2,7,01,B02
200500064107,0,02,000,00,0,0,01,A01
200500064108,0,07,000,00,1,2,16,A01
200500064109,0,07,000,00,2,2,01,A01
200500064109,0,02,000,00,2,1,15,B02
200500064110,0,07,000,00,2,6,09,A01
200500064110,0,07,000,00,2,1,01,B02
200500064111,0,07,000,00,2,7,13,A01
200500064111,0,07,000,00,2,1,01,B02
200500064112,0,07,000,01,1,3,13,A01
200500064113,0,07,000,00,2,1,00,A01
200500064113,0,07,000,02,2,1,01,B02
200500064114,0,07,000,00,0,0,00,A01
200500064114,0,07,000,00,2,1,01,B02
200500064115,0,07,000,00,2,5,19,A01
200500064115,0,05,000,00,2,1,01,B02
200500064116,0,10,000,00,2,3,01,A01
200500064116,0,07,000,00,2,6,01,B02
200500064116,0,07,000,00,2,3,01,C03
200500064116,0,07,000,00,2,0,01,D04
200500064116,0,07,000,00,2,1,01,E05
200500064117,0,07,000,13,0,1,01,A01
200500064118,0,07,000,06,0,3,01,A01
200500064119,0,07,000,13,0,1,00,A01
200500064120,0,07,000,13,0,1,01,A01
200500064121,0,07,000,00,0,7,01,A01
200500064122,0,05,000,12,0,1,01,A01
200500064123,0,07,000,00,2,2,01,A01
200500064123,0,02,000,00,2,1,01,B02
200500064124,0,07,000,02,0,3,13,A01
200500064125,0,07,000,00,1,2,01,A01
200500064126,0,07,000,00,6,1,01,A01
200500064126,0,07,000,00,0,4,02,B02
200500064126,0,05,000,00,0,1,00,C03
200500064127,0,02,000,00,2,8,19,A01
200500064127,0,07,000,00,2,2,01,B02
200500064128,0,07,000,00,2,0,00,A01
200500064129,0,07,000,00,2,1,15,A01
200500064129,0,07,000,00,2,0,00,B02
200500064130,0,07,000,01,0,2,02,A01
200500064130,0,07,000,00,2,4,24,B02
200500064131,0,07,000,02,0,6,01,A01
200500064132,0,02,000,00,2,2,17,A01
200500064132,0,07,000,00,0,3,15,B02
200500064133,0,07,000,00,2,5,01,A01
200500064133,0,10,000,00,2,3,09,B02
200500064134,0,07,000,00,2,1,01,A01
200500064134,0,18,001,00,2,1,00,B02
200500064135,0,02,000,08,0,1,00,A01
200500064136,0,05,000,03,0,2,15,A01
200500064137,0,07,000,00,2,1,01,A01
200500064137,0,07,000,00,2,1,13,B02
200500064138,0,07,000,00,2,1,01,A01
200500064138,0,07,000,00,2,1,13,B02
200500064139,0,07,000,00,2,1,01,A01
200500064139,0,10,000,00,2,3,19,B02
200500064140,0,07,000,02,0,1,14,A01
200500064141,0,07,000,00,2,1,01,A01
200500064141,0,07,000,00,0,8,01,B02
200500064142,0,07,000,00,0,9,13,A01
200500064143,0,07,000,10,0,3,19,A01
200500064144,0,05,000,00,0,7,01,A01
200500064145,0,02,000,00,2,1,17,A01
200500064145,0,07,000,00,2,8,15,B02
200500064146,0,05,000,00,2,1,01,A01
200500064146,0,07,000,00,2,3,19,B02
200500064147,0,05,000,00,2,3,01,A01
200500064147,0,07,000,00,2,3,15,B02
200500064148,0,07,000,00,9,8,01,A01
200500064148,0,01,000,00,2,7,16,B02
200500064149,0,07,000,02,0,6,21,A01
200500064150,0,10,000,08,0,9,01,A01
200500064151,0,07,000,00,2,3,13,A01
200500064151,0,07,000,00,2,8,01,B02
200500064151,0,07,000,00,2,8,01,C03
200500064152,0,07,000,00,2,2,01,A01
200500064152,0,07,000,00,2,3,15,B02
200500064153,0,07,000,00,9,1,01,A01
200500064153,1,05,000,00,2,1,19,B02
200500064154,0,07,000,00,0,1,15,A01
200500064154,0,07,000,00,0,1,01,B02
200500064155,0,07,000,00,2,2,13,A01
200500064155,0,07,000,00,2,1,01,B02
200500064156,0,08,000,00,2,6,10,A01
200500064156,0,05,000,00,2,1,01,B02
200500064157,0,17,000,00,9,8,01,A01
200500064157,0,02,000,00,9,7,17,B02
200500064158,0,07,000,08,0,3,01,A01
200500064159,0,07,000,00,2,2,01,A01
200500064159,0,02,000,00,2,1,13,B02
200500064160,0,07,000,00,2,5,17,A01
200500064160,0,07,000,00,2,3,16,B02
200500064161,0,07,000,00,0,6,15,A01
200500064161,0,05,000,00,2,1,17,B02
200500064162,0,01,000,00,2,1,01,A01
200500064162,0,07,000,00,2,3,15,B02
200500064163,0,07,000,00,2,5,15,A01
200500064163,0,02,000,00,2,1,02,B02
200500064164,0,07,000,02,0,2,21,A01
200500064165,0,07,000,00,9,5,15,A01
200500064165,0,05,000,00,2,1,01,B02
200500064166,0,07,000,00,2,1,13,A01
200500064166,0,07,000,00,2,1,01,B02
200500064167,0,07,000,00,2,1,13,A01
200500064167,0,07,000,00,2,1,01,B02
200500064168,0,05,000,15,0,1,14,A01
200500064169,0,05,000,11,0,1,01,A01
200500064170,0,07,000,00,0,0,00,A01
200500064170,0,07,000,00,2,3,01,B02
200500064171,0,02,000,12,0,1,01,A01
200500064172,0,07,000,00,2,2,01,A01
200500064172,0,02,000,00,2,1,01,B02
200500064173,0,07,000,08,2,3,15,A01
200500064173,0,07,000,00,2,1,01,B02
200500064174,0,05,000,00,2,3,00,A01
200500064175,0,07,000,00,9,2,01,A01
200500064175,0,01,000,00,2,3,15,B02
200500064176,0,07,000,13,0,9,00,A01
200500064177,0,07,000,00,0,2,01,A01
200500064178,0,07,000,10,0,1,00,A01
200500064179,0,02,000,00,0,7,01,A01
200500064180,0,07,000,00,2,2,13,A01
200500064180,0,07,000,00,2,2,01,B02
200500064180,0,07,000,00,2,8,01,C03
200500064181,0,07,000,10,0,1,14,A01
200500064182,0,04,000,15,0,1,13,A01
200500064183,0,07,000,00,1,1,15,A01
200500064184,0,07,000,06,0,1,14,A01
200500064185,0,07,000,00,2,3,01,A01
200500064185,0,02,000,00,2,3,16,B02
200500064186,0,12,000,06,0,3,13,A01
200500064187,0,07,000,00,2,8,17,A01
200500064187,0,05,000,03,2,1,01,B02
200500064188,0,07,000,02,0,3,01,A01
200500064189,0,07,000,13,0,3,13,A01
200500064190,0,07,000,00,2,1,01,A01
200500064190,0,20,000,00,0,6,01,B02
200500064191,0,05,000,00,0,7,01,A01
200500064192,0,05,000,03,9,9,01,A01
200500064192,0,07,000,00,0,0,02,B02
200500064193,0,07,000,00,2,2,01,A01
200500064193,0,02,000,00,2,8,15,B02
200500064194,0,09,000,00,1,5,01,A01
200500064195,0,05,000,00,2,1,01,A01
200500064196,0,07,000,00,1,3,01,A01
200500064196,0,07,000,00,1,1,01,B02
200500064197,0,07,000,00,2,3,01,A01
200500064197,0,02,000,00,2,1,13,B02
200500064198,1,07,000,00,1,2,01,A01
200500064199,0,02,000,01,0,1,01,A01
200500064199,0,10,000,00,0,4,23,B02
200500064199,0,02,000,00,0,0,00,C03
200500064200,0,07,000,00,0,0,00,A01
200500064201,0,07,000,00,0,4,02,A01
200500064201,0,02,000,00,2,1,02,B02
200500064202,0,07,000,00,2,1,01,A01
200500064202,0,07,000,00,2,1,01,B02
200500064203,0,07,000,00,2,7,10,A01
200500064203,0,07,000,00,2,1,01,B02
200500064204,0,07,000,00,1,4,04,A01
200500064205,0,05,000,03,2,1,17,A01
200500064205,0,07,000,00,0,1,01,B02
200500064206,0,07,000,00,2,8,19,A01
200500064206,0,05,000,00,2,1,01,B02
200500064207,0,07,000,00,2,1,15,A01
200500064207,0,07,000,00,2,3,01,B02
200500064208,0,05,000,00,0,8,01,A01
200500064209,0,07,000,08,0,2,17,A01
200500064210,0,05,000,00,5,1,01,A01
200500064211,0,07,000,00,0,9,01,A01
200500064212,0,07,000,00,6,1,01,A01
200500064213,0,07,000,00,2,2,17,A01
200500064213,0,07,000,00,2,3,15,B02
200500064214,0,07,000,00,2,1,01,A01
200500064214,0,07,000,00,2,1,01,B02
200500064215,0,07,000,06,0,3,01,A01
200500064216,0,07,000,13,0,3,01,A01
200500064217,0,07,000,13,0,1,01,A01
200500064218,0,02,000,00,2,1,01,A01
200500064218,0,05,000,00,2,8,15,B02
200500064219,0,07,000,00,2,3,01,A01
200500064219,0,07,000,00,2,3,01,B02
200500064220,0,07,000,00,1,2,00,A01
200500064221,0,07,000,00,2,1,01,A01
200500064221,0,07,000,00,0,0,13,B02
200500064222,0,07,000,00,2,1,01,A01
200500064222,0,07,000,00,2,4,01,B02
200500064222,0,07,000,00,0,4,02,C03
200500064223,0,07,000,02,0,8,21,A01
200500064224,0,07,000,00,2,1,01,A01
200500064224,0,07,000,00,2,8,01,B02
200500064225,0,07,000,13,0,1,02,A01
200500064226,0,07,000,00,2,3,01,A01
200500064226,0,07,000,00,2,1,01,B02
200500064227,0,07,000,00,0,4,15,A01
200500064227,0,07,000,00,0,1,01,B02
200500064228,0,07,000,06,0,1,00,A01
200500064229,0,07,000,00,2,6,01,A01
200500064229,0,07,000,00,2,1,15,B02
200500064229,0,17,000,00,2,1,01,C03
200500064229,0,07,000,00,2,1,02,D04
200500064230,0,07,000,13,2,1,01,A01
200500064230,0,07,000,13,2,3,01,B02
200500064230,0,07,000,00,2,1,13,C03
200500064231,0,07,000,00,2,2,19,A01
200500064231,0,07,000,00,2,3,01,B02
200500064232,0,07,000,00,2,2,19,A01
200500064232,0,07,000,00,2,1,01,B02
200500064233,1,07,000,00,9,7,17,A01
200500064233,0,01,000,00,2,1,01,B02
200500064233,0,01,000,00,2,1,01,C03
200500064234,0,07,000,00,0,8,01,A01
200500064235,0,07,000,00,2,1,15,A01
200500064235,0,07,000,00,2,1,01,B02
200500064236,0,07,000,00,0,6,15,A01
200500064236,0,07,000,00,0,3,01,B02
200500064236,0,05,000,00,0,9,01,C03
200500064237,0,07,000,00,2,3,13,A01
200500064237,0,07,000,00,2,3,01,B02
200500064238,0,07,000,01,0,2,01,A01
200500064239,0,07,000,00,2,5,16,A01
200500064239,0,07,000,00,2,3,00,B02
200500064240,0,07,000,00,1,3,01,A01
200500064241,0,07,000,00,2,3,19,A01
200500064241,0,05,000,00,2,1,17,B02
200500064242,0,07,000,00,0,6,23,A01
200500064242,0,07,000,00,0,3,02,B02
200500064243,0,07,000,02,0,3,12,A01
200500064244,0,07,000,00,2,8,19,A01
200500064244,0,02,000,00,2,1,01,B02
200500064245,0,05,000,00,2,1,03,A01
200500064245,0,07,000,00,0,3,15,B02
200500064246,0,07,000,00,2,1,01,A01
200500064246,0,07,000,00,2,4,01,B02
200500064247,0,07,000,00,2,3,13,A01
200500064247,0,01,000,00,2,1,05,B02
200500064248,0,05,000,00,1,3,00,A01
200500064249,0,07,000,00,0,1,01,A01
200500064249,0,07,000,00,0,4,23,B02
200500064249,0,07,000,00,0,4,23,C03
200500064250,0,07,000,00,0,0,01,A01