Num_Acc,senc,catv,occutc,obs,obsm,choc,manv,num_veh
200500064251,0,07,000,00,2,3,01,A01
200500064251,0,07,000,00,2,3,01,B02
200500064252,0,07,000,02,6,1,00,A01
200500064253,0,07,000,00,1,2,13,A01
200500064254,0,09,000,00,2,1,01,A01
200500064254,0,07,000,00,2,1,13,B02
200500064255,0,07,000,00,0,3,01,A01
200500064255,0,07,000,00,2,1,01,B02
200500064255,0,07,000,00,0,1,17,C03
200500064256,0,05,000,00,2,1,02,A01
200500064257,0,07,000,00,9,2,02,A01
200500064257,0,01,000,00,0,4,02,B02
200500064258,0,10,000,00,2,8,11,A01
200500064258,0,05,000,00,2,7,17,B02
200500064259,0,07,000,00,2,2,21,A01
200500064259,0,07,000,08,0,6,00,B02
200500064260,0,07,000,00,2,8,01,A01
200500064260,0,07,000,00,2,3,01,B02
200500064260,0,07,000,00,2,8,01,C03
200500064261,0,07,000,00,0,6,01,A01
200500064261,0,05,000,00,2,1,02,B02
200500064262,0,07,000,00,0,0,00,A01
200500064263,0,07,000,02,0,1,01,A01
200500064264,0,07,000,00,2,8,10,A01
200500064264,0,05,000,00,2,1,17,B02
200500064265,0,07,000,00,2,3,13,A01
200500064265,0,07,000,00,2,3,01,B02
200500064266,0,07,000,00,2,3,13,A01
200500064266,0,07,000,00,2,3,01,B02
200500064266,0,07,000,00,2,1,21,C03
200500064267,0,07,000,00,2,2,09,A01
200500064267,0,05,000,00,2,1,17,B02
200500064268,0,07,000,00,2,1,15,A01
200500064268,0,05,000,00,2,1,01,B02
200500064269,0,07,000,00,0,5,01,A01
200500064270,0,07,000,00,2,1,05,A01
200500064270,0,07,000,00,2,1,01,B02
200500064270,0,07,000,00,2,3,01,C03
200500064270,0,07,000,00,0,5,23,D04
200500064270,0,07,000,01,1,1,01,E05
200500064271,0,07,000,00,2,1,01,A01
200500064271,0,07,000,00,2,4,02,B02
200500064271,0,07,000,00,2,2,13,C03
200500064272,0,07,000,00,2,2,17,A01
200500064272,0,07,000,00,0,6,01,B02
200500064273,0,07,000,00,2,3,17,A01
200500064273,0,02,000,00,2,4,15,B02
200500064274,0,07,000,00,1,2,01,A01
200500064275,0,07,000,01,2,1,01,A01
200500064275,0,07,000,01,2,1,24,B02
200500064276,0,07,000,00,6,1,01,A01
200500064277,0,07,000,15,0,1,01,A01
200500064278,0,07,000,13,2,3,13,A01
200500064278,0,07,000,00,2,3,01,B02
200500064278,0,07,000,00,0,3,01,C03
200500064279,0,07,000,00,2,2,15,A01
200500064279,0,02,000,00,2,1,01,B02
200500064280,0,13,000,00,2,5,15,A01
200500064280,0,10,000,00,2,2,01,B02
200500064281,0,05,000,13,0,0,21,A01
200500064281,0,07,000,00,2,0,19,B02
200500064282,0,07,000,00,2,1,05,A01
200500064282,0,07,000,00,2,1,01,B02
200500064282,0,07,000,00,2,1,01,C03
200500064283,0,15,000,00,0,8,01,A01
200500064284,0,07,000,00,0,3,13,A01
200500064284,0,07,000,00,2,1,01,B02
200500064285,0,07,000,00,2,3,15,A01
200500064285,0,05,000,00,2,1,01,B02
200500064286,0,07,000,00,2,1,01,A01
200500064286,0,07,000,00,2,3,01,B02
200500064287,0,07,000,00,2,3,13,A01
200500064287,0,05,000,00,2,8,01,B02
200500064288,0,07,000,00,2,2,15,A01
200500064288,0,07,000,00,2,3,01,B02
200500064289,0,02,000,01,2,0,17,A01
200500064289,0,07,000,00,2,3,01,B02
200500064290,0,18,000,00,2,1,15,A01
200500064290,0,07,000,00,2,8,01,B02
200500064290,0,07,000,00,2,7,23,C03
200500064291,0,07,000,00,2,1,01,A01
200500064291,0,17,000,00,2,8,19,B02
200500064292,0,05,000,00,0,8,01,A01
200500064293,0,07,000,14,0,1,01,A01
200500064294,0,07,000,00,9,7,01,A01
200500064294,0,01,000,00,2,8,01,B02
200500064295,0,01,000,00,2,1,09,A01
200500064295,0,07,000,00,2,8,01,B02
200500064296,0,07,000,00,0,8,19,A01
200500064296,0,02,000,00,0,1,01,B02
200500064297,0,07,000,00,0,2,17,A01
200500064297,0,17,000,00,0,8,01,B02
200500064298,0,07,000,00,2,9,10,A01
200500064299,0,07,000,00,0,8,23,D04
200500064299,0,07,000,00,2,1,15,A01
200500064299,0,15,000,00,2,1,01,B02
200500064299,0,17,000,00,0,0,23,C03
200500064300,0,05,000,00,2,1,01,A01
200500064301,0,18,039,00,2,2,01,A01
200500064301,0,07,000,00,2,4,01,B02
200500064302,0,17,000,00,2,1,00,A01
200500064302,0,07,000,00,0,4,15,B02
200500064303,0,05,000,00,0,0,01,A01
200500064304,0,07,000,00,2,8,11,A01
200500064304,0,18,000,03,2,2,17,B02
200500064305,0,21,000,00,0,5,15,A01
200500064305,0,14,000,00,2,3,21,B02
200500064306,0,07,000,00,2,3,13,A01
200500064306,0,17,000,00,2,3,01,B02
200500064306,0,07,000,00,2,1,14,D04
200500064307,0,07,000,00,2,2,19,A01
200500064307,0,01,000,00,2,8,15,B02
200500064308,0,07,000,00,1,1,01,A01
200500064309,0,07,000,02,0,1,13,A01
200500064310,0,07,000,00,2,1,01,A01
200500064310,0,07,000,00,2,1,13,B02
200500064311,0,07,000,00,1,2,14,A01
200500064312,0,02,000,00,0,4,00,A01
200500064313,0,05,000,00,0,1,01,A01
200500064314,0,05,000,08,0,1,01,A01
200500064315,0,07,000,00,1,2,01,A01
200500064316,0,02,000,00,6,0,13,A01
200500064317,0,07,000,00,2,1,01,A01
200500064317,0,07,000,00,2,4,23,B02
200500064317,0,07,000,00,2,3,01,C03
200500064318,0,05,000,00,2,1,01,A01
200500064318,0,07,000,00,2,8,15,B02
200500064319,0,07,000,00,0,3,15,A01
200500064319,0,07,000,00,0,1,01,B02
200500064320,0,02,000,00,2,1,13,A01
200500064320,0,07,000,00,2,1,00,B02
200500064321,0,07,000,00,2,1,01,A01
200500064321,0,09,000,00,2,4,01,B02
200500064322,0,07,000,00,0,3,02,A01
200500064322,0,05,000,00,2,1,02,B02
200500064323,0,07,000,00,5,1,01,A01
200500064324,0,07,000,00,2,2,02,A01
200500064324,0,99,000,00,2,4,02,B02
200500064325,0,07,000,00,2,2,02,A01
200500064325,0,02,000,00,2,4,02,B02
200500064326,0,07,000,00,1,2,01,A01
200500064327,0,17,000,03,0,1,01,A01
200500064328,0,18,000,00,1,1,20,A01
200500064329,0,07,000,00,2,3,01,A01
200500064329,0,02,000,00,0,4,15,B02
200500064330,0,07,000,00,2,3,10,A01
200500064330,0,02,000,00,2,8,01,B02
200500064331,0,21,000,00,1,6,15,A01
200500064332,0,07,000,00,2,1,15,A01
200500064332,0,02,000,00,2,1,13,B02
200500064333,0,99,000,00,1,1,00,A01
200500064334,0,17,000,00,2,1,01,A01
200500064334,0,17,000,00,2,8,01,B02
200500064334,0,17,000,00,2,1,01,C03
200500064335,0,07,000,00,2,3,01,A01
200500064336,0,07,000,00,2,7,01,A01
200500064336,0,07,000,00,2,1,01,B02
200500064337,0,07,000,00,1,1,01,A01
200500064338,0,14,000,00,0,2,19,B02
200500064338,0,07,000,00,0,8,23,C03
200500064338,0,07,000,00,0,8,01,A01
200500064339,0,07,000,00,2,7,01,A01
200500064339,0,07,000,00,2,1,01,B02
200500064340,0,07,000,02,0,7,01,A01
200500064341,0,07,000,00,2,2,17,A01
200500064341,0,12,000,00,2,3,15,B02
200500064342,0,10,000,00,1,2,01,A01
200500064343,0,07,000,08,0,1,01,A01
200500064344,0,07,000,00,2,3,01,A01
200500064344,0,07,000,00,2,3,13,B02
200500064345,0,07,000,06,0,6,02,A01
200500064346,0,07,000,00,2,3,01,A01
200500064346,0,18,013,00,2,2,19,B02
200500064347,0,02,000,00,1,2,01,A01
200500064348,0,07,000,16,0,9,00,A01
200500064349,0,07,000,02,0,2,00,A01
200500064350,0,07,000,02,0,3,01,A01
200500064351,0,17,000,00,2,8,21,A01
200500064351,0,07,000,00,2,8,01,B02
200500064352,0,05,000,00,2,1,01,A01
200500064352,0,05,000,00,0,3,19,B02
200500064353,0,05,000,00,0,4,16,A01
200500064353,0,05,000,00,2,1,02,B02
200500064354,0,07,000,00,2,4,01,A01
200500064354,2,07,000,00,2,1,01,B02
200500064355,0,07,000,13,0,1,13,A01
200500064356,0,07,000,08,0,2,00,A01
200500064357,0,07,000,00,2,3,13,A01
200500064357,0,07,000,00,2,3,01,B02
200500064358,0,07,000,00,2,4,23,A01
200500064358,0,07,000,00,2,1,02,B02
200500064359,0,07,000,13,0,3,01,A01
200500064360,0,05,000,06,0,1,01,A01
200500064361,0,07,000,00,2,1,01,A01
200500064361,0,07,000,00,2,3,24,B02
200500064362,0,05,000,01,0,1,00,A01
200500064362,0,07,000,00,0,4,00,B02
200500064363,0,07,000,00,1,5,04,A01
200500064364,0,07,000,00,2,1,01,A01
200500064364,0,02,000,00,2,2,01,B02
200500064365,0,07,000,00,2,1,13,A01
200500064365,0,07,000,00,2,8,01,B02
200500064365,0,07,000,00,2,1,01,C03
200500064366,0,07,000,06,0,9,19,A01
200500064367,0,04,000,00,2,1,15,A01
200500064367,0,07,000,00,2,3,01,B02
200500064368,0,07,000,13,0,9,01,A01
200500064369,0,07,000,00,2,3,01,A01
200500064369,0,08,000,00,2,3,01,B02
200500064370,0,07,000,00,2,1,01,A01
200500064370,0,07,000,00,2,1,01,B02
200500064370,0,07,000,00,2,1,01,C03
200500064371,0,07,000,00,1,3,01,A01
200500064372,0,07,000,00,1,1,01,A01
200500064373,0,07,000,00,2,8,13,A01
200500064373,0,18,018,00,2,3,01,B02
200500064374,0,07,000,00,2,3,13,A01
200500064374,0,07,000,00,2,3,01,B02
200500064375,0,07,000,00,1,8,19,A01
200500064375,0,07,000,00,2,1,19,B02
200500064376,0,07,000,13,0,1,01,A01
200500064377,0,07,000,00,2,1,19,A01
200500064377,0,07,000,00,2,2,01,B02
200500064378,0,07,000,00,0,2,01,A01
200500064379,0,07,000,00,9,2,15,A01
200500064379,0,01,000,00,2,1,01,B02
200500064380,0,07,000,00,0,1,01,A01
200500064380,0,07,000,00,0,8,20,B02
200500064381,0,07,000,00,0,1,01,A01
200500064381,0,05,000,00,0,2,01,B02
200500064382,0,07,000,00,0,7,01,A01
200500064383,0,07,000,13,0,9,01,A01
200500064384,0,07,000,00,2,1,01,A01
200500064384,0,07,000,00,2,1,01,B02
200500064385,0,07,000,08,2,8,19,A01
200500064385,0,07,000,00,2,2,01,B02
200500064386,0,07,000,08,0,1,14,A01
200500064387,0,07,000,13,0,1,01,A01
200500064388,0,07,000,00,0,2,01,A01
200500064389,0,05,000,00,2,1,17,A01
200500064389,0,07,000,00,2,6,15,B02
200500064390,0,07,000,13,0,1,01,A01
200500064390,0,07,000,14,0,1,02,B02
200500064391,0,05,000,00,2,1,01,A01
200500064391,0,07,000,00,2,8,09,B02
200500064392,0,02,000,00,1,1,01,A01
200500064393,0,07,000,00,2,3,13,A01
200500064393,0,07,000,00,2,3,01,B02
200500064394,0,02,000,16,0,0,01,A01
200500064395,0,05,000,14,0,1,01,A01
200500064396,0,07,000,00,2,7,13,A01
200500064396,0,07,000,00,2,1,01,B02
200500064397,0,07,000,00,9,2,15,A01
200500064397,0,02,000,00,2,1,01,B02
200500064398,0,07,000,00,2,1,01,A01
200500064398,0,07,000,00,2,1,19,B02
200500064399,0,07,000,06,0,8,01,A01
200500064400,0,02,000,00,0,0,01,A01
200500064401,0,07,000,13,0,3,01,A01
200500064402,0,07,000,07,2,1,01,A01
200500064402,0,07,000,00,0,4,23,B02
200500064403,0,07,000,00,2,3,15,A01
200500064403,0,07,000,00,2,3,15,B02
200500064404,0,07,000,13,0,2,01,A01
200500064405,0,17,000,00,5,7,02,A01
200500064405,0,99,000,00,2,8,02,C03
200500064406,0,02,000,00,2,1,19,A01
200500064406,0,02,000,00,2,1,01,B02
200500064407,0,07,000,00,2,1,13,A01
200500064407,0,07,000,00,2,1,01,B02
200500064407,0,07,000,00,2,1,01,C03
200500064408,0,05,000,00,0,0,01,A01
200500064409,0,01,000,00,2,1,19,A01
200500064409,0,17,000,00,2,6,00,B02
200500064410,0,02,000,00,0,2,15,A01
200500064410,0,05,000,00,0,1,01,B02
200500064411,0,07,000,00,2,1,01,A01
200500064411,0,07,000,00,2,8,19,B02
200500064412,0,07,000,00,2,3,13,A01
200500064412,0,07,000,00,2,3,01,B02
200500064413,0,07,000,00,2,0,15,A01
200500064413,0,05,000,00,2,8,01,B02
200500064414,0,07,000,00,9,2,17,A01
200500064414,0,01,000,00,0,4,01,B02
200500064415,0,07,000,06,0,7,15,A01
200500064416,0,07,000,02,0,7,01,A01
200500064417,0,07,000,00,2,3,17,A01
200500064417,0,07,000,00,2,1,01,B02
200500064417,0,07,000,00,2,3,01,C03
200500064418,0,07,000,13,0,3,13,A01
200500064419,0,05,000,00,2,1,17,A01
200500064419,0,07,000,00,2,6,15,B02
200500064420,0,07,000,13,0,3,01,A01
200500064421,0,05,000,00,0,1,14,A01
200500064422,0,07,000,02,0,0,01,A01
200500064423,0,07,000,00,2,1,01,A01
200500064423,0,07,000,00,2,5,19,B02
200500064424,0,07,000,00,2,1,01,A01
200500064424,0,07,000,00,2,1,13,B02
200500064425,0,07,000,00,2,2,01,A01
200500064425,0,02,000,00,2,1,01,B02
200500064426,0,07,000,06,0,1,01,A01
200500064427,0,07,000,08,0,7,01,A01
200500064428,0,07,000,13,0,1,00,A01
200500064429,0,07,000,00,0,0,00,A01
200500064429,0,07,000,00,0,0,00,B02
200500064429,0,07,000,00,2,1,05,C03
200500064430,0,05,000,16,0,9,21,A01
200500064431,0,07,000,00,1,1,01,A01
200500064431,0,10,000,00,1,1,01,B02
200500064431,0,07,000,00,1,7,21,C03
200500064432,0,09,000,00,9,3,01,A01
200500064432,0,05,000,00,2,1,13,B02
200500064433,0,07,000,00,2,3,00,A01
200500064433,0,02,000,00,0,1,01,B02
200500064434,0,07,000,00,2,1,01,A01
200500064434,0,07,000,00,2,4,23,B02
200500064435,0,10,000,00,9,2,14,A01
200500064436,0,07,000,00,0,2,15,A01
200500064436,0,01,000,00,0,1,01,B02
200500064437,0,14,000,00,1,5,01,A01
200500064438,0,07,000,13,0,1,01,A01
200500064439,0,07,000,00,9,3,01,A01
200500064439,0,01,000,00,0,8,19,B02
200500064440,0,07,000,00,2,3,15,A01
200500064440,0,04,000,00,2,3,01,B02
200500064441,0,07,000,00,2,2,13,A01
200500064441,0,07,000,00,2,2,13,B02
200500064442,0,07,000,08,0,1,01,A01
200500064443,0,07,000,13,0,1,01,A01
200500064443,0,07,000,16,0,1,01,B02
200500064444,0,02,000,13,0,3,01,A01
200500064444,0,02,000,13,0,1,01,B02
200500064445,0,07,000,13,0,2,01,A01
200500064446,0,07,000,00,2,1,13,A01
200500064446,0,07,000,00,2,3,01,B02
200500064447,0,07,000,00,9,3,01,A01
200500064448,0,02,000,00,2,1,01,A01
200500064448,0,07,000,00,2,8,01,B02
200500064449,0,07,000,00,2,1,02,A01
200500064449,0,07,000,00,0,4,02,B02
200500064450,0,07,000,00,2,8,10,A01
200500064450,0,07,000,00,2,3,01,B02
200500064451,0,07,000,00,1,2,01,A01
200500064452,0,07,000,00,2,3,00,A01
200500064452,0,07,000,00,2,2,00,B02
200500064453,0,05,000,00,2,1,01,A01
200500064453,0,07,000,00,2,5,01,B02
200500064454,0,07,000,00,1,1,01,A01
200500064455,0,07,000,04,0,3,01,A01
200500064456,0,07,000,04,0,9,11,A01
200500064457,0,07,000,13,0,2,17,A01
200500064458,0,07,000,13,0,2,01,A01
200500064459,0,07,000,04,0,3,01,A01
200500064460,0,07,000,00,2,4,01,A01
200500064460,0,07,000,00,2,1,01,B02
200500064461,0,05,000,00,2,1,01,A01
200500064461,0,07,000,00,2,1,13,B02
200500064462,0,02,000,00,0,9,17,A01
200500064463,0,07,000,00,2,1,00,B02
200500064463,0,07,000,00,0,9,01,C03
200500064463,0,07,000,00,0,1,13,D04
200500064464,0,07,000,00,0,2,15,A01
200500064464,0,99,000,00,0,1,01,B02
200500064464,0,02,000,00,0,8,01,C03
200500064465,0,07,000,08,0,1,13,A01
200500064466,0,07,000,13,0,2,01,A01
200500064467,0,07,000,02,0,3,01,A01
200500064468,0,05,000,00,2,1,17,A01
200500064468,0,07,000,00,2,8,15,B02
200500064469,0,07,000,00,1,2,01,A01
200500064470,0,07,000,00,2,2,01,A01
200500064470,0,07,000,00,2,4,01,B02
200500064471,0,07,000,03,0,1,01,A01
200500064472,0,15,000,06,0,1,00,A01
200500064473,0,07,000,00,2,2,00,A01
200500064474,0,07,000,00,0,9,00,A01
200500064475,0,07,000,04,2,1,02,A01
200500064475,0,07,000,00,2,1,02,B02
200500064475,0,07,000,00,2,2,01,C03
200500064475,0,07,000,00,2,6,01,D04
200500064476,0,07,000,04,0,3,02,A01
200500064477,0,14,000,03,0,2,00,B02
200500064477,0,07,000,00,2,1,01,A01
200500064478,0,15,000,00,0,6,02,A01
200500064478,0,07,000,00,2,2,14,B02
200500064479,0,07,000,02,0,1,16,A01
200500064480,0,07,000,00,2,1,02,A01
200500064480,0,07,000,00,0,4,01,B02
200500064481,0,14,000,00,2,1,02,A01
200500064481,0,07,000,00,0,4,02,B02
200500064482,0,07,000,00,2,0,02,A01
200500064483,0,07,000,00,0,4,23,A01
200500064483,0,17,000,00,2,2,02,B02
200500064484,0,07,000,03,0,1,14,A01
200500064485,0,07,000,04,0,2,21,A01
200500064486,0,07,000,00,2,2,05,A01
200500064486,0,07,000,00,2,2,01,B02
200500064487,0,13,000,01,0,1,14,A01
200500064487,0,07,000,00,0,4,23,B02
200500064488,0,07,000,00,2,8,01,A01
200500064488,0,02,000,00,2,8,05,B02
200500064489,0,07,000,15,0,1,16,A01
200500064490,0,07,000,06,0,1,01,A01
200500064491,0,05,000,03,0,3,01,A01
200500064492,0,17,000,00,2,1,02,A01
200500064492,0,17,000,00,0,4,02,B02
200500064492,0,07,000,00,2,1,01,C03
200500064493,0,07,000,00,2,2,17,A01
200500064493,0,10,000,00,0,6,02,B02
200500064494,0,07,000,00,0,1,01,A01
200500064495,0,07,000,00,2,1,01,A01
200500064495,0,17,000,00,0,4,01,C03
200500064496,0,07,000,03,0,8,17,A01
200500064497,0,07,000,09,0,9,14,A01
200500064498,0,05,000,00,2,1,02,A01
200500064498,0,07,000,00,0,5,02,B02
200500064499,0,05,000,01,0,1,02,A01
200500064499,0,15,000,00,0,4,24,B02
200500064500,0,07,000,03,0,1,21,A01
200500064501,0,07,000,00,2,3,01,A01
200500064501,0,07,000,00,2,8,01,B02
200500064501,0,09,000,00,2,4,01,C03
200500064502,0,07,000,13,0,1,01,A01
200500064503,0,07,000,03,2,1,14,A01
200500064503,0,07,000,00,0,6,01,B02
200500064504,0,07,000,00,0,1,00,A01
200500064505,0,15,000,00,0,0,00,A01
200500064506,0,07,000,00,2,1,01,A01
200500064506,0,14,000,00,2,4,01,B02
200500064506,0,07,000,00,2,3,02,C03
200500064507,0,07,000,00,2,2,11,A01
200500064507,0,17,000,00,0,6,01,C03
200500064508,0,07,000,00,2,1,02,A01
200500064508,0,07,000,00,2,4,02,B02
200500064509,0,10,000,00,1,3,01,A01
200500064510,0,05,000,14,0,1,00,A01
200500064510,0,07,000,00,0,6,00,B02
200500064511,0,07,000,00,2,1,01,A01
200500064511,0,07,000,00,2,1,01,B02
200500064511,0,07,000,00,2,4,15,C03
200500064512,0,07,000,00,2,3,13,A01
200500064512,0,07,000,00,2,3,01,B02
200500064513,0,14,000,00,0,0,00,A01
200500064513,0,05,000,00,2,4,01,C03
200500064514,0,07,000,13,0,2,01,A01
200500064515,0,07,000,00,2,6,19,A01
200500064515,0,02,000,00,2,1,01,B02
200500064516,0,07,000,02,0,1,00,A01
200500064517,0,02,000,00,2,1,01,A01
200500064517,0,07,000,00,2,3,01,B02
200500064518,0,17,000,01,0,2,21,B02
200500064518,0,18,066,00,0,6,23,C03
200500064519,0,07,000,00,2,1,02,A01
200500064519,0,14,000,00,0,6,02,B02
200500064520,0,07,000,00,2,1,02,A01
200500064520,0,17,000,00,0,0,02,B02
200500064521,0,07,000,03,0,8,01,A01
200500064522,0,07,000,03,2,2,21,A01
200500064522,0,07,000,03,2,1,01,B02
200500064522,1,07,000,00,0,0,12,C03
200500064523,2,07,000,00,2,3,00,A01
200500064523,0,07,000,01,0,3,01,B02
200500064523,0,07,000,00,2,2,01,C03
200500064523,0,07,000,00,2,1,01,D04
200500064523,0,07,000,00,2,4,01,E05
200500064523,0,07,000,00,2,1,01,F06
200500064524,0,17,000,01,0,2,00,A01
200500064524,0,14,000,00,0,6,24,B02
200500064525,0,07,000,00,1,3,01,A01
200500064526,0,07,000,00,2,2,15,A01
200500064526,0,02,000,00,2,1,01,B02
200500064527,0,07,000,08,0,1,14,A01
200500064528,0,07,000,13,0,2,01,A01
200500064529,0,02,000,00,0,4,15,A01
200500064529,0,07,000,00,2,3,21,B02
200500064530,0,07,000,06,0,2,01,A01
200500064531,0,07,000,00,0,1,19,A01
200500064531,0,04,000,00,0,1,01,B02
200500064532,0,07,000,00,0,3,15,A01
200500064532,0,05,000,00,0,1,02,B02
200500064533,0,07,000,00,1,2,01,A01
200500064534,0,07,000,00,2,3,06,A01
200500064534,0,05,000,00,2,1,01,B02
200500064535,0,10,000,06,0,7,01,A01
200500064535,0,07,000,00,9,3,01,B02
200500064535,0,07,000,00,0,1,01,C03
200500064535,0,07,000,00,0,1,01,D04
200500064535,0,17,000,00,0,4,01,E05
200500064535,0,07,000,00,2,1,01,F06
200500064536,0,07,000,03,0,6,00,A01
200500064537,0,07,000,00,2,3,13,A01
200500064537,0,07,000,00,2,3,00,B02
200500064538,0,07,000,03,0,1,01,A01
200500064539,0,05,000,00,2,1,01,A01
200500064539,0,05,000,08,0,4,01,B02
200500064540,0,07,000,00,2,3,15,A01
200500064540,0,02,000,00,2,1,17,B02
200500064541,0,07,000,13,0,2,01,A01
200500064541,0,07,000,03,0,3,01,B02
200500064542,0,07,000,02,0,1,16,A01
200500064543,0,07,000,03,0,8,01,A01
200500064544,0,14,000,04,0,3,13,A01
200500064545,0,07,000,00,2,1,02,A01
200500064545,0,14,000,00,0,4,02,B02
200500064546,0,05,000,03,0,3,01,A01
200500064547,0,05,000,00,2,1,02,A01
200500064547,0,07,000,00,0,4,00,B02
200500064548,0,07,000,00,2,3,17,A01
200500064548,0,05,000,00,2,1,01,B02
200500064549,0,17,000,00,2,1,01,A01
200500064549,0,07,000,00,2,4,01,B02
200500064549,0,07,000,00,2,4,01,C03
200500064550,0,07,000,00,1,1,21,A01
200500064551,0,17,000,00,2,3,13,A01
200500064551,0,07,000,00,2,7,17,B02
200500064552,0,07,000,10,2,1,02,A01
200500064552,0,07,000,00,2,1,02,B02
200500064553,0,18,049,03,0,7,01,A01
200500064554,0,07,000,00,2,9,00,A01
200500064554,0,07,000,01,2,1,02,B02
200500064554,0,07,000,00,0,4,02,C03
200500064555,0,07,000,00,1,3,02,A01
200500064556,0,07,000,00,2,6,02,A01
200500064556,0,07,000,00,2,1,02,B02
200500064557,0,07,000,00,0,4,23,A01
200500064557,0,07,000,00,2,1,23,B02
200500064557,0,07,000,01,0,1,02,C03
200500064558,0,07,000,00,0,9,00,A01
200500064559,0,17,000,03,0,3,01,A01
200500064560,0,17,000,03,0,1,01,A01
200500064561,0,17,000,00,1,6,01,A01
200500064562,0,17,000,03,0,7,01,A01
200500064563,0,07,000,00,0,3,01,A01
200500064564,0,07,000,00,0,4,01,A01
200500064564,0,07,000,00,2,1,02,B02
200500064564,0,07,000,00,2,8,02,C03
200500064565,0,07,000,04,0,3,13,A01
200500064566,0,07,000,00,2,1,01,A01
200500064566,0,05,000,00,0,4,01,B02
200500064567,0,07,000,03,0,1,01,A01
200500064567,0,07,000,00,2,3,02,B02
200500064568,0,14,000,00,2,3,15,A01
200500064568,0,07,000,00,2,7,01,B02
200500064569,0,07,000,00,2,2,14,A01
200500064569,0,07,000,00,2,3,01,B02
200500064570,0,07,000,03,2,1,01,A01
200500064570,0,07,000,00,2,4,01,B02
200500064571,0,15,000,00,2,4,02,A01
200500064571,0,15,000,00,2,4,23,B02
200500064571,0,17,000,00,2,4,23,C03
200500064572,0,07,000,00,1,1,02,A01
200500064572,0,07,000,00,2,4,01,B02
200500064573,0,07,000,03,0,1,01,A01
200500064574,0,05,000,00,0,0,17,A01
200500064575,0,17,000,00,2,3,01,A01
200500064575,0,07,000,00,2,8,05,B02
200500064576,0,07,000,16,0,0,01,A01
200500064577,0,17,000,07,0,1,14,A01
200500064577,0,07,000,00,2,1,01,B02
200500064578,0,07,000,03,6,1,01,A01
200500064579,0,07,000,00,0,0,00,A01
200500064579,0,07,000,00,0,0,00,B02
200500064579,0,07,000,00,2,7,02,C03
200500064580,0,07,000,00,2,1,05,A01
200500064580,0,17,000,00,2,1,01,B02
200500064580,0,07,000,00,2,3,01,C03
200500064581,0,07,000,03,0,4,01,A01
200500064581,0,07,000,00,2,8,17,B02
200500064582,0,07,000,00,9,1,01,A01
200500064582,0,99,000,00,0,0,00,B02
200500064583,0,07,000,00,0,4,01,A01
200500064583,0,07,000,00,2,1,01,B02
200500064584,0,07,000,00,0,0,23,A01
200500064584,0,07,000,01,0,5,21,B02
200500064584,0,07,000,01,0,1,21,C03
200500064584,0,17,000,01,0,1,21,D04
200500064584,0,07,000,00,2,3,21,E05
200500064585,0,07,000,00,2,6,09,A01
200500064585,0,07,000,00,2,2,02,B02
200500064586,0,07,000,13,0,9,01,A01
200500064587,0,07,000,00,2,3,13,A01
200500064587,0,07,000,00,2,8,01,B02
200500064588,0,05,000,02,0,8,01,A01
200500064589,0,07,000,13,0,1,17,A01
200500064590,0,05,000,00,2,1,01,A01
200500064590,0,99,000,00,2,8,15,B02
200500064591,0,07,000,00,1,2,01,A01
200500064592,0,07,000,00,2,2,01,A01
200500064592,0,02,000,00,2,1,13,B02
200500064593,0,07,000,00,2,3,01,A01
200500064593,0,07,000,00,2,2,15,B02
200500064594,0,07,000,00,2,8,19,A01
200500064594,0,07,000,00,2,2,21,B02
200500064595,0,07,000,08,0,1,01,A01
200500064596,0,05,000,03,0,8,13,A01
200500064597,0,07,000,08,0,1,00,A01
200500064598,0,07,000,03,0,2,17,A01
200500064599,0,07,000,03,0,8,17,A01
200500064599,0,07,000,14,2,1,01,B02
200500064599,0,07,000,14,0,1,01,C03
200500064600,0,07,000,00,0,8,17,A01
200500064600,0,07,000,14,0,1,17,B02
200500064600,0,09,000,00,2,6,01,C03
200500064601,0,18,000,00,9,3,01,A01
200500064601,0,07,000,00,0,2,00,B02
200500064602,0,05,000,00,2,7,01,A01
200500064602,0,07,000,00,2,7,01,B02
200500064603,0,07,000,00,0,0,00,A01
200500064604,1,07,000,00,1,2,01,A01
200500064605,0,07,000,02,0,3,01,A01
200500064606,0,99,000,00,6,1,01,A01
200500064607,0,07,000,00,2,7,00,A01
200500064608,0,07,000,13,0,0,13,A01
200500064609,0,02,000,00,2,1,01,A01
200500064610,0,02,000,01,0,5,21,A01
200500064610,0,07,000,01,0,1,09,B02
200500064611,0,05,000,11,0,1,01,A01
200500064612,0,07,000,00,2,1,02,A01
200500064612,0,17,000,00,2,0,02,B02
200500064613,0,07,000,00,2,8,17,A01
200500064613,0,07,000,00,2,7,17,B02
200500064614,0,07,000,05,0,9,01,A01
200500064615,0,07,000,00,1,6,04,A01
200500064616,0,07,000,00,2,3,13,A01
200500064616,0,07,000,00,2,3,00,B02
200500064616,0,07,000,00,2,2,00,C03
200500064617,0,07,000,00,2,1,00,A01
200500064617,0,07,000,00,2,1,01,B02
200500064618,0,07,000,00,1,1,15,A01
200500064619,0,07,000,00,2,1,01,A01
200500064619,0,07,000,00,2,4,01,B02
200500064619,0,07,000,00,0,4,01,C03
200500064620,0,07,000,00,0,4,23,A01
200500064620,0,02,000,01,0,1,01,B02