Num_Acc,senc,catv,occutc,obs,obsm,choc,manv,num_veh
200500066027,0,01,000,00,2,0,01,B01
200500066028,1,07,000,00,0,0,00,A01
200500066029,0,07,000,00,2,3,15,A01
200500066029,0,02,000,00,2,2,17,B01
200500066030,0,07,000,00,2,6,10,A01
200500066030,0,02,000,00,2,1,01,B01
200500066031,0,03,000,00,2,7,15,A01
200500066031,0,05,000,00,2,1,01,B01
200500066032,0,07,000,00,2,3,15,A01
200500066032,0,05,000,00,2,1,01,B01
200500066033,0,07,000,00,1,3,01,A01
200500066034,0,07,000,14,0,1,01,A01
200500066034,0,07,000,08,0,4,23,B01
200500066035,0,07,000,00,2,1,01,A01
200500066035,0,01,000,00,2,7,01,B01
200500066036,0,02,000,00,2,1,05,A01
200500066036,0,01,000,00,2,5,01,B01
200500066037,0,01,000,00,2,1,16,A01
200500066037,0,07,000,00,2,1,15,B01
200500066038,0,05,000,00,0,7,01,A01
200500066039,0,02,000,00,1,1,01,A01
200500066039,0,07,000,00,0,2,15,B01
200500066040,0,02,000,01,2,2,00,A01
200500066040,0,07,000,00,2,1,01,B01
200500066041,0,07,000,00,1,2,01,A01
200500066042,0,02,000,00,1,2,16,A01
200500066043,0,10,000,00,2,1,01,A01
200500066043,0,07,000,00,2,1,00,B01
200500066044,0,07,000,00,2,3,15,A01
200500066044,0,02,000,00,2,1,01,B01
200500066045,0,07,000,00,2,1,01,A01
200500066045,0,07,000,00,2,4,02,B01
200500066046,0,07,000,00,2,7,15,A01
200500066046,0,07,000,00,2,1,01,B01
200500066047,0,13,000,00,2,0,14,A01
200500066047,0,04,000,00,2,7,01,B01
200500066048,0,02,000,00,2,1,02,A01
200500066048,0,01,000,00,2,4,02,B01
200500066049,0,07,000,00,2,7,16,A01
200500066049,0,01,000,00,2,1,01,B01
200500066050,1,07,000,00,2,0,00,A01
200500066050,0,07,000,00,2,3,01,B01
200500066051,0,07,000,00,2,2,01,B01
200500066051,0,07,000,11,2,6,01,A01
200500066052,0,07,000,00,2,7,15,A01
200500066052,0,01,000,00,2,1,01,B01
200500066053,0,07,000,00,2,6,15,A01
200500066053,0,02,000,01,2,7,02,B01
200500066054,1,02,000,00,1,0,00,A01
200500066055,0,07,000,00,1,2,16,A01
200500066056,0,07,000,00,1,1,01,A01
200500066057,0,10,000,00,2,0,04,A01
200500066057,0,02,000,15,2,7,01,B01
200500066058,0,05,000,04,0,0,01,A01
200500066059,0,05,000,09,2,1,01,A01
200500066059,0,07,000,00,2,3,01,B01
200500066060,0,02,000,00,2,0,01,A01
200500066060,0,01,000,00,2,1,01,B01
200500066060,0,01,000,00,2,0,01,C01
200500066061,0,07,000,00,2,7,16,A01
200500066061,0,02,000,00,2,8,01,B01
200500066062,0,10,000,00,1,0,01,A01
200500066063,0,07,000,00,2,2,15,A01
200500066063,0,05,000,00,2,8,01,B01
200500066064,0,07,000,00,2,1,01,A01
200500066064,0,07,000,00,1,4,02,B01
200500066064,0,07,000,00,2,4,02,C01
200500066065,0,07,000,00,2,3,15,A01
200500066065,0,05,000,00,2,1,01,B01
200500066066,0,10,000,00,2,4,10,A01
200500066066,0,05,000,00,2,1,01,B01
200500066067,0,07,000,00,2,3,16,A01
200500066067,0,01,000,00,2,1,01,B01
200500066068,0,07,000,00,2,3,15,A01
200500066068,0,07,000,00,2,3,01,B01
200500066069,0,01,000,00,2,1,01,A01
200500066069,0,10,000,00,2,3,01,B01
200500066070,0,07,000,14,0,9,01,A01
200500066071,0,07,000,14,0,2,01,A01
200500066072,0,01,000,00,2,1,01,A01
200500066072,0,01,000,00,2,1,01,B01
200500066073,0,07,000,00,1,0,04,A01
200500066074,0,07,000,00,2,1,12,A01
200500066074,0,07,000,00,2,4,01,B01
200500066074,0,07,000,00,2,4,01,C01
200500066075,0,07,000,00,2,1,01,A01
200500066075,0,07,000,00,2,2,01,B01
200500066076,0,07,000,01,2,3,01,A01
200500066076,0,07,000,00,2,1,01,B01
200500066077,1,07,000,00,2,0,15,A01
200500066077,0,02,000,00,2,1,01,B01
200500066078,0,02,000,00,2,5,01,A01
200500066078,0,07,000,00,2,1,01,B01
200500066079,0,07,000,00,1,1,01,A01
200500066080,0,02,000,00,2,1,17,A01
200500066080,0,07,000,00,2,8,21,B01
200500066081,0,05,000,00,2,1,15,A01
200500066081,0,07,000,00,2,1,15,B01
200500066082,0,07,000,00,2,6,01,A01
200500066082,0,05,000,00,2,1,01,B01
200500066083,0,07,000,00,2,5,15,A01
200500066083,0,05,000,00,2,1,01,B01
200500066084,0,02,000,00,2,1,01,A01
200500066084,0,07,000,00,2,1,15,B01
200500066085,0,07,000,00,2,4,02,A01
200500066085,0,07,000,00,2,1,02,B01
200500066086,0,07,000,00,1,3,01,A01
200500066087,0,07,000,00,2,3,05,A01
200500066087,0,05,000,00,2,3,01,B01
200500066088,0,07,000,00,2,3,15,A01
200500066088,0,05,000,00,2,1,00,B01
200500066089,0,07,000,00,2,2,16,A01
200500066089,0,01,000,00,2,7,01,B01
200500066090,0,07,000,00,2,3,10,A01
200500066090,0,02,000,00,2,1,01,B01
200500066091,0,07,000,00,2,7,20,A01
200500066091,0,05,000,00,2,1,01,B01
200500066092,0,07,000,00,2,5,15,A01
200500066092,0,05,000,00,2,1,01,B01
200500066093,0,07,000,00,2,3,15,A01
200500066093,0,05,000,00,2,1,01,B01
200500066094,0,07,000,00,2,5,04,A01
200500066094,0,02,000,00,2,7,01,B01
200500066095,0,07,000,00,2,3,15,A01
200500066095,0,07,000,00,2,1,01,B01
200500066096,0,07,000,00,2,5,15,A01
200500066096,0,05,000,00,2,1,01,B01
200500066097,1,07,000,00,2,5,15,A01
200500066097,0,05,000,00,2,1,01,B01
200500066098,0,07,000,00,2,1,15,A01
200500066098,0,05,000,00,2,8,01,B01
200500066099,0,07,000,00,2,1,01,A01
200500066099,0,07,000,00,2,1,01,B01
200500066100,1,07,000,00,1,0,01,A01
200500066101,0,07,000,14,0,1,01,A01
200500066101,0,07,000,00,2,4,23,B01
200500066102,0,07,000,00,2,1,15,A01
200500066102,0,05,000,00,2,1,21,B01
200500066103,2,10,000,00,1,1,01,A01
200500066104,0,02,000,00,2,1,01,A01
200500066104,0,07,000,00,2,3,13,B01
200500066105,0,19,000,14,0,1,01,A01
200500066106,0,10,000,00,2,1,15,A01
200500066106,0,07,000,00,2,3,01,B01
200500066107,0,02,000,00,2,2,00,A01
200500066107,0,01,000,00,2,0,00,B01
200500066108,0,07,000,00,2,2,14,A01
200500066108,0,05,000,00,2,3,01,B01
200500066109,0,07,000,00,2,3,16,A01
200500066109,0,01,000,00,2,0,01,B01
200500066110,0,05,000,00,2,1,01,A01
200500066110,0,07,000,00,2,2,14,B01
200500066111,0,07,000,00,2,1,02,A01
200500066111,0,10,000,00,2,4,01,B01
200500066112,0,07,000,00,2,7,15,A01
200500066112,0,05,000,00,2,1,01,B01
200500066113,0,07,000,00,1,2,09,A01
200500066114,0,07,000,00,2,3,01,A01
200500066114,0,07,000,00,2,1,01,B01
200500066115,0,02,000,00,2,1,01,A01
200500066115,0,07,000,00,2,1,15,B01
200500066116,0,07,000,00,2,2,01,A01
200500066116,0,07,000,00,2,3,01,B01
200500066117,0,07,000,00,2,3,15,A01
200500066117,0,07,000,00,2,2,01,B01
200500066118,0,07,000,14,0,1,01,A01
200500066118,0,07,000,14,0,4,23,B01
200500066118,0,07,000,00,0,4,23,C01
200500066119,0,07,000,00,1,0,00,A01
200500066120,0,07,000,00,2,2,15,A01
200500066120,0,07,000,00,2,3,01,B01
200500066121,0,07,000,00,2,1,02,A01
200500066121,0,02,000,00,2,9,02,B01
200500066121,0,07,000,00,2,4,02,C01
200500066122,0,07,000,00,2,2,15,A01
200500066122,0,02,000,00,2,1,01,B01
200500066122,0,02,000,00,2,8,01,C01
200500066123,0,05,000,00,2,1,16,A01
200500066124,0,05,000,00,1,1,01,A01
200500066125,0,07,000,00,2,2,01,B01
200500066125,0,07,000,00,2,3,01,A01
200500066126,0,07,000,00,2,2,15,A01
200500066126,0,02,000,00,2,1,01,B01
200500066127,0,07,000,00,2,8,15,A01
200500066127,0,05,000,00,2,2,01,B01
200500066128,0,07,000,00,2,3,15,A01
200500066128,0,18,004,00,2,1,01,B01
200500066129,0,02,000,00,2,1,01,A01
200500066129,0,07,000,00,2,7,01,B01
200500066130,0,02,000,00,1,1,01,A01
200500066131,0,07,000,00,4,8,15,A01
200500066131,0,19,000,00,2,1,01,B01
200500066132,0,07,000,00,2,2,16,A01
200500066132,0,02,000,00,2,1,01,B01
200500066133,0,05,000,00,2,7,01,A01
200500066133,0,18,001,00,2,8,15,B01
200500066134,0,07,000,00,1,3,01,A01
200500066135,0,07,000,00,2,1,15,A01
200500066135,0,01,000,00,2,1,01,B01
200500066136,0,07,000,00,2,1,15,A01
200500066136,0,05,000,00,2,4,01,B01
200500066137,0,07,000,00,1,3,13,A01
200500066138,0,02,000,00,0,1,01,A01
200500066139,0,07,000,00,2,1,15,A01
200500066139,0,05,000,00,2,8,01,B01
200500066140,0,05,000,00,2,1,01,A01
200500066140,0,07,000,00,2,5,15,B01
200500066141,0,15,000,00,1,2,15,A01
200500066141,0,05,000,00,2,0,01,B01
200500066142,0,07,000,00,2,3,15,B01
200500066142,0,02,000,14,2,1,17,A01
200500066143,0,07,000,00,2,1,02,A01
200500066143,0,01,000,00,2,4,02,B01
200500066144,0,02,000,01,0,1,13,A01
200500066144,0,07,000,00,2,1,00,B01
200500066145,0,07,000,08,0,1,13,A01
200500066146,0,07,000,00,2,4,23,A01
200500066146,0,05,000,00,2,1,13,B01
200500066147,0,02,000,11,0,1,13,A01
200500066148,0,07,000,02,2,1,17,A01
200500066148,0,02,000,13,2,1,01,B01
200500066149,0,07,000,01,0,8,15,B01
200500066149,0,02,000,00,2,2,17,A01
200500066150,0,07,000,00,2,2,05,A01
200500066150,0,05,000,00,2,1,05,B01
200500066151,0,07,000,08,0,2,01,A01
200500066152,0,07,000,01,0,7,14,A01
200500066153,0,07,000,00,2,1,02,A01
200500066153,0,07,000,00,2,1,02,B01
200500066153,0,07,000,00,2,4,02,C01
200500066153,0,07,000,00,2,4,02,D01
200500066154,0,02,000,00,2,8,15,A01
200500066154,0,05,000,00,2,2,01,B01
200500066155,1,07,000,09,1,3,17,A01
200500066155,0,07,000,09,1,0,23,B01
200500066156,0,07,000,00,2,2,01,A01
200500066156,0,07,000,00,2,1,15,B01
200500066157,0,07,000,06,0,2,14,A01
200500066158,0,07,000,09,2,3,13,A01
200500066158,0,07,000,09,2,8,01,B01
200500066159,0,14,000,00,2,6,15,B01
200500066159,0,02,000,00,2,1,01,A01
200500066160,0,07,000,00,1,2,01,A01
200500066161,0,07,000,00,2,3,15,A01
200500066161,0,04,000,00,2,2,01,B01
200500066162,0,07,000,00,2,3,15,A01
200500066162,0,02,000,00,2,2,01,B01
200500066163,0,07,000,13,0,8,01,A01
200500066164,0,02,000,16,0,7,01,A01
200500066165,0,07,000,13,0,9,01,A01
200500066166,0,07,000,00,2,4,01,A01
200500066166,0,01,000,00,2,1,01,B01
200500066167,0,07,000,00,2,2,15,A01
200500066167,0,02,000,00,2,1,01,B01
200500066168,0,07,000,08,0,2,01,A01
200500066169,0,02,000,00,2,1,01,B01
200500066169,0,07,000,00,2,8,16,A01
200500066170,0,07,000,00,2,8,13,A01
200500066170,0,01,000,00,2,1,00,B01
200500066171,0,05,000,00,2,1,01,A01
200500066171,0,07,000,00,2,4,01,B01
200500066172,0,07,000,00,2,2,00,A01
200500066172,0,01,000,00,2,4,00,B01
200500066173,0,07,000,00,2,1,15,A01
200500066173,0,07,000,00,2,1,01,B01
200500066174,0,02,000,00,0,0,01,A01
200500066175,0,07,000,04,2,7,17,A01
200500066175,0,07,000,00,2,8,01,B01
200500066176,0,02,000,00,2,2,01,A01
200500066176,0,07,000,00,2,3,15,B01
200500066177,0,02,000,00,0,8,01,A01
200500066178,0,07,000,00,2,1,15,A01
200500066178,0,07,000,00,2,1,01,B01
200500066179,0,07,000,00,2,7,15,A01
200500066179,0,05,000,00,0,1,01,B01
200500066180,0,07,000,00,0,6,23,A01
200500066180,0,02,000,03,2,6,17,B01
200500066181,0,02,000,00,2,1,05,A01
200500066181,0,10,000,00,0,2,16,B01
200500066182,0,07,000,00,1,3,01,A01
200500066182,0,07,000,00,2,5,13,B01
200500066183,0,07,000,00,2,3,01,A01
200500066183,0,07,000,00,2,6,01,B01
200500066184,0,07,000,00,1,1,01,A01
200500066185,0,07,000,06,0,1,01,A01
200500066186,0,07,000,00,2,2,15,A01
200500066186,0,05,000,00,2,3,01,B01
200500066187,0,05,000,00,2,5,01,A01
200500066187,0,07,000,00,2,1,16,B01
200500066188,0,07,000,00,1,2,01,A01
200500066189,0,07,000,00,2,1,02,A01
200500066189,0,07,000,00,0,5,02,B01
200500066190,0,05,000,00,1,2,01,A01
200500066191,0,02,000,00,0,4,14,A01
200500066191,0,07,000,00,2,1,01,B01
200500066191,0,07,000,00,2,1,02,C01
200500066192,0,07,000,00,2,2,01,A01
200500066192,0,07,000,00,2,1,01,B01
200500066193,0,07,000,00,1,2,01,A01
200500066194,0,13,000,00,0,2,21,A01
200500066194,0,07,000,00,0,6,01,B01
200500066194,0,07,000,00,0,4,23,C01
200500066194,0,07,000,00,2,2,17,D01
200500066195,0,07,000,00,1,1,01,A01
200500066196,0,07,000,00,2,7,15,A01
200500066196,0,07,000,00,2,1,01,B01
200500066197,1,07,000,00,2,0,04,A01
200500066197,0,04,000,00,2,1,01,B01
200500066198,0,07,000,00,2,8,10,A01
200500066198,0,05,000,00,2,1,01,B01
200500066199,0,07,000,00,1,1,01,A01
200500066200,0,07,000,00,2,2,09,A01
200500066200,0,07,000,00,0,6,09,B01
200500066201,0,05,000,00,2,1,08,A01
200500066201,0,07,000,00,2,5,15,B01
200500066202,0,07,000,00,2,3,01,A01
200500066202,0,07,000,00,0,5,01,B01
200500066203,0,07,000,00,1,7,01,A01
200500066204,1,01,000,00,1,1,01,A01
200500066205,0,02,000,00,2,1,01,A01
200500066205,1,07,000,00,2,6,00,B01
200500066206,0,07,000,00,9,3,15,A01
200500066206,0,05,000,00,2,8,01,B01
200500066207,0,02,000,00,2,1,01,A01
200500066207,0,07,000,00,0,3,15,B01
200500066208,0,05,000,05,0,0,01,A01
200500066209,1,07,000,00,1,0,01,A01
200500066210,0,04,000,00,2,1,01,A01
200500066210,0,07,000,00,0,4,01,B01
200500066211,0,04,000,00,2,1,02,A01
200500066211,0,07,000,00,2,4,04,B01
200500066212,0,07,000,00,0,1,01,A01
200500066213,0,07,000,00,2,8,15,A01
200500066213,0,05,000,00,2,2,01,B01
200500066214,0,07,000,00,2,1,02,A01
200500066214,0,07,000,00,0,4,01,B01
200500066215,0,07,000,00,1,7,04,A01
200500066216,0,07,000,00,2,1,17,A01
200500066216,0,02,000,00,0,8,19,B01
200500066217,1,07,000,00,1,0,00,A01
200500066217,0,01,000,00,0,1,01,B01
200500066218,0,07,000,08,0,1,00,A01
200500066219,0,07,000,00,2,1,01,A01
200500066219,0,07,000,00,0,4,01,B01
200500066220,0,07,000,00,1,0,00,A01
200500066221,0,07,000,02,2,1,01,A01
200500066221,0,07,000,00,2,1,02,B01
200500066221,0,07,000,00,2,2,01,C01
200500066222,0,05,000,00,2,1,01,A01
200500066222,0,07,000,00,2,8,15,B01
200500066223,0,02,000,00,2,2,15,A01
200500066223,0,07,000,00,2,1,01,B01
200500066224,0,07,000,00,2,1,01,B01
200500066224,0,07,000,00,0,8,15,A01
200500066225,0,07,000,00,2,1,02,A01
200500066225,0,07,000,00,0,4,02,B01
200500066226,1,99,000,00,1,3,01,A01
200500066227,0,07,000,00,2,3,13,A01
200500066227,0,07,000,00,2,3,01,B01
200500066228,0,07,000,09,0,1,14,A01
200500066229,0,07,000,00,2,2,02,A01
200500066229,0,07,000,00,0,6,23,B01
200500066230,0,07,000,12,2,1,01,A01
200500066230,0,07,000,00,2,4,23,B01
200500066231,0,07,000,14,2,2,01,A01
200500066231,0,07,000,00,2,1,02,B01
200500066232,1,07,000,00,2,0,01,A01
200500066232,0,05,000,00,2,1,01,B01
200500066233,0,07,000,06,0,2,01,A01
200500066234,0,07,000,00,0,1,13,A01
200500066235,0,07,000,00,2,8,01,A01
200500066235,0,05,000,00,2,1,01,B01
200500066236,0,02,000,00,2,1,05,A01
200500066236,0,02,000,00,2,1,01,B01
200500066237,0,07,000,00,2,2,20,A01
200500066237,0,05,000,00,2,1,01,B01
200500066238,0,02,000,00,2,1,01,B01
200500066238,0,07,000,00,2,2,01,A01
200500066239,0,07,000,00,2,2,15,A01
200500066239,0,02,000,00,2,1,01,B01
200500066240,0,07,000,00,2,3,01,B01
200500066240,0,02,000,00,2,7,09,A01
200500066241,0,07,000,00,2,2,15,A01
200500066241,0,02,000,00,2,1,01,B01
200500066242,0,05,000,12,0,1,00,A01
200500066243,0,02,000,00,2,1,18,A01
200500066243,0,07,000,00,2,7,16,B01
200500066244,0,07,000,00,1,1,15,A01
200500066245,0,02,000,00,2,1,01,A01
200500066245,0,07,000,00,2,0,02,B01
200500066245,0,18,001,00,2,0,01,C01
200500066246,0,07,000,00,2,1,02,A01
200500066246,0,10,000,00,2,4,15,B01
200500066246,0,10,000,00,2,1,02,C01
200500066247,0,07,000,13,0,8,00,A01
200500066248,0,07,000,00,2,3,09,A01
200500066248,0,02,000,00,2,7,09,B01
200500066249,1,07,000,00,0,0,00,A01
200500066250,0,07,000,00,2,1,05,A01
200500066250,0,10,000,00,2,2,01,B01
200500066251,0,07,000,00,2,3,00,A01
200500066251,0,07,000,00,2,2,15,B01
200500066252,0,07,000,08,0,7,00,A01
200500066253,0,07,000,00,2,3,00,A01
200500066253,0,04,000,00,2,1,00,B01
200500066254,0,01,000,00,1,1,00,A01
200500066255,0,07,000,00,2,1,00,A01
200500066255,0,07,000,00,2,1,00,B01
200500066256,0,04,000,00,2,7,21,A01
200500066256,0,07,000,00,2,7,09,B01
200500066257,0,02,000,00,0,9,00,A01
200500066258,0,07,000,00,2,2,01,A01
200500066258,0,07,000,00,2,7,15,B01
200500066259,0,07,000,00,2,8,22,A01
200500066259,0,01,000,00,2,4,00,B01
200500066260,0,07,000,00,2,1,01,A01
200500066260,0,07,000,00,2,8,00,B01
200500066261,0,07,000,00,2,8,24,A01
200500066261,0,01,000,00,2,1,01,B01
200500066262,0,05,000,02,0,1,00,A01
200500066263,0,10,000,00,1,0,16,A01
200500066264,0,07,000,00,2,1,01,B01
200500066264,0,18,000,00,2,8,23,C01
200500066264,0,07,000,00,2,9,00,A01
200500066265,0,07,000,00,2,2,02,A01
200500066265,0,07,000,00,2,4,02,B01
200500066266,0,14,000,00,2,2,14,A01
200500066266,0,07,000,00,2,1,01,B01
200500066266,0,07,000,00,2,1,17,C01
200500066267,0,07,000,00,2,1,00,A01
200500066267,0,07,000,00,2,1,00,B01
200500066268,0,02,000,00,2,1,08,A01
200500066268,0,07,000,00,2,5,15,B01
200500066269,0,07,000,13,0,1,00,A01
200500066270,0,07,000,00,1,7,00,A01
200500066271,0,07,000,00,2,1,01,A01
200500066271,0,07,000,00,2,8,00,B01
200500066272,0,07,000,00,2,1,05,A01
200500066272,0,07,000,00,2,1,01,B01
200500066272,0,07,000,00,2,9,01,C01
200500066273,0,07,000,00,2,9,15,A01
200500066273,0,07,000,00,2,1,01,B01
200500066274,0,07,000,00,2,3,01,A01
200500066274,0,07,000,00,2,4,02,B01
200500066274,0,07,000,00,2,3,01,C01
200500066275,0,07,000,00,2,3,15,A01
200500066275,0,05,000,00,2,1,17,B01
200500066276,0,07,000,03,2,1,00,A01
200500066276,0,07,000,00,2,4,01,B01
200500066277,0,07,000,00,2,1,02,A01
200500066277,0,07,000,00,2,4,02,B01
200500066277,0,07,000,00,2,4,02,C01
200500066277,0,07,000,00,2,4,02,D01
200500066278,0,07,000,00,2,0,15,A01
200500066278,0,05,000,00,2,7,01,B01
200500066279,0,01,000,00,2,2,01,A01
200500066279,0,07,000,00,2,1,01,B01
200500066280,0,07,000,00,2,1,15,A01
200500066280,0,02,000,00,2,1,01,B01
200500066281,0,07,000,00,2,9,02,A01
200500066281,0,07,000,00,2,9,02,B01
200500066281,0,07,000,00,2,4,02,C01
200500066282,0,05,000,00,2,7,00,A01
200500066282,0,01,000,00,2,9,00,B01
200500066283,0,02,000,00,0,5,15,A01
200500066284,0,07,000,00,2,1,01,A01
200500066284,0,01,000,00,2,7,15,B01
200500066285,0,07,000,00,2,1,01,A01
200500066285,0,05,000,00,2,1,15,B01
200500066286,0,01,000,01,0,0,00,A01
200500066287,0,07,000,00,2,7,23,A01
200500066287,0,07,000,00,2,1,00,B01
200500066287,0,07,000,00,2,1,00,C01
200500066288,0,07,000,00,2,1,09,A01
200500066288,0,02,000,00,2,7,01,B01
200500066289,0,04,000,00,0,0,00,A01
200500066290,0,07,000,00,2,2,15,A01
200500066290,0,02,000,00,2,9,01,B01
200500066291,0,01,000,00,2,0,00,B01
200500066292,0,07,000,01,2,2,01,A01
200500066292,0,07,000,00,2,8,01,B01
200500066293,0,01,000,00,2,1,02,A01
200500066293,0,07,000,00,2,4,23,B01
200500066294,0,14,000,00,1,1,16,A01
200500066295,0,14,000,00,2,1,02,A01
200500066295,0,07,000,00,2,4,02,B01
200500066296,0,07,000,00,2,1,02,A01
200500066296,0,07,000,00,2,9,02,B01
200500066296,0,07,000,00,2,4,02,C01
200500066297,0,02,000,12,0,0,00,A01
200500066298,0,02,000,00,2,1,02,A01
200500066298,0,07,000,00,2,4,23,B01
200500066299,0,07,000,08,0,2,01,A01
200500066300,0,02,000,00,1,1,05,A01
200500066301,0,07,000,00,2,1,15,B01
200500066301,0,02,000,00,2,1,15,A01
200500066302,0,02,000,00,2,1,01,B01
200500066302,0,07,000,00,2,5,19,A01
200500066303,0,07,000,00,1,4,04,A01
200500066304,0,07,000,00,2,1,02,A01
200500066304,0,07,000,00,2,4,02,B01
200500066304,0,07,000,00,2,4,02,C01
200500066305,0,01,000,00,2,1,01,A01
200500066305,0,07,000,00,9,8,01,B01
200500066306,0,07,000,00,1,4,04,A01
200500066307,0,01,000,00,2,1,09,A01
200500066307,0,07,000,00,9,7,01,B01
200500066308,0,07,000,00,9,3,09,A01
200500066308,0,01,000,00,2,7,01,B01
200500066309,0,02,000,00,2,1,01,B01
200500066309,0,07,000,00,2,8,15,A01
200500066310,0,07,000,00,2,3,09,A01
200500066310,0,02,000,00,2,5,01,B01
200500066311,0,01,000,00,0,2,01,B01
200500066311,0,07,000,00,2,8,09,A01
200500066312,0,07,000,00,2,6,15,A01
200500066312,0,02,000,00,2,1,17,B01
200500066313,0,07,000,00,1,1,01,A01
200500066314,0,07,000,00,2,8,15,A01
200500066314,0,02,000,00,2,1,01,B01
200500066315,0,07,000,00,2,5,01,B01
200500066315,0,07,000,00,2,1,09,A01
200500066316,0,07,000,00,2,1,02,A01
200500066316,0,07,000,00,2,4,01,B01
200500066317,0,02,000,00,2,1,01,B01
200500066317,0,07,000,00,2,3,15,A01
200500066318,0,05,000,00,2,1,01,A01
200500066318,0,07,000,00,2,4,01,B01
200500066319,0,07,000,00,2,3,01,A01
200500066319,0,07,000,00,2,8,01,B01
200500066320,0,07,000,00,2,3,01,B01
200500066320,0,14,000,00,2,1,19,A01
200500066321,0,07,000,00,2,1,02,A01
200500066321,0,07,000,00,2,4,23,B01
200500066322,0,07,000,01,0,1,02,A01
200500066322,0,07,000,00,2,3,15,B01
200500066323,0,02,000,00,0,0,01,A01
200500066324,0,07,000,00,2,1,01,B01
200500066324,0,02,000,00,2,8,09,A01
200500066325,0,07,000,00,2,1,15,A01
200500066325,0,07,000,00,2,6,01,B01
200500066326,0,02,000,00,1,1,01,A01
200500066327,0,07,000,00,1,1,01,A01
200500066328,0,07,000,06,0,1,01,A01
200500066329,0,02,000,00,1,1,01,A01
200500066330,0,07,000,00,2,3,01,B01
200500066330,0,07,000,08,2,1,15,A01
200500066331,0,02,000,00,2,1,01,B01
200500066331,0,07,000,00,2,1,15,A01
200500066332,0,07,000,00,2,1,01,A01
200500066332,0,07,000,00,2,4,01,B01
200500066333,0,05,000,00,2,2,17,A01
200500066333,0,07,000,00,2,3,15,B01
200500066334,0,07,000,00,1,1,01,A01
200500066335,0,07,000,00,2,1,01,B01
200500066335,0,07,000,00,2,8,15,A01
200500066336,0,07,000,00,2,1,15,A01
200500066336,0,05,000,00,2,1,01,B01
200500066337,0,07,000,00,2,1,16,A01
200500066337,0,01,000,00,2,7,01,B01
200500066338,0,07,000,00,2,8,01,A01
200500066338,0,07,000,00,2,2,01,B01
200500066339,0,07,000,00,2,6,01,A01
200500066339,0,05,000,00,2,1,01,B01
200500066340,0,01,000,00,2,1,05,A01
200500066340,0,07,000,00,9,7,15,B01
200500066341,0,07,000,08,2,7,16,A01
200500066341,0,07,000,00,2,1,01,B01
200500066342,0,02,000,00,2,1,01,A01
200500066342,0,07,000,00,2,2,01,B01
200500066343,1,07,000,00,1,2,14,A01
200500066344,0,07,000,00,1,3,01,A01
200500066345,0,07,000,15,0,1,01,A01
200500066346,0,02,000,00,2,1,13,A01
200500066346,0,07,000,00,2,2,01,B01
200500066347,0,07,000,00,2,1,01,A01
200500066347,0,07,000,00,2,8,00,B01
200500066348,0,07,000,00,2,7,01,A01
200500066348,0,05,000,00,2,1,01,B01
200500066349,0,07,000,09,0,1,13,A01
200500066350,0,07,000,00,2,1,02,A01
200500066350,0,07,000,00,2,4,02,B01
200500066351,0,02,000,00,0,8,01,A01
200500066352,0,01,000,00,2,3,19,A01
200500066352,0,07,000,00,2,2,01,B01
200500066353,0,05,000,12,0,1,01,A01
200500066354,0,07,000,00,0,3,10,A01
200500066354,0,05,000,00,2,1,17,B01
200500066355,0,02,000,00,1,7,21,A01
200500066356,0,07,000,00,2,2,15,A01
200500066356,0,02,000,00,2,1,01,B01
200500066357,0,07,000,00,2,1,02,A01
200500066357,0,07,000,00,2,4,02,B01
200500066358,0,05,000,00,0,0,17,A01
200500066358,0,15,000,00,0,0,02,B01
200500066359,0,07,000,00,2,7,16,A01
200500066359,0,02,000,00,2,1,01,B01
200500066360,0,07,000,00,2,8,10,A01
200500066360,0,05,000,00,2,1,01,B01
200500066360,0,07,000,00,2,8,01,C01
200500066361,0,07,000,00,9,3,15,A01
200500066361,0,01,000,00,2,1,01,B01
200500066362,0,01,000,00,2,3,01,B01
200500066362,0,07,000,00,2,1,01,A01
200500066363,0,07,000,00,2,1,19,A01
200500066363,0,07,000,00,2,1,15,B01
200500066364,0,07,000,00,2,5,01,A01
200500066364,0,07,000,00,2,3,01,B01
200500066365,0,16,000,00,2,1,12,A01
200500066365,0,07,000,00,2,8,09,B01
200500066366,0,07,000,00,1,7,15,A01
200500066366,0,01,000,00,2,1,02,B01
200500066367,0,07,000,00,2,7,16,A01
200500066367,0,01,000,00,2,1,01,B01
200500066368,0,07,000,00,2,8,09,A01
200500066368,0,14,000,00,2,1,01,B01
200500066369,0,07,000,00,2,3,15,A01
200500066369,0,01,000,00,2,1,01,B01
200500066370,0,07,000,00,2,1,02,A01
200500066370,0,18,001,00,2,6,02,B01
200500066371,0,01,000,00,2,1,21,A01
200500066371,0,01,000,00,2,1,01,B01
200500066372,0,07,000,00,2,6,23,A01
200500066372,0,01,000,00,2,1,17,B01
200500066373,1,07,000,00,2,1,01,A01
200500066373,0,07,000,00,2,6,01,B01
200500066374,0,07,000,09,0,1,13,A01
200500066375,0,07,000,00,2,1,01,A01
200500066375,0,07,000,03,2,4,01,B01
200500066375,0,07,000,03,0,5,01,C01
200500066376,0,02,000,00,2,1,07,A01
200500066376,0,07,000,00,2,2,16,B01
200500066377,0,07,000,00,2,1,15,A01
200500066377,0,07,000,00,2,8,01,B01
200500066378,0,07,000,00,2,2,15,A01