Num_Acc,senc,catv,occutc,obs,obsm,choc,manv,num_veh
200500066378,0,05,000,00,2,1,01,B01
200500066379,0,07,000,00,2,2,15,A01
200500066379,0,02,000,00,2,1,01,B01
200500066380,0,07,000,03,2,1,01,A01
200500066380,0,07,000,00,2,1,02,B01
200500066381,0,07,000,01,0,1,01,A01
200500066382,0,07,000,00,2,2,15,A01
200500066382,0,05,000,00,2,8,01,B01
200500066383,0,07,000,00,2,1,01,B01
200500066383,0,01,000,00,2,0,01,A01
200500066384,0,07,000,00,1,2,01,A01
200500066385,0,07,000,00,2,4,23,A01
200500066386,0,07,000,00,2,2,15,A01
200500066386,0,07,000,00,2,3,01,B01
200500066387,0,07,000,00,1,1,01,A01
200500066388,0,07,000,03,0,1,12,A01
200500066389,0,05,000,00,1,0,01,A01
200500066390,0,07,000,00,2,1,09,A01
200500066390,0,02,000,00,2,2,01,B01
200500066390,0,07,000,00,2,7,23,C01
200500066391,0,07,000,00,2,1,02,A01
200500066391,0,07,000,00,2,4,02,B01
200500066391,0,07,000,00,2,4,02,C01
200500066392,0,05,000,00,2,3,01,A01
200500066392,0,07,000,00,2,3,15,B01
200500066393,0,07,000,00,2,1,15,A01
200500066393,0,05,000,00,2,8,01,B01
200500066394,0,07,000,00,2,1,15,A01
200500066394,0,02,000,00,2,1,01,B01
200500066395,0,07,000,00,2,3,15,A01
200500066395,0,05,000,00,2,1,01,B01
200500066396,1,07,000,00,2,3,01,A01
200500066396,0,05,000,00,2,2,01,B01
200500066397,0,05,000,00,1,1,00,A01
200500066398,0,01,000,00,2,1,19,A01
200500066398,0,07,000,00,2,2,16,B01
200500066399,0,07,000,00,1,2,01,A01
200500066400,0,02,000,00,2,1,19,A01
200500066400,0,02,000,00,0,0,19,C01
200500066400,0,07,000,00,2,2,01,B01
200500066401,0,07,000,00,2,3,15,B01
200500066401,0,04,000,01,2,1,17,A01
200500066401,0,07,000,00,2,1,20,C01
200500066402,0,07,000,00,2,1,15,A01
200500066402,0,05,000,00,2,1,19,B01
200500066403,0,07,000,00,2,1,19,A01
200500066403,0,07,000,00,2,3,16,B01
200500066404,0,01,000,00,1,1,01,A01
200500066405,0,05,000,00,2,8,17,A01
200500066405,0,10,000,00,2,8,15,B01
200500066406,0,02,000,00,2,1,02,A01
200500066406,1,99,000,00,2,4,02,B01
200500066407,0,07,000,00,2,2,17,A01
200500066407,0,07,000,00,2,3,15,B01
200500066408,0,07,000,00,2,4,01,A01
200500066408,0,07,000,00,2,1,01,B01
200500066408,0,07,000,00,0,1,01,C01
200500066408,0,07,000,00,2,1,01,D01
200500066409,0,02,000,01,0,1,01,A01
200500066410,0,07,000,01,2,1,15,A01
200500066410,0,07,000,00,2,1,01,B01
200500066411,0,02,000,00,0,1,01,A01
200500066412,0,07,000,00,1,1,01,A01
200500066413,0,01,000,00,2,1,00,A01
200500066413,0,07,000,00,2,1,01,B01
200500066414,0,07,000,00,2,1,01,A01
200500066414,0,02,000,00,2,1,01,B01
200500066415,0,05,000,00,2,1,02,A01
200500066415,0,02,000,00,2,8,02,B01
200500066416,0,07,000,00,2,8,15,A01
200500066416,0,05,000,00,2,1,17,B01
200500066417,0,07,000,00,2,3,15,A01
200500066417,0,05,000,00,2,1,17,B01
200500066418,0,02,000,00,2,1,01,A01
200500066418,0,02,000,00,2,1,09,B01
200500066419,2,07,000,00,1,8,15,A01
200500066420,0,07,000,14,0,9,06,A01
200500066421,0,04,000,01,0,0,01,A01
200500066422,0,07,000,00,1,2,01,A01
200500066423,0,07,000,08,0,1,01,A01
200500066424,0,07,000,00,2,3,01,A01
200500066424,0,07,000,00,2,1,01,B01
200500066425,0,05,000,00,0,0,01,A01
200500066426,0,07,000,00,2,1,01,A01
200500066426,0,07,000,00,2,1,01,B01
200500066426,0,07,000,00,2,6,01,C01
200500066427,0,07,000,00,2,1,00,A01
200500066427,0,07,000,00,2,1,01,B01
200500066428,0,07,000,00,2,1,00,A01
200500066428,0,07,000,00,2,1,00,B01
200500066428,0,07,000,00,2,1,00,C01
200500066429,0,05,000,00,0,0,01,A01
200500066430,0,07,000,13,0,9,01,A01
200500066431,0,02,000,00,2,1,16,A01
200500066431,1,07,000,00,0,7,01,B01
200500066432,0,07,000,00,0,6,15,A01
200500066432,0,04,000,00,0,2,17,B01
200500066432,0,99,000,00,0,3,23,C01
200500066433,0,07,000,00,2,1,01,A01
200500066433,0,07,000,00,2,4,01,B01
200500066434,0,02,000,00,2,2,01,A01
200500066434,0,01,000,00,2,3,01,B01
200500066435,0,07,000,00,2,4,23,A01
200500066435,0,07,000,00,2,1,01,B01
200500066436,0,07,000,00,2,3,00,A01
200500066436,0,07,000,00,2,2,01,B01
200500066437,0,14,000,00,1,1,00,A01
200500066438,0,02,000,00,2,7,15,B01
200500066438,0,07,000,00,2,8,09,A01
200500066439,0,07,000,15,0,1,00,A01
200500066440,0,07,000,00,2,2,01,A01
200500066440,0,07,000,00,2,3,16,B01
200500066441,0,10,000,00,2,4,02,A01
200500066441,0,07,000,00,2,4,02,B01
200500066442,0,07,000,00,2,1,01,B01
200500066442,0,07,000,00,2,3,15,A01
200500066443,0,07,000,00,2,6,04,A01
200500066443,0,07,000,00,2,1,15,B01
200500066444,0,07,000,00,1,2,01,A01
200500066445,0,07,000,00,2,1,16,A01
200500066445,0,02,000,00,2,2,01,B01
200500066446,0,07,000,00,1,1,01,A01
200500066447,0,07,000,00,2,1,01,A01
200500066447,0,07,000,00,2,2,01,B01
200500066448,0,01,000,00,2,1,01,B01
200500066448,0,07,000,00,2,1,09,A01
200500066449,0,07,000,00,2,3,19,A01
200500066450,0,05,000,00,2,1,01,B01
200500066450,0,07,000,00,2,1,09,A01
200500066451,0,07,000,11,0,1,09,A01
200500066452,0,07,000,00,2,2,20,A01
200500066452,0,07,000,00,2,1,01,B01
200500066453,0,07,000,00,2,1,01,A01
200500066453,0,07,000,00,2,4,01,B01
200500066454,1,99,000,00,0,0,00,A01
200500066455,0,07,000,01,1,9,23,A01
200500066456,0,07,000,00,2,8,10,A01
200500066456,0,07,000,00,2,1,01,B01
200500066457,0,02,000,00,2,1,01,B01
200500066457,0,07,000,00,2,8,15,A01
200500066458,0,02,000,00,0,0,19,A01
200500066459,0,07,000,00,0,4,04,A01
200500066460,0,01,000,00,2,2,19,A01
200500066460,0,07,000,00,2,1,01,B01
200500066461,0,07,000,00,0,8,15,A01
200500066461,0,07,000,00,0,2,02,B01
200500066462,0,07,000,00,2,1,02,A01
200500066462,0,07,000,00,2,4,01,B01
200500066463,0,07,000,00,0,1,02,A01
200500066463,0,07,000,01,0,4,23,B01
200500066464,0,07,000,00,2,1,01,A01
200500066464,0,07,000,00,2,3,15,B01
200500066465,0,10,000,00,2,7,01,A01
200500066465,0,07,000,00,2,1,01,B01
200500066466,0,10,000,00,2,3,13,A01
200500066466,0,07,000,00,2,3,21,B01
200500066467,0,07,000,00,2,1,01,A01
200500066467,0,07,000,00,2,6,20,B01
200500066468,0,05,000,00,0,2,01,A01
200500066468,0,13,000,00,0,0,15,B01
200500066469,0,07,000,00,2,1,02,A01
200500066469,0,07,000,00,2,4,02,B01
200500066470,0,07,000,00,2,2,20,A01
200500066470,0,10,000,00,1,7,01,B01
200500066471,0,07,000,00,2,1,21,A01
200500066471,0,07,000,00,2,9,02,B01
200500066471,0,07,000,00,2,4,02,C01
200500066472,0,07,000,00,2,2,15,A01
200500066472,0,07,000,00,2,8,21,B01
200500066473,0,07,000,00,1,3,21,A01
200500066474,0,07,000,00,1,2,21,A01
200500066475,0,07,000,00,1,6,01,B01
200500066475,0,07,000,00,0,2,15,A01
200500066476,0,02,000,00,2,2,17,A01
200500066476,0,07,000,00,2,8,15,B01
200500066477,0,02,000,00,1,2,01,A01
200500066478,0,07,000,00,1,4,04,A01
200500066479,0,02,000,01,2,1,09,A01
200500066479,0,07,000,00,2,8,22,B01
200500066479,0,07,000,00,0,7,23,C01
200500066480,0,02,000,00,2,1,02,A01
200500066480,0,07,000,00,2,4,01,B01
200500066481,0,07,000,00,1,7,01,A01
200500066482,0,07,000,00,0,1,15,A01
200500066482,0,07,000,00,0,3,01,B01
200500066483,0,14,000,00,2,1,09,A01
200500066483,0,09,000,00,2,8,01,B01
200500066484,0,10,000,00,2,7,01,A01
200500066484,0,01,000,04,2,8,01,B01
200500066485,0,07,000,00,1,2,13,A01
200500066486,0,07,000,00,1,2,04,A01
200500066487,0,07,000,00,1,2,01,A01
200500066488,0,07,000,00,2,1,01,A01
200500066488,0,07,000,00,0,4,01,B01
200500066489,0,07,000,00,2,8,01,B01
200500066489,0,17,000,00,2,1,01,A01
200500066490,0,02,000,00,1,1,01,A01
200500066491,0,16,000,00,1,3,01,A01
200500066492,0,07,000,00,2,2,15,A01
200500066492,0,07,000,00,2,2,01,B01
200500066493,0,07,000,00,2,3,09,A01
200500066493,0,04,000,00,2,7,01,B01
200500066494,0,01,000,00,2,7,15,A01
200500066494,0,07,000,00,2,1,21,B01
200500066495,0,05,000,00,2,1,17,A01
200500066495,0,07,000,00,2,8,15,B01
200500066496,0,07,000,00,2,8,10,A01
200500066496,0,02,000,00,2,1,01,B01
200500066497,0,07,000,00,1,4,04,A01
200500066498,0,07,000,00,0,7,10,A01
200500066498,0,07,000,00,0,1,01,B01
200500066499,0,07,000,00,2,1,01,A01
200500066499,0,07,000,00,2,2,15,B01
200500066500,0,01,000,00,0,1,15,A01
200500066500,0,07,000,00,0,1,01,B01
200500066501,0,01,000,00,0,1,02,A01
200500066501,0,07,000,00,0,5,02,B01
200500066502,0,07,000,00,1,1,15,A01
200500066503,0,07,000,00,2,7,19,A01
200500066503,0,02,000,00,2,1,01,B01
200500066504,0,07,000,02,0,1,13,A01
200500066505,0,02,000,00,2,1,01,B01
200500066505,0,07,000,00,2,3,15,A01
200500066506,0,07,000,00,2,2,15,A01
200500066506,0,01,000,00,2,4,15,B01
200500066507,0,07,000,00,1,1,01,A01
200500066508,0,07,000,00,2,1,13,A01
200500066508,0,07,000,00,2,1,01,B01
200500066509,0,02,000,00,9,1,01,A01
200500066509,0,02,000,00,9,1,01,B01
200500066510,0,07,000,00,2,2,16,A01
200500066510,0,05,000,00,2,1,01,B01
200500066511,0,07,000,06,0,1,00,A01
200500066512,0,07,000,00,2,2,01,A01
200500066512,0,01,000,00,2,1,01,B01
200500066513,0,05,000,00,2,1,01,A01
200500066513,0,07,000,00,2,7,15,B01
200500066514,0,05,000,00,0,0,01,A01
200500066515,2,02,000,00,2,2,00,A01
200500066515,0,02,000,00,2,2,00,B01
200500066516,0,10,000,00,1,2,16,A01
200500066517,0,07,000,00,2,7,01,A01
200500066517,0,07,000,00,2,1,01,B01
200500066518,0,07,000,00,1,1,01,A01
200500066519,0,07,000,00,1,7,01,A01
200500066520,0,07,000,00,2,5,15,A01
200500066520,0,01,000,00,2,1,15,B01
200500066521,0,01,000,00,2,1,19,A01
200500066521,0,07,000,00,9,1,01,B01
200500066522,1,07,000,00,2,2,17,A01
200500066522,0,02,000,01,2,3,01,B01
200500066523,0,07,000,00,2,2,09,A01
200500066523,0,05,000,00,2,8,01,B01
200500066524,0,07,000,00,2,1,01,A01
200500066524,0,07,000,00,2,4,01,B01
200500066525,0,07,000,00,1,1,01,A01
200500066526,0,07,000,00,1,8,01,A01
200500066527,0,07,000,00,2,5,16,A01
200500066527,0,05,000,00,2,1,01,B01
200500066528,0,18,060,00,2,2,00,B01
200500066528,0,07,000,00,2,3,00,A01
200500066529,0,07,000,00,2,8,16,B01
200500066529,0,01,000,00,2,1,15,A01
200500066530,0,07,000,00,2,3,15,A01
200500066530,0,02,000,01,2,1,02,B01
200500066531,0,07,000,00,2,5,15,A01
200500066531,0,13,000,00,2,6,01,B01
200500066532,0,07,000,00,1,2,01,A01
200500066533,0,05,000,00,2,1,17,A01
200500066533,0,07,000,00,2,6,15,B01
200500066534,0,07,000,00,2,3,15,A01
200500066534,0,07,000,00,2,3,01,B01
200500066535,0,07,000,00,0,0,19,A01
200500066535,0,05,000,00,0,8,01,B01
200500066536,0,19,000,00,1,0,01,A01
200500066537,0,07,000,03,2,2,13,A01
200500066537,0,07,000,00,2,1,02,B01
200500066538,0,07,000,00,2,3,15,A01
200500066538,0,02,000,00,2,1,01,B01
200500066539,0,07,000,00,2,7,16,A01
200500066539,0,04,000,00,2,8,01,B01
200500066540,0,05,000,00,2,7,05,A01
200500066540,0,07,000,00,2,1,15,B01
200500066541,0,07,000,00,2,1,00,B01
200500066541,0,07,000,00,2,1,00,A01
200500066542,0,07,000,00,2,2,01,B01
200500066542,1,07,000,00,2,0,02,A01
200500066543,0,07,000,00,2,3,01,A01
200500066543,0,07,000,00,0,5,01,B01
200500066544,0,07,000,00,2,7,15,A01
200500066544,0,02,000,00,2,1,01,B01
200500066545,0,07,000,00,2,6,01,B01
200500066545,1,07,000,00,2,0,00,A01
200500066546,0,05,000,00,2,7,01,B01
200500066546,1,07,000,00,0,0,00,A01
200500066547,0,07,000,00,1,2,01,A01
200500066548,0,07,000,00,2,1,01,A01
200500066548,0,07,000,00,2,4,01,B01
200500066548,0,07,000,00,0,4,01,C01
200500066549,0,02,000,00,1,1,01,A01
200500066550,1,07,000,00,1,3,01,A01
200500066550,0,07,000,01,0,5,00,B01
200500066551,0,07,000,00,2,1,09,A01
200500066551,0,07,000,00,2,7,15,B01
200500066552,0,02,000,00,2,1,02,A01
200500066552,0,07,000,00,2,6,01,B01
200500066553,0,07,000,04,0,3,11,A01
200500066554,0,17,000,00,2,7,10,A01
200500066554,0,05,000,00,2,0,10,B01
200500066555,0,07,000,00,2,2,19,A01
200500066555,0,05,000,00,2,1,01,B01
200500066556,0,07,000,00,0,2,01,B01
200500066556,0,04,000,00,2,1,01,A01
200500066557,0,19,000,00,1,1,01,A01
200500066558,0,05,000,00,2,1,01,A01
200500066558,0,07,000,00,2,5,04,B01
200500066559,0,02,000,00,2,1,02,A01
200500066559,0,07,000,00,2,5,02,B01
200500066560,0,02,000,00,1,1,01,A01
200500066561,0,14,000,00,2,2,01,A01
200500066561,0,07,000,00,2,3,01,B01
200500066562,1,07,000,00,2,1,09,A01
200500066562,0,02,000,00,2,7,01,B01
200500066563,0,02,000,00,2,8,01,B01
200500066563,0,07,000,00,2,3,01,A01
200500066564,0,02,000,08,0,1,13,A01
200500066565,0,07,000,00,2,2,16,A01
200500066565,0,05,000,00,2,1,01,B01
200500066566,0,07,000,00,2,2,13,A01
200500066566,0,05,000,00,2,4,01,B01
200500066567,0,07,000,00,2,2,15,A01
200500066567,0,05,000,00,2,1,01,B01
200500066568,0,07,000,03,0,3,01,A01
200500066569,0,01,000,00,2,1,19,A01
200500066569,0,07,000,00,2,2,01,B01
200500066570,0,07,000,00,2,3,15,A01
200500066571,0,07,000,08,0,1,01,A01
200500066572,0,07,000,00,2,2,16,A01
200500066573,0,02,000,01,0,1,14,A01
200500066574,0,07,000,00,2,3,09,A01
200500066574,0,05,000,00,2,1,01,B01
200500066575,0,07,000,00,1,7,01,A01
200500066576,0,02,000,00,2,1,19,A01
200500066576,0,07,000,09,2,1,19,B01
200500066577,0,07,000,00,2,8,19,A01
200500066577,0,07,000,00,2,1,19,B01
200500066578,0,02,000,00,2,1,01,A01
200500066578,0,07,000,00,2,3,02,B01
200500066579,0,02,000,00,2,1,01,A01
200500066579,0,07,000,00,2,6,01,B01
200500066580,0,07,000,00,2,3,15,A01
200500066580,0,07,000,00,2,3,01,B01
200500066580,0,07,000,00,2,8,01,C01
200500066581,0,07,000,00,2,1,01,A01
200500066581,0,05,000,00,2,4,23,B01
200500066582,1,07,000,00,2,3,13,A01
200500066582,0,01,000,00,2,1,01,B01
200500066583,0,02,000,00,2,4,01,B01
200500066583,0,07,000,00,2,1,01,A01
200500066584,0,07,000,00,2,1,01,A01
200500066584,0,07,000,00,2,4,01,B01
200500066585,0,02,000,00,2,1,01,A01
200500066585,0,07,000,00,2,4,01,B01
200500066586,0,02,000,00,2,1,01,A01
200500066586,0,07,000,00,2,1,01,B01
200500066587,0,07,000,00,2,2,02,B01
200500066587,0,01,000,00,2,1,19,A01
200500066588,0,05,000,00,2,7,17,A01
200500066588,0,07,000,00,2,3,15,B01
200500066589,0,07,000,00,2,3,09,A01
200500066589,0,02,000,00,2,1,09,B01
200500066590,0,07,000,15,0,7,00,A01
200500066591,0,07,000,01,0,1,12,A01
200500066591,0,07,000,00,0,4,00,B01
200500066592,0,07,000,04,0,3,00,A01
200500066593,0,02,000,00,1,1,00,A01
200500066594,0,07,000,00,2,3,02,A01
200500066594,0,07,000,00,2,2,02,B01
200500066594,0,07,000,00,2,4,02,C01
200500066595,0,07,000,00,1,1,00,A01
200500066596,0,02,000,00,2,3,05,A01
200500066596,0,07,000,00,9,3,10,B01
200500066597,0,07,000,00,2,2,15,A01
200500066597,0,07,000,00,2,3,01,B01
200500066598,0,07,000,00,2,0,00,A01
200500066598,0,04,000,00,2,0,00,B01
200500066599,0,05,000,00,2,0,17,A01
200500066599,0,01,000,00,2,0,00,B01
200500066600,0,07,000,12,2,6,02,B01
200500066600,1,07,000,00,2,2,11,A01
200500066601,0,07,000,00,9,2,15,A01
200500066601,0,04,000,00,2,1,01,B01
200500066602,0,07,000,09,2,1,15,A01
200500066602,0,07,000,08,2,5,01,B01
200500066603,0,07,000,06,2,1,00,A01
200500066604,0,07,000,05,0,1,14,A01
200500066605,0,07,000,14,0,2,02,A01
200500066605,0,10,000,00,2,6,02,B01
200500066606,0,01,000,00,2,0,00,A01
200500066606,0,18,000,00,2,0,00,B01
200500066607,0,07,000,00,9,6,24,A01
200500066607,0,02,000,01,0,1,21,B01
200500066608,0,07,000,00,2,8,10,A01
200500066608,0,07,000,00,2,1,02,B01
200500066609,1,02,000,00,0,0,00,A01
200500066610,0,07,000,00,2,3,00,A01
200500066610,0,07,000,00,0,2,01,B01
200500066611,0,07,000,08,0,9,00,A01
200500066612,0,07,000,00,0,0,15,A01
200500066612,0,05,000,00,0,0,21,B01
200500066613,0,02,000,00,2,0,00,B01
200500066613,0,07,000,00,2,0,00,A01
200500066614,0,07,000,00,2,1,05,A01
200500066614,0,07,000,00,2,1,01,B01
200500066615,0,07,000,08,0,9,14,A01
200500066616,0,10,000,00,0,0,01,A01
200500066617,0,02,000,00,2,2,01,B01
200500066617,0,07,000,00,2,1,15,A01
200500066618,0,07,000,00,2,2,13,A01
200500066618,0,07,000,00,2,1,01,B01
200500066619,0,07,000,00,2,1,02,A01
200500066619,0,07,000,00,2,4,02,B01
200500066619,0,07,000,00,2,4,02,C01
200500066620,0,04,000,00,2,1,01,A01
200500066620,0,07,000,00,2,4,23,B01
200500066621,0,07,000,00,2,3,15,A01
200500066621,0,05,000,00,2,1,01,B01
200500066622,0,05,000,00,2,2,01,B01
200500066622,0,07,000,00,2,3,15,A01
200500066623,0,07,000,00,1,7,01,A01
200500066624,0,05,000,00,2,1,17,A01
200500066624,0,07,000,00,2,4,15,B01
200500066625,0,05,000,00,2,1,01,B01
200500066625,0,07,000,00,2,5,15,A01
200500066626,0,07,000,00,1,7,01,A01
200500066627,0,02,000,00,0,4,16,A01
200500066627,0,01,000,00,9,1,02,B01
200500066628,0,07,000,02,0,1,13,A01
200500066629,0,04,000,00,0,0,19,A01
200500066630,0,02,000,00,1,1,09,B01
200500066631,0,07,000,02,0,3,01,A01
200500066632,0,05,000,00,2,1,01,A01
200500066632,0,07,000,00,2,1,01,B01
200500066633,0,07,000,03,0,1,01,A01
200500066634,0,01,000,00,2,1,01,B01
200500066634,0,07,000,00,2,2,15,A01
200500066634,0,07,000,00,2,0,23,C01
200500066635,0,07,000,00,2,3,15,A01
200500066635,0,07,000,00,2,1,01,B01
200500066636,0,02,000,00,0,0,01,A01
200500066637,0,01,000,00,2,7,01,A01
200500066637,0,01,000,00,2,8,01,B01
200500066638,0,05,000,00,2,1,01,B01
200500066638,0,01,000,00,2,0,01,A01
200500066639,0,07,000,02,0,1,01,A01
200500066640,0,07,000,00,2,5,10,A01
200500066640,0,05,000,00,2,1,01,B01
200500066641,0,07,000,00,1,5,01,A01
200500066642,0,07,000,00,2,5,01,A01
200500066642,0,01,000,00,2,1,01,B01
200500066643,0,07,000,00,1,1,01,A01
200500066644,0,07,000,00,2,1,01,A01
200500066644,0,07,000,00,2,4,15,B01
200500066645,0,02,000,00,2,1,01,A01
200500066645,0,07,000,00,2,6,16,B01
200500066646,0,07,000,00,1,1,01,A01
200500066647,0,07,000,00,2,3,15,A01
200500066647,0,02,000,00,2,1,01,B01
200500066648,0,07,000,00,1,2,01,A01
200500066649,0,07,000,00,2,3,01,A01
200500066649,0,07,000,00,2,7,01,B01
200500066650,0,02,000,00,0,1,01,A01
200500066650,0,07,000,00,2,2,16,B01
200500066651,0,05,000,04,0,0,01,A01
200500066652,0,07,000,00,2,4,01,A01
200500066652,0,07,000,00,2,1,01,F01
200500066652,0,07,000,00,2,4,01,B01
200500066652,0,07,000,00,2,4,01,C01
200500066652,0,07,000,00,2,4,01,D01
200500066652,0,07,000,00,2,4,01,E01
200500066653,0,07,000,00,2,1,15,A01
200500066653,0,07,000,00,2,1,01,B01
200500066654,0,02,000,00,2,1,15,A01
200500066654,0,07,000,00,2,2,01,B01
200500066655,0,02,000,00,0,0,01,A01
200500066656,0,07,000,00,2,1,01,A01
200500066656,0,07,000,00,2,4,01,B01
200500066657,0,07,000,00,2,2,15,A01
200500066657,0,02,000,00,2,1,01,B01
200500066658,0,02,000,00,2,1,02,A01
200500066658,0,07,000,00,2,4,02,B01
200500066659,0,07,000,04,0,1,01,A01
200500066660,0,01,000,00,0,0,01,A01
200500066661,0,02,000,00,2,1,01,B01
200500066661,0,07,000,00,2,8,01,A01
200500066662,0,07,000,00,2,1,15,A01
200500066662,0,02,000,00,2,1,16,B01
200500066663,0,07,000,06,0,1,01,A01
200500066664,0,07,000,00,2,1,15,A01
200500066664,0,07,000,00,2,1,01,B01
200500066665,0,02,000,00,2,7,01,B01
200500066665,0,07,000,00,2,3,15,A01
200500066666,0,07,000,00,1,1,01,A01
200500066667,0,07,000,00,2,1,02,A01
200500066667,0,07,000,00,2,4,02,B01
200500066667,0,07,000,00,2,4,02,C01
200500066668,0,07,000,00,0,1,01,A01
200500066669,0,02,000,16,0,0,02,A01
200500066670,0,07,000,00,0,0,15,A01
200500066670,0,05,000,16,0,7,01,B01
200500066671,0,02,000,00,0,0,01,A01
200500066672,0,07,000,00,2,1,00,A01
200500066672,0,02,000,00,2,7,00,B01
200500066673,0,07,000,00,2,3,10,A01
200500066673,0,02,000,00,2,1,01,B01
200500066674,0,07,000,00,1,1,01,A01
200500066675,0,07,000,00,2,8,11,A01
200500066675,0,05,000,00,2,2,01,B01
200500066676,0,05,000,00,0,8,00,A01
200500066677,0,07,000,00,2,1,15,A01
200500066677,0,02,000,00,2,1,08,B01
200500066678,0,07,000,00,2,1,01,A01
200500066678,0,07,000,00,2,4,23,B01
200500066678,0,07,000,00,2,4,23,C01
200500066678,0,07,000,00,2,4,22,D01
200500066679,0,07,000,00,1,1,01,A01
200500066680,0,07,000,00,2,2,16,A01
200500066680,0,02,000,00,2,1,18,B01
200500066681,0,05,000,03,0,1,01,A01
200500066682,0,07,000,00,2,1,09,A01
200500066682,0,07,000,00,0,2,01,B01
200500066683,0,02,000,00,1,7,02,A01
200500066684,0,02,000,00,0,0,23,A01
200500066685,0,07,000,00,2,1,02,A01
200500066685,0,07,000,00,2,4,02,B01
200500066686,0,07,000,00,2,1,02,A01
200500066686,0,07,000,00,1,2,02,B01
200500066687,0,02,000,00,2,8,02,A01
200500066687,0,07,000,00,2,2,15,B01
200500066688,1,07,000,00,0,0,09,A01
200500066688,0,02,000,00,0,0,02,B01
200500066689,0,02,000,15,0,8,02,A01
200500066690,0,13,000,00,2,7,02,A01
200500066690,0,99,000,00,2,3,16,B01
200500066691,0,02,000,03,0,8,02,A01
200500066692,0,07,000,00,2,3,16,A01
200500066692,0,02,000,00,2,1,01,B01
200500066693,0,07,000,00,2,8,15,A01
200500066693,0,02,000,00,2,3,01,B01
200500066694,0,07,000,00,2,1,15,A01
200500066694,0,02,000,00,2,1,01,B01
200500066695,0,07,000,02,1,2,01,A01
200500066696,0,10,000,00,2,8,01,B01
200500066696,0,07,000,00,2,1,01,A01
200500066697,0,02,000,00,2,7,01,B01
200500066697,0,07,000,00,2,1,01,A01
200500066698,0,07,000,00,2,1,02,A01
200500066698,0,07,000,00,2,4,01,B01
200500066699,0,07,000,00,2,1,02,A01
200500066699,0,07,000,00,2,4,02,B01
200500066699,0,07,000,00,2,4,02,C01
200500066700,0,02,000,00,2,1,13,A01
200500066700,0,07,000,00,1,1,01,B01
200500066701,0,07,000,00,2,1,02,A01
200500066701,0,07,000,00,2,4,02,B01
200500066701,0,07,000,00,2,4,23,C01
200500066702,0,07,000,00,1,1,01,A01
200500066703,0,01,000,00,2,8,09,A01
200500066703,0,07,000,00,2,1,01,B01
200500066704,0,02,000,02,0,1,13,A01
200500066705,0,02,000,00,2,3,01,A01
200500066705,0,07,000,00,2,7,16,B01
200500066706,0,07,000,00,2,1,01,A01
200500066706,0,07,000,00,2,8,15,B01
200500066707,0,02,000,14,0,3,00,A01
200500066708,0,07,000,00,1,1,01,A01
200500066709,0,07,000,07,0,1,14,A01
200500066710,0,07,000,00,2,1,02,A01
200500066710,0,07,000,00,2,4,02,B01
200500066710,0,07,000,00,2,4,02,C01
200500066711,0,02,000,00,2,1,13,A01
200500066711,0,07,000,00,2,2,17,B01
200500066712,0,07,000,00,2,1,02,A01
200500066712,0,07,000,00,2,4,02,B01
200500066713,0,07,000,00,1,2,01,A01
200500066714,0,07,000,00,1,5,04,A01
200500066715,0,07,000,13,0,3,01,A01
200500066716,0,07,000,00,2,3,20,A01
200500066716,0,04,000,01,2,1,01,B01
200500066717,0,07,000,09,0,2,14,A01
200500066718,0,02,000,00,0,3,21,B01
200500066718,0,07,000,00,2,2,16,A01
200500066719,0,07,000,00,2,3,09,A01
200500066719,0,07,000,00,2,3,21,B01
200500066719,0,02,000,00,2,1,21,C01
200500066720,0,07,000,09,0,1,16,A01
200500066721,0,07,000,00,2,1,15,A01
200500066721,0,02,000,00,2,1,21,B01
200500066722,0,01,000,00,1,1,01,A01
200500066723,0,07,000,00,2,2,01,B01
200500066723,0,07,000,15,2,2,13,A01
200500066723,0,07,000,12,0,2,14,C01
200500066724,0,07,000,00,1,2,09,A01
200500066725,0,10,000,15,0,1,01,A01
200500066726,0,07,000,00,9,1,00,A01
200500066726,0,01,000,00,2,4,01,B01
200500066727,0,02,000,00,2,1,02,A01
200500066727,0,07,000,00,0,5,23,B01
200500066728,0,07,000,00,1,7,01,A01
200500066729,0,07,000,00,2,7,15,A01
200500066729,0,02,000,00,2,1,01,B01
200500066730,0,05,000,12,0,1,16,A01
200500066731,0,07,000,00,2,3,15,A01
200500066731,0,05,000,00,2,1,01,B01
200500066732,0,07,000,00,2,3,01,A01
200500066732,0,07,000,00,2,8,01,B01
200500066733,0,07,000,00,2,0,00,A01
200500066733,0,05,000,00,2,0,00,B01
200500066734,0,04,000,01,2,1,17,A01
200500066734,0,05,000,00,0,4,17,B01
200500066735,0,02,000,00,2,4,02,B01
200500066735,0,03,000,00,2,1,01,A01
200500066736,0,04,000,00,0,4,02,A01
200500066736,0,07,000,00,2,1,09,B01
200500066737,0,01,000,00,2,1,02,B01
200500066737,0,07,000,00,2,5,02,A01
200500066738,0,07,000,00,2,1,09,A01
200500066738,0,07,000,00,2,2,17,B01
200500066739,0,07,000,01,0,2,05,A01
200500066740,0,10,000,00,2,0,23,B01
200500066740,0,01,000,00,2,0,05,A01
200500066741,0,07,000,00,2,2,15,A01
200500066741,0,05,000,00,2,1,01,B01
200500066742,0,07,000,00,2,7,15,A01