Num_Acc,senc,catv,occutc,obs,obsm,choc,manv,num_veh
200500066742,0,04,000,00,2,1,02,B01
200500066743,0,07,000,00,2,2,15,A01
200500066743,0,01,000,00,2,1,01,B01
200500066744,0,02,000,00,2,1,01,A01
200500066744,0,07,000,00,2,4,02,B01
200500066745,0,07,000,00,1,3,01,A01
200500066746,0,07,000,00,2,4,23,B01
200500066746,0,02,000,00,2,1,02,A01
200500066747,0,14,000,00,2,3,01,B01
200500066747,0,07,000,00,2,6,23,C01
200500066747,0,07,000,15,2,8,15,A01
200500066748,0,07,000,00,2,3,01,B01
200500066748,0,07,000,00,2,8,09,A01
200500066749,0,07,000,00,9,3,09,A01
200500066749,0,05,000,00,0,8,01,B01
200500066750,0,02,000,00,1,0,17,A01
200500066751,0,07,000,00,2,1,02,B01
200500066751,0,07,000,00,2,2,15,A01
200500066752,0,07,000,00,1,7,01,A01
200500066753,0,07,000,00,2,7,01,A01
200500066753,0,02,000,00,2,1,01,B01
200500066754,0,07,000,00,1,1,15,A01
200500066755,0,07,000,00,2,7,15,A01
200500066755,0,05,000,00,2,1,01,B01
200500066756,0,07,000,00,1,1,02,A01
200500066757,0,07,000,00,2,1,01,A01
200500066757,0,07,000,00,2,4,23,B01
200500066758,0,01,000,00,2,8,19,A01
200500066758,0,07,000,00,2,1,01,B01
200500066759,0,07,000,13,2,5,13,B01
200500066759,0,07,000,00,2,1,15,A01
200500066760,0,07,000,00,1,3,20,A01
200500066761,0,07,000,00,2,3,01,B01
200500066761,0,07,000,00,2,1,09,A01
200500066762,0,07,000,00,2,2,15,A01
200500066762,0,04,000,00,2,1,01,B01
200500066763,0,07,000,00,2,3,15,A01
200500066763,0,02,000,00,2,1,17,B01
200500066764,0,05,000,00,2,1,21,B01
200500066764,0,07,000,00,2,1,15,A01
200500066765,0,07,000,02,2,8,00,A01
200500066766,0,07,000,00,2,5,17,A01
200500066766,0,01,000,00,2,1,02,B01
200500066767,0,07,000,00,2,1,02,A01
200500066767,0,07,000,00,2,4,02,B01
200500066767,0,07,000,00,2,4,02,C01
200500066767,0,07,000,00,2,4,02,D01
200500066768,0,18,015,00,1,1,01,A01
200500066769,0,07,000,00,1,5,04,A01
200500066770,0,02,000,00,2,1,01,A01
200500066770,0,07,000,00,0,5,01,B01
200500066771,0,07,000,00,2,1,13,A01
200500066771,0,07,000,00,2,3,01,B01
200500066772,0,01,000,00,2,1,19,A01
200500066772,0,07,000,00,9,7,01,B01
200500066773,0,07,000,15,0,1,14,A01
200500066774,0,07,000,00,2,3,13,A01
200500066774,0,07,000,15,2,8,01,B01
200500066775,0,07,000,00,0,4,02,C01
200500066775,0,07,000,00,2,4,02,B01
200500066775,0,07,000,00,2,1,02,A01
200500066776,0,02,000,00,0,8,01,A01
200500066776,0,07,000,00,2,3,15,B01
200500066777,0,07,000,00,1,2,01,A01
200500066778,0,07,000,01,2,2,01,A01
200500066778,0,14,000,00,2,3,01,B01
200500066779,0,07,000,03,2,1,05,A01
200500066779,0,07,000,00,2,1,17,B01
200500066779,0,07,000,00,2,3,01,C01
200500066779,0,07,000,03,2,1,01,D01
200500066779,0,07,000,03,2,3,01,E01
200500066780,0,02,000,00,2,1,01,A01
200500066780,0,07,000,00,2,3,15,B01
200500066781,0,07,000,00,2,8,01,A01
200500066781,0,07,000,00,2,1,01,B01
200500066782,0,07,000,00,2,1,15,A01
200500066782,0,07,000,00,2,1,01,B01
200500066783,0,07,000,00,1,1,00,A01
200500066784,0,07,000,00,1,1,15,A01
200500066785,0,07,000,00,1,2,01,A01
200500066786,0,02,000,00,2,1,01,B01
200500066786,0,10,000,00,0,1,19,A01
200500066787,0,10,000,00,2,5,04,A01
200500066787,0,07,000,00,2,2,23,B01
200500066788,0,07,000,00,2,3,09,A01
200500066788,0,02,000,00,2,1,01,B01
200500066789,0,02,000,00,1,1,01,A01
200500066790,0,07,000,00,2,6,15,A01
200500066790,0,02,000,00,2,1,01,B01
200500066791,0,07,000,00,2,3,01,A01
200500066791,0,07,000,00,2,2,01,B01
200500066792,0,02,000,00,2,1,15,A01
200500066792,0,07,000,00,2,3,01,B01
200500066793,0,02,000,00,2,4,02,A01
200500066793,0,07,000,00,0,4,20,B01
200500066794,0,07,000,00,0,2,01,B01
200500066794,0,02,000,00,2,1,01,A01
200500066795,0,07,000,00,1,7,01,A01
200500066796,0,07,000,00,2,1,02,A01
200500066796,0,07,000,00,0,4,01,B01
200500066797,0,07,000,00,2,1,15,A01
200500066797,0,05,000,00,2,1,01,B01
200500066798,0,07,000,00,2,1,01,A01
200500066798,0,07,000,00,2,4,01,B01
200500066799,0,18,002,00,2,5,01,A01
200500066799,0,07,000,00,2,8,01,B01
200500066800,0,07,000,00,1,1,01,A01
200500066801,0,07,000,00,1,1,01,A01
200500066802,0,07,000,00,0,4,16,A01
200500066802,0,10,000,00,2,1,16,B01
200500066803,0,05,000,00,2,1,01,A01
200500066803,0,07,000,00,2,4,01,B01
200500066804,0,07,000,00,2,1,01,A01
200500066804,0,02,000,00,2,1,23,B01
200500066805,0,07,000,16,0,1,01,A01
200500066806,0,07,000,00,2,6,01,A01
200500066806,0,07,000,00,2,2,01,B01
200500066807,0,04,000,00,2,8,15,A01
200500066807,0,07,000,00,0,7,01,B01
200500066808,0,07,000,00,2,1,01,B01
200500066808,0,07,000,00,2,7,01,A01
200500066809,0,02,000,00,2,2,01,B01
200500066809,0,02,000,00,2,1,05,A01
200500066810,0,02,000,00,2,1,20,A01
200500066810,0,02,000,00,2,4,01,B01
200500066811,0,07,000,00,1,2,01,A01
200500066812,0,05,000,00,2,1,01,A01
200500066812,0,10,000,00,2,7,09,B01
200500066813,0,07,000,00,0,4,23,B01
200500066813,0,05,000,00,2,1,11,A01
200500066814,0,01,000,00,2,1,07,A01
200500066814,0,07,000,00,2,2,01,B01
200500066815,0,07,000,00,2,3,15,A01
200500066815,0,01,000,00,2,1,01,B01
200500066816,0,10,000,00,2,5,15,A01
200500066816,0,01,000,00,2,1,01,B01
200500066817,0,10,000,00,2,1,01,A01
200500066817,0,07,000,00,2,4,23,B01
200500066818,0,07,000,00,2,3,01,A01
200500066818,0,07,000,15,2,6,01,B01
200500066819,0,07,000,00,1,3,01,A01
200500066820,0,07,000,00,2,1,08,A01
200500066820,0,07,000,00,0,4,15,B01
200500066821,0,07,000,00,2,4,01,B01
200500066821,0,07,000,00,2,1,02,A01
200500066822,0,10,000,00,2,1,02,A01
200500066822,0,07,000,00,2,4,02,B01
200500066823,0,07,000,00,2,1,01,A01
200500066823,0,07,000,00,0,4,23,B01
200500066824,0,02,000,00,2,1,15,A01
200500066824,0,07,000,00,2,1,01,B01
200500066825,0,07,000,00,1,3,15,A01
200500066826,0,04,000,00,2,8,09,A01
200500066826,0,07,000,00,2,5,16,B01
200500066827,1,99,000,00,0,0,00,A01
200500066828,0,07,000,00,2,1,15,A01
200500066828,0,01,000,00,2,0,01,B01
200500066829,0,04,000,00,2,1,13,A01
200500066829,0,07,000,00,2,2,01,B01
200500066830,0,05,000,00,2,1,01,B01
200500066830,0,02,000,00,0,6,15,A01
200500066831,0,07,000,00,1,1,01,A01
200500066832,0,07,000,01,2,1,01,A01
200500066832,0,07,000,00,0,3,01,B01
200500066833,0,07,000,00,2,1,01,A01
200500066833,0,07,000,00,0,0,23,B01
200500066834,0,01,000,00,2,8,01,B01
200500066834,0,07,000,00,9,2,19,A01
200500066835,0,07,000,00,2,7,01,B01
200500066835,0,02,000,00,2,1,01,A01
200500066836,0,05,000,00,2,1,17,A01
200500066836,0,15,000,00,2,5,17,B01
200500066837,0,07,000,00,6,8,23,A01
200500066837,0,05,000,14,0,6,00,B01
200500066838,0,07,000,03,2,5,01,B01
200500066838,0,07,000,00,2,3,02,A01
200500066839,0,07,000,00,2,2,11,A01
200500066839,0,05,000,00,2,1,01,B01
200500066840,0,18,000,00,2,1,01,B01
200500066840,0,07,000,00,2,2,01,A01
200500066841,0,07,000,00,1,1,01,A01
200500066842,0,04,000,12,0,1,01,A01
200500066843,0,07,000,00,2,1,15,A01
200500066843,0,07,000,00,2,1,01,B01
200500066844,0,02,000,00,2,1,01,A01
200500066844,0,07,000,00,2,1,01,B01
200500066844,0,07,000,00,2,1,01,C01
200500066845,0,07,000,00,2,3,15,A01
200500066845,0,02,000,00,2,1,01,B01
200500066846,0,07,000,00,2,2,01,A01
200500066846,0,01,000,01,2,1,09,B01
200500066847,0,07,000,00,2,7,01,B01
200500066847,0,02,000,00,2,1,16,A01
200500066848,0,07,000,00,9,3,24,A01
200500066848,0,01,000,00,2,1,01,B01
200500066849,0,17,000,00,2,7,24,B01
200500066849,0,07,000,01,0,1,01,A01
200500066850,0,02,000,00,2,7,01,B01
200500066850,0,07,000,00,2,8,01,A01
200500066851,0,07,000,00,2,7,01,A01
200500066851,0,01,000,00,2,1,01,B01
200500066852,0,02,000,00,2,1,01,A01
200500066852,0,07,000,00,2,1,00,B01
200500066853,0,02,000,12,0,0,01,A01
200500066854,0,02,000,00,2,1,02,A01
200500066854,0,07,000,00,2,4,01,B01
200500066855,0,07,000,00,2,0,15,A01
200500066855,0,07,000,00,2,0,01,B01
200500066856,0,07,000,00,2,2,16,A01
200500066856,0,01,000,00,2,8,01,B01
200500066857,0,07,000,01,0,2,14,A01
200500066858,0,02,000,00,2,1,02,A01
200500066858,0,07,000,00,2,4,01,B01
200500066859,0,07,000,00,2,3,01,A01
200500066859,0,01,000,00,2,5,01,B01
200500066860,0,07,000,00,2,3,20,A01
200500066860,0,07,000,00,2,2,01,B01
200500066861,0,07,000,00,2,3,13,A01
200500066861,0,07,000,00,2,0,01,B01
200500066861,0,07,000,00,2,1,01,C01
200500066862,0,07,000,00,2,1,15,A01
200500066862,0,07,000,00,2,8,01,B01
200500066863,0,02,000,00,2,1,01,A01
200500066864,0,01,000,00,0,0,00,A01
200500066865,0,02,000,00,1,1,01,A01
200500066866,0,07,000,00,1,3,01,A01
200500066867,0,01,000,00,0,0,00,A01
200500066868,0,07,000,00,2,2,01,A01
200500066868,0,02,000,00,2,1,01,B01
200500066869,0,07,000,00,1,1,01,A01
200500066870,0,02,000,00,2,1,02,A01
200500066870,1,07,000,00,2,4,01,B01
200500066871,0,07,000,00,1,1,01,A01
200500066872,0,07,000,06,0,1,01,A01
200500066873,0,07,000,00,2,3,22,A01
200500066873,0,01,000,01,0,2,01,B01
200500066874,0,02,000,00,0,0,01,A01
200500066875,1,99,000,00,1,1,01,A01
200500066876,0,07,000,00,2,1,01,A01
200500066876,0,07,000,00,2,4,16,B01
200500066877,0,07,000,00,1,1,01,A01
200500066878,0,07,000,00,2,1,05,A01
200500066878,0,07,000,00,2,1,01,B01
200500066879,0,07,000,15,0,1,14,A01
200500066879,0,07,000,00,2,4,23,B01
200500066880,0,07,000,15,9,1,01,A01
200500066880,0,07,000,00,2,9,24,C01
200500066881,0,07,000,00,1,1,01,A01
200500066882,0,07,000,00,2,6,23,B01
200500066882,0,05,000,14,0,7,17,A01
200500066883,0,05,000,00,2,1,09,A01
200500066883,0,07,000,00,2,8,01,B01
200500066884,1,02,000,00,2,0,16,B01
200500066884,0,07,000,08,0,8,21,A01
200500066885,0,07,000,00,2,1,02,A01
200500066885,0,07,000,00,2,1,02,B01
200500066885,0,07,000,00,2,4,01,C01
200500066886,0,18,001,14,0,1,02,A01
200500066886,0,07,000,00,2,4,23,B01
200500066887,0,07,000,00,2,2,17,A01
200500066887,0,01,000,00,2,4,01,B01
200500066888,0,02,000,00,2,3,13,A01
200500066888,0,02,000,00,2,1,02,B01
200500066889,0,07,000,14,2,1,02,A01
200500066889,0,07,000,00,2,4,23,B01
200500066889,0,07,000,00,2,4,23,C01
200500066890,0,07,000,02,0,1,13,A01
200500066891,0,01,000,00,2,8,19,A01
200500066891,0,07,000,00,2,1,01,B01
200500066892,0,02,000,00,2,1,01,B01
200500066892,0,07,000,00,2,7,15,A01
200500066893,0,02,000,00,2,6,11,A01
200500066893,0,07,000,00,2,5,01,B01
200500066894,0,17,000,03,0,8,13,A01
200500066895,0,07,000,01,0,1,13,A01
200500066896,0,07,000,00,2,1,01,B01
200500066896,0,07,000,00,2,1,23,C01
200500066896,0,07,000,00,2,7,01,A01
200500066897,0,07,000,00,2,3,13,A01
200500066897,0,07,000,00,2,1,01,B01
200500066897,0,07,000,00,2,2,23,C01
200500066898,0,07,000,00,2,2,01,B01
200500066899,0,07,000,16,0,9,01,A01
200500066900,0,07,000,00,1,0,01,A01
200500066900,0,02,000,00,2,3,01,B01
200500066901,0,07,000,00,2,1,01,B01
200500066901,0,07,000,00,2,3,01,A01
200500066902,0,07,000,00,1,2,01,A01
200500066903,0,07,000,00,2,2,01,A01
200500066903,0,05,000,00,2,1,01,B01
200500066904,0,07,000,13,0,9,01,A01
200500066905,0,01,000,00,2,3,11,A01
200500066905,0,05,000,00,2,2,12,B01
200500066906,0,07,000,00,1,2,01,A01
200500066907,0,07,000,00,1,1,01,A01
200500066908,0,01,000,00,2,1,01,B01
200500066908,0,07,000,00,9,3,15,A01
200500066909,0,07,000,00,0,1,01,A01
200500066909,0,07,000,00,2,1,01,B01
200500066910,0,07,000,00,1,3,15,A01
200500066911,0,02,000,14,0,1,00,A01
200500066912,0,07,000,00,2,3,15,A01
200500066912,0,05,000,00,2,0,01,B01
200500066913,2,07,000,00,2,1,01,A01
200500066913,1,07,000,00,0,0,00,C01
200500066913,0,07,000,00,2,4,15,B01
200500066914,0,02,000,00,2,3,15,A01
200500066914,0,05,000,01,2,1,01,B01
200500066915,0,07,000,06,0,1,01,A01
200500066916,0,07,000,00,2,3,15,A01
200500066916,0,02,000,00,2,1,17,B01
200500066917,0,02,000,00,1,1,16,A01
200500066917,0,07,000,00,2,3,01,B01
200500066918,0,07,000,00,2,1,01,A01
200500066918,0,07,000,00,2,4,01,B01
200500066918,0,07,000,00,2,4,01,C01
200500066919,0,02,000,00,2,1,00,B01
200500066919,0,07,000,00,2,3,15,A01
200500066920,0,02,000,00,2,1,01,A01
200500066920,0,07,000,00,2,8,01,B01
200500066921,0,02,000,00,2,3,01,B01
200500066921,0,07,000,00,2,1,15,A01
200500066922,0,10,000,00,2,3,15,A01
200500066922,0,02,000,00,2,3,01,B01
200500066923,0,07,000,00,1,3,01,A01
200500066924,0,02,000,00,2,1,00,A01
200500066924,0,02,000,00,2,1,00,B01
200500066925,0,04,000,00,2,1,02,A01
200500066925,0,14,000,00,0,6,16,B01
200500066926,0,07,000,00,2,8,01,B01
200500066926,0,07,000,00,2,1,02,C01
200500066926,0,07,000,00,2,1,09,A01
200500066927,0,07,000,00,1,0,00,A01
200500066928,0,07,000,00,2,3,15,B01
200500066928,0,02,000,00,2,1,01,A01
200500066929,0,07,000,00,0,1,01,A01
200500066930,0,10,000,00,0,1,13,A01
200500066930,0,10,000,00,0,1,01,B01
200500066931,0,10,000,00,0,9,01,A01
200500066932,0,07,000,00,1,2,01,A01
200500066933,0,10,000,00,0,0,01,A01
200500066934,0,07,000,00,1,0,01,A01
200500066935,0,10,000,00,1,1,01,A01
200500066936,0,02,000,00,2,2,17,A01
200500066936,0,07,000,00,2,3,15,B01
200500066937,0,07,000,00,1,1,01,A01
200500066938,0,07,000,00,0,7,15,A01
200500066938,0,07,000,00,0,1,01,B01
200500066939,0,07,000,00,0,1,02,A01
200500066939,0,07,000,00,0,4,01,B01
200500066940,0,07,000,00,0,3,01,A01
200500066940,0,05,000,00,0,7,15,B01
200500066941,0,05,000,00,0,1,01,A01
200500066941,1,07,000,00,0,0,00,B01
200500066942,0,02,000,00,2,2,17,A01
200500066942,0,10,000,00,2,8,15,B01
200500066943,0,07,000,00,2,1,01,A01
200500066943,0,07,000,00,2,4,23,B01
200500066944,0,02,000,00,2,1,01,B01
200500066944,0,07,000,00,2,8,01,A01
200500066945,0,10,000,00,1,2,01,A01
200500066946,0,05,000,00,0,8,01,B01
200500066946,0,10,000,00,0,2,15,A01
200500066947,0,07,000,00,1,1,01,A01
200500066948,0,07,000,00,0,8,01,A01
200500066949,0,14,000,00,0,0,00,A01
200500066950,0,07,000,00,2,1,01,B01
200500066950,0,07,000,00,2,1,15,A01
200500066951,0,07,000,00,0,8,15,A01
200500066951,0,02,000,00,2,1,19,B01
200500066952,0,07,000,03,0,1,01,A01
200500066953,0,07,000,00,1,2,01,A01
200500066954,0,07,000,07,0,1,15,A01
200500066955,0,05,000,00,0,7,01,A01
200500066956,0,07,000,00,2,1,10,B01
200500066956,0,07,000,00,2,2,15,A01
200500066957,0,07,000,00,2,1,01,A01
200500066957,0,07,000,00,2,4,15,B01
200500066958,0,07,000,01,0,2,01,A01
200500066959,0,07,000,00,1,2,01,A01
200500066960,0,02,000,12,0,0,01,A01
200500066961,0,07,000,06,0,0,01,A01
200500066962,0,07,000,00,2,1,02,A01
200500066962,0,07,000,00,2,4,02,B01
200500066963,0,05,000,00,0,7,21,B01
200500066963,0,07,000,00,0,0,13,A01
200500066964,0,07,000,00,1,2,01,A01
200500066965,0,07,000,14,0,1,02,A01
200500066965,0,07,000,14,1,1,23,B01
200500066965,0,18,001,00,0,4,02,C01
200500066966,0,01,000,00,1,0,01,A01
200500066967,1,99,000,00,1,0,01,A01
200500066968,0,01,000,01,0,1,01,B01
200500066969,0,10,000,08,0,1,01,A01
200500066970,0,07,000,00,1,7,01,A01
200500066971,0,07,000,00,1,3,01,A01
200500066972,0,07,000,00,1,3,15,A01
200500066973,0,01,000,00,2,2,15,B01
200500066973,0,07,000,00,2,3,16,A01
200500066974,0,07,000,00,1,2,01,A01
200500066975,0,07,000,00,2,2,15,A01
200500066975,0,02,000,00,2,1,01,B01
200500066976,0,07,000,13,0,1,14,A01
200500066977,0,03,000,13,0,9,13,A01
200500066978,0,05,000,00,1,1,01,A01
200500066979,0,07,000,00,2,7,15,A01
200500066979,0,02,000,00,2,2,01,B01
200500066980,0,07,000,13,0,2,01,A01
200500066981,0,07,000,01,2,2,13,A01
200500066981,0,07,000,00,0,3,15,B01
200500066982,0,02,000,00,2,1,01,A01
200500066982,0,07,000,00,2,6,01,B01
200500066982,0,07,000,00,0,0,10,C01
200500066983,0,07,000,00,1,1,01,A01
200500066984,0,07,000,01,2,9,01,A01
200500066984,0,07,000,00,2,4,01,B01
200500066985,0,07,000,00,1,1,01,A01
200500066986,0,21,000,00,1,5,01,A01
200500066986,0,01,000,00,0,4,01,B01
200500066987,0,07,000,00,1,3,15,A01
200500066988,2,07,000,00,1,0,20,A01
200500066989,0,07,000,00,2,1,10,A01
200500066989,0,02,000,00,2,1,01,B01
200500066990,0,02,000,00,0,0,01,A01
200500066990,0,01,000,00,0,0,01,B01
200500066990,0,01,000,00,0,1,01,C01
200500066991,0,07,000,00,1,1,01,A01
200500066992,0,07,000,00,1,2,01,A01
200500066993,0,02,000,00,2,1,01,A01
200500066993,0,01,000,00,0,4,01,B01
200500066994,2,07,000,00,2,8,11,A01
200500066994,0,05,000,00,2,7,01,B01
200500066995,0,01,000,00,2,1,11,A01
200500066995,0,07,000,00,2,3,01,B01
200500066996,0,07,000,00,2,1,15,A01
200500066996,0,04,000,00,2,1,01,B01
200500066997,0,05,000,14,0,0,01,A01
200500066997,0,07,000,00,2,3,01,B01
200500066998,0,07,000,00,2,1,05,A01
200500066998,0,07,000,00,2,1,02,B01
200500066999,0,07,000,00,1,1,01,A01
200500067000,0,07,000,00,2,3,09,A01
200500067000,0,05,000,00,2,8,01,B01
200500067001,1,07,000,00,1,1,16,A01
200500067002,0,07,000,00,2,3,15,A01
200500067002,0,05,000,00,2,1,01,B01
200500067003,0,07,000,00,2,3,10,A01
200500067003,0,02,000,00,2,1,01,B01
200500067004,0,07,000,00,2,2,16,A01
200500067004,0,02,000,00,2,2,01,B01
200500067005,0,07,000,00,2,2,09,A01
200500067005,0,02,000,00,2,1,01,B01
200500067006,0,07,000,00,2,1,01,A01
200500067006,0,07,000,08,2,7,01,B01
200500067006,0,07,000,00,2,8,23,C01
200500067007,0,02,000,00,0,1,01,A01
200500067008,0,02,000,00,2,7,15,A01
200500067008,0,02,000,00,2,1,01,B01
200500067009,0,02,000,08,0,1,01,A01
200500067010,0,02,000,00,2,1,01,B01
200500067010,0,02,000,00,2,2,15,A01
200500067011,0,13,000,07,0,7,15,A01
200500067012,0,07,000,00,2,1,01,A01
200500067012,0,07,000,00,2,4,01,B01
200500067013,0,07,000,08,2,1,01,A01
200500067013,0,07,000,00,2,1,01,B01
200500067013,0,07,000,00,2,1,01,C01
200500067014,0,07,000,00,2,7,01,A01
200500067014,0,02,000,00,2,1,01,B01
200500067015,0,07,000,02,0,1,14,A01
200500067016,0,01,000,00,2,0,02,B01
200500067016,1,07,000,00,0,0,00,A01
200500067017,0,07,000,00,2,2,01,B01
200500067017,0,02,000,00,2,1,16,A01
200500067018,1,07,000,00,1,0,00,A01
200500067019,0,01,000,00,0,4,15,A01
200500067019,1,02,000,00,9,0,17,B01
200500067020,0,02,000,02,0,7,01,A01
200500067021,0,07,000,00,2,3,19,A01
200500067021,0,05,000,00,2,5,01,B01
200500067022,0,07,000,00,1,1,01,A01
200500067023,0,04,000,00,2,3,15,A01
200500067023,0,02,000,00,2,3,01,B01
200500067024,0,07,000,00,2,1,15,A01
200500067024,0,07,000,00,2,1,01,B01
200500067025,1,10,000,00,2,7,01,A01
200500067025,0,07,000,00,2,6,01,B01
200500067026,0,07,000,00,1,1,01,A01
200500067027,0,07,000,00,1,1,01,A01
200500067028,0,05,000,00,0,0,01,A01
200500067029,0,07,000,00,2,1,02,A01
200500067029,0,07,000,00,2,3,02,B01
200500067030,1,07,000,00,2,0,00,A01
200500067030,0,02,000,00,1,8,01,B01
200500067031,0,07,000,00,2,7,09,A01
200500067031,0,07,000,00,2,3,01,B01
200500067032,0,07,000,00,2,2,15,A01
200500067032,0,05,000,00,2,1,01,B01
200500067033,0,07,000,00,2,2,15,A01
200500067033,0,07,000,00,2,1,01,B01
200500067034,1,07,000,00,9,0,15,A01
200500067034,0,02,000,00,2,0,01,B01
200500067035,0,02,000,00,2,1,01,A01
200500067035,0,07,000,00,9,3,01,B01
200500067036,0,07,000,00,1,0,00,A01
200500067037,0,07,000,01,2,2,01,B01
200500067037,0,07,000,00,2,3,01,A01
200500067038,0,07,000,00,2,1,15,A01
200500067038,0,07,000,00,2,6,01,B01
200500067038,0,07,000,00,2,3,01,C01
200500067039,0,01,000,00,2,3,01,A01
200500067039,0,07,000,00,9,2,01,B01
200500067040,0,07,000,00,1,1,16,A01
200500067041,0,07,000,00,2,1,01,A01
200500067041,0,02,000,00,2,1,01,B01
200500067042,0,07,000,00,1,1,16,A01
200500067043,0,07,000,00,1,1,01,B01
200500067044,0,10,000,00,2,0,20,A01
200500067044,0,10,000,00,2,0,23,B01
200500067044,0,02,000,00,2,1,01,C01
200500067045,1,07,000,00,1,0,00,A01
200500067046,0,07,000,00,2,3,23,A01
200500067046,0,07,000,00,2,3,01,B01
200500067047,0,07,000,00,1,1,01,A01
200500067048,0,07,000,00,2,1,15,A01
200500067048,0,05,000,00,2,1,01,B01
200500067049,0,07,000,00,1,1,01,A01
200500067050,0,01,000,00,2,1,01,A01
200500067050,0,07,000,00,2,1,01,B01
200500067051,0,07,000,00,1,2,01,A01
200500067052,0,02,000,00,2,2,17,A01
200500067052,0,07,000,00,2,8,23,B01
200500067053,0,07,000,00,1,1,01,B01
200500067054,0,07,000,00,2,2,15,A01
200500067054,0,07,000,00,2,8,01,B01
200500067055,0,07,000,00,2,2,15,A01
200500067055,0,05,000,00,2,1,01,B01
200500067056,0,07,000,00,2,6,09,A01
200500067056,0,01,000,00,2,1,01,B01
200500067057,0,07,000,00,2,1,19,A01
200500067057,0,07,000,00,2,8,01,B01
200500067058,0,07,000,00,1,4,04,A01
200500067059,0,07,000,00,2,1,13,A01
200500067059,0,07,000,00,2,8,01,B01
200500067060,0,02,000,00,2,1,01,A01
200500067060,0,07,000,00,9,5,01,B01
200500067061,0,07,000,00,1,1,01,B01
200500067062,0,05,000,00,2,1,17,A01
200500067062,0,07,000,00,2,8,23,B01
200500067063,0,07,000,00,1,1,01,A01
200500067063,0,07,000,00,2,4,23,B01
200500067064,0,07,000,09,0,8,00,A01
200500067065,0,07,000,00,2,6,16,B01
200500067065,1,07,000,00,2,0,05,A01
200500067066,0,07,000,00,2,1,01,A01
200500067066,0,07,000,00,2,3,15,B01
200500067067,0,01,000,00,2,4,19,A01
200500067067,0,07,000,00,2,1,01,B01
200500067068,0,07,000,00,2,5,23,B01
200500067068,0,07,000,00,2,4,23,D01
200500067068,0,07,000,00,2,6,23,C01
200500067068,0,07,000,00,2,4,23,E01
200500067068,0,07,000,00,2,4,23,F01
200500067068,0,07,000,00,2,4,23,G01
200500067068,0,07,000,14,0,1,01,A01
200500067069,0,07,000,03,2,8,01,A01
200500067069,0,03,000,00,2,3,01,B01
200500067070,0,07,000,00,2,5,01,A01
200500067070,0,07,000,00,2,1,01,B01
200500067071,0,07,000,00,2,1,01,A01
200500067071,0,07,000,00,2,2,15,B01
200500067072,0,07,000,00,2,1,15,A01
200500067072,0,07,000,00,2,2,01,B01
200500067073,0,07,000,00,2,3,15,A01
200500067073,0,02,000,00,2,1,02,B01
200500067074,0,07,000,00,1,1,01,A01
200500067075,0,07,000,00,2,1,01,A01
200500067075,0,07,000,00,2,4,23,B01
200500067076,0,07,000,00,1,1,01,B01
200500067077,0,02,000,00,2,1,18,A01
200500067077,0,07,000,00,2,7,02,B01
200500067078,0,04,000,00,2,1,15,A01
200500067078,0,07,000,00,2,3,01,B01
200500067079,0,07,000,00,2,1,01,A01
200500067079,0,07,000,00,2,5,01,B01
200500067080,0,05,000,00,2,1,02,A01
200500067080,0,07,000,00,2,6,15,B01
200500067081,0,07,000,00,2,3,01,A01
200500067081,0,07,000,00,2,3,01,B01
200500067082,1,07,000,00,2,4,01,A01
200500067082,0,07,000,00,2,1,01,B01
200500067082,0,07,000,00,2,4,01,C01
200500067083,0,02,000,00,2,1,01,A01
200500067083,0,07,000,00,9,2,16,B01
200500067084,0,07,000,00,2,3,15,A01
200500067084,0,04,000,00,2,1,01,B01
200500067085,0,07,000,00,1,2,01,A01
200500067086,0,07,000,00,2,1,01,A01
200500067086,0,07,000,00,2,4,00,B01
200500067086,0,07,000,00,2,1,01,C01
200500067086,0,07,000,00,2,4,01,D01
200500067087,0,07,000,00,2,8,11,A01
200500067087,0,07,000,00,2,1,01,B01
200500067088,0,02,000,00,2,1,15,A01
200500067088,0,07,000,00,2,1,02,B01
200500067089,0,07,000,00,1,1,01,B01
200500067090,1,99,000,00,0,0,00,A01
200500067091,0,07,000,00,1,1,01,A01
200500067092,0,07,000,00,2,3,01,B01
200500067092,0,07,000,00,0,7,01,A01
200500067093,0,02,000,00,0,7,01,A01
200500067094,0,07,000,00,2,1,01,B01
200500067094,0,07,000,00,2,1,15,A01
200500067095,0,07,000,00,0,1,01,A01
200500067096,0,07,000,14,0,1,01,A01
200500067096,0,07,000,00,0,4,23,B01
200500067097,0,02,000,00,2,1,01,A01
200500067097,0,07,000,00,0,4,15,B01
200500067098,0,02,000,00,1,1,17,A01
200500067099,0,07,000,01,2,3,01,A01
200500067099,0,02,000,00,2,1,01,B01
200500067100,0,07,000,00,9,5,15,A01
200500067100,0,01,000,00,2,0,01,B01
200500067101,0,07,000,00,1,0,16,A01
200500067102,0,07,000,00,2,0,15,A01
200500067102,0,02,000,00,2,1,01,B01
200500067103,0,07,000,00,2,1,01,A01
200500067103,0,07,000,00,2,8,09,B01
200500067104,0,07,000,00,2,1,15,A01
200500067104,0,02,000,00,2,8,01,B01
200500067105,0,07,000,00,2,7,15,A01
200500067105,0,04,000,00,2,1,01,B01
200500067106,0,07,000,00,1,0,01,A01
200500067107,0,07,000,00,2,1,01,A01
200500067107,0,07,000,00,2,2,01,B01