Num_Acc,senc,catv,occutc,obs,obsm,choc,manv,num_veh
200500067471,0,01,000,00,2,1,19,B01
200500067472,0,07,000,00,2,1,01,A01
200500067472,0,07,000,00,2,1,01,B01
200500067473,0,07,000,15,2,5,01,A01
200500067473,0,01,000,00,2,1,01,B01
200500067474,0,07,000,00,2,1,02,A01
200500067474,0,07,000,00,2,4,23,B01
200500067475,0,07,000,00,2,2,17,A01
200500067475,0,07,000,00,2,3,15,B01
200500067476,0,07,000,00,2,1,01,A01
200500067476,0,07,000,00,2,5,23,B01
200500067476,0,07,000,00,2,6,01,C01
200500067477,0,07,000,00,2,7,14,A01
200500067477,0,01,000,00,2,1,09,B01
200500067478,0,02,000,00,2,8,10,A01
200500067478,0,07,000,00,2,1,01,B01
200500067479,0,01,000,00,2,1,05,B01
200500067479,0,07,000,00,2,1,16,A01
200500067480,0,07,000,00,2,8,20,A01
200500067480,0,02,000,00,2,7,17,B01
200500067481,0,10,000,00,2,1,02,A01
200500067481,0,07,000,00,2,4,01,B01
200500067481,0,07,000,00,2,4,23,C01
200500067482,0,07,000,00,2,1,15,A01
200500067482,0,07,000,00,2,3,01,B01
200500067483,0,07,000,00,2,7,15,A01
200500067483,0,07,000,00,2,1,01,B01
200500067484,0,02,000,00,0,1,00,A01
200500067485,0,02,000,00,2,1,01,A01
200500067485,0,07,000,00,2,1,01,B01
200500067486,0,02,000,00,1,1,01,A01
200500067486,0,07,000,00,0,4,01,B01
200500067487,0,01,000,01,0,7,01,B01
200500067487,0,10,000,00,2,8,24,A01
200500067488,0,07,000,00,2,3,15,A01
200500067488,0,01,000,00,2,1,01,B01
200500067489,0,07,000,00,2,2,15,A01
200500067489,0,02,000,00,2,8,01,B01
200500067490,0,07,000,00,0,8,22,A01
200500067490,0,02,000,01,0,1,01,B01
200500067491,0,07,000,00,1,4,04,A01
200500067492,1,10,000,00,2,7,15,A01
200500067492,0,01,000,00,2,1,01,B01
200500067493,0,02,000,00,2,1,05,A01
200500067493,0,07,000,00,2,1,01,B01
200500067494,0,07,000,00,1,5,01,A01
200500067495,0,07,000,00,9,2,11,A01
200500067495,0,01,000,00,2,1,01,B01
200500067496,0,02,000,00,2,1,01,A01
200500067496,0,07,000,00,9,2,23,B01
200500067497,0,07,000,00,9,8,00,A01
200500067497,0,01,000,01,0,1,01,B01
200500067498,0,07,000,00,2,2,15,A01
200500067498,0,07,000,00,2,1,01,B01
200500067499,0,07,000,00,9,3,01,A01
200500067499,0,01,000,00,2,1,01,B01
200500067500,0,07,000,00,1,2,11,A01
200500067501,0,07,000,00,1,1,01,A01
200500067502,0,07,000,00,2,1,02,A01
200500067502,0,07,000,00,2,4,02,B01
200500067502,0,07,000,00,2,4,02,C01
200500067503,0,07,000,00,2,1,01,A01
200500067503,0,07,000,00,2,3,15,B01
200500067504,0,07,000,00,2,1,01,A01
200500067504,0,07,000,00,2,4,01,B01
200500067504,0,07,000,00,0,4,02,C01
200500067505,0,01,000,00,1,0,00,A01
200500067506,0,07,000,00,9,3,09,A01
200500067506,0,02,000,00,2,1,01,B01
200500067507,0,04,000,00,2,1,02,B01
200500067507,0,07,000,00,2,2,15,A01
200500067508,0,07,000,02,0,0,00,A01
200500067509,0,07,000,00,1,4,04,A01
200500067510,0,07,000,00,9,0,01,A01
200500067510,0,01,000,00,0,0,01,B01
200500067511,0,07,000,00,1,1,01,A01
200500067512,0,07,000,00,2,5,02,B01
200500067512,1,07,000,14,0,1,02,A01
200500067513,0,07,000,00,1,2,17,A01
200500067514,0,07,000,00,9,5,15,A01
200500067514,0,02,000,00,2,1,01,B01
200500067515,2,07,000,00,1,1,00,A01
200500067516,0,07,000,14,0,0,00,A01
200500067517,0,07,000,00,0,1,01,A01
200500067517,0,02,000,00,2,1,01,B01
200500067518,0,07,000,00,2,2,20,B01
200500067518,0,04,000,00,2,1,18,A01
200500067519,0,07,000,00,1,2,01,A01
200500067520,0,07,000,00,2,7,16,A01
200500067520,0,02,000,00,2,1,01,B01
200500067521,0,07,000,00,2,7,15,A01
200500067521,0,07,000,00,2,1,21,B01
200500067522,0,07,000,00,0,8,15,A01
200500067522,0,05,000,00,2,1,17,B01
200500067523,0,07,000,00,2,5,01,A01
200500067523,0,05,000,00,2,1,01,B01
200500067524,0,07,000,00,2,1,01,A01
200500067524,0,07,000,00,2,4,01,B01
200500067524,0,07,000,00,0,4,01,C01
200500067525,0,07,000,00,0,3,11,A01
200500067525,0,05,000,00,2,1,01,B01
200500067526,0,07,000,00,2,1,15,A01
200500067526,0,04,000,00,2,1,01,B01
200500067527,0,02,000,00,2,1,01,A01
200500067527,0,07,000,00,0,8,15,B01
200500067528,0,07,000,15,0,1,01,A01
200500067529,0,02,000,00,2,2,17,A01
200500067529,0,07,000,00,2,1,15,B01
200500067530,0,07,000,00,1,1,16,A01
200500067531,0,07,000,00,2,3,10,A01
200500067531,0,02,000,00,2,1,17,B01
200500067532,0,07,000,00,2,1,01,A01
200500067532,0,05,000,00,2,1,01,B01
200500067533,0,07,000,14,0,1,01,A01
200500067534,0,07,000,00,2,3,00,B01
200500067534,0,05,000,00,2,8,05,A01
200500067535,0,02,000,00,1,1,01,A01
200500067536,0,04,000,00,2,7,17,A01
200500067536,0,07,000,00,2,8,01,B01
200500067537,0,02,000,00,2,1,01,A01
200500067537,0,07,000,00,2,8,01,B01
200500067538,0,07,000,00,2,2,15,A01
200500067538,0,10,000,00,2,1,01,B01
200500067539,0,07,000,00,1,3,01,A01
200500067540,0,07,000,00,1,1,01,A01
200500067541,0,07,000,00,1,1,01,A01
200500067542,0,04,000,11,0,1,14,A01
200500067543,0,07,000,00,1,0,01,A01
200500067544,0,02,000,12,0,1,14,A01
200500067545,0,07,000,00,2,1,13,A01
200500067545,0,10,000,00,2,1,01,B01
200500067546,0,07,000,00,2,1,01,A01
200500067546,0,07,000,00,2,4,23,B01
200500067547,0,07,000,00,2,1,01,A01
200500067547,0,07,000,00,2,2,15,B01
200500067548,0,07,000,00,2,2,11,A01
200500067548,0,10,000,00,2,1,01,B01
200500067549,0,07,000,00,2,1,17,A01
200500067549,0,02,000,00,2,1,01,B01
200500067549,0,07,000,00,0,0,23,C01
200500067550,0,05,000,00,2,1,17,A01
200500067550,0,07,000,00,2,3,05,B01
200500067551,0,07,000,00,1,1,01,A01
200500067552,0,02,000,00,2,8,00,A01
200500067552,0,07,000,00,2,7,00,B01
200500067553,0,02,000,00,2,1,01,A01
200500067553,0,07,000,00,2,7,15,B01
200500067554,0,05,000,00,2,2,01,A01
200500067554,0,07,000,00,2,3,16,B01
200500067555,0,07,000,06,0,2,01,A01
200500067556,0,07,000,00,2,3,15,A01
200500067556,0,07,000,00,2,1,01,B01
200500067557,0,02,000,00,1,1,17,A01
200500067558,0,02,000,00,2,1,17,B01
200500067558,0,07,000,00,2,2,15,A01
200500067559,0,07,000,00,1,8,01,A01
200500067560,0,14,000,00,2,2,01,A01
200500067560,0,10,000,00,2,6,01,B01
200500067561,0,05,000,00,2,4,23,A01
200500067561,1,07,000,00,2,1,01,B01
200500067562,0,02,000,00,2,1,17,A01
200500067562,0,07,000,00,2,1,15,B01
200500067563,0,10,000,00,1,5,04,A01
200500067564,0,07,000,00,2,1,01,A01
200500067564,0,07,000,06,2,3,01,B01
200500067565,0,07,000,00,2,6,15,A01
200500067565,0,05,000,00,2,1,01,B01
200500067566,0,07,000,00,2,3,01,A01
200500067566,0,07,000,00,2,1,01,B01
200500067567,0,05,000,00,0,0,21,A01
200500067567,0,07,000,00,0,0,20,B01
200500067568,0,07,000,00,0,3,15,A01
200500067568,0,04,000,00,2,1,01,B01
200500067569,0,01,000,00,2,4,09,V01
200500067569,0,07,000,00,9,2,09,A01
200500067570,0,07,000,00,9,1,15,A01
200500067570,0,02,000,00,2,1,01,B01
200500067571,0,02,000,00,2,1,01,A01
200500067571,0,07,000,00,2,3,15,B01
200500067572,0,07,000,00,2,7,15,A01
200500067572,0,02,000,00,2,1,01,B01
200500067573,0,05,000,00,1,1,17,A01
200500067574,0,07,000,00,2,1,02,C01
200500067574,2,07,000,00,2,1,05,A01
200500067574,0,07,000,00,2,1,02,B01
200500067575,0,04,000,01,0,1,01,A01
200500067576,0,01,000,00,2,1,00,A01
200500067576,0,07,000,00,9,1,01,B01
200500067577,0,07,000,00,2,7,15,A01
200500067577,0,05,000,00,2,1,01,B01
200500067578,0,10,000,00,2,3,15,A01
200500067578,0,02,000,00,2,1,01,B01
200500067579,0,07,000,00,2,8,15,A01
200500067579,0,02,000,00,2,1,01,B01
200500067580,0,02,000,00,2,8,21,A01
200500067580,0,07,000,00,2,6,20,B01
200500067581,0,99,000,00,2,1,05,A01
200500067581,0,07,000,00,2,1,01,B01
200500067582,0,01,000,00,1,7,01,A01
200500067583,0,07,000,00,2,1,01,A01
200500067583,0,07,000,00,2,4,02,B01
200500067584,0,07,000,01,0,1,01,A01
200500067585,0,07,000,00,2,5,15,A01
200500067585,0,05,000,00,2,1,01,B01
200500067586,0,04,000,00,0,1,01,A01
200500067587,0,01,000,00,2,1,00,A01
200500067587,0,07,000,00,2,1,01,B01
200500067588,0,07,000,00,2,3,09,A01
200500067588,0,07,000,00,2,2,01,B01
200500067589,0,07,000,00,1,1,02,A01
200500067590,0,07,000,00,2,4,10,A01
200500067590,0,07,000,00,2,1,02,B01
200500067591,0,07,000,00,2,1,01,A01
200500067591,0,02,000,00,2,4,01,B01
200500067592,0,07,000,00,2,8,04,A01
200500067592,0,05,000,00,2,8,01,B01
200500067593,0,05,000,00,2,0,01,A01
200500067593,0,07,000,00,2,8,15,B01
200500067594,0,07,000,00,2,3,09,A01
200500067594,0,05,000,00,2,2,02,B01
200500067595,0,05,000,00,2,1,19,A01
200500067595,0,07,000,00,2,7,01,B01
200500067596,0,07,000,00,2,3,01,A01
200500067596,0,07,000,00,2,3,01,B01
200500067597,0,07,000,00,0,1,01,A01
200500067598,0,01,000,00,2,4,09,A01
200500067598,0,07,000,01,2,1,21,B01
200500067599,0,07,000,00,2,1,01,B01
200500067599,0,07,000,00,2,1,01,A01
200500067600,0,07,000,13,0,1,14,A01
200500067601,0,05,000,15,0,1,01,A01
200500067602,0,07,000,15,0,1,01,A01
200500067603,0,02,000,00,2,1,01,B01
200500067603,0,07,000,00,2,7,01,A01
200500067604,0,07,000,00,1,2,01,A01
200500067605,0,07,000,00,2,3,01,A01
200500067605,0,07,000,00,2,2,01,B01
200500067606,0,02,000,00,2,8,01,A01
200500067606,0,07,000,00,0,7,12,B01
200500067607,0,02,000,00,2,1,01,A01
200500067607,0,02,000,00,0,4,23,B01
200500067608,0,07,000,00,0,6,01,B01
200500067608,0,02,000,00,2,3,15,A01
200500067609,0,07,000,00,2,8,11,A01
200500067609,0,07,000,00,0,8,01,B01
200500067610,0,05,000,00,2,1,17,A01
200500067610,0,07,000,00,0,1,15,B01
200500067611,0,07,000,00,2,2,01,A01
200500067611,0,02,000,00,0,8,01,B01
200500067612,0,02,000,00,0,7,07,B01
200500067612,0,07,000,00,2,1,16,A01
200500067613,0,07,000,00,2,1,01,A01
200500067613,0,07,000,00,0,4,01,B01
200500067614,0,07,000,00,2,5,01,A01
200500067614,0,07,000,00,0,3,09,B01
200500067615,0,05,000,00,0,8,01,A01
200500067616,0,02,000,00,2,1,18,A01
200500067616,0,07,000,00,0,7,01,B01
200500067617,0,07,000,00,1,4,04,A01
200500067618,0,07,000,00,2,2,13,A01
200500067618,0,07,000,00,0,2,01,B01
200500067619,0,07,000,00,2,1,05,A01
200500067619,0,07,000,00,0,1,01,B01
200500067620,0,07,000,00,2,6,15,A01
200500067620,0,02,000,00,0,1,17,B01
200500067621,0,02,000,00,2,1,01,A01
200500067622,0,07,000,00,2,2,12,A01
200500067622,0,07,000,00,0,1,01,B01
200500067623,0,01,000,00,1,7,01,A01
200500067624,0,07,000,00,2,1,01,A01
200500067624,0,05,000,00,0,8,15,B01
200500067625,0,07,000,00,1,8,01,A01
200500067626,0,02,000,00,0,1,01,B01
200500067626,0,07,000,00,2,3,09,A01
200500067627,0,02,000,00,2,1,01,A01
200500067627,0,07,000,00,0,1,01,B01
200500067628,0,02,000,00,2,1,01,A01
200500067628,0,07,000,00,0,4,23,B01
200500067629,0,07,000,00,2,7,16,A01
200500067629,0,01,000,00,0,8,01,B01
200500067630,0,02,000,00,0,1,01,A01
200500067630,1,99,000,00,0,0,00,B01
200500067631,0,05,000,16,0,8,01,A01
200500067632,0,02,000,01,0,1,21,A01
200500067633,0,05,000,00,2,1,01,A01
200500067633,0,07,000,00,0,5,01,B01
200500067634,0,07,000,08,0,1,01,A01
200500067635,0,07,000,00,2,7,16,A01
200500067635,0,02,000,00,0,8,01,B01
200500067636,0,07,000,00,1,4,01,A01
200500067636,0,07,000,00,0,1,01,B01
200500067637,0,01,000,00,1,1,01,A01
200500067638,0,05,000,00,0,1,01,B01
200500067638,0,07,000,00,2,3,17,A01
200500067639,0,07,000,03,0,3,01,A01
200500067640,0,07,000,00,0,1,01,B01
200500067640,0,01,000,00,2,8,09,A01
200500067641,0,02,000,00,2,7,15,A01
200500067641,0,07,000,00,0,1,01,B01
200500067642,0,07,000,09,0,1,01,A01
200500067643,0,07,000,00,1,1,01,A01
200500067644,0,07,000,00,1,2,01,A01
200500067645,0,07,000,00,2,2,17,A01
200500067645,0,07,000,00,2,3,15,B01
200500067646,0,01,000,00,9,8,16,A01
200500067646,0,01,000,00,9,1,15,B01
200500067647,0,07,000,00,2,3,09,A01
200500067647,0,01,000,00,2,7,01,B01
200500067648,0,15,000,03,0,3,01,A01
200500067648,0,07,000,00,9,3,01,B01
200500067649,0,07,000,00,2,2,01,A01
200500067649,0,07,000,00,2,6,01,B01
200500067650,0,05,000,00,2,1,01,A01
200500067650,0,17,000,00,2,4,01,B01
200500067651,0,07,000,00,9,3,10,A01
200500067651,0,01,000,00,2,1,01,B01
200500067652,0,05,000,00,2,1,01,A01
200500067652,0,07,000,00,2,8,01,B01
200500067653,0,07,000,00,9,3,13,B01
200500067653,0,02,000,00,2,2,09,A01
200500067654,0,02,000,00,2,1,01,A01
200500067654,0,18,000,00,2,6,01,B01
200500067655,0,07,000,00,2,1,02,A01
200500067655,0,07,000,00,2,4,02,B01
200500067656,0,07,000,00,2,3,15,A01
200500067656,0,07,000,00,2,6,24,C01
200500067656,0,05,000,01,2,1,01,B01
200500067657,0,07,000,00,2,2,15,A01
200500067657,0,07,000,00,0,1,01,B01
200500067658,0,01,000,00,2,1,02,A01
200500067658,0,07,000,00,0,4,02,B01
200500067659,0,07,000,00,2,2,15,A01
200500067659,0,01,000,00,0,1,01,B01
200500067660,0,05,000,08,0,0,01,A01
200500067661,0,02,000,00,2,1,01,B01
200500067661,0,07,000,00,2,3,15,A01
200500067662,0,02,000,00,1,2,17,A01
200500067663,0,01,000,00,2,0,09,A01
200500067663,0,18,001,00,1,0,01,B01
200500067664,0,05,000,00,2,0,05,A01
200500067664,0,07,000,00,2,8,01,B01
200500067665,0,07,000,00,2,1,13,A01
200500067665,0,07,000,00,2,3,01,B01
200500067665,0,07,000,00,2,3,01,C01
200500067666,0,05,000,00,2,1,01,B01
200500067666,0,07,000,00,2,3,13,A01
200500067667,1,07,000,00,1,1,01,A01
200500067668,0,07,000,00,2,1,01,A01
200500067668,0,07,000,00,2,1,13,B01
200500067669,0,07,000,00,2,3,09,A01
200500067669,0,04,000,00,2,1,01,B01
200500067669,0,07,000,00,2,1,01,C01
200500067670,0,13,000,00,1,6,15,A01
200500067671,0,07,000,00,2,8,09,A01
200500067671,0,07,000,00,2,1,01,B01
200500067672,0,07,000,00,0,8,10,A01
200500067672,0,05,000,00,2,1,01,B01
200500067673,0,07,000,08,0,9,21,A01
200500067673,1,07,000,00,0,0,00,B01
200500067674,0,07,000,14,0,1,01,A01
200500067674,0,07,000,14,0,4,23,B01
200500067674,0,10,000,00,0,4,23,C01
200500067675,0,07,000,00,2,1,17,A01
200500067675,0,02,000,00,0,1,01,B01
200500067676,0,02,000,14,0,1,01,A01
200500067676,0,10,000,00,0,4,23,B01
200500067677,0,20,000,00,2,1,15,A01
200500067677,0,07,000,00,0,8,15,B01
200500067678,0,02,000,00,2,1,01,B01
200500067678,0,07,000,00,2,1,15,A01
200500067679,0,18,000,00,2,7,01,B01
200500067679,0,07,000,00,2,1,01,A01
200500067680,0,05,000,00,1,2,07,A01
200500067681,0,05,000,00,2,1,01,A01
200500067681,0,07,000,00,2,2,01,B01
200500067682,0,07,000,06,0,7,01,A01
200500067683,0,07,000,00,2,1,15,A01
200500067683,0,07,000,00,2,4,15,B01
200500067684,0,04,000,00,2,8,01,B01
200500067684,1,07,000,00,2,0,00,A01
200500067685,0,10,000,00,1,4,04,A01
200500067686,0,07,000,00,2,3,15,A01
200500067686,0,14,000,00,2,2,01,B01
200500067686,0,07,000,00,2,4,01,C01
200500067687,0,02,000,00,2,1,02,A01
200500067687,0,07,000,00,2,4,23,B01
200500067688,0,02,000,00,2,1,01,A01
200500067688,0,07,000,00,2,4,23,B01
200500067689,0,14,000,00,1,6,01,A01
200500067690,0,04,000,12,0,8,01,A01
200500067691,0,10,000,00,1,4,04,A01
200500067692,0,07,000,00,2,7,22,A01
200500067692,0,05,000,01,2,3,18,B01
200500067693,0,02,000,14,2,9,01,A01
200500067693,0,07,000,00,2,3,01,B01
200500067693,0,07,000,00,2,3,01,C01
200500067694,0,07,000,00,2,2,16,A01
200500067694,0,01,000,00,2,6,01,B01
200500067695,0,07,000,01,2,3,01,A01
200500067695,0,05,000,00,2,1,01,B01
200500067696,0,05,000,00,1,1,01,A01
200500067697,0,04,000,00,1,3,01,A01
200500067698,0,04,000,00,2,9,05,A01
200500067698,0,07,000,00,2,3,15,B01
200500067699,0,07,000,00,2,3,15,A01
200500067699,0,01,000,00,2,2,01,B01
200500067700,0,07,000,02,2,1,15,A01
200500067700,0,07,000,15,2,1,01,B01
200500067700,0,07,000,01,2,1,01,C01
200500067701,0,10,000,00,2,1,15,A01
200500067701,0,05,000,00,2,1,01,B01
200500067702,0,02,000,00,2,1,01,A01
200500067702,0,07,000,00,2,4,01,B01
200500067703,0,07,000,00,1,4,04,A01
200500067704,0,05,000,10,0,1,01,A01
200500067705,0,02,000,00,1,4,01,A01
200500067706,0,05,000,00,2,1,17,A01
200500067706,0,07,000,00,2,8,15,B01
200500067707,0,01,000,00,2,4,19,A01
200500067707,0,04,000,00,2,1,01,B01
200500067708,0,07,000,00,2,3,13,A01
200500067708,0,01,000,00,2,1,17,B01
200500067709,0,07,000,00,2,2,09,A01
200500067709,0,07,000,00,2,6,01,B01
200500067710,0,05,000,00,1,1,01,A01
200500067711,0,07,000,00,2,1,01,A01
200500067711,0,07,000,00,2,4,23,B01
200500067712,0,07,000,00,1,1,15,A01
200500067713,1,07,000,00,1,1,00,A01
200500067714,0,05,000,00,0,3,21,A01
200500067715,0,07,000,00,2,1,01,B01
200500067715,0,02,000,00,2,2,15,A01
200500067716,0,10,000,00,1,3,11,A01
200500067717,0,04,000,01,0,2,14,A01
200500067718,0,02,000,00,2,1,07,A01
200500067718,0,07,000,00,2,2,15,B01
200500067719,0,07,000,00,2,1,01,A01
200500067719,0,07,000,00,2,4,01,B01
200500067720,0,17,000,00,1,1,01,A01
200500067721,0,05,000,00,1,1,01,A01
200500067722,0,04,000,00,0,2,21,A01
200500067723,0,02,000,00,1,1,07,A01
200500067724,0,07,000,00,2,2,09,A01
200500067724,0,02,000,00,2,3,01,B01
200500067725,0,05,000,00,1,1,17,A01
200500067726,0,10,000,00,2,2,01,B01
200500067726,0,07,000,00,2,7,01,A01
200500067727,0,07,000,00,2,2,01,B01
200500067727,0,07,000,00,2,3,01,A01
200500067728,0,10,000,00,1,7,01,A01
200500067729,0,05,000,00,2,1,01,A01
200500067729,0,07,000,00,2,2,01,B01
200500067730,0,07,000,00,2,3,01,B01
200500067730,0,02,000,00,2,1,01,A01
200500067731,0,02,000,00,2,2,15,A01
200500067731,0,04,000,00,2,1,01,B01
200500067732,0,07,000,00,2,2,15,A01
200500067732,0,07,000,00,2,1,01,B01
200500067733,1,07,000,00,2,1,00,A01
200500067733,0,07,000,00,2,4,01,B01
200500067734,0,07,000,00,2,1,01,A01
200500067734,0,07,000,00,2,3,15,B01
200500067735,1,02,000,00,1,1,00,A01
200500067736,0,07,000,00,2,6,07,A01
200500067736,0,07,000,00,2,2,12,B01
200500067737,0,02,000,00,0,2,21,A01
200500067738,0,07,000,00,2,2,01,A01
200500067738,0,07,000,00,2,1,01,B01
200500067739,1,02,000,00,2,1,00,A01
200500067739,0,02,000,00,2,4,01,B01
200500067740,1,07,000,00,2,6,00,A01
200500067740,0,07,000,00,2,1,01,B01
200500067741,0,07,000,00,2,1,01,A01
200500067741,0,05,000,00,2,4,23,B01
200500067742,0,07,000,00,2,1,02,A01
200500067742,0,07,000,00,2,4,02,B01
200500067743,0,02,000,00,2,2,17,A01
200500067743,0,07,000,00,2,3,15,B01
200500067744,0,05,000,00,2,1,01,A01
200500067744,0,07,000,00,2,2,15,B01
200500067745,0,07,000,00,1,4,04,A01
200500067746,0,05,000,00,2,2,03,A01
200500067746,0,07,000,00,2,6,01,B01
200500067747,0,07,000,00,1,3,07,A01
200500067748,0,05,000,14,0,2,14,A01
200500067749,0,07,000,00,2,2,12,A01
200500067749,0,05,000,00,2,3,01,B01
200500067750,0,07,000,00,2,3,10,A01
200500067750,0,02,000,00,2,2,17,B01
200500067751,0,10,000,00,2,2,15,A01
200500067751,0,02,000,00,2,1,01,B01
200500067752,0,10,000,00,2,1,15,A01
200500067752,0,05,000,00,2,6,01,B01
200500067753,0,07,000,00,1,1,01,A01
200500067754,0,07,000,00,2,3,10,A01
200500067754,0,01,000,00,2,2,01,B01
200500067755,0,07,000,00,2,3,15,A01
200500067755,0,05,000,00,2,1,01,B01
200500067756,0,05,000,00,1,1,17,A01
200500067757,0,10,000,00,2,1,01,A01
200500067757,0,07,000,00,2,4,01,B01
200500067758,0,05,000,00,0,3,01,A01
200500067759,0,07,000,00,2,3,11,A01
200500067759,0,05,000,00,2,2,01,B01
200500067760,0,05,000,00,2,1,01,B01
200500067760,0,07,000,00,2,2,01,A01
200500067761,0,07,000,12,0,2,14,A01
200500067762,0,02,000,00,1,1,17,A01
200500067763,0,07,000,00,2,2,10,A01
200500067763,0,05,000,00,2,1,01,B01
200500067764,1,07,000,00,2,3,00,A01
200500067764,0,04,000,00,2,2,17,B01
200500067765,0,07,000,00,1,1,01,A01
200500067766,0,05,000,00,2,2,16,A01
200500067766,0,07,000,00,2,3,07,B01
200500067767,0,07,000,00,2,3,15,B01
200500067767,0,02,000,00,2,1,17,A01
200500067768,0,10,000,00,2,1,02,A01
200500067768,0,10,000,00,2,4,02,B01
200500067768,0,07,000,00,2,4,23,C01
200500067769,0,07,000,00,2,4,04,A01
200500067769,0,01,000,00,2,1,01,B01
200500067770,0,07,000,00,2,3,10,A01
200500067770,0,05,000,00,2,1,01,B01
200500067771,0,04,000,00,2,3,18,A01
200500067771,0,18,000,00,2,2,16,B01
200500067772,0,07,000,00,1,1,01,A01
200500067773,0,05,000,00,1,2,01,A01
200500067774,0,17,000,00,2,2,01,B01
200500067774,0,05,000,00,2,3,11,A01
200500067775,0,14,000,06,0,1,01,A01
200500067776,0,02,000,00,2,3,18,A01
200500067776,0,07,000,00,2,5,01,B01
200500067777,0,05,000,00,2,1,17,A01
200500067777,0,01,000,00,2,4,01,B01
200500067778,0,10,000,00,1,1,01,A01
200500067779,0,07,000,00,2,4,04,A01
200500067779,0,01,000,00,2,1,07,B01
200500067780,1,02,000,00,1,1,00,A01
200500067781,0,02,000,00,0,3,21,A01
200500067782,0,05,000,00,0,3,21,A01
200500067783,0,07,000,00,2,3,09,A01
200500067783,0,02,000,00,2,1,01,B01
200500067784,0,07,000,00,1,4,04,A01
200500067785,0,07,000,00,2,3,15,A01
200500067785,0,10,000,00,2,2,01,B01
200500067786,0,07,000,00,2,1,23,A01
200500067786,0,07,000,00,2,4,07,B01
200500067786,0,07,000,00,2,4,07,C01
200500067786,0,07,000,00,2,4,07,D01
200500067787,0,05,000,01,0,2,21,A01
200500067788,0,10,000,00,2,2,22,A01
200500067788,0,05,000,00,2,3,01,B01
200500067789,0,07,000,12,0,2,14,A01
200500067790,0,07,000,00,2,1,02,A01
200500067790,0,07,000,00,2,1,02,B01
200500067790,0,07,000,00,2,4,02,C01
200500067791,0,01,000,00,2,1,01,A01
200500067791,0,07,000,00,2,4,01,B01
200500067792,0,07,000,00,1,1,01,A01
200500067793,0,07,000,00,2,5,16,A01
200500067793,0,02,000,00,2,3,01,B01
200500067794,0,02,000,00,0,3,01,A01
200500067795,0,07,000,00,1,1,15,A01
200500067796,0,07,000,00,1,4,04,A01
200500067797,0,07,000,00,2,2,15,A01
200500067797,0,02,000,00,2,1,01,B01
200500067798,0,02,000,00,1,3,01,A01
200500067799,0,04,000,00,0,3,21,A01
200500067800,0,05,000,00,2,1,01,A01
200500067800,0,07,000,00,2,4,01,B01
200500067801,0,07,000,00,1,3,12,A01
200500067802,0,07,000,00,1,1,16,A01
200500067803,0,10,000,00,1,4,04,A01
200500067804,0,01,000,00,0,2,01,A01
200500067805,0,01,000,00,1,1,05,A01
200500067806,0,01,000,14,2,2,17,A01
200500067806,0,07,000,00,2,8,07,B01
200500067807,1,07,000,00,2,3,00,A01
200500067807,0,01,000,00,2,1,01,B01
200500067808,0,07,000,00,2,2,16,A01
200500067808,0,05,000,00,2,3,01,B01
200500067809,0,02,000,00,2,1,07,A01
200500067809,0,07,000,00,2,2,15,B01
200500067810,0,01,000,00,1,1,01,A01
200500067811,0,07,000,00,2,1,01,B01
200500067811,0,07,000,00,2,2,01,A01
200500067812,0,07,000,00,2,3,11,A01
200500067812,0,05,000,00,2,2,23,B01
200500067813,0,05,000,00,2,2,12,A01
200500067813,0,07,000,00,2,3,01,B01
200500067814,1,07,000,00,2,6,00,A01
200500067814,0,02,000,00,2,2,01,B01
200500067815,0,07,000,00,2,2,15,A01
200500067815,0,04,000,00,2,1,01,B01
200500067816,1,07,000,00,2,1,00,A01
200500067816,0,01,000,00,2,4,01,B01
200500067817,0,07,000,00,2,3,11,A01
200500067817,0,05,000,00,2,2,01,B01
200500067818,0,07,000,00,2,3,15,B01
200500067818,0,05,000,00,2,1,01,A01
200500067819,0,07,000,00,1,1,07,A01
200500067820,0,05,000,00,2,1,01,A01
200500067820,0,02,000,00,2,6,01,B01
200500067821,0,07,000,00,1,2,17,A01
200500067822,0,10,000,00,2,2,12,A01
200500067822,0,05,000,00,2,3,01,B01
200500067823,0,05,000,00,2,3,18,A01
200500067823,0,07,000,00,2,2,16,B01
200500067824,0,04,000,00,1,1,01,A01
200500067825,1,04,000,00,1,1,00,A01
200500067826,0,05,000,00,2,3,18,A01
200500067826,0,07,000,00,2,2,16,B01
200500067827,0,04,000,00,2,2,15,A01
200500067827,0,07,000,00,2,1,01,B01
200500067828,0,07,000,00,2,3,10,A01
200500067828,0,02,000,00,2,2,01,B01
200500067829,0,05,000,00,2,1,01,A01
200500067830,0,02,000,00,2,1,01,A01
200500067830,0,07,000,00,2,4,01,B01
200500067831,0,01,000,00,2,3,18,A01
200500067831,0,07,000,00,2,2,01,B01
200500067832,0,04,000,00,2,4,11,A01
200500067832,0,18,000,00,2,1,07,B01
200500067833,0,07,000,00,1,1,01,A01
200500067834,0,05,000,00,2,3,18,A01
200500067834,0,05,000,00,2,5,16,B01
200500067835,0,07,000,00,1,1,01,A01
200500067836,0,10,000,14,2,3,21,A01
200500067836,0,07,000,00,2,1,01,B01
200500067837,0,01,000,00,2,1,05,A01
200500067837,0,01,000,00,2,1,01,B01
200500067838,0,05,000,00,0,2,21,A01
200500067839,0,10,000,00,2,3,11,A01