Num_Acc,senc,catv,occutc,obs,obsm,choc,manv,num_veh
200500067839,0,05,000,00,2,2,01,B01
200500067840,0,18,000,00,2,2,16,A01
200500067840,0,07,000,00,2,3,23,B01
200500067841,0,04,000,02,0,1,01,A01
200500067842,0,10,000,00,2,3,11,A01
200500067842,0,04,000,00,2,2,01,B01
200500067843,0,07,000,00,1,1,01,A01
200500067844,0,07,000,00,2,8,22,A01
200500067844,0,04,000,00,2,2,01,B01
200500067845,0,05,000,00,0,3,21,A01
200500067846,0,07,000,00,2,8,01,B01
200500067846,1,04,000,00,2,1,00,A01
200500067847,0,02,000,00,2,3,01,B01
200500067847,0,07,000,00,2,1,01,A01
200500067848,0,07,000,00,1,2,01,A01
200500067849,0,01,000,00,2,8,01,B01
200500067849,0,07,000,00,2,3,01,A01
200500067850,0,05,000,00,0,2,01,A01
200500067851,0,10,000,00,2,8,15,A01
200500067851,0,02,000,00,2,2,01,B01
200500067852,0,10,000,00,2,2,15,A01
200500067852,0,05,000,00,2,1,01,B01
200500067853,0,05,000,00,2,2,05,A01
200500067853,0,07,000,00,2,3,15,B01
200500067854,0,07,000,00,2,2,05,A01
200500067854,0,07,000,00,2,1,01,B01
200500067855,0,01,000,00,2,1,05,A01
200500067855,0,07,000,00,2,3,15,B01
200500067856,0,07,000,00,1,1,01,A01
200500067857,0,02,000,00,2,1,01,B01
200500067857,0,07,000,00,2,2,01,A01
200500067858,0,02,000,07,0,1,13,A01
200500067859,0,04,000,00,1,1,01,A01
200500067860,1,10,000,00,1,1,00,A01
200500067861,0,10,000,00,2,1,15,A01
200500067862,0,07,000,05,0,3,13,A01
200500067863,0,05,000,00,2,3,18,A01
200500067863,0,07,000,00,2,2,12,B01
200500067864,0,07,000,00,2,4,24,A01
200500067864,0,02,000,00,2,1,01,B01
200500067865,0,01,000,00,2,2,19,A01
200500067865,0,07,000,00,2,1,07,B01
200500067866,1,07,000,00,2,1,00,A01
200500067866,0,05,000,00,2,1,23,B01
200500067867,0,05,000,01,0,6,13,A01
200500067868,0,18,000,00,2,1,01,A01
200500067868,0,07,000,00,2,4,23,B01
200500067869,0,02,000,00,2,3,18,A01
200500067869,0,10,000,00,2,7,16,B01
200500067870,0,07,000,00,2,1,01,A01
200500067870,0,07,000,00,2,4,23,B01
200500067871,0,02,000,00,2,2,12,A01
200500067871,0,05,000,00,2,3,01,B01
200500067872,0,05,000,00,2,5,17,A01
200500067872,0,07,000,00,2,3,01,B01
200500067873,0,07,000,00,2,1,01,A01
200500067873,0,07,000,00,2,4,23,B01
200500067874,0,02,000,00,2,1,01,A01
200500067874,0,07,000,00,2,4,20,B01
200500067875,0,05,000,00,1,1,01,A01
200500067876,0,07,000,00,2,2,16,A01
200500067876,0,18,000,00,2,3,07,B01
200500067877,0,05,000,00,2,1,01,A01
200500067877,0,07,000,00,2,4,23,B01
200500067878,0,02,000,00,2,2,07,A01
200500067878,0,07,000,00,2,3,15,B01
200500067879,0,04,000,00,1,1,01,A01
200500067880,0,02,000,00,2,1,01,A01
200500067880,0,07,000,00,2,4,23,B01
200500067881,0,01,000,00,2,3,18,A01
200500067881,0,01,000,00,2,2,01,B01
200500067882,0,07,000,00,2,2,15,A01
200500067882,0,02,000,00,2,1,01,B01
200500067883,0,10,000,00,2,3,10,A01
200500067883,0,05,000,00,2,2,01,B01
200500067884,0,04,000,00,2,1,01,A01
200500067884,0,07,000,00,2,2,10,B01
200500067885,0,07,000,00,2,1,01,A01
200500067885,0,07,000,00,2,4,01,B01
200500067885,0,07,000,00,2,4,01,C01
200500067886,1,07,000,00,2,2,00,A01
200500067886,0,04,000,00,2,1,01,B01
200500067887,0,02,000,00,1,1,01,A01
200500067888,0,07,000,00,1,3,15,A01
200500067889,0,02,000,00,1,1,01,A01
200500067890,0,07,000,00,1,1,01,A01
200500067891,1,10,000,00,2,2,00,A01
200500067891,0,02,000,00,2,1,01,B01
200500067892,0,02,000,00,2,2,01,A01
200500067892,0,07,000,00,2,1,01,B01
200500067893,0,18,000,00,1,2,07,A01
200500067894,0,04,000,11,0,1,14,A01
200500067895,0,04,000,00,0,2,01,A01
200500067896,0,07,000,00,2,1,01,A01
200500067896,0,07,000,00,2,4,23,B01
200500067897,0,07,000,00,2,1,01,A01
200500067897,0,07,000,00,2,4,23,B01
200500067898,0,07,000,00,1,1,15,A01
200500067899,0,07,000,00,2,3,09,A01
200500067899,0,01,000,00,2,2,01,B01
200500067900,0,07,000,00,2,1,01,B01
200500067900,0,07,000,00,2,3,01,A01
200500067901,0,05,000,00,2,6,01,B01
200500067901,1,07,000,00,2,1,00,A01
200500067902,0,07,000,00,1,4,20,A01
200500067903,0,10,000,00,2,3,15,A01
200500067903,0,01,000,00,2,2,07,B01
200500067904,0,10,000,00,2,3,11,A01
200500067904,0,04,000,00,2,2,01,B01
200500067905,0,02,000,00,2,3,18,A01
200500067905,0,07,000,00,2,5,01,B01
200500067906,0,02,000,00,2,1,01,A01
200500067906,0,14,000,00,2,2,01,B01
200500067907,0,01,000,00,2,2,01,A01
200500067907,0,05,000,00,2,3,01,B01
200500067908,0,07,000,00,1,4,04,A01
200500067909,0,07,000,00,2,3,09,A01
200500067909,0,05,000,00,2,1,01,B01
200500067910,0,02,000,00,1,1,01,A01
200500067911,0,05,000,00,0,2,01,A01
200500067912,0,07,000,00,1,1,01,A01
200500067913,0,07,000,00,1,1,04,A01
200500067914,0,07,000,00,1,4,04,A01
200500067915,0,10,000,00,2,7,22,A01
200500067915,0,04,000,00,2,3,01,B01
200500067916,0,04,000,00,2,2,01,A01
200500067916,0,18,000,00,2,3,09,B01
200500067917,0,07,000,00,2,1,01,A01
200500067917,0,07,000,00,2,4,23,B01
200500067918,0,07,000,00,1,1,01,A01
200500067919,0,07,000,00,2,2,15,A01
200500067919,0,02,000,00,2,1,01,B01
200500067919,0,04,000,00,2,3,01,C01
200500067920,0,04,000,00,2,2,17,A01
200500067920,0,07,000,00,2,3,15,B01
200500067921,0,04,000,00,2,2,12,A01
200500067921,0,02,000,00,2,3,01,B01
200500067922,0,07,000,00,1,1,15,A01
200500067923,0,05,000,00,0,2,01,A01
200500067924,0,07,000,00,1,4,04,A01
200500067925,0,07,000,00,2,3,11,A01
200500067925,0,04,000,00,2,2,01,B01
200500067926,0,05,000,00,0,3,01,A01
200500067927,0,07,000,00,2,8,22,A01
200500067927,0,02,000,00,2,2,01,B01
200500067928,0,01,000,00,1,1,05,A01
200500067929,0,07,000,00,2,2,01,A01
200500067929,0,05,000,00,2,1,01,B01
200500067930,0,05,000,00,0,3,01,A01
200500067931,1,07,000,00,2,4,00,A01
200500067931,0,04,000,00,2,1,01,B01
200500067932,0,14,000,00,2,2,16,A01
200500067932,0,18,000,00,2,3,07,B01
200500067933,0,02,000,00,2,1,01,B01
200500067933,0,07,000,00,2,3,01,A01
200500067934,0,07,000,00,1,1,17,A01
200500067935,0,18,000,00,2,5,15,A01
200500067935,0,01,000,00,2,6,15,B01
200500067936,0,04,000,00,2,1,01,A01
200500067936,0,07,000,00,2,4,23,B01
200500067937,0,07,000,00,1,1,01,A01
200500067938,0,02,000,00,2,1,01,A01
200500067938,0,07,000,00,2,4,23,B01
200500067939,0,05,000,00,1,1,05,A01
200500067940,0,07,000,00,2,2,16,A01
200500067940,0,02,000,00,2,3,01,B01
200500067941,0,07,000,00,1,3,15,A01
200500067942,0,07,000,00,2,2,15,A01
200500067942,0,02,000,00,2,1,01,B01
200500067943,0,05,000,00,2,3,18,A01
200500067943,0,07,000,00,2,2,12,B01
200500067944,0,01,000,00,2,3,15,A01
200500067944,0,10,000,00,2,2,01,B01
200500067945,0,01,000,00,1,1,05,A01
200500067946,0,10,000,00,2,2,15,A01
200500067946,0,07,000,00,2,1,01,B01
200500067947,0,07,000,00,1,1,16,A01
200500067948,0,10,000,00,2,4,04,A01
200500067948,0,05,000,00,2,1,01,B01
200500067949,0,07,000,00,2,6,11,A01
200500067949,0,04,000,00,2,2,01,B01
200500067950,0,07,000,00,2,3,11,A01
200500067950,0,05,000,00,2,2,01,B01
200500067950,0,07,000,00,2,1,01,C01
200500067950,0,07,000,00,2,1,01,D01
200500067951,0,05,000,01,2,3,18,A01
200500067951,0,07,000,00,2,2,01,B01
200500067952,0,05,000,12,0,1,14,A01
200500067953,0,07,000,00,2,2,15,A01
200500067953,0,04,000,00,2,1,01,B01
200500067954,0,07,000,00,1,1,07,A01
200500067955,0,18,000,00,1,1,07,A01
200500067956,0,14,000,00,2,8,10,A01
200500067956,0,07,000,00,2,1,01,B01
200500067956,0,07,000,00,2,1,01,C01
200500067956,0,07,000,00,2,3,01,D01
200500067957,0,10,000,00,1,4,04,A01
200500067958,1,02,000,00,1,1,00,A01
200500067959,0,07,000,00,2,3,21,A01
200500067959,0,02,000,01,2,2,01,B01
200500067960,1,07,000,00,2,2,00,A01
200500067960,0,05,000,00,2,1,18,B01
200500067961,0,07,000,00,2,2,15,A01
200500067961,0,04,000,00,2,1,01,B01
200500067962,0,01,000,00,2,1,01,B01
200500067962,0,07,000,00,2,2,01,A01
200500067963,0,04,000,00,2,2,17,A01
200500067963,0,07,000,00,2,3,15,B01
200500067964,0,07,000,00,2,4,04,A01
200500067964,0,05,000,00,2,1,23,B01
200500067965,0,10,000,00,1,4,20,A01
200500067966,0,02,000,00,1,1,17,A01
200500067967,0,05,000,00,2,1,01,A01
200500067967,0,05,000,00,2,1,01,B01
200500067967,0,07,000,00,2,4,01,C01
200500067968,0,07,000,00,2,6,11,A01
200500067968,0,05,000,00,2,2,01,B01
200500067969,0,04,000,00,0,2,23,A01
200500067970,0,07,000,00,2,2,15,A01
200500067970,0,04,000,00,2,1,01,B01
200500067971,0,07,000,00,2,2,01,A01
200500067971,0,04,000,00,2,3,23,B01
200500067972,0,07,000,14,0,1,01,A01
200500067973,0,07,000,00,2,3,15,A01
200500067973,0,05,000,00,2,5,17,B01
200500067974,0,10,000,00,1,4,04,A01
200500067975,1,02,000,00,1,1,00,A01
200500067976,0,10,000,00,2,3,10,A01
200500067976,0,05,000,00,2,2,01,B01
200500067977,0,07,000,00,2,2,01,A01
200500067977,0,05,000,00,2,1,01,B01
200500067978,0,07,000,00,2,5,16,A01
200500067978,0,18,000,00,2,3,07,B01
200500067979,0,07,000,00,2,1,01,A01
200500067979,0,05,000,00,2,4,23,B01
200500067980,0,10,000,00,1,4,04,A01
200500067981,0,04,000,00,2,2,17,A01
200500067981,0,07,000,00,2,3,15,B01
200500067982,0,07,000,00,2,3,15,A01
200500067982,0,10,000,00,2,2,05,B01
200500067983,0,04,000,00,2,2,16,A01
200500067984,0,18,000,00,2,2,14,A01
200500067984,0,04,000,00,2,3,01,B01
200500067985,0,07,000,00,2,1,01,A01
200500067985,0,07,000,00,2,4,23,B01
200500067985,0,07,000,00,2,4,23,C01
200500067986,0,07,000,00,1,1,01,A01
200500067987,0,07,000,00,2,2,15,A01
200500067987,0,02,000,00,2,1,01,B01
200500067988,0,07,000,00,2,3,10,A01
200500067988,0,05,000,12,2,2,05,B01
200500067989,0,04,000,00,0,2,01,A01
200500067990,0,07,000,00,2,8,22,A01
200500067990,0,01,000,00,2,2,01,B01
200500067991,0,02,000,00,2,2,17,A01
200500067991,0,07,000,00,2,3,15,B01
200500067992,0,07,000,00,2,3,09,A01
200500067992,0,05,000,00,2,2,01,B01
200500067993,0,17,000,00,2,1,01,A01
200500067993,0,02,000,00,2,4,01,B01
200500067994,0,05,000,00,2,1,14,A01
200500067994,0,10,000,00,2,4,09,B01
200500067995,0,07,000,00,2,2,12,A01
200500067995,0,05,000,00,2,3,01,B01
200500067996,0,07,000,01,0,1,13,A01
200500067997,0,07,000,00,2,3,09,A01
200500067997,0,05,000,00,2,2,01,B01
200500067998,0,05,000,00,2,3,18,A01
200500067998,0,14,000,00,2,2,01,B01
200500067999,1,07,000,00,2,1,00,A01
200500067999,0,07,000,00,2,4,02,B01
200500067999,0,07,000,00,2,4,02,C01
200500067999,0,07,000,00,2,4,02,D01
200500068000,0,07,000,00,1,1,01,A01
200500068001,1,05,000,00,2,1,00,A01
200500068001,0,01,000,00,2,4,07,B01
200500068002,0,07,000,00,2,5,17,A01
200500068002,0,04,000,00,2,3,01,B01
200500068003,0,07,000,00,2,2,01,A01
200500068003,0,02,000,00,2,1,01,B01
200500068004,0,07,000,00,1,1,01,A01
200500068005,0,02,000,00,1,1,17,A01
200500068006,0,05,000,00,0,2,21,A01
200500068007,0,02,000,00,1,1,01,A01
200500068008,0,02,000,00,0,3,21,A01
200500068009,0,07,000,00,1,1,01,A01
200500068010,0,07,000,00,1,4,04,A01
200500068011,0,04,000,00,2,3,07,A01
200500068011,0,07,000,00,2,2,16,B01
200500068012,0,07,000,00,1,1,01,A01
200500068013,1,10,000,00,1,1,00,A01
200500068014,0,02,000,00,1,1,07,A01
200500068014,0,07,000,00,2,5,01,B01
200500068015,0,07,000,00,2,2,15,A01
200500068015,0,05,000,00,2,1,01,B01
200500068016,0,07,000,00,2,1,01,A01
200500068016,0,05,000,00,2,4,01,B01
200500068016,0,07,000,00,2,3,01,C01
200500068017,0,05,000,00,1,1,01,A01
200500068018,0,07,000,15,2,2,15,A01
200500068018,0,10,000,00,2,1,01,B01
200500068019,0,14,000,00,2,2,16,A01
200500068019,0,01,000,00,2,3,01,B01
200500068020,0,10,000,00,2,2,15,A01
200500068020,0,05,000,00,2,1,01,B01
200500068021,0,02,000,00,2,3,07,A01
200500068022,0,10,000,00,1,4,04,A01
200500068023,0,02,000,00,2,2,17,A01
200500068023,0,07,000,00,2,3,15,B01
200500068024,1,07,000,00,2,2,00,A01
200500068024,0,05,000,00,2,3,01,B01
200500068025,0,07,000,00,2,2,12,A01
200500068025,0,05,000,00,2,3,01,B01
200500068026,0,07,000,00,2,5,12,A01
200500068026,0,05,000,00,2,3,01,B01
200500068027,0,05,000,00,2,3,18,A01
200500068027,0,03,000,00,2,2,16,B01
200500068028,0,07,000,11,0,3,15,A01
200500068029,0,02,000,00,2,3,07,A01
200500068029,0,14,000,00,2,2,16,B01
200500068030,0,07,000,00,2,1,01,A01
200500068030,0,07,000,00,2,4,01,B01
200500068031,0,05,000,00,2,2,01,A01
200500068031,0,07,000,00,2,1,01,B01
200500068032,0,07,000,00,2,8,09,A01
200500068032,0,05,000,00,2,1,01,B01
200500068033,0,07,000,00,1,1,01,A01
200500068034,0,10,000,00,2,5,04,A01
200500068034,0,02,000,00,2,3,18,B01
200500068035,0,07,000,00,2,6,15,A01
200500068035,0,02,000,00,2,2,01,B01
200500068036,0,07,000,00,2,8,10,A01
200500068036,0,04,000,00,2,2,01,B01
200500068037,0,07,000,06,2,4,04,A01
200500068037,0,07,000,00,2,5,23,B01
200500068038,0,02,000,00,2,3,07,A01
200500068038,0,07,000,00,2,2,16,B01
200500068039,0,07,000,00,1,1,01,A01
200500068040,0,05,000,00,2,1,01,A01
200500068040,0,07,000,00,2,3,01,B01
200500068041,0,05,000,00,2,3,01,B01
200500068041,0,10,000,00,2,4,04,A01
200500068042,1,07,000,00,1,1,00,A01
200500068043,0,05,000,00,0,2,01,A01
200500068044,0,07,000,00,2,1,01,A01
200500068044,0,07,000,00,2,4,01,B01
200500068045,0,07,000,00,2,1,02,A01
200500068045,0,07,000,00,2,4,02,B01
200500068045,0,07,000,00,2,4,02,C01
200500068046,0,02,000,00,2,1,07,A01
200500068046,0,07,000,00,2,4,07,B01
200500068047,0,04,000,00,2,3,18,A01
200500068047,0,07,000,00,2,2,01,B01
200500068048,0,07,000,00,2,1,01,A01
200500068048,0,02,000,00,2,4,01,B01
200500068049,0,07,000,00,2,2,15,A01
200500068049,0,04,000,00,2,1,01,B01
200500068050,0,02,000,00,0,3,01,A01
200500068051,0,07,000,00,2,3,01,B01
200500068051,0,05,000,00,2,1,01,A01
200500068052,0,07,000,00,2,7,22,A01
200500068052,0,02,000,00,2,3,18,B01
200500068053,0,02,000,00,0,2,01,A01
200500068054,0,07,000,00,2,2,01,A01
200500068054,0,04,000,00,2,1,01,B01
200500068055,0,07,000,00,2,1,01,A01
200500068055,0,05,000,00,2,4,23,B01
200500068056,0,02,000,00,2,1,01,A01
200500068056,0,07,000,00,2,4,01,B01
200500068057,0,07,000,00,2,3,09,A01
200500068057,0,07,000,00,2,1,17,B01
200500068057,0,07,000,00,2,3,01,C01
200500068058,0,05,000,00,2,3,18,A01
200500068058,0,07,000,00,2,2,16,B01
200500068059,0,01,000,00,1,1,01,A01
200500068060,0,07,000,00,2,2,01,A01
200500068060,0,01,000,00,2,1,01,B01
200500068061,0,07,000,00,2,3,15,A01
200500068061,0,02,000,00,2,2,01,B01
200500068062,0,18,000,00,1,2,16,A01
200500068063,0,04,000,00,2,2,01,B01
200500068063,0,02,000,00,2,1,01,A01
200500068064,0,02,000,00,2,1,01,A01
200500068064,0,07,000,00,2,3,01,B01
200500068065,0,10,000,01,2,2,14,A01
200500068066,0,04,000,00,2,1,02,A01
200500068066,0,10,000,00,2,4,23,B01
200500068067,0,07,000,00,2,3,16,A01
200500068067,0,14,000,00,2,7,01,B01
200500068068,0,02,000,00,1,2,01,A01
200500068069,0,05,000,00,0,3,01,A01
200500068070,0,04,000,00,0,2,01,A01
200500068071,0,04,000,00,1,1,01,A01
200500068072,0,07,000,00,2,2,09,A01
200500068072,0,05,000,00,2,1,01,B01
200500068073,0,07,000,11,0,1,21,A01
200500068074,0,02,000,00,2,1,01,A01
200500068074,0,07,000,00,2,4,23,B01
200500068075,0,07,000,00,1,1,01,A01
200500068076,0,05,000,00,0,3,01,A01
200500068077,0,05,000,00,1,2,01,A01
200500068078,0,18,000,01,0,2,01,A01
200500068079,0,07,000,00,2,2,01,A01
200500068079,0,01,000,00,2,1,01,B01
200500068080,0,07,000,00,1,1,01,A01
200500068081,0,02,000,11,0,3,13,A01
200500068082,0,07,000,07,2,1,21,A01
200500068082,0,07,000,00,2,8,23,B01
200500068083,0,10,000,00,2,2,15,A01
200500068083,0,02,000,00,2,1,01,B01
200500068084,0,07,000,00,1,1,01,A01
200500068085,0,07,000,00,2,8,15,A01
200500068085,0,05,000,00,2,2,01,B01
200500068086,0,02,000,00,0,2,01,A01
200500068087,0,04,000,00,0,2,21,A01
200500068088,0,07,000,15,2,1,01,B01
200500068088,0,07,000,00,2,2,01,A01
200500068089,0,02,000,00,2,3,07,A01
200500068089,0,10,000,00,2,2,16,B01
200500068090,0,02,000,00,2,1,01,B01
200500068090,0,07,000,00,2,2,01,A01
200500068091,0,07,000,00,2,3,09,A01
200500068091,0,05,000,00,2,2,01,B01
200500068091,0,07,000,00,2,3,23,C01
200500068092,0,02,000,00,1,1,01,A01
200500068093,0,07,000,00,2,3,01,B01
200500068093,0,04,000,00,2,1,05,A01
200500068094,0,02,000,12,0,2,14,A01
200500068095,0,07,000,00,2,5,22,A01
200500068095,0,05,000,00,2,1,01,B01
200500068096,0,07,000,00,1,1,01,A01
200500068097,0,05,000,00,1,1,01,A01
200500068098,0,07,000,00,2,1,01,A01
200500068098,0,05,000,00,2,3,01,B01
200500068099,0,02,000,00,2,1,13,A01
200500068099,0,10,000,00,2,4,23,B01
200500068100,0,02,000,00,2,2,17,A01
200500068100,0,07,000,00,2,8,15,B01
200500068101,0,07,000,00,2,4,24,A01
200500068101,0,07,000,00,2,1,01,B01
200500068102,0,07,000,00,1,1,01,A01
200500068103,0,04,000,00,0,3,01,A01
200500068104,0,02,000,00,0,2,01,A01
200500068105,0,02,000,00,2,1,01,A01
200500068105,0,05,000,00,2,4,23,B01
200500068106,0,07,000,00,2,8,11,A01
200500068106,0,05,000,00,2,2,01,B01
200500068107,0,07,000,00,1,1,01,A01
200500068108,0,10,000,00,2,8,15,A01
200500068108,0,04,000,00,2,2,05,B01
200500068109,0,18,000,00,1,5,01,A01
200500068110,0,04,000,00,1,1,01,A01
200500068111,0,07,000,00,2,6,11,A01
200500068111,0,14,000,00,2,1,01,B01
200500068111,0,07,000,00,2,8,23,C01
200500068112,0,07,000,00,2,8,15,A01
200500068112,0,10,000,00,2,2,01,B01
200500068113,0,17,000,00,2,5,10,A01
200500068113,0,05,000,00,2,1,01,B01
200500068114,0,05,000,00,2,1,01,A01
200500068114,0,07,000,00,2,3,15,B01
200500068115,0,18,000,00,1,1,01,A01
200500068116,0,10,000,00,2,1,17,A01
200500068116,0,07,000,00,2,6,15,B01
200500068117,0,04,000,14,0,2,01,A01
200500068118,0,10,000,00,2,3,09,A01
200500068118,0,02,000,00,2,1,17,B01
200500068119,0,04,000,00,2,2,05,A01
200500068119,0,07,000,00,2,3,15,B01
200500068120,0,05,000,00,2,2,05,A01
200500068120,0,07,000,00,2,3,15,B01
200500068121,0,07,000,11,0,1,15,A01
200500068122,0,07,000,00,1,1,07,A01
200500068123,0,05,000,00,1,1,01,A01
200500068124,0,02,000,00,2,5,14,A01
200500068124,0,02,000,00,2,3,01,B01
200500068125,0,05,000,01,0,1,14,A01
200500068126,0,05,000,00,2,1,07,A01
200500068126,0,01,000,00,2,1,07,B01
200500068127,0,07,000,00,1,1,15,A01
200500068128,0,07,000,00,2,1,01,A01
200500068128,0,07,000,00,2,3,01,B01
200500068129,0,02,000,00,2,1,01,A01
200500068129,0,07,000,00,2,2,01,B01
200500068130,0,05,000,00,0,3,01,A01
200500068131,0,05,000,00,1,1,01,A01
200500068132,0,10,000,00,1,4,04,A01
200500068133,0,18,000,00,2,1,01,A01
200500068133,0,07,000,06,2,3,01,B01
200500068134,0,02,000,00,2,1,01,A01
200500068134,0,05,000,00,2,4,01,B01
200500068135,0,07,000,00,1,4,04,A01
200500068136,0,07,000,01,0,1,13,A01
200500068137,0,02,000,00,0,3,21,A01
200500068138,0,04,000,00,2,3,18,A01
200500068138,0,07,000,00,2,2,16,B01
200500068139,0,05,000,00,0,2,21,A01
200500068140,0,04,000,00,2,1,01,A01
200500068140,0,07,000,00,2,4,01,B01
200500068141,0,07,000,00,1,1,01,A01
200500068142,0,04,000,00,2,2,17,A01
200500068142,0,18,000,00,2,8,15,B01
200500068143,0,02,000,00,2,2,17,A01
200500068143,0,07,000,00,2,3,15,B01
200500068144,0,04,000,00,0,2,21,A01
200500068145,0,02,000,07,0,1,17,A01
200500068146,0,02,000,00,1,1,01,A01
200500068147,0,07,000,00,2,1,01,A01
200500068147,0,05,000,00,2,3,01,B01
200500068148,0,02,000,00,0,3,15,A01
200500068149,0,02,000,01,0,1,14,A01
200500068150,0,07,000,00,2,1,01,A01
200500068150,0,07,000,00,2,4,23,B01
200500068151,0,07,000,00,2,2,12,A01
200500068151,0,05,000,00,2,3,01,B01
200500068152,0,10,000,00,1,4,04,A01
200500068153,0,07,000,00,2,4,11,A01
200500068153,0,05,000,00,2,1,01,B01
200500068154,0,02,000,00,2,1,05,A01
200500068154,0,07,000,00,2,1,01,B01
200500068155,0,07,000,00,2,3,10,A01
200500068155,0,02,000,00,2,1,01,B01
200500068156,0,01,000,00,1,1,01,A01
200500068157,0,02,000,00,0,2,01,A01
200500068158,0,18,000,00,1,1,01,A01
200500068159,0,10,000,00,1,4,04,A01
200500068160,0,07,000,00,1,1,01,A01
200500068161,0,04,000,00,0,3,01,A01
200500068162,0,04,000,12,0,1,01,A01
200500068163,0,07,000,00,2,7,16,A01
200500068163,0,05,000,00,2,3,01,B01
200500068164,0,05,000,00,0,1,01,A01
200500068165,0,07,000,00,2,2,01,B01
200500068165,0,07,000,00,2,1,01,A01
200500068166,0,07,000,00,2,2,16,A01
200500068166,0,01,000,00,2,3,01,B01
200500068167,0,07,000,00,1,1,01,A01
200500068168,0,10,000,00,1,4,04,A01
200500068169,0,05,000,00,0,2,15,A01
200500068170,0,04,000,00,1,1,01,A01
200500068171,0,02,000,00,0,3,01,A01
200500068172,0,07,000,00,2,8,01,B01
200500068172,0,07,000,00,2,1,01,A01
200500068173,0,02,000,00,1,1,05,A01
200500068174,0,07,000,01,0,1,13,A01
200500068175,0,07,000,00,2,8,15,A01
200500068175,0,02,000,00,2,2,17,B01
200500068176,0,02,000,00,2,1,17,A01
200500068176,0,07,000,00,2,3,09,B01
200500068177,0,07,000,00,1,1,01,A01
200500068178,0,10,000,00,2,2,15,A01
200500068178,0,02,000,00,2,1,01,B01
200500068179,0,02,000,00,1,1,01,A01
200500068180,0,02,000,00,2,1,15,A01
200500068180,0,02,000,00,2,4,15,B01
200500068181,0,02,000,00,1,1,01,A01
200500068182,0,07,000,00,1,4,04,A01
200500068183,0,01,000,00,0,2,01,A01
200500068184,0,05,000,00,2,2,17,A01
200500068184,0,07,000,00,2,8,15,B01
200500068185,0,04,000,00,2,2,05,A01
200500068185,0,07,000,00,2,3,15,B01
200500068186,0,07,000,00,1,1,01,A01
200500068187,0,04,000,00,2,1,07,A01
200500068187,0,07,000,00,2,2,15,B01
200500068188,0,07,000,00,1,1,07,A01
200500068189,0,05,000,00,2,2,15,A01
200500068189,0,07,000,00,2,1,01,B01
200500068190,0,07,000,00,2,1,05,A01
200500068190,0,07,000,01,2,1,01,B01
200500068191,0,05,000,00,2,1,01,A01
200500068191,0,07,000,00,2,2,01,B01
200500068192,0,04,000,00,0,5,01,A01
200500068193,0,05,000,00,2,3,18,A01
200500068193,0,07,000,00,2,5,16,B01
200500068194,0,07,000,00,2,1,01,A01
200500068194,0,07,000,00,2,8,01,B01
200500068195,0,07,000,00,2,1,01,A01
200500068195,0,07,000,00,2,6,01,B01
200500068195,0,07,000,00,2,6,01,C01
200500068196,0,07,000,00,2,2,15,A01
200500068196,0,05,000,00,2,1,01,B01
200500068197,0,04,000,00,2,2,17,A01
200500068197,0,07,000,00,2,8,15,B01
200500068198,0,04,000,00,2,1,01,B01
200500068198,0,07,000,00,2,2,01,A01
200500068199,0,02,000,00,0,3,01,A01
200500068200,0,01,000,00,2,2,11,A01
200500068200,0,18,000,00,2,6,07,B01
200500068201,0,05,000,00,2,1,01,B01
200500068201,0,01,000,00,2,1,01,A01
200500068202,0,05,000,00,2,1,17,A01
200500068202,0,07,000,00,2,4,01,B01
200500068202,0,07,000,00,2,3,01,C01
200500068202,0,07,000,00,2,8,01,D01
200500068203,0,07,000,07,2,1,16,B01
200500068203,1,07,000,00,2,1,00,A01
200500068204,0,07,000,00,2,6,04,A01
200500068204,0,14,000,00,2,1,01,B01
200500068205,0,04,000,00,2,4,10,A01
200500068205,0,07,000,00,2,1,01,B01
200500068206,0,02,000,00,1,2,23,A01
200500068207,0,05,000,00,2,1,01,A01
200500068207,0,01,000,00,2,3,01,B01
200500068208,0,01,000,00,0,3,01,A01
200500068209,1,07,000,00,2,1,00,A01
200500068209,0,01,000,00,2,1,01,B01
200500068210,0,07,000,00,1,1,01,A01
200500068211,0,07,000,00,1,4,04,A01
200500068212,0,07,000,00,1,1,15,A01
200500068213,0,07,000,00,1,2,01,A01
200500068214,0,10,000,00,2,7,10,A01
200500068214,0,05,000,00,2,1,01,B01
200500068215,0,02,000,00,2,3,18,A01
200500068215,0,07,000,00,2,1,16,B01
200500068216,0,02,000,00,1,1,01,A01
200500068217,1,07,000,00,1,1,00,A01
200500068218,0,07,000,00,2,3,09,A01
200500068218,0,02,000,00,2,1,01,B01
200500068219,0,04,000,00,0,0,01,A01
200500068220,0,07,000,00,1,4,04,A01
200500068221,0,02,000,11,0,2,01,A01
200500068222,0,07,000,00,2,8,22,A01
200500068222,0,01,000,00,2,1,01,B01
200500068223,0,05,000,00,0,6,01,A01
200500068224,0,02,000,00,0,0,01,A01
200500068225,0,05,000,00,2,3,01,B01
200500068225,0,07,000,00,2,3,01,A01
200500068226,1,07,000,00,1,1,00,A01
200500068227,0,07,000,07,0,1,13,A01
200500068228,0,07,000,00,2,2,16,A01
200500068228,0,01,000,00,2,1,01,B01
200500068229,0,02,000,00,1,1,01,A01
200500068230,0,05,000,00,1,1,01,A01
200500068231,0,07,000,00,1,2,01,A01