Num_Acc,senc,catv,occutc,obs,obsm,choc,manv,num_veh
200500068232,0,07,000,00,2,2,01,A01
200500068232,0,04,000,00,2,1,01,B01
200500068233,0,18,000,00,1,2,07,A01
200500068234,0,07,000,00,2,3,15,A01
200500068234,0,05,000,00,2,2,01,B01
200500068235,1,10,000,00,2,0,00,A01
200500068235,0,02,000,00,2,1,01,B01
200500068236,1,07,000,00,1,0,00,A01
200500068237,0,05,000,03,2,1,12,A01
200500068237,0,18,000,00,2,6,07,B01
200500068238,0,07,000,00,2,3,10,A01
200500068238,0,02,000,00,2,1,17,B01
200500068239,0,07,000,00,2,2,15,A01
200500068239,0,04,000,00,2,1,01,B01
200500068240,0,05,000,00,2,3,18,A01
200500068240,0,07,000,00,2,5,12,B01
200500068241,0,10,000,00,2,1,02,A01
200500068241,0,05,000,00,2,4,02,B01
200500068241,0,07,000,00,2,4,02,C01
200500068242,0,05,000,00,2,1,18,A01
200500068242,0,05,000,00,2,4,01,B01
200500068242,0,07,000,00,2,2,12,C01
200500068243,0,02,000,00,0,2,01,A01
200500068244,0,05,000,00,2,1,02,A01
200500068244,0,07,000,00,2,4,02,B01
200500068245,0,07,000,00,2,3,11,A01
200500068245,0,05,000,00,2,2,01,B01
200500068246,0,07,000,00,2,1,02,A01
200500068246,0,07,000,00,2,4,02,B01
200500068247,0,14,000,00,2,2,12,A01
200500068247,0,07,000,04,2,6,01,B01
200500068247,0,07,000,00,2,1,01,C01
200500068248,0,14,000,00,2,1,02,A01
200500068248,0,07,000,00,2,4,02,B01
200500068249,0,05,000,00,2,3,18,A01
200500068249,0,07,000,00,2,2,12,B01
200500068250,0,14,000,00,2,1,02,A01
200500068250,0,07,000,00,2,4,02,B01
200500068250,0,07,000,00,2,4,02,C01
200500068251,0,05,000,00,2,3,18,A01
200500068251,0,07,000,00,2,2,12,B01
200500068252,0,01,000,00,1,1,01,A01
200500068253,0,05,000,00,2,3,18,A01
200500068253,0,07,000,00,2,2,01,B01
200500068254,0,02,000,00,2,1,01,A01
200500068254,0,18,000,00,2,4,15,B01
200500068255,0,17,000,00,2,1,02,A01
200500068255,0,10,000,00,2,4,02,B01
200500068256,0,07,000,00,2,3,16,B01
200500068256,0,05,000,00,2,1,01,A01
200500068257,0,05,000,00,2,1,02,A01
200500068257,0,07,000,00,2,4,02,B01
200500068258,0,10,000,00,2,1,02,A01
200500068258,0,07,000,00,2,4,02,B01
200500068258,0,07,000,00,2,4,02,C01
200500068259,0,07,000,00,1,4,04,A01
200500068260,0,02,000,00,2,1,05,A01
200500068260,0,02,000,00,2,1,01,B01
200500068261,0,02,000,01,0,1,15,A01
200500068262,1,07,000,00,2,1,00,A01
200500068262,0,07,000,00,2,4,23,B01
200500068263,0,07,000,00,2,1,02,A01
200500068263,0,07,000,00,2,4,02,B01
200500068263,0,07,000,00,2,4,02,C01
200500068263,0,07,000,00,2,4,02,D01
200500068264,0,07,000,00,2,1,02,A01
200500068264,0,07,000,00,2,4,02,B01
200500068265,1,10,000,00,2,2,00,A01
200500068265,0,01,000,00,2,1,01,B01
200500068266,0,07,000,00,2,3,15,A01
200500068266,0,04,000,00,2,2,01,B01
200500068267,0,07,000,00,2,7,22,A01
200500068267,0,04,000,00,2,1,01,B01
200500068267,0,07,000,00,2,3,23,C01
200500068268,0,05,000,00,2,3,18,A01
200500068268,0,07,000,00,2,2,16,B01
200500068269,0,07,000,00,2,3,09,A01
200500068269,0,05,000,00,2,1,17,B01
200500068270,0,07,000,00,2,8,11,A01
200500068270,0,05,000,00,2,1,03,B01
200500068271,0,07,000,00,1,2,01,A01
200500068272,0,04,000,00,0,0,01,A01
200500068273,1,07,000,00,0,8,00,A01
200500068273,0,05,000,00,2,2,01,B01
200500068274,0,02,000,00,1,1,01,A01
200500068275,0,07,000,00,2,3,09,A01
200500068275,0,04,000,00,2,2,01,B01
200500068276,0,07,000,00,2,8,11,A01
200500068276,0,05,000,00,2,2,01,B01
200500068277,0,10,000,00,1,4,04,A01
200500068278,0,05,000,00,0,3,21,A01
200500068279,0,04,000,00,2,1,17,A01
200500068279,0,07,000,00,2,3,15,B01
200500068280,0,10,000,00,2,6,10,A01
200500068280,0,02,000,00,2,1,01,B01
200500068281,1,13,000,00,2,2,00,A01
200500068281,0,07,000,04,2,6,01,B01
200500068281,0,10,000,00,2,5,01,C01
200500068282,0,05,000,00,2,3,18,A01
200500068282,0,07,000,00,2,2,12,B01
200500068283,0,04,000,14,2,1,01,A01
200500068283,0,07,000,00,2,4,01,B01
200500068284,0,07,000,00,2,4,15,A01
200500068284,0,05,000,00,2,1,01,B01
200500068285,0,05,000,00,1,3,01,A01
200500068286,0,05,000,00,2,2,18,A01
200500068286,0,07,000,00,2,3,01,B01
200500068286,0,10,000,00,2,2,01,C01
200500068287,0,02,000,00,2,2,17,A01
200500068287,0,07,000,00,2,3,15,B01
200500068288,0,18,000,00,2,2,16,A01
200500068288,0,01,000,00,2,3,07,B01
200500068289,0,07,000,00,2,8,15,A01
200500068289,0,05,000,00,2,2,17,B01
200500068290,0,02,000,00,2,2,17,A01
200500068290,0,07,000,00,2,6,15,B01
200500068291,0,05,000,00,2,1,01,A01
200500068291,0,05,000,00,2,4,23,B01
200500068292,0,14,000,00,2,8,15,A01
200500068292,0,05,000,00,2,2,01,B01
200500068293,0,18,000,01,1,5,01,A01
200500068294,0,02,000,00,2,1,17,A01
200500068294,0,07,000,00,2,8,15,B01
200500068295,0,07,000,00,2,6,10,A01
200500068295,0,07,000,00,2,2,01,B01
200500068296,0,07,000,00,2,1,01,A01
200500068296,0,04,000,00,2,3,01,B01
200500068297,0,02,000,00,1,1,01,A01
200500068298,0,07,000,00,2,2,01,A01
200500068298,0,05,000,00,2,3,01,B01
200500068299,0,05,000,00,2,1,02,A01
200500068299,0,07,000,00,2,4,02,B01
200500068300,0,01,000,00,1,1,01,A01
200500068301,0,07,000,00,2,6,09,A01
200500068301,0,02,000,00,2,1,01,B01
200500068302,0,02,000,00,2,2,17,A01
200500068302,0,07,000,00,2,3,15,B01
200500068303,0,05,000,00,2,2,01,A01
200500068303,0,05,000,01,2,2,16,B01
200500068304,0,07,000,00,2,4,23,C01
200500068304,0,05,000,00,2,3,18,A01
200500068304,0,03,000,12,2,7,16,B01
200500068305,0,05,000,00,0,1,21,A01
200500068306,0,07,000,00,2,3,10,A01
200500068306,0,04,000,00,2,1,01,B01
200500068307,0,10,000,00,1,1,01,A01
200500068308,0,04,000,00,5,1,01,A01
200500068309,0,05,000,00,2,1,01,A01
200500068309,0,07,000,00,2,4,01,B01
200500068310,0,07,000,00,1,1,01,A01
200500068311,0,10,000,00,2,1,01,A01
200500068311,0,05,000,00,2,4,01,B01
200500068312,0,02,000,00,2,3,18,A01
200500068312,0,07,000,00,2,2,16,B01
200500068313,0,07,000,00,1,1,01,A01
200500068314,0,07,000,00,1,1,01,A01
200500068315,0,07,000,00,1,1,01,A01
200500068316,0,05,000,00,1,1,01,A01
200500068317,0,02,000,00,1,1,01,A01
200500068318,0,04,000,00,0,0,01,A01
200500068319,0,07,000,01,0,3,21,A01
200500068320,0,05,000,00,0,3,21,A01
200500068321,0,02,000,00,2,1,01,A01
200500068321,0,07,000,00,2,3,01,B01
200500068322,0,04,000,00,2,1,01,A01
200500068322,0,07,000,00,2,3,15,B01
200500068323,0,07,000,00,2,8,22,A01
200500068323,0,01,000,00,2,1,01,B01
200500068324,0,07,000,00,2,6,09,A01
200500068324,0,02,000,00,2,1,01,B01
200500068325,0,10,000,00,1,4,04,A01
200500068326,0,07,000,00,1,1,01,A01
200500068327,0,04,000,00,1,1,01,A01
200500068328,0,07,000,00,2,2,15,A01
200500068328,0,02,000,00,2,1,01,B01
200500068329,0,05,000,00,2,1,02,A01
200500068329,0,07,000,00,2,4,02,B01
200500068330,0,07,000,00,2,2,15,A01
200500068330,0,04,000,00,2,1,01,B01
200500068331,0,04,000,00,0,0,01,A01
200500068332,0,05,000,00,2,3,17,A01
200500068332,0,18,035,00,2,1,01,B01
200500068333,0,07,000,00,2,3,01,B01
200500068333,0,04,000,00,2,2,01,A01
200500068334,0,01,000,00,2,3,15,A01
200500068334,0,07,000,00,2,2,01,B01
200500068335,0,04,000,00,2,2,01,A01
200500068335,0,10,000,00,2,3,01,B01
200500068336,0,07,000,00,2,1,01,A01
200500068336,0,05,000,00,2,4,01,B01
200500068337,0,04,000,00,2,3,01,A01
200500068337,0,07,000,00,2,2,01,B01
200500068338,0,07,000,00,2,3,15,A01
200500068338,0,05,000,00,2,1,01,B01
200500068339,0,05,000,00,2,1,01,A01
200500068339,0,07,000,00,2,4,01,B01
200500068340,0,02,000,00,0,0,01,A01
200500068341,0,05,000,00,0,0,01,A01
200500068342,0,07,000,00,2,8,22,A01
200500068342,0,02,000,00,2,2,01,B01
200500068343,0,07,000,01,1,1,01,A01
200500068344,0,04,000,00,2,1,01,A01
200500068344,0,07,000,00,2,1,01,B01
200500068345,0,07,000,00,2,3,01,B01
200500068345,0,02,000,00,2,2,01,A01
200500068346,0,07,000,00,2,3,13,A01
200500068346,0,02,000,00,2,2,01,B01
200500068347,0,04,000,09,0,1,01,A01
200500068348,0,02,000,00,2,1,17,A01
200500068348,0,04,000,00,2,1,01,B01
200500068348,0,07,000,00,2,4,23,C01
200500068348,0,07,000,00,2,4,23,D01
200500068349,1,02,000,00,1,1,00,A01
200500068350,0,07,000,00,1,1,01,A01
200500068351,0,02,000,00,2,3,18,A01
200500068351,0,07,000,00,2,2,01,B01
200500068352,0,02,000,12,0,1,01,A01
200500068353,0,02,000,00,1,1,01,A01
200500068354,0,04,000,00,0,2,01,A01
200500068355,0,07,000,00,2,1,01,A01
200500068355,0,07,000,00,2,4,01,B01
200500068356,0,07,000,00,2,5,15,A01
200500068356,0,05,000,00,2,1,01,B01
200500068357,0,05,000,00,0,3,01,A01
200500068358,0,07,000,00,2,3,09,A01
200500068358,0,01,000,00,2,2,01,B01
200500068359,0,04,000,00,2,2,10,A01
200500068359,0,07,000,00,2,1,01,B01
200500068360,0,02,000,00,1,1,01,A01
200500068361,0,05,000,00,2,3,11,A01
200500068361,0,05,000,00,2,2,01,B01
200500068362,0,02,000,00,2,3,18,A01
200500068362,0,07,000,00,2,2,16,B01
200500068363,0,07,000,00,2,2,15,A01
200500068363,0,02,000,00,2,1,01,B01
200500068364,0,07,000,15,0,1,01,A01
200500068365,0,07,000,00,1,1,01,A01
200500068366,0,07,000,00,1,1,01,A01
200500068367,0,02,000,00,2,1,07,A01
200500068367,0,07,000,00,2,4,23,B01
200500068368,0,07,000,00,1,1,01,A01
200500068369,0,07,000,00,2,2,15,B01
200500068369,1,07,000,00,2,1,00,A01
200500068370,0,04,000,00,2,2,17,A01
200500068370,0,07,000,00,2,3,15,B01
200500068371,0,07,000,00,1,1,01,A01
200500068372,0,01,000,00,2,2,17,A01
200500068372,0,07,000,00,2,3,15,B01
200500068373,0,07,000,00,1,1,01,A01
200500068374,0,07,000,00,2,3,09,A01
200500068374,0,04,000,00,2,2,01,B01
200500068375,0,04,000,00,1,1,01,A01
200500068376,0,10,000,08,0,1,21,A01
200500068377,1,02,000,00,2,0,00,A01
200500068377,0,02,000,00,2,4,23,B01
200500068378,0,07,000,00,1,1,01,A01
200500068379,0,07,000,00,1,1,01,A01
200500068380,0,07,000,00,2,2,16,A01
200500068380,0,18,000,00,2,3,01,B01
200500068381,0,07,000,00,2,8,11,A01
200500068381,0,05,000,00,2,2,01,B01
200500068382,0,05,000,00,2,3,18,A01
200500068382,0,07,000,00,2,2,12,B01
200500068382,0,05,000,00,2,4,03,C01
200500068382,0,05,000,00,2,1,03,D01
200500068383,0,05,000,00,2,3,18,A01
200500068383,0,05,000,00,2,2,01,B01
200500068383,0,07,000,00,2,4,01,C01
200500068384,0,07,000,00,2,6,11,A01
200500068384,0,05,000,00,2,2,01,B01
200500068385,0,07,000,00,2,1,02,A01
200500068385,0,07,000,00,2,4,02,B01
200500068385,0,07,000,00,2,1,02,C01
200500068385,0,07,000,00,2,1,02,D01
200500068386,0,07,000,00,2,3,11,A01
200500068386,0,05,000,00,2,2,03,B01
200500068387,0,07,000,00,2,1,02,A01
200500068387,0,07,000,00,2,4,02,B01
200500068387,0,07,000,00,2,4,02,C01
200500068388,0,05,000,00,2,1,01,A01
200500068388,0,07,000,00,2,4,01,B01
200500068389,0,07,000,00,2,8,22,A01
200500068389,0,01,000,00,0,1,01,B01
200500068390,0,07,000,00,2,1,15,A01
200500068390,0,01,000,00,2,1,01,B01
200500068391,0,07,000,00,2,3,15,A01
200500068391,0,07,000,07,2,2,01,B01
200500068392,0,07,000,00,2,2,12,A01
200500068392,0,04,000,00,2,1,03,B01
200500068392,0,07,000,00,2,4,01,C01
200500068393,1,07,000,00,2,3,00,A01
200500068393,0,05,000,00,2,2,01,B01
200500068394,0,05,000,00,0,2,03,A01
200500068395,0,10,000,00,2,5,12,A01
200500068395,0,07,000,00,2,3,01,B01
200500068396,0,07,000,00,2,1,01,B01
200500068396,0,07,000,00,2,1,17,A01
200500068396,0,04,000,13,2,1,01,C01
200500068397,0,02,000,00,0,0,21,B01
200500068397,0,07,000,00,0,0,15,A01
200500068398,0,07,000,00,2,2,15,A01
200500068398,0,02,000,00,2,1,01,B01
200500068399,0,07,000,00,1,1,01,A01
200500068400,0,04,000,00,2,1,01,B01
200500068400,1,07,000,00,2,1,16,A01
200500068401,0,02,000,00,2,1,23,B01
200500068401,0,07,000,00,2,2,15,A01
200500068402,0,07,000,00,2,3,00,A01
200500068402,0,02,000,00,2,1,01,B01
200500068403,1,07,000,00,2,3,01,A01
200500068403,0,07,000,00,2,5,00,B01
200500068404,0,07,000,00,1,1,01,A01
200500068405,0,07,000,00,2,1,15,A01
200500068405,0,07,000,00,2,1,01,B01
200500068406,0,07,000,00,2,8,17,A01
200500068406,0,14,000,13,2,4,01,B01
200500068406,0,07,000,00,2,2,01,C01
200500068407,0,07,000,00,1,2,01,A01
200500068408,0,07,000,09,0,2,01,A01
200500068409,0,07,000,00,9,6,19,B01
200500068409,0,04,000,00,2,1,01,A01
200500068410,0,05,000,00,0,1,00,B01
200500068410,1,07,000,00,0,0,00,A01
200500068411,0,07,000,00,1,0,01,A01
200500068412,0,15,000,00,2,3,09,A01
200500068412,0,07,000,00,2,7,01,B01
200500068413,0,07,000,00,1,2,01,A01
200500068414,0,07,000,00,1,1,01,A01
200500068415,0,02,000,00,2,1,01,B01
200500068415,0,07,000,00,2,2,15,A01
200500068416,0,07,000,00,2,3,15,A01
200500068416,0,07,000,00,2,1,01,B01
200500068417,0,07,000,00,2,3,15,A01
200500068417,0,07,000,00,2,1,02,B01
200500068418,0,07,000,00,2,1,15,A01
200500068418,0,05,000,00,2,1,02,B01
200500068419,0,10,000,00,2,8,15,A01
200500068419,0,07,000,00,2,7,02,B01
200500068420,0,04,000,00,0,2,01,A01
200500068421,0,07,000,15,0,9,21,A01
200500068422,0,04,000,00,2,1,01,A01
200500068422,0,07,000,00,2,4,01,B01
200500068423,0,04,000,00,2,1,02,A01
200500068423,0,07,000,00,2,7,16,B01
200500068424,1,07,000,00,1,1,02,A01
200500068425,0,10,000,00,2,1,01,A01
200500068425,0,07,000,00,2,7,01,B01
200500068426,0,04,000,16,0,2,00,A01
200500068427,0,07,000,00,1,1,01,A01
200500068428,0,07,000,00,1,4,01,A01
200500068429,0,07,000,00,2,1,01,A01
200500068429,0,07,000,00,2,4,01,B01
200500068430,0,07,000,00,2,7,15,A01
200500068430,0,05,000,00,2,1,01,B01
200500068431,0,07,000,00,1,0,01,A01
200500068432,0,14,000,00,2,2,01,A01
200500068432,0,07,000,00,2,1,01,B01
200500068433,0,07,000,00,2,3,09,A01
200500068433,0,05,000,00,2,1,01,B01
200500068434,0,04,000,00,2,1,17,A01
200500068434,0,07,000,00,2,8,15,B01
200500068435,0,07,000,13,0,1,00,A01
200500068436,0,02,000,00,0,8,16,A01
200500068437,0,07,000,00,2,1,15,A01
200500068437,0,07,000,00,2,3,01,B01
200500068437,0,07,000,00,2,3,01,C01
200500068438,0,10,000,00,2,1,11,A01
200500068438,0,07,000,00,2,4,01,B01
200500068439,0,07,000,00,2,1,15,A01
200500068439,0,02,000,00,2,7,01,B01
200500068440,0,04,000,00,2,1,00,A01
200500068440,0,10,000,00,2,3,01,B01
200500068441,0,02,000,00,2,1,17,A01
200500068441,0,07,000,00,2,8,15,B01
200500068442,0,18,001,00,1,1,01,A01
200500068443,0,07,000,00,2,1,00,A01
200500068443,0,20,000,00,2,8,00,B01
200500068444,0,10,000,00,1,6,01,A01
200500068445,0,05,000,00,2,8,01,B01
200500068445,0,10,000,00,2,2,15,A01
200500068446,0,02,000,00,2,1,01,A01
200500068446,0,07,000,00,2,8,01,B01
200500068447,0,07,000,00,2,8,15,B01
200500068447,0,07,000,00,2,1,02,A01
200500068448,0,07,000,00,2,1,01,A01
200500068448,0,07,000,00,2,1,01,B01
200500068448,0,07,000,00,2,4,01,C01
200500068449,0,07,000,00,2,9,01,A01
200500068449,0,14,000,00,2,2,01,B01
200500068450,0,07,000,00,2,1,09,A01
200500068450,0,05,000,00,2,1,01,B01
200500068451,0,07,000,00,2,1,01,A01
200500068451,0,07,000,00,2,4,01,B01
200500068451,2,07,000,00,2,4,01,C01
200500068452,0,07,000,11,0,3,00,A01
200500068453,0,16,000,00,2,7,12,A01
200500068453,0,07,000,00,2,8,02,B01
200500068454,0,07,000,00,2,7,17,A01
200500068454,0,07,000,00,2,8,01,B01
200500068455,0,07,000,08,2,1,01,A01
200500068455,0,07,000,00,0,3,01,B01
200500068456,0,05,000,00,0,8,01,A01
200500068457,0,02,000,00,0,7,02,A01
200500068457,0,10,000,00,0,1,15,B01
200500068458,0,05,000,00,0,1,01,A01
200500068459,0,05,000,00,2,2,01,A01
200500068459,0,07,000,00,0,7,15,B01
200500068460,0,07,000,00,0,1,09,A01
200500068460,0,07,000,00,0,2,00,B01
200500068461,0,07,000,00,2,1,02,A01
200500068461,0,07,000,00,2,4,02,B01
200500068461,0,07,000,00,0,4,02,C01
200500068462,0,05,000,00,2,1,01,B01
200500068462,0,07,000,00,2,7,19,A01
200500068463,0,07,000,00,2,8,13,A01
200500068463,0,07,000,00,2,1,02,C01
200500068463,0,07,000,00,2,1,01,B01
200500068464,1,07,000,00,1,1,01,A01
200500068465,0,05,000,00,2,9,01,A01
200500068465,0,07,000,00,0,6,01,B01
200500068465,0,07,000,00,9,1,01,C01
200500068465,0,07,000,00,0,2,01,D01
200500068466,0,07,000,00,0,3,15,A01
200500068467,0,07,000,00,2,2,17,A01
200500068467,0,07,000,16,2,2,01,B01
200500068468,0,07,000,00,2,1,01,A01
200500068468,0,07,000,00,2,4,01,B01
200500068468,0,07,000,00,2,4,01,C01
200500068468,0,07,000,00,2,4,01,D01
200500068469,0,05,000,00,2,1,01,A01
200500068469,0,07,000,00,2,4,23,B01
200500068470,0,07,000,00,1,8,01,A01
200500068471,0,07,000,00,2,1,02,A01
200500068471,0,07,000,00,0,4,01,B01
200500068472,0,07,000,00,2,3,01,A01
200500068472,0,05,000,00,2,1,01,B01
200500068473,0,07,000,00,1,2,01,A01
200500068474,0,07,000,00,2,3,01,A01
200500068474,0,07,000,00,2,3,01,B01
200500068475,0,02,000,00,1,1,01,A01
200500068476,0,05,000,00,5,1,01,A01
200500068477,0,02,000,00,0,7,01,A01
200500068478,0,01,000,00,0,7,01,A01
200500068479,0,07,000,00,1,4,20,A01
200500068480,0,05,000,07,0,1,02,A01
200500068481,0,01,000,00,0,0,02,A01
200500068482,0,03,000,00,1,0,00,A01
200500068483,0,05,000,00,2,7,01,B01
200500068483,0,07,000,00,2,1,10,A01
200500068484,0,07,000,11,1,2,11,A01
200500068485,0,07,000,00,0,0,00,A01
200500068486,0,02,000,00,0,0,01,A01
200500068487,0,07,000,15,0,2,00,A01
200500068488,0,05,000,00,1,1,01,A01
200500068489,0,07,000,00,2,1,02,A01
200500068489,0,07,000,00,0,4,02,B01
200500068490,0,07,000,00,0,0,00,C01
200500068490,0,02,000,00,2,1,02,A01
200500068490,0,02,000,00,2,1,02,B01
200500068490,0,02,000,00,2,1,02,D01
200500068491,0,07,000,00,0,0,00,A01
200500068491,0,17,000,00,0,0,00,B01
200500068492,0,07,000,00,0,0,00,A01
200500068492,0,01,000,00,0,0,00,B01
200500068493,0,05,000,00,2,1,01,B01
200500068493,0,07,000,00,2,2,15,A01
200500068494,0,07,000,00,2,2,02,A01
200500068494,0,02,000,01,2,4,23,B01
200500068495,0,05,000,00,2,2,02,A01
200500068495,0,01,000,00,2,6,11,B01
200500068496,0,07,000,00,1,1,01,A01
200500068497,0,07,000,00,0,3,13,A01
200500068497,0,02,000,00,2,1,13,B01
200500068498,0,02,000,00,0,2,00,A01
200500068499,0,07,000,14,0,1,02,A01
200500068499,0,07,000,14,0,4,02,B01
200500068500,0,07,000,00,1,2,13,A01
200500068501,0,07,000,00,0,6,20,B01
200500068501,0,07,000,00,0,1,02,A01
200500068502,0,10,000,15,0,1,02,A01
200500068503,0,14,000,00,2,7,17,C01
200500068503,0,07,000,00,2,2,14,B01
200500068503,0,07,000,00,0,1,09,A01
200500068504,0,05,000,00,2,2,21,A01
200500068504,0,07,000,00,2,8,15,B01
200500068505,0,07,000,00,2,2,01,B01
200500068505,0,07,000,00,2,3,09,A01
200500068506,0,07,000,00,9,3,09,A01
200500068506,0,02,000,00,0,7,00,B01
200500068507,0,05,000,00,6,1,00,A01
200500068508,1,07,000,00,0,0,05,A01
200500068508,0,07,000,00,2,3,01,B01
200500068508,0,07,000,00,2,7,21,C01
200500068509,0,02,000,14,0,4,23,B01
200500068509,0,07,000,00,0,4,23,C01
200500068509,0,07,000,14,0,1,02,A01
200500068510,0,02,000,00,2,1,02,A01
200500068510,0,07,000,00,2,4,20,B01
200500068511,0,07,000,00,1,5,16,A01
200500068511,0,01,000,00,2,1,01,B01
200500068512,0,07,000,00,9,6,00,B01
200500068512,0,05,000,00,2,1,00,A01
200500068513,0,07,000,00,2,1,15,A01
200500068513,0,05,000,00,2,1,01,B01
200500068514,0,07,000,00,0,3,14,A01
200500068515,0,07,000,00,2,2,01,B01
200500068515,0,04,000,00,2,3,19,A01
200500068516,0,07,000,00,2,0,22,A01
200500068516,0,01,000,01,0,0,01,B01
200500068517,0,07,000,00,2,2,01,A01
200500068517,0,01,000,00,2,8,11,B01
200500068518,0,07,000,00,1,1,01,A01
200500068519,0,07,000,00,0,8,15,A01
200500068519,0,02,000,00,2,1,17,B01
200500068520,0,05,000,00,2,3,17,A01
200500068520,0,07,000,00,2,8,15,B01
200500068521,0,02,000,00,2,1,01,A01
200500068521,0,07,000,00,2,8,16,B01
200500068522,0,01,000,00,2,1,05,A01
200500068522,0,07,000,00,0,7,16,B01
200500068523,0,05,000,00,2,3,02,A01
200500068523,0,07,000,00,2,7,02,B01
200500068524,0,02,000,00,2,1,05,A01
200500068524,0,07,000,00,2,1,05,B01
200500068525,0,02,000,00,0,0,00,A01
200500068526,0,10,000,02,2,1,14,A01
200500068526,0,07,000,02,2,1,01,B01
200500068527,0,07,000,00,1,3,04,A01
200500068528,0,07,000,00,1,1,01,A01
200500068529,0,10,000,00,2,1,02,A01
200500068529,0,07,000,00,2,4,23,B01
200500068530,0,07,000,00,2,8,17,A01
200500068530,0,02,000,00,2,8,01,B01
200500068531,0,01,000,00,2,1,19,A01
200500068531,0,07,000,00,2,2,15,B01
200500068532,0,01,000,00,2,8,19,A01
200500068532,0,07,000,00,2,3,01,B01
200500068533,0,05,000,00,1,2,01,A01
200500068534,0,07,000,01,0,1,01,A01
200500068535,0,05,000,00,2,8,01,A01
200500068535,0,07,000,00,2,5,15,B01
200500068536,0,10,000,00,2,1,02,A01
200500068536,0,07,000,00,2,4,23,B01
200500068537,0,07,000,03,0,2,14,A01
200500068538,0,07,000,15,0,1,15,A01
200500068539,0,10,000,00,1,1,15,A01
200500068540,0,05,000,00,1,1,11,A01
200500068541,0,07,000,00,2,8,15,A01
200500068541,0,02,000,00,2,1,17,B01
200500068542,0,07,000,15,2,3,00,A01
200500068542,0,02,000,00,2,2,01,B01
200500068543,0,07,000,00,2,1,05,A01
200500068543,0,02,000,00,2,1,01,B01
200500068544,0,07,000,00,2,2,03,A01
200500068544,0,01,000,00,2,4,12,B01
200500068545,0,02,000,01,0,0,00,B01
200500068545,1,07,000,00,2,8,13,A01
200500068546,0,01,000,00,1,1,01,A01
200500068547,0,17,000,00,1,2,00,A01
200500068548,0,07,000,00,0,2,15,A01
200500068548,0,07,000,00,0,3,00,B01
200500068549,0,02,000,00,2,1,01,B01
200500068549,0,07,000,00,2,8,15,A01
200500068550,0,05,000,03,0,7,14,A01
200500068551,0,07,000,02,0,1,13,A01
200500068552,0,05,000,05,0,1,13,A01
200500068553,0,05,000,02,0,1,13,A01
200500068554,0,05,000,00,2,3,13,A01
200500068554,0,07,000,00,2,3,01,B01
200500068555,0,05,000,16,0,8,01,A01
200500068556,0,01,000,00,0,4,01,A01
200500068556,1,07,000,00,0,0,00,B01
200500068557,0,07,000,06,2,1,01,A01
200500068557,0,07,000,00,0,8,01,B01
200500068558,0,10,000,01,0,1,01,A01
200500068559,0,02,000,11,0,1,17,A01
200500068560,0,10,000,00,0,8,06,A01
200500068560,0,07,000,00,2,2,01,B01
200500068561,0,07,000,00,0,8,09,A01
200500068561,0,05,000,00,2,1,01,B01
200500068562,0,07,000,00,0,9,01,A01
200500068563,0,07,000,00,2,1,01,A01
200500068563,0,05,000,00,0,4,23,B01
200500068564,0,02,000,07,0,1,01,A01
200500068565,0,07,000,00,2,3,00,A01
200500068565,0,05,000,00,2,2,01,B01
200500068566,0,07,000,00,2,0,13,A01
200500068566,0,05,000,00,2,1,00,B01
200500068567,0,07,000,00,2,1,02,B01
200500068567,0,07,000,00,0,2,13,A01
200500068568,0,02,000,00,1,1,01,A01
200500068569,0,05,000,00,0,1,14,A01
200500068570,0,07,000,00,2,1,15,A01
200500068570,0,07,000,00,2,1,01,B01
200500068571,0,04,000,00,1,0,00,A01
200500068572,0,07,000,00,2,2,01,A01
200500068572,0,07,000,00,2,7,15,B01
200500068573,0,05,000,06,0,1,01,A01
200500068574,0,07,000,00,2,1,15,A01
200500068575,0,02,000,14,2,1,01,A01
200500068575,0,07,000,00,2,1,01,B01
200500068576,0,05,000,13,0,3,01,A01
200500068576,1,07,000,00,2,7,12,X01
200500068577,0,07,000,00,2,3,15,A01
200500068577,0,07,000,00,2,1,01,B01
200500068578,1,07,000,00,2,8,17,A01
200500068578,0,07,000,00,0,7,17,B01
200500068579,0,07,000,00,6,1,01,A01
200500068580,0,07,000,00,0,0,01,A01
200500068581,0,07,000,00,2,1,13,A01
200500068581,0,07,000,00,2,1,01,B01
200500068582,0,07,000,00,2,7,15,A01
200500068582,0,05,000,00,2,1,01,B01
200500068583,0,07,000,00,1,0,15,A01
200500068584,0,13,000,00,2,6,16,B01
200500068584,0,06,000,00,2,1,16,A01
200500068585,0,07,000,00,1,0,15,A01
200500068586,0,05,000,00,2,7,16,B01
200500068586,0,07,000,00,2,1,01,A01
200500068587,0,02,000,14,0,1,01,A01
200500068588,0,07,000,00,2,3,10,A01
200500068588,0,05,000,00,2,1,01,B01
200500068589,0,07,000,00,1,1,01,A01
200500068590,0,07,000,00,2,2,15,A01
200500068590,0,04,000,00,1,1,01,B01
200500068591,0,07,000,13,0,1,01,A01
200500068592,0,07,000,00,2,1,01,A01
200500068592,0,10,000,00,2,3,01,B01
200500068593,0,07,000,00,1,1,15,A01
200500068594,0,02,000,00,2,1,01,B01
200500068594,0,07,000,00,2,2,15,A01
200500068595,0,07,000,00,1,1,01,A01
200500068596,0,07,000,00,2,3,15,A01
200500068596,0,05,000,00,2,2,01,B01