Num_Acc,senc,catv,occutc,obs,obsm,choc,manv,num_veh
200500068597,0,01,000,00,2,1,01,A01
200500068597,0,07,000,00,2,3,01,B01
200500068598,0,07,000,00,2,1,01,A01
200500068598,0,07,000,00,2,4,01,B01
200500068598,0,07,000,00,0,4,23,C01
200500068599,0,10,000,00,2,1,01,A01
200500068599,0,07,000,00,2,8,15,B01
200500068600,0,07,000,00,2,5,10,A01
200500068600,0,02,000,00,2,1,01,B01
200500068601,0,07,000,00,1,1,02,A01
200500068602,0,07,000,00,2,3,11,A01
200500068602,0,07,000,01,2,2,01,B01
200500068603,0,07,000,12,0,2,15,A01
200500068604,0,07,000,00,2,2,15,A01
200500068604,0,07,000,00,2,1,01,B01
200500068605,0,13,000,00,2,1,00,A01
200500068605,0,07,000,00,2,0,00,B01
200500068606,0,07,000,00,1,6,04,A01
200500068607,0,07,000,00,0,3,15,A01
200500068607,0,04,000,00,2,1,17,B01
200500068608,1,07,000,00,1,0,00,A01
200500068609,0,05,000,00,2,1,05,A01
200500068609,0,07,000,00,2,3,15,B01
200500068610,0,07,000,15,0,2,01,A01
200500068611,1,04,000,00,1,7,02,A01
200500068612,0,05,000,00,1,1,02,A01
200500068613,0,02,000,01,0,1,05,A01
200500068614,0,07,000,06,0,1,01,A01
200500068615,0,01,000,00,2,1,15,B01
200500068615,0,05,000,00,2,1,18,A01
200500068616,0,07,000,00,1,5,16,A01
200500068617,0,07,000,00,1,1,01,A01
200500068618,0,07,000,00,2,1,01,A01
200500068618,0,01,000,00,2,8,01,B01
200500068619,0,07,000,00,2,3,10,A01
200500068619,0,02,000,00,2,2,17,B01
200500068620,0,07,000,00,2,1,15,A01
200500068620,0,02,000,00,2,1,01,B01
200500068621,0,05,000,00,2,1,17,A01
200500068621,0,10,000,00,2,8,15,B01
200500068622,0,07,000,00,2,5,04,A01
200500068622,0,02,000,00,2,1,07,B01
200500068623,0,10,000,00,1,3,15,A01
200500068624,0,10,000,00,2,8,01,B01
200500068624,0,05,000,00,2,1,01,A01
200500068625,0,07,000,00,1,1,15,A01
200500068626,0,07,000,00,2,7,15,A01
200500068626,0,05,000,00,2,1,01,B01
200500068627,0,18,002,00,1,5,00,A01
200500068628,0,07,000,00,2,7,06,A01
200500068628,0,07,000,00,2,1,01,B01
200500068629,0,07,000,00,2,8,15,A01
200500068629,0,05,000,00,2,1,01,B01
200500068630,0,07,000,00,1,2,01,A01
200500068631,0,07,000,00,2,3,23,A01
200500068631,0,04,000,00,2,7,01,B01
200500068632,0,10,000,00,2,1,15,A01
200500068632,0,04,000,00,2,1,15,B01
200500068633,0,07,000,00,2,1,15,A01
200500068633,0,05,000,00,2,8,01,B01
200500068634,0,02,000,00,2,7,01,A01
200500068634,0,07,000,00,2,8,01,B01
200500068635,0,07,000,00,1,1,01,A01
200500068636,0,07,000,06,2,3,01,A01
200500068636,0,07,000,00,2,2,01,B01
200500068637,0,07,000,00,2,2,16,A01
200500068637,0,01,000,00,2,1,01,B01
200500068638,0,07,000,00,1,1,01,A01
200500068639,0,05,000,00,0,8,01,A01
200500068640,0,07,000,00,2,1,01,B01
200500068640,0,01,000,00,2,1,05,A01
200500068641,0,07,000,00,1,3,15,A01
200500068642,0,02,000,00,0,1,01,A01
200500068642,0,05,000,00,0,5,16,B01
200500068643,0,10,000,00,0,5,02,B01
200500068643,0,01,000,00,2,1,02,A01
200500068644,0,05,000,01,0,1,02,A01
200500068645,0,07,000,00,2,1,02,A01
200500068645,0,07,000,00,0,4,16,B01
200500068646,2,05,000,01,0,1,14,A01
200500068647,0,07,000,00,2,2,02,A01
200500068647,0,01,000,00,2,4,02,B01
200500068648,0,07,000,00,2,1,01,A01
200500068648,0,07,000,00,2,1,01,B01
200500068649,0,07,000,00,2,4,01,B01
200500068649,0,01,000,00,2,1,01,A01
200500068650,0,07,000,00,2,3,15,A01
200500068650,0,07,000,00,2,2,01,B01
200500068651,0,07,000,00,1,1,01,A01
200500068652,0,07,000,00,2,1,01,B01
200500068652,0,07,000,00,2,3,15,A01
200500068653,0,07,000,00,2,1,15,B01
200500068653,0,01,000,00,2,1,19,A01
200500068654,0,07,000,00,2,2,01,A01
200500068654,0,01,000,00,2,1,15,B01
200500068655,0,07,000,00,2,1,01,A01
200500068655,0,07,000,00,2,4,01,B01
200500068656,0,01,000,00,2,1,01,A01
200500068656,0,07,000,00,2,2,01,B01
200500068657,0,02,000,00,2,1,01,A01
200500068657,0,07,000,00,2,3,15,B01
200500068658,0,07,000,01,0,1,01,A01
200500068658,0,07,000,00,2,4,24,B01
200500068659,0,05,000,00,2,6,01,B01
200500068659,0,07,000,00,2,3,15,A01
200500068660,0,05,000,00,2,1,01,A01
200500068660,0,05,000,00,2,4,01,B01
200500068661,1,07,000,00,2,1,01,A01
200500068661,0,02,000,00,2,1,01,B01
200500068662,0,07,000,00,1,1,01,A01
200500068663,0,02,000,00,2,8,15,A01
200500068663,0,07,000,00,2,2,15,B01
200500068664,0,01,000,01,0,1,01,A01
200500068665,0,07,000,00,2,1,01,A01
200500068665,0,07,000,00,2,4,01,B01
200500068666,0,07,000,00,6,1,01,A01
200500068667,0,05,000,14,0,7,01,A01
200500068668,0,07,000,00,2,1,01,A01
200500068668,0,07,000,00,2,4,01,B01
200500068668,0,07,000,00,2,4,01,C01
200500068669,0,10,000,00,2,7,15,A01
200500068669,0,05,000,00,2,1,01,B01
200500068670,0,07,000,08,0,9,01,A01
200500068671,0,07,000,00,1,1,01,A01
200500068672,0,07,000,00,1,1,01,A01
200500068673,0,07,000,00,1,1,01,A01
200500068674,0,02,000,00,1,1,01,A01
200500068675,0,01,000,00,2,4,01,A01
200500068675,0,07,000,00,2,1,01,B01
200500068676,0,07,000,00,1,3,15,A01
200500068677,0,01,000,00,2,1,01,A01
200500068677,0,07,000,00,2,6,15,B01
200500068678,1,07,000,00,2,0,01,B01
200500068678,0,05,000,00,2,5,15,A01
200500068679,0,07,000,00,2,1,01,A01
200500068679,0,07,000,00,2,4,01,B01
200500068680,0,02,000,00,2,1,01,A01
200500068680,0,07,000,00,2,4,01,B01
200500068681,0,05,000,00,1,1,01,A01
200500068682,0,01,000,00,2,3,01,A01
200500068682,0,07,000,00,2,1,01,B01
200500068683,0,01,000,00,2,8,15,B01
200500068683,0,07,000,00,2,1,15,A01
200500068684,0,02,000,00,2,1,01,A01
200500068684,0,07,000,00,2,2,01,B01
200500068685,0,05,000,00,0,1,01,A01
200500068686,0,07,000,00,1,1,01,A01
200500068687,0,02,000,00,2,1,01,A01
200500068687,0,07,000,00,2,8,15,B01
200500068688,0,04,000,00,2,1,05,A01
200500068688,0,07,000,00,2,2,13,B01
200500068689,0,07,000,14,0,0,01,A01
200500068690,0,07,000,00,2,2,15,A01
200500068690,0,05,000,01,2,1,01,B01
200500068691,0,07,000,00,2,1,15,A01
200500068691,0,05,000,00,2,7,01,B01
200500068692,0,07,000,00,1,1,01,A01
200500068693,0,07,000,00,2,8,15,A01
200500068693,0,05,000,00,2,1,01,B01
200500068694,0,05,000,00,2,1,01,A01
200500068694,0,07,000,00,2,4,01,B01
200500068695,0,07,000,00,2,3,15,A01
200500068695,0,07,000,08,2,1,01,B01
200500068696,0,07,000,00,1,1,17,A01
200500068697,0,02,000,00,2,1,01,B01
200500068697,0,07,000,00,2,8,15,A01
200500068698,0,07,000,00,2,1,02,A01
200500068698,0,07,000,00,2,4,23,B01
200500068699,0,07,000,00,2,2,19,A01
200500068699,0,02,000,00,2,1,01,B01
200500068700,0,07,000,00,2,1,01,A01
200500068700,0,07,000,00,2,8,15,B01
200500068701,0,07,000,00,1,2,02,A01
200500068702,0,07,000,00,1,1,02,A01
200500068703,0,07,000,00,9,1,01,A01
200500068703,0,01,000,00,2,1,19,B01
200500068704,0,07,000,00,2,3,15,A01
200500068704,0,05,000,00,2,1,01,B01
200500068705,0,02,000,00,2,1,17,A01
200500068705,0,07,000,00,2,3,15,B01
200500068706,0,10,000,03,0,7,01,A01
200500068707,0,02,000,00,2,0,17,A01
200500068707,0,04,000,00,2,0,01,B01
200500068708,0,07,000,00,2,1,15,A01
200500068708,0,07,000,00,2,1,01,B01
200500068709,0,01,000,00,2,4,01,A01
200500068709,1,99,000,00,2,0,01,B01
200500068710,0,05,000,00,2,7,00,B01
200500068710,0,07,000,00,2,1,15,A01
200500068711,0,07,000,15,0,1,14,A01
200500068711,0,07,000,00,2,8,23,B01
200500068712,0,04,000,00,5,1,01,A01
200500068713,0,07,000,00,1,1,01,A01
200500068714,0,07,000,00,2,1,19,A01
200500068714,0,07,000,00,2,6,01,B01
200500068715,0,07,000,06,0,9,01,A01
200500068716,0,01,000,00,1,1,01,A01
200500068717,0,07,000,00,2,1,02,A01
200500068717,0,07,000,00,2,4,23,B01
200500068718,0,07,000,00,2,1,01,A01
200500068718,0,04,000,00,2,1,19,B01
200500068719,0,07,000,00,2,1,15,A01
200500068719,0,05,000,00,2,1,01,B01
200500068720,0,07,000,00,2,1,13,A01
200500068720,0,07,000,00,2,1,01,B01
200500068721,0,07,000,00,2,1,01,A01
200500068721,0,07,000,00,2,4,23,B01
200500068722,0,10,000,00,2,1,02,B01
200500068722,0,07,000,00,0,4,23,A01
200500068723,0,01,000,00,2,8,09,B01
200500068723,0,05,000,00,2,1,02,A01
200500068724,0,07,000,00,2,1,13,A01
200500068724,0,01,000,00,2,1,01,B01
200500068725,0,07,000,02,0,1,13,A01
200500068726,0,07,000,00,2,4,24,B01
200500068726,0,07,000,01,1,1,14,A01
200500068727,0,07,000,00,2,1,01,B01
200500068727,2,07,000,00,2,1,13,A01
200500068728,0,07,000,00,1,1,01,A01
200500068729,0,07,000,00,2,1,13,A01
200500068729,0,07,000,00,2,1,01,B01
200500068730,0,05,000,00,2,1,01,B01
200500068730,0,07,000,00,2,3,10,A01
200500068731,0,02,000,00,2,1,17,A01
200500068731,0,07,000,00,2,3,21,B01
200500068732,0,02,000,00,2,1,05,A01
200500068732,0,07,000,00,2,1,02,B01
200500068733,0,07,000,06,0,1,01,A01
200500068734,0,07,000,00,1,3,01,A01
200500068735,0,07,000,00,1,2,01,A01
200500068736,0,07,000,00,2,7,15,A01
200500068736,0,05,000,00,2,1,01,B01
200500068737,0,07,000,00,2,6,09,A01
200500068737,0,05,000,00,2,1,02,B01
200500068738,0,07,000,00,2,3,09,A01
200500068738,0,05,000,00,2,2,21,B01
200500068739,0,07,000,00,2,1,01,C01
200500068739,0,07,000,00,2,1,05,A01
200500068739,0,07,000,00,2,1,01,B01
200500068740,0,02,000,00,0,0,00,A01
200500068741,0,02,000,00,2,5,17,B01
200500068741,0,07,000,00,2,3,01,A01
200500068742,0,04,000,00,2,7,01,B01
200500068742,1,07,000,00,2,8,11,A01
200500068743,0,02,000,00,2,1,17,A01
200500068743,0,07,000,00,2,3,01,B01
200500068744,0,04,000,00,2,1,02,A01
200500068744,0,07,000,00,2,4,01,B01
200500068745,0,07,000,00,2,1,09,A01
200500068745,0,02,000,00,2,1,01,B01
200500068746,0,04,000,00,2,1,17,A01
200500068746,0,07,000,00,2,3,09,B01
200500068747,0,07,000,00,2,1,02,A01
200500068747,0,07,000,00,2,4,23,B01
200500068748,0,05,000,00,2,1,02,A01
200500068748,0,07,000,00,0,3,11,B01
200500068749,0,07,000,01,0,1,14,A01
200500068750,0,02,000,01,2,1,18,A01
200500068750,0,07,000,00,2,3,15,B01
200500068751,0,07,000,00,2,6,15,A01
200500068751,0,05,000,00,2,1,02,B01
200500068752,0,07,000,00,2,0,01,A01
200500068752,0,07,000,00,2,2,01,B01
200500068753,0,07,000,00,0,4,02,A01
200500068753,0,07,000,00,2,1,02,B01
200500068754,0,07,000,00,2,6,16,B01
200500068754,0,05,000,00,2,1,01,A01
200500068755,0,18,012,00,2,1,01,A01
200500068755,0,10,000,14,0,4,01,B01
200500068755,0,10,000,14,0,4,01,C01
200500068755,0,10,000,00,0,4,02,D01
200500068756,0,07,000,00,2,5,12,A01
200500068756,0,05,000,00,2,3,01,B01
200500068757,0,07,000,00,2,1,02,A01
200500068757,0,07,000,00,0,4,02,B01
200500068758,0,07,000,02,0,7,01,A01
200500068759,0,02,000,00,1,1,01,A01
200500068760,0,07,000,00,2,1,01,A01
200500068760,0,07,000,00,2,4,01,B01
200500068760,0,07,000,00,2,4,01,C01
200500068761,0,07,000,00,2,1,15,A01
200500068761,0,05,000,00,2,0,00,B01
200500068762,0,07,000,00,2,2,15,A01
200500068762,0,02,000,00,2,1,01,B01
200500068763,0,07,000,00,2,1,13,A01
200500068763,0,07,000,00,2,3,01,B01
200500068764,0,14,000,00,2,3,16,A01
200500068764,0,05,000,00,2,8,01,B01
200500068765,0,05,000,00,2,1,01,B01
200500068765,0,07,000,00,2,5,04,A01
200500068766,0,02,000,00,2,2,19,A01
200500068766,0,07,000,00,2,1,02,B01
200500068767,0,07,000,00,0,3,15,A01
200500068767,0,05,000,00,2,1,17,B01
200500068768,0,07,000,00,2,1,15,A01
200500068768,0,01,000,00,2,1,01,B01
200500068769,0,07,000,00,1,1,01,A01
200500068770,0,01,000,00,2,1,01,A01
200500068770,0,07,000,00,2,1,01,B01
200500068771,0,02,000,00,2,1,02,A01
200500068771,0,07,000,00,2,4,02,B01
200500068772,0,07,000,00,2,3,15,A01
200500068772,0,04,000,00,2,3,01,B01
200500068773,0,02,000,00,2,1,01,A01
200500068773,0,02,000,00,2,1,01,B01
200500068774,0,07,000,00,2,1,01,A01
200500068774,0,07,000,00,2,8,15,B01
200500068775,0,05,000,00,2,7,01,B01
200500068775,0,07,000,00,2,8,10,A01
200500068776,0,99,000,00,1,2,01,A01
200500068777,0,07,000,00,2,1,01,A01
200500068777,0,01,000,00,2,3,13,B01
200500068778,0,07,000,00,2,3,09,A01
200500068778,0,01,000,00,2,7,01,B01
200500068779,2,07,000,00,1,1,13,A01
200500068779,0,07,000,00,2,1,01,B01
200500068780,0,02,000,00,2,1,02,A01
200500068780,0,01,000,00,2,4,02,B01
200500068781,0,15,000,00,2,2,12,A01
200500068781,0,07,000,00,2,8,01,B01
200500068782,0,07,000,00,2,1,15,A01
200500068782,0,07,000,00,2,1,01,B01
200500068782,0,07,000,00,2,8,01,C01
200500068783,0,05,000,00,2,1,12,A01
200500068783,0,07,000,00,2,3,01,B01
200500068784,0,07,000,00,1,2,16,A01
200500068785,0,07,000,00,2,7,16,A01
200500068785,0,01,000,00,2,1,01,B01
200500068786,0,99,000,00,2,1,19,A01
200500068786,0,07,000,00,2,2,01,B01
200500068787,0,02,000,00,2,3,13,A01
200500068787,0,07,000,00,2,3,01,B01
200500068788,0,02,000,00,2,7,01,A01
200500068788,0,07,000,00,2,1,01,B01
200500068788,0,01,000,00,2,2,15,C01
200500068789,0,05,000,00,2,1,01,B01
200500068789,0,07,000,00,2,3,09,A01
200500068790,0,07,000,13,0,7,01,A01
200500068791,1,07,000,00,0,0,00,A01
200500068791,0,04,000,00,2,4,01,B01
200500068792,0,07,000,00,2,1,01,A01
200500068792,0,07,000,00,2,2,01,B01
200500068793,0,05,000,00,2,1,00,A01
200500068793,0,07,000,00,0,4,15,B01
200500068794,0,07,000,00,2,1,01,A01
200500068794,0,01,000,00,2,1,01,B01
200500068795,0,07,000,00,2,3,00,A01
200500068795,0,07,000,00,2,3,00,B01
200500068796,0,07,000,00,2,0,00,A01
200500068796,0,05,000,00,2,1,01,B01
200500068797,0,10,000,08,0,1,00,A01
200500068798,0,05,000,12,0,1,00,A01
200500068799,0,07,000,00,2,1,15,A01
200500068799,0,02,000,01,2,1,01,B01
200500068800,0,07,000,00,2,1,01,A01
200500068800,0,07,000,00,2,1,01,B01
200500068801,0,07,000,00,1,3,01,A01
200500068802,0,05,000,13,0,1,02,A01
200500068803,0,02,000,00,2,1,17,A01
200500068803,0,07,000,00,2,2,05,B01
200500068804,0,07,000,00,2,1,17,A01
200500068804,0,02,000,00,0,1,05,B01
200500068805,0,02,000,00,2,2,02,B01
200500068805,0,07,000,00,2,3,02,A01
200500068806,0,07,000,00,2,1,02,A01
200500068806,0,07,000,00,2,3,02,B01
200500068807,0,07,000,00,1,2,02,A01
200500068808,0,07,000,00,2,1,02,B01
200500068808,0,07,000,00,2,8,15,A01
200500068809,0,07,000,00,2,1,15,A01
200500068809,0,02,000,00,2,1,02,B01
200500068810,0,07,000,00,2,1,01,A01
200500068810,0,07,000,00,2,4,01,B01
200500068811,0,07,000,05,0,1,02,A01
200500068812,0,18,000,00,2,8,02,B01
200500068812,0,02,000,00,2,6,17,A01
200500068813,0,07,000,00,2,1,11,A01
200500068813,0,07,000,00,2,1,01,B01
200500068814,0,07,000,00,2,1,15,A01
200500068814,0,02,000,00,2,1,01,B01
200500068815,0,07,000,00,2,1,01,A01
200500068815,0,07,000,00,2,4,02,B01
200500068815,0,07,000,00,2,5,02,C01
200500068816,0,07,000,00,2,2,01,A01
200500068816,0,02,000,00,2,1,01,B01
200500068817,0,07,000,09,2,3,11,A01
200500068817,0,10,000,00,2,2,01,B01
200500068818,0,02,000,00,2,1,01,A01
200500068818,0,07,000,00,2,6,01,B01
200500068819,0,07,000,00,2,4,23,A01
200500068819,0,07,000,00,2,4,23,B01
200500068819,0,07,000,00,2,5,23,C01
200500068819,0,07,000,00,2,1,14,D01
200500068820,0,07,000,00,1,2,01,A01
200500068821,0,02,000,00,2,1,01,A01
200500068821,0,10,000,00,2,6,01,B01
200500068822,0,07,000,13,0,9,13,A01
200500068823,0,14,000,00,2,2,02,A01
200500068823,0,07,000,00,2,4,15,B01
200500068824,0,07,000,00,2,1,02,A01
200500068824,0,10,000,00,2,4,23,B01
200500068825,0,07,000,00,1,2,01,A01
200500068826,0,10,000,00,2,1,01,A01
200500068826,0,07,000,00,2,4,02,B01
200500068826,0,05,000,00,2,4,02,C01
200500068826,0,05,000,00,2,4,02,D01
200500068827,0,10,000,13,0,9,14,A01
200500068828,0,04,000,00,2,7,01,A01
200500068828,0,02,000,00,2,4,01,B01
200500068829,0,07,000,14,0,1,13,A01
200500068830,0,10,000,00,2,1,02,A01
200500068830,0,07,000,00,2,4,02,B01
200500068830,0,07,000,00,2,4,23,C01
200500068831,0,07,000,00,2,1,02,A01
200500068831,0,07,000,00,2,4,02,B01
200500068832,0,07,000,00,2,2,20,A01
200500068832,0,04,000,00,2,1,01,B01
200500068833,0,07,000,09,0,1,14,A01
200500068834,0,04,000,00,2,7,15,A01
200500068834,0,10,000,00,2,6,15,B01
200500068835,0,01,000,00,2,1,05,A01
200500068835,0,02,000,00,0,0,01,B01
200500068836,0,04,000,01,0,1,14,A01
200500068837,0,07,000,00,2,2,20,A01
200500068837,0,07,000,00,2,1,01,B01
200500068837,0,07,000,00,2,3,01,C01
200500068838,0,07,000,00,2,1,00,A01
200500068838,0,02,000,00,2,3,01,B01
200500068839,0,10,000,00,2,2,01,A01
200500068839,0,07,000,00,2,1,01,B01
200500068840,0,07,000,00,2,4,02,C01
200500068840,0,07,000,00,2,1,01,A01
200500068840,0,07,000,00,2,4,02,B01
200500068841,0,02,000,00,2,1,17,A01
200500068841,0,07,000,00,2,7,09,B01
200500068841,0,18,001,00,2,8,01,C01
200500068842,0,07,000,00,2,7,09,B01
200500068842,0,01,000,00,0,1,09,A01
200500068843,0,07,000,13,0,2,01,A01
200500068844,0,07,000,00,2,1,01,A01
200500068844,0,07,000,00,2,4,23,B01
200500068845,0,07,000,00,2,1,01,A01
200500068845,0,07,000,00,0,4,23,B01
200500068846,0,07,000,00,0,7,01,A01
200500068847,0,07,000,00,2,1,01,A01
200500068847,0,07,000,00,0,4,01,B01
200500068848,0,02,000,16,0,1,01,A01
200500068849,0,07,000,00,2,8,09,A01
200500068849,0,05,000,00,2,1,01,B01
200500068850,0,07,000,00,1,1,01,A01
200500068851,0,04,000,16,0,1,01,A01
200500068852,0,07,000,00,2,3,01,A01
200500068852,0,05,000,00,2,1,01,B01
200500068853,0,07,000,02,0,3,01,A01
200500068854,0,07,000,00,1,2,01,A01
200500068855,0,07,000,00,2,8,09,A01
200500068855,0,07,000,00,2,1,09,B01
200500068856,0,05,000,00,2,1,01,A01
200500068856,0,07,000,00,2,5,16,B01
200500068857,1,99,000,00,0,0,00,A01
200500068858,0,05,000,16,0,1,01,A01
200500068859,0,07,000,06,0,1,01,A01
200500068860,0,02,000,00,2,1,01,A01
200500068860,0,07,000,00,2,1,01,B01
200500068861,0,07,000,00,2,6,01,B01
200500068861,0,07,000,00,2,2,15,A01
200500068862,0,07,000,03,0,1,01,A01
200500068863,1,07,000,00,2,1,09,A01
200500068863,0,02,000,00,2,7,09,B01
200500068864,0,07,000,00,1,4,04,A01
200500068865,0,07,000,00,0,0,09,A01
200500068865,0,05,000,06,0,1,01,B01
200500068866,0,02,000,00,2,8,18,A01
200500068866,0,07,000,00,2,7,16,B01
200500068867,0,07,000,00,2,1,01,B01
200500068867,0,02,000,00,2,1,01,A01
200500068868,0,02,000,00,0,0,01,A01
200500068869,0,07,000,00,2,5,12,A01
200500068869,0,05,000,00,2,8,18,B01
200500068870,0,07,000,00,2,3,15,A01
200500068870,0,02,000,00,2,1,17,B01
200500068871,0,07,000,00,2,7,15,A01
200500068871,0,07,000,00,2,1,01,B01
200500068872,0,07,000,00,1,1,01,A01
200500068873,0,02,000,16,0,7,01,A01
200500068874,0,02,000,00,2,7,17,A01
200500068874,0,07,000,00,2,1,16,B01
200500068875,0,07,000,00,2,1,01,A01
200500068875,0,07,000,00,0,4,01,B01
200500068876,0,07,000,00,0,0,15,A01
200500068876,0,07,000,00,2,2,01,B01
200500068876,0,07,000,00,2,3,01,C01
200500068877,0,07,000,00,2,1,01,A01
200500068877,0,07,000,00,2,1,01,B01
200500068878,0,07,000,00,2,1,15,A01
200500068878,0,05,000,00,2,1,01,B01
200500068879,0,02,000,00,1,1,01,A01
200500068880,0,07,000,00,1,1,01,A01
200500068881,0,07,000,06,0,1,01,A01
200500068882,0,07,000,16,0,9,01,A01
200500068883,0,07,000,00,2,1,09,A01
200500068883,0,02,000,00,2,1,01,B01
200500068884,0,07,000,09,0,1,01,A01
200500068885,0,07,000,00,2,3,15,A01
200500068885,0,02,000,00,2,1,17,B01
200500068886,0,05,000,00,2,7,17,A01
200500068886,0,07,000,00,2,8,15,B01
200500068887,0,07,000,00,1,1,01,A01
200500068888,0,07,000,00,2,3,10,A01
200500068888,0,05,000,00,2,1,01,B01
200500068889,0,07,000,00,2,1,01,A01
200500068889,0,07,000,00,2,4,23,B01
200500068889,0,07,000,00,2,4,23,C01
200500068890,0,07,000,00,1,2,01,A01
200500068891,0,07,000,00,1,4,20,A01
200500068892,0,07,000,00,2,1,01,B01
200500068892,0,07,000,00,2,3,15,A01
200500068893,0,07,000,00,2,1,01,A01
200500068893,0,07,000,00,2,4,23,B01
200500068893,0,07,000,00,2,4,23,C01
200500068894,0,02,000,00,2,1,01,A01
200500068894,0,07,000,00,0,4,01,B01
200500068895,0,07,000,00,1,3,01,A01
200500068896,0,02,000,00,2,3,01,B01
200500068896,0,07,000,00,2,1,15,A01
200500068897,0,07,000,00,0,1,01,A01
200500068898,0,07,000,00,2,1,02,A01
200500068898,0,07,000,14,0,4,23,B01
200500068899,0,07,000,00,1,2,01,A01
200500068900,0,07,000,14,0,1,02,A01
200500068900,0,07,000,00,2,4,23,B01
200500068900,0,07,000,00,2,1,01,C01
200500068901,0,10,000,00,2,2,02,A01
200500068901,0,07,000,00,2,6,15,B01
200500068902,0,07,000,00,2,2,15,A01
200500068902,0,02,000,00,2,1,01,B01
200500068902,0,07,000,00,2,3,02,C01
200500068903,0,05,000,00,2,1,17,A01
200500068903,0,07,000,00,2,3,15,B01
200500068904,0,03,000,00,1,1,01,A01
200500068905,0,10,000,15,0,1,01,A01
200500068906,0,02,000,01,0,1,01,A01
200500068907,0,07,000,00,2,1,01,B01
200500068907,0,07,000,00,2,5,01,A01
200500068908,0,07,000,00,2,7,15,A01
200500068908,0,05,000,00,2,7,01,B01
200500068909,0,07,000,00,2,8,13,A01
200500068909,0,02,000,00,0,0,00,B01
200500068909,0,02,000,00,0,0,00,C01
200500068910,0,10,000,00,1,6,16,A01
200500068911,0,07,000,00,1,2,01,A01
200500068912,0,07,000,00,1,2,15,A01
200500068913,0,01,000,00,2,1,01,A01
200500068913,0,07,000,00,2,5,01,B01
200500068914,0,07,000,00,2,1,02,A01
200500068914,0,07,000,00,0,4,02,B01
200500068915,0,02,000,00,2,7,01,B01
200500068915,0,07,000,00,2,1,09,A01
200500068916,0,02,000,00,2,1,13,A01
200500068916,0,07,000,00,2,3,15,B01
200500068917,0,07,000,00,1,6,04,A01
200500068918,0,01,000,00,9,1,10,A01
200500068918,0,01,000,00,2,8,02,B01
200500068919,0,07,000,00,2,2,10,A01
200500068919,0,07,000,00,2,3,00,B01
200500068920,0,07,000,00,2,2,01,B01
200500068920,0,07,000,00,2,7,02,A01
200500068921,0,07,000,00,2,3,05,A01
200500068921,0,07,000,00,0,0,00,B01
200500068922,0,07,000,00,0,4,01,B01
200500068922,0,02,000,00,2,1,02,A01
200500068923,0,07,000,00,0,6,15,A01
200500068923,0,04,000,00,2,1,17,B01
200500068924,0,07,000,15,2,7,15,A01
200500068924,0,07,000,00,2,1,01,B01
200500068925,0,02,000,00,2,1,13,A01
200500068925,0,15,000,00,2,3,01,B01
200500068926,0,07,000,00,2,2,02,A01
200500068926,0,07,000,00,2,5,02,B01
200500068927,0,07,000,00,2,3,15,A01
200500068927,0,02,000,00,2,1,01,B01
200500068928,0,05,000,00,2,3,13,B01
200500068928,0,07,000,00,2,3,16,A01
200500068929,0,07,000,00,1,2,01,A01
200500068930,0,07,000,00,2,1,02,A01
200500068930,0,01,000,00,2,4,02,B01
200500068931,0,07,000,08,0,1,13,A01
200500068932,0,07,000,00,2,1,02,A01
200500068932,0,07,000,00,2,4,02,B01
200500068932,0,07,000,00,0,6,01,C01
200500068933,0,07,000,00,1,1,00,A01
200500068934,0,07,000,00,2,3,02,A01
200500068934,0,07,000,00,2,5,02,B01
200500068935,0,07,000,00,1,1,15,B01
200500068936,0,07,000,00,1,1,01,A01
200500068937,0,05,000,00,2,1,17,A01
200500068937,0,07,000,00,9,8,15,B01
200500068938,0,07,000,00,1,4,04,A01
200500068939,0,07,000,00,2,1,12,A01
200500068939,0,05,000,00,2,4,15,B01
200500068940,0,02,000,00,2,1,01,A01
200500068940,0,10,000,00,0,4,23,B01
200500068941,0,07,000,00,0,3,15,A01
200500068941,0,02,000,00,2,1,01,B01
200500068942,0,07,000,00,2,3,01,B01
200500068942,0,07,000,00,2,2,19,A01
200500068943,0,02,000,00,2,9,14,A01
200500068943,0,07,000,00,2,3,15,B01
200500068944,0,14,000,00,9,3,02,A01
200500068944,0,01,000,00,2,1,01,B01
200500068945,0,18,020,00,1,1,02,A01
200500068946,0,05,000,00,2,1,15,A01
200500068946,0,07,000,00,2,3,15,B01
200500068947,0,07,000,00,2,1,02,A01
200500068947,0,07,000,00,2,1,02,B01
200500068948,0,07,000,00,2,7,02,A01
200500068948,0,07,000,08,2,3,02,B01
200500068949,0,02,000,00,2,1,05,A01
200500068949,0,07,000,00,2,1,01,B01
200500068950,0,02,000,00,2,1,01,B01
200500068950,0,07,000,00,2,3,01,A01
200500068951,0,07,000,00,2,1,02,A01
200500068951,0,07,000,00,2,7,02,B01
200500068952,0,13,000,00,1,0,02,A01
200500068953,0,07,000,00,2,1,02,A01
200500068953,0,04,000,00,2,4,02,B01
200500068954,0,07,000,00,2,1,02,A01
200500068954,0,07,000,00,2,1,02,B01
200500068955,0,07,000,00,1,1,02,A01
200500068956,0,07,000,00,1,1,01,A01
200500068957,0,09,000,00,2,5,17,A01
200500068957,0,01,000,00,0,8,01,B01
200500068958,2,07,000,00,2,3,17,A01
200500068958,0,07,000,00,2,1,16,B01
200500068959,0,07,000,00,2,5,17,A01