Num_Acc,senc,catv,occutc,obs,obsm,choc,manv,num_veh
200500068959,0,01,000,00,2,1,01,B01
200500068960,0,07,000,00,2,1,01,B01
200500068960,0,07,000,00,2,7,19,A01
200500068961,0,07,000,00,0,9,01,A01
200500068962,0,07,000,00,0,9,01,A01
200500068963,0,05,000,00,1,2,01,A01
200500068964,0,07,000,00,2,2,01,B01
200500068964,0,07,000,00,2,2,01,A01
200500068965,0,07,000,00,2,5,15,A01
200500068965,0,07,000,00,2,3,01,B01
200500068966,0,02,000,00,1,1,01,A01
200500068967,0,07,000,00,2,3,16,A01
200500068967,0,05,000,00,2,1,01,B01
200500068968,0,07,000,12,0,3,00,A01
200500068969,0,07,000,00,1,1,01,A01
200500068970,0,18,000,00,1,2,17,A01
200500068971,0,07,000,00,2,3,01,A01
200500068971,0,02,000,00,2,1,01,B01
200500068972,0,07,000,00,2,1,01,A01
200500068972,0,07,000,00,2,4,01,B01
200500068973,0,07,000,00,2,3,15,A01
200500068973,0,07,000,00,2,3,01,B01
200500068974,0,07,000,00,1,3,01,A01
200500068975,0,07,000,00,1,3,01,A01
200500068976,0,07,000,00,2,3,10,A01
200500068976,0,05,000,00,2,2,17,B01
200500068977,0,07,000,00,2,3,09,A01
200500068977,0,07,000,00,2,2,01,B01
200500068978,0,05,000,00,2,1,01,A01
200500068978,0,07,000,00,2,3,20,B01
200500068979,0,07,000,00,2,1,02,A01
200500068979,0,07,000,00,0,4,02,B01
200500068980,0,18,000,00,1,2,16,A01
200500068981,0,07,000,00,1,3,01,A01
200500068982,0,07,000,00,0,7,12,A01
200500068982,0,07,000,00,2,3,01,B01
200500068983,0,07,000,00,2,1,02,B01
200500068983,1,07,000,00,5,4,02,A01
200500068984,0,02,000,00,0,0,01,A01
200500068985,0,05,000,00,2,1,01,A01
200500068986,0,07,000,01,0,2,01,A01
200500068987,0,07,000,00,2,3,15,A01
200500068987,0,07,000,00,0,3,01,B01
200500068988,0,01,000,00,2,1,01,A01
200500068988,0,07,000,00,0,4,16,B01
200500068989,0,01,000,00,2,1,01,A01
200500068989,0,07,000,00,0,3,01,B01
200500068990,0,07,000,02,0,1,00,A01
200500068991,0,01,000,00,1,1,00,A01
200500068992,0,02,000,00,2,1,01,A01
200500068992,0,07,000,00,0,3,15,B01
200500068993,0,07,000,00,0,4,16,B01
200500068993,0,07,000,00,2,1,01,A01
200500068994,0,05,000,00,2,4,15,B01
200500068994,0,05,000,00,2,1,02,A01
200500068995,0,07,000,00,2,3,09,A01
200500068995,0,04,000,00,2,1,01,B01
200500068996,0,07,000,00,2,4,09,B01
200500068996,0,07,000,00,2,1,02,A01
200500068997,0,05,000,12,2,0,16,A01
200500068997,0,15,000,00,2,0,01,B01
200500068998,0,07,000,00,2,1,01,A01
200500068999,0,07,000,00,2,1,02,A01
200500068999,0,05,000,00,2,4,01,B01
200500069000,0,07,000,00,2,2,15,A01
200500069000,0,05,000,00,2,1,01,B01
200500069001,0,04,000,00,2,1,01,B01
200500069001,0,07,000,00,2,2,01,A01
200500069002,0,07,000,00,2,2,16,A01
200500069002,0,07,000,04,2,3,01,B01
200500069003,0,07,000,00,2,1,13,A01
200500069003,0,07,000,00,2,1,01,B01
200500069004,0,07,000,00,9,1,20,A01
200500069005,0,02,000,00,2,1,01,B01
200500069005,0,07,000,00,2,3,15,A01
200500069006,0,07,000,00,1,1,01,A01
200500069007,0,02,000,00,2,1,17,A01
200500069007,0,07,000,00,2,3,15,B01
200500069008,0,07,000,00,0,0,20,A01
200500069008,0,05,000,01,0,1,01,B01
200500069008,0,07,000,00,0,8,24,C01
200500069009,0,07,000,00,2,2,01,B01
200500069009,0,02,000,00,2,1,19,A01
200500069010,0,07,000,00,2,2,15,A01
200500069010,0,04,000,00,2,1,01,B01
200500069011,0,07,000,00,2,3,15,A01
200500069011,0,07,000,00,2,1,01,B01
200500069012,0,07,000,00,0,3,15,A01
200500069012,0,07,000,00,2,1,01,B01
200500069013,0,02,000,00,2,1,01,B01
200500069013,0,07,000,00,2,3,01,A01
200500069014,0,01,000,00,2,1,01,B01
200500069014,0,10,000,00,2,3,15,A01
200500069015,0,07,000,04,2,3,02,A01
200500069015,0,02,000,00,2,4,02,B01
200500069016,0,10,000,00,2,1,00,A01
200500069016,0,10,000,00,0,4,01,B01
200500069017,0,07,000,00,0,0,12,A01
200500069017,0,01,000,00,0,0,01,B01
200500069018,0,05,000,07,0,0,01,A01
200500069019,0,07,000,00,1,1,15,A01
200500069020,0,07,000,00,2,3,01,B01
200500069020,0,07,000,00,2,3,19,A01
200500069021,0,07,000,00,0,8,01,A01
200500069021,0,05,000,01,0,5,01,B01
200500069022,0,07,000,00,2,3,20,A01
200500069022,0,04,000,00,2,2,17,B01
200500069023,0,07,000,00,1,3,01,A01
200500069024,0,07,000,00,9,7,16,A01
200500069024,0,04,000,00,2,8,21,B01
200500069025,0,07,000,00,1,1,21,A01
200500069026,0,07,000,00,0,3,13,A01
200500069026,0,05,000,00,2,2,17,B01
200500069027,0,07,000,00,2,1,19,B01
200500069027,0,07,000,00,2,3,15,A01
200500069028,0,07,000,00,1,1,21,A01
200500069029,0,07,000,00,1,4,21,A01
200500069030,0,07,000,00,2,8,13,A01
200500069030,0,05,000,00,2,8,21,B01
200500069030,0,02,000,00,2,8,09,C01
200500069031,0,07,000,01,2,8,17,A01
200500069031,0,02,000,00,2,8,17,B01
200500069032,0,07,000,14,0,1,21,A01
200500069032,0,07,000,14,0,4,23,B01
200500069032,0,07,000,00,0,4,23,C01
200500069033,0,07,000,00,1,1,21,A01
200500069034,0,02,000,00,2,1,21,B01
200500069034,0,07,000,00,2,7,21,A01
200500069035,0,07,000,00,2,1,21,A01
200500069035,0,07,000,00,2,4,23,B01
200500069035,0,07,000,00,2,1,21,C01
200500069036,0,07,000,00,9,8,22,A01
200500069036,0,01,000,01,0,1,17,B01
200500069037,0,07,000,14,0,1,21,A01
200500069037,0,07,000,14,0,4,23,B01
200500069037,0,07,000,00,0,4,23,C01
200500069038,0,07,000,00,9,2,14,A01
200500069038,0,01,000,00,2,3,21,B01
200500069039,0,05,000,00,1,7,17,B01
200500069039,0,07,000,00,2,3,21,C01
200500069040,0,07,000,08,0,5,21,A01
200500069041,0,07,000,00,2,2,21,A01
200500069041,0,05,000,00,2,1,21,B01
200500069042,0,07,000,00,0,0,14,A01
200500069042,0,07,000,00,0,0,21,B01
200500069042,0,05,000,00,2,3,21,C01
200500069042,0,07,000,00,2,4,21,D01
200500069043,0,07,000,00,2,2,15,A01
200500069043,0,05,000,00,2,1,21,B01
200500069044,0,07,000,00,2,3,22,A01
200500069044,0,01,000,01,0,2,21,B01
200500069045,0,05,000,00,1,1,21,A01
200500069046,0,05,000,00,2,1,01,A01
200500069046,0,07,000,00,2,2,15,B01
200500069047,0,07,000,00,2,1,01,A01
200500069047,0,07,000,00,2,4,01,B01
200500069048,0,07,000,00,1,1,01,A01
200500069049,0,05,000,00,2,1,01,A01
200500069049,0,07,000,00,2,8,15,B01
200500069050,0,04,000,00,1,1,01,A01
200500069051,0,07,000,00,1,1,01,A01
200500069052,0,07,000,06,9,8,01,A01
200500069052,0,01,000,00,2,1,02,B01
200500069053,0,02,000,00,2,1,01,A01
200500069053,0,07,000,00,9,2,01,B01
200500069054,0,07,000,00,2,2,15,A01
200500069054,0,05,000,00,2,3,02,B01
200500069055,0,07,000,00,1,1,02,A01
200500069056,0,05,000,01,2,3,18,A01
200500069056,0,07,000,00,2,2,23,B01
200500069057,0,07,000,00,1,1,02,A01
200500069058,0,10,000,00,2,4,04,A01
200500069058,0,07,000,00,2,1,02,B01
200500069059,0,07,000,00,2,5,02,B01
200500069059,0,07,000,00,2,2,00,A01
200500069060,0,05,000,00,2,1,02,A01
200500069060,0,07,000,00,2,4,02,B01
200500069061,0,07,000,00,1,1,02,A01
200500069062,0,05,000,00,2,1,02,A01
200500069062,0,07,000,00,2,6,02,B01
200500069062,0,07,000,00,2,3,02,C01
200500069063,0,05,000,00,9,1,02,A01
200500069063,0,05,000,00,2,1,02,B01
200500069064,0,07,000,00,2,3,20,A01
200500069064,0,05,000,00,2,1,02,B01
200500069065,0,07,000,00,0,3,01,A01
200500069065,0,07,000,00,0,3,01,B01
200500069066,0,02,000,00,0,1,19,A01
200500069066,0,07,000,00,2,8,01,B01
200500069067,0,07,000,00,1,4,04,A01
200500069068,0,07,000,00,0,3,16,A01
200500069068,0,07,000,00,0,3,01,B01
200500069069,0,07,000,00,0,3,16,A01
200500069069,0,07,000,00,0,3,01,B01
200500069070,0,07,000,00,0,1,01,A01
200500069071,0,02,000,00,0,0,01,A01
200500069072,0,07,000,00,0,3,15,A01
200500069072,0,05,000,00,0,2,17,B01
200500069073,0,07,000,00,2,0,01,A01
200500069073,0,02,000,00,2,0,01,B01
200500069074,0,07,000,00,2,3,15,A01
200500069074,0,04,000,00,2,1,17,B01
200500069075,0,01,000,00,1,1,01,A01
200500069076,0,05,000,00,0,2,01,B01
200500069076,0,07,000,00,2,3,01,A01
200500069077,0,07,000,00,0,3,10,A01
200500069077,0,04,000,00,0,7,17,B01
200500069078,0,07,000,00,0,1,01,A01
200500069079,0,07,000,00,1,2,01,A01
200500069080,0,07,000,00,2,7,15,A01
200500069080,0,02,000,00,2,8,01,B01
200500069081,0,05,000,00,1,1,01,A01
200500069082,0,05,000,00,1,7,02,A01
200500069083,0,07,000,00,1,1,01,A01
200500069084,0,07,000,00,0,3,22,A01
200500069084,0,01,000,01,0,1,01,B01
200500069085,0,04,000,00,2,1,01,A01
200500069085,0,07,000,00,0,7,15,B01
200500069086,0,07,000,00,1,3,15,A01
200500069087,0,05,000,00,2,1,02,A01
200500069087,0,99,000,00,0,6,01,B01
200500069088,0,05,000,00,2,2,01,A01
200500069088,0,07,000,00,0,3,15,B01
200500069089,0,04,000,00,2,1,01,A01
200500069089,0,07,000,00,0,3,15,B01
200500069090,0,18,006,00,2,4,01,A01
200500069090,0,07,000,00,0,4,01,B01
200500069091,0,05,000,00,2,7,01,A01
200500069091,0,07,000,00,0,8,15,B01
200500069092,0,02,000,00,2,4,01,A01
200500069092,0,07,000,00,0,4,23,B01
200500069093,0,07,000,00,2,1,02,A01
200500069093,0,07,000,00,2,4,23,B01
200500069094,0,07,000,00,1,1,01,A01
200500069095,0,07,000,14,0,1,01,A01
200500069096,0,05,000,00,0,1,01,A01
200500069096,0,18,015,00,2,1,01,B01
200500069097,0,07,000,11,0,1,01,A01
200500069098,0,10,000,00,9,0,01,A01
200500069098,0,01,000,00,0,1,15,B01
200500069099,0,01,000,00,2,1,01,A01
200500069099,0,07,000,00,9,5,15,B01
200500069100,0,07,000,00,2,1,15,A01
200500069100,0,07,000,00,2,1,01,B01
200500069101,0,05,000,00,2,1,01,A01
200500069101,0,07,000,00,9,5,15,B01
200500069102,0,07,000,00,2,6,10,A01
200500069102,0,05,000,00,2,1,01,B01
200500069103,0,10,000,00,9,2,16,A01
200500069103,0,01,000,00,2,8,01,B01
200500069104,0,07,000,00,2,2,01,A01
200500069104,0,04,000,00,2,1,01,B01
200500069105,0,05,000,00,2,1,01,A01
200500069105,0,07,000,00,2,4,15,B01
200500069106,0,05,000,00,2,1,01,A01
200500069106,0,07,000,00,2,4,01,B01
200500069107,0,02,000,15,0,1,01,A01
200500069108,0,05,000,00,2,8,18,A01
200500069108,0,17,000,00,2,7,16,B01
200500069109,0,07,000,00,2,7,15,A01
200500069109,0,05,000,00,2,1,01,B01
200500069110,0,14,000,00,2,2,01,A01
200500069110,0,07,000,00,2,8,01,B01
200500069111,0,10,000,00,1,3,20,A01
200500069112,0,07,000,00,2,1,01,B01
200500069112,0,07,000,00,2,8,09,A01
200500069113,0,07,000,00,2,8,01,B01
200500069113,0,07,000,00,2,1,01,A01
200500069114,0,07,000,00,2,8,13,A01
200500069114,0,04,000,00,2,7,17,B01
200500069115,0,07,000,00,2,2,01,A01
200500069115,0,07,000,00,2,1,01,B01
200500069116,0,07,000,00,2,2,15,A01
200500069116,0,07,000,00,2,8,01,B01
200500069117,0,05,000,00,2,9,21,A01
200500069117,0,07,000,00,2,2,02,B01
200500069118,0,07,000,00,2,2,01,A01
200500069118,0,05,000,00,2,1,02,B01
200500069119,0,07,000,00,2,3,09,A01
200500069119,0,05,000,00,2,7,02,B01
200500069120,0,05,000,00,2,3,01,A01
200500069120,0,10,000,00,2,7,16,B01
200500069121,0,04,000,01,0,1,01,A01
200500069122,0,05,000,00,2,7,01,B01
200500069122,0,07,000,00,2,1,01,A01
200500069123,0,02,000,01,0,1,01,A01
200500069124,0,07,000,00,2,2,10,A01
200500069124,0,05,000,00,2,1,02,B01
200500069125,0,07,000,00,2,2,15,A01
200500069125,0,04,000,00,2,1,02,B01
200500069126,0,07,000,00,2,2,02,A01
200500069126,0,05,000,00,2,8,02,B01
200500069127,0,05,000,00,2,8,02,A01
200500069127,0,07,000,00,2,1,09,B01
200500069128,1,07,000,00,1,1,01,A01
200500069129,0,05,000,00,2,0,15,A01
200500069129,0,07,000,00,2,2,02,B01
200500069130,0,07,000,00,2,1,02,A01
200500069130,0,07,000,00,2,4,02,B01
200500069130,0,07,000,00,2,8,16,C01
200500069131,0,07,000,00,2,1,01,B01
200500069131,0,07,000,00,2,7,02,A01
200500069132,0,05,000,00,2,1,21,A01
200500069132,0,07,000,00,2,6,01,B01
200500069133,0,04,000,00,1,1,02,A01
200500069133,0,18,000,00,0,0,24,B01
200500069134,0,04,000,00,2,1,21,A01
200500069134,0,07,000,00,0,5,15,B01
200500069135,0,07,000,13,0,1,01,A01
200500069136,0,07,000,02,0,1,01,A01
200500069137,0,02,000,00,2,1,17,A01
200500069137,0,01,000,00,0,0,01,B01
200500069138,0,05,000,00,2,4,01,A01
200500069138,2,02,000,00,2,0,00,B01
200500069139,0,07,000,00,0,3,01,A01
200500069139,0,07,000,00,2,1,01,B01
200500069140,0,07,000,00,2,1,02,A01
200500069140,0,07,000,00,2,4,02,B01
200500069140,0,07,000,00,0,4,00,C01
200500069141,0,07,000,00,2,3,15,B01
200500069141,0,02,000,00,2,3,15,A01
200500069142,0,05,000,00,2,1,17,A01
200500069142,0,07,000,00,0,3,15,B01
200500069143,0,02,000,00,1,1,01,A01
200500069144,0,07,000,00,1,1,01,A01
200500069145,0,02,000,00,2,1,02,A01
200500069145,0,10,000,00,2,4,02,B01
200500069146,0,07,000,00,2,3,20,A01
200500069146,0,05,000,01,2,1,17,B01
200500069147,0,07,000,15,0,1,07,A01
200500069148,0,07,000,00,1,1,02,A01
200500069149,0,10,000,00,2,2,02,A01
200500069149,0,07,000,00,2,7,02,B01
200500069150,0,07,000,01,0,2,14,A01
200500069150,0,07,000,00,2,3,23,B01
200500069151,0,05,000,00,2,1,07,A01
200500069151,0,07,000,00,2,5,16,B01
200500069152,0,07,000,00,2,1,02,A01
200500069152,0,07,000,00,2,5,02,B01
200500069153,0,10,000,00,1,1,02,A01
200500069154,0,07,000,00,1,2,10,A01
200500069155,0,07,000,01,2,6,15,A01
200500069155,0,05,000,00,2,2,17,B01
200500069156,0,10,000,00,1,1,15,A01
200500069157,0,02,000,00,2,1,07,A01
200500069157,0,07,000,00,2,2,16,B01
200500069158,0,04,000,00,2,8,02,A01
200500069158,1,13,000,00,2,0,00,B01
200500069159,0,10,000,00,2,1,02,A01
200500069160,0,04,000,00,2,7,02,A01
200500069160,0,07,000,00,2,3,15,B01
200500069161,0,07,000,00,2,8,15,A01
200500069161,0,04,000,00,2,1,01,B01
200500069162,0,10,000,00,0,8,24,A01
200500069162,0,04,000,01,0,8,01,B01
200500069163,0,04,000,00,2,1,01,A01
200500069163,0,01,000,00,0,8,19,B01
200500069164,1,07,000,00,0,0,00,A01
200500069165,0,05,000,02,0,1,01,A01
200500069166,0,07,000,00,1,1,15,A01
200500069167,0,07,000,00,2,1,16,A01
200500069167,0,01,000,00,2,8,19,B01
200500069168,0,07,000,00,2,1,01,A01
200500069168,0,01,000,00,2,1,01,B01
200500069169,0,07,000,00,2,3,16,A01
200500069169,0,02,000,00,2,1,19,B01
200500069170,0,07,000,00,0,4,01,A01
200500069170,0,02,000,00,2,1,02,B01
200500069171,0,02,000,00,2,2,01,A01
200500069171,0,07,000,00,2,7,00,B01
200500069172,0,07,000,00,1,2,01,A01
200500069173,0,04,000,00,2,8,00,A01
200500069173,0,07,000,00,2,7,01,B01
200500069174,0,07,000,01,0,2,01,B01
200500069175,1,07,000,00,1,1,00,A01
200500069176,0,07,000,00,0,5,02,A01
200500069176,0,07,000,00,2,1,02,B01
200500069177,0,07,000,00,0,4,23,A01
200500069177,0,04,000,00,2,1,02,B01
200500069178,0,02,000,00,2,4,23,A01
200500069178,0,07,000,00,2,4,23,B01
200500069178,0,07,000,00,2,1,02,C01
200500069179,0,07,000,00,2,6,01,B01
200500069179,0,07,000,00,2,1,11,A01
200500069179,0,07,000,00,2,6,01,D01
200500069179,0,05,000,00,2,8,01,C01
200500069179,0,07,000,00,2,6,01,E01
200500069180,0,07,000,00,2,1,00,A01
200500069180,0,07,000,00,2,6,13,B01
200500069180,0,10,000,00,2,1,13,C01
200500069181,0,07,000,00,1,0,02,A01
200500069182,0,10,000,00,0,5,15,A01
200500069182,0,05,000,00,2,3,01,B01
200500069183,0,07,000,00,0,3,15,A01
200500069183,0,04,000,00,2,1,17,B01
200500069184,0,07,000,00,2,1,01,A01
200500069184,0,02,000,00,2,3,01,B01
200500069185,0,04,000,00,2,1,02,A01
200500069185,0,07,000,00,2,4,02,B01
200500069186,0,05,000,00,1,3,01,A01
200500069187,0,05,000,00,2,8,01,A01
200500069187,0,07,000,00,2,8,13,B01
200500069187,0,07,000,00,2,7,01,C01
200500069188,0,07,000,00,2,1,15,A01
200500069188,0,05,000,00,2,3,01,B01
200500069189,0,07,000,00,1,2,01,A01
200500069190,0,07,000,00,2,3,15,A01
200500069190,0,04,000,00,2,7,01,B01
200500069191,0,10,000,00,2,3,01,A01
200500069191,0,04,000,00,2,1,01,B01
200500069192,0,07,000,01,0,2,01,A01
200500069193,0,10,000,00,2,8,11,A01
200500069193,0,05,000,00,2,7,01,B01
200500069194,0,07,000,01,0,2,01,A01
200500069195,0,07,000,00,2,1,01,A01
200500069195,0,07,000,00,2,4,01,B01
200500069196,0,07,000,15,0,1,01,A01
200500069197,0,07,000,00,1,2,00,A01
200500069198,0,07,000,00,1,8,01,A01
200500069199,0,07,000,00,2,6,00,A01
200500069199,0,05,000,00,2,1,01,B01
200500069200,0,02,000,00,2,1,01,A01
200500069200,0,07,000,00,2,4,00,B01
200500069201,0,07,000,00,2,1,01,A01
200500069201,0,07,000,00,2,4,01,B01
200500069201,0,07,000,00,2,4,01,C01
200500069202,0,07,000,00,1,1,09,A01
200500069203,0,04,000,00,2,1,00,A01
200500069203,0,07,000,00,2,3,00,B01
200500069204,0,07,000,00,0,5,00,A01
200500069204,0,07,000,00,2,1,00,B01
200500069205,0,05,000,00,0,7,01,A01
200500069206,0,07,000,00,1,2,01,A01
200500069207,0,01,000,00,2,1,02,A01
200500069207,0,04,000,00,2,1,01,B01
200500069207,0,07,000,00,2,2,01,C01
200500069208,0,04,000,00,1,1,00,A01
200500069209,0,04,000,00,2,1,00,A01
200500069209,0,07,000,00,2,3,00,B01
200500069210,0,04,000,00,2,1,00,A01
200500069210,0,07,000,00,0,4,00,B01
200500069211,0,07,000,00,1,6,00,A01
200500069212,0,07,000,09,0,1,00,A01
200500069213,0,07,000,00,2,1,01,A01
200500069213,0,05,000,00,2,4,23,B01
200500069214,0,07,000,00,1,3,01,A01
200500069215,1,07,000,00,1,1,01,A01
200500069216,0,05,000,00,2,3,01,B01
200500069216,0,07,000,00,2,5,00,A01
200500069217,0,07,000,00,2,1,01,A01
200500069217,0,07,000,00,2,4,15,B01
200500069218,0,07,000,00,2,1,15,A01
200500069218,0,04,000,00,2,1,01,B01
200500069219,0,07,000,00,2,7,02,B01
200500069219,0,05,000,00,2,1,15,A01
200500069220,0,07,000,00,1,3,01,A01
200500069221,1,05,000,00,1,0,00,A01
200500069222,0,07,000,01,2,3,16,B01
200500069222,0,03,000,00,2,2,01,A01
200500069223,0,07,000,00,1,1,01,A01
200500069224,0,07,000,00,1,4,04,A01
200500069225,0,04,000,00,0,2,13,B01
200500069225,1,07,000,00,2,6,02,A01
200500069226,0,07,000,00,1,4,04,A01
200500069227,0,07,000,00,1,1,01,A01
200500069228,0,10,000,00,1,4,04,A01
200500069229,0,07,000,00,2,8,15,A01
200500069229,0,04,000,00,2,7,02,B01
200500069230,0,05,000,00,2,1,01,B01
200500069230,0,07,000,00,2,3,16,A01
200500069231,0,07,000,00,2,1,15,A01
200500069231,0,04,000,00,2,3,01,B01
200500069232,0,07,000,00,1,6,04,A01
200500069233,0,07,000,00,2,1,15,A01
200500069233,0,02,000,00,2,1,01,B01
200500069234,0,07,000,00,2,2,01,A01
200500069234,0,10,000,00,2,5,16,B01
200500069235,0,07,000,00,2,6,04,A01
200500069235,0,05,000,00,2,1,19,B01
200500069236,0,07,000,00,1,3,01,A01
200500069237,0,07,000,00,2,1,01,B01
200500069237,0,07,000,00,2,8,01,A01
200500069238,0,18,029,00,1,2,01,A01
200500069239,0,10,000,00,2,1,01,A01
200500069239,0,05,000,00,2,2,01,B01
200500069240,0,07,000,00,2,8,11,A01
200500069240,0,04,000,00,2,2,01,B01
200500069241,0,07,000,00,2,1,01,A01
200500069241,0,07,000,00,2,8,01,B01
200500069242,0,04,000,00,0,7,01,A01
200500069243,0,07,000,00,2,5,01,A01
200500069243,0,07,000,00,2,1,01,B01
200500069244,0,07,000,00,0,0,12,A01
200500069244,0,04,000,16,0,8,01,B01
200500069245,0,07,000,00,1,2,01,A01
200500069246,0,07,000,00,2,5,00,A01
200500069246,0,04,000,00,2,1,00,B01
200500069247,0,18,000,00,0,1,01,A01
200500069248,0,10,000,00,1,4,04,A01
200500069249,0,99,000,00,2,2,02,A01
200500069249,0,07,000,00,0,6,23,B01
200500069249,0,99,000,00,2,8,00,C01
200500069250,0,07,000,00,2,8,00,B01
200500069250,0,07,000,00,2,1,00,A01
200500069251,0,04,000,00,2,7,01,B01
200500069251,0,07,000,00,2,1,01,A01
200500069252,0,07,000,00,2,3,20,A01
200500069252,0,02,000,00,2,2,21,B01
200500069253,0,07,000,00,1,2,02,A01
200500069254,0,07,000,01,0,1,02,A01
200500069254,0,07,000,00,0,6,02,B01
200500069255,0,05,000,00,2,1,01,A01
200500069255,0,07,000,00,2,3,09,B01
200500069256,0,18,000,00,1,2,07,A01
200500069257,0,07,000,00,2,4,23,B01
200500069257,0,07,000,00,2,1,01,A01
200500069258,0,07,000,00,2,3,01,A01
200500069258,0,01,000,00,2,8,01,B01
200500069259,0,07,000,00,9,5,04,A01
200500069259,0,01,000,00,2,1,01,B01
200500069260,0,07,000,00,1,3,12,A01
200500069261,0,07,000,00,2,1,01,B01
200500069261,0,01,000,00,2,7,01,A01
200500069262,0,02,000,00,2,2,21,A01
200500069262,0,10,000,00,0,6,02,B01
200500069263,0,07,000,00,0,3,19,A01
200500069263,0,07,000,00,0,1,19,B01
200500069264,0,07,000,00,2,2,01,B01
200500069264,0,99,000,00,2,3,00,A01
200500069265,0,07,000,00,2,1,05,A01
200500069265,0,07,000,00,2,3,02,B01
200500069266,0,07,000,00,1,1,01,A01
200500069267,0,07,000,14,0,1,01,A01
200500069268,0,07,000,00,2,1,01,B01
200500069268,0,02,000,00,2,0,05,A01
200500069269,0,07,000,00,1,2,01,A01
200500069270,0,07,000,00,1,2,01,A01
200500069271,0,18,000,00,1,2,00,A01
200500069272,0,07,000,00,0,1,02,A01
200500069272,0,07,000,00,0,0,02,B01
200500069273,0,07,000,00,0,3,00,A01
200500069273,0,07,000,00,2,5,00,B01
200500069273,0,07,000,00,0,7,00,C01
200500069274,0,05,000,00,2,1,02,A01
200500069274,0,07,000,00,0,4,00,B01
200500069275,0,07,000,00,0,8,15,A01
200500069275,0,99,000,00,0,1,01,B01
200500069276,0,02,000,00,2,8,00,A01
200500069276,0,07,000,00,2,7,00,B01
200500069277,0,07,000,00,1,1,02,A01
200500069278,0,07,000,00,2,1,00,A01
200500069278,0,07,000,00,0,5,23,B01
200500069279,0,05,000,00,2,1,02,A01
200500069279,0,07,000,00,0,4,02,B01
200500069280,0,07,000,00,0,4,00,A01
200500069280,0,07,000,00,2,1,00,B01
200500069281,0,07,000,00,0,3,01,A01
200500069281,0,01,000,00,0,8,01,B01
200500069282,0,07,000,00,1,2,15,A01
200500069283,0,07,000,00,1,3,02,A01
200500069284,0,05,000,00,1,1,21,A01
200500069285,0,07,000,00,0,2,15,A01
200500069285,0,04,000,00,2,1,01,B01
200500069286,0,04,000,00,0,0,00,A01
200500069287,0,07,000,00,1,7,01,A01
200500069288,0,07,000,00,0,8,10,A01
200500069288,0,05,000,01,2,7,13,B01
200500069289,0,07,000,00,0,6,00,B01
200500069289,0,04,000,00,0,1,00,A01
200500069290,0,13,000,00,1,0,00,A01
200500069291,0,07,000,00,1,1,01,A01
200500069292,0,05,000,00,2,1,21,A01
200500069292,0,07,000,00,2,1,16,B01
200500069293,0,07,000,00,2,8,21,A01
200500069293,0,05,000,01,2,2,17,B01
200500069294,0,10,000,00,2,1,01,A01
200500069294,0,07,000,00,0,4,23,B01
200500069295,0,04,000,00,1,1,01,A01
200500069296,0,05,000,00,2,1,01,A01
200500069296,0,07,000,00,2,1,19,B01
200500069297,0,07,000,00,1,1,01,A01
200500069298,0,04,000,00,2,1,01,B01
200500069298,0,07,000,00,2,5,19,A01
200500069299,0,07,000,00,1,1,01,A01
200500069300,0,02,000,00,2,1,01,A01
200500069300,0,07,000,00,2,7,23,B01
200500069301,0,07,000,00,2,1,17,A01
200500069301,0,07,000,00,2,3,15,B01
200500069302,0,02,000,00,2,1,01,A01
200500069302,0,07,000,00,2,3,19,B01
200500069303,0,07,000,00,2,1,01,A01
200500069303,0,10,000,00,0,4,23,B01
200500069304,0,07,000,00,2,2,19,B01
200500069304,0,02,000,00,2,1,19,A01
200500069305,0,07,000,00,2,8,15,A01
200500069305,0,02,000,00,2,1,17,B01
200500069306,0,07,000,00,1,1,19,A01
200500069307,0,07,000,00,1,1,01,A01
200500069308,0,07,000,00,1,3,01,A01
200500069309,0,07,000,00,1,3,01,A01
200500069310,1,02,000,00,0,0,00,A01
200500069311,0,07,000,00,1,2,01,B01
200500069312,0,04,000,00,0,3,02,A01
200500069312,0,07,000,00,0,5,02,B01
200500069313,2,07,000,00,2,1,03,A01
200500069313,0,07,000,00,0,4,02,B01
200500069313,0,07,000,00,0,5,02,C01
200500069314,0,02,000,00,2,1,10,A01
200500069314,0,07,000,00,2,3,01,B01
200500069315,0,07,000,00,1,3,15,A01
200500069316,0,07,000,00,2,1,01,A01
200500069316,0,07,000,00,0,8,01,B01
200500069317,0,05,000,00,0,0,00,A01
200500069318,0,04,000,00,0,8,15,B01
200500069318,0,07,000,00,0,2,01,A01
200500069319,0,07,000,06,0,1,00,A01
200500069320,0,01,000,00,2,7,00,B01
200500069320,0,07,000,00,9,8,15,A01
200500069321,0,07,000,00,2,3,00,B01
200500069321,0,04,000,00,2,1,00,A01
200500069322,0,02,000,00,2,1,00,A01
200500069322,0,07,000,00,0,2,20,B01
200500069323,0,07,000,00,2,3,00,A01
200500069323,0,05,000,00,2,1,00,B01
200500069324,0,07,000,00,9,3,23,A01
200500069324,0,05,000,14,0,3,03,B01
200500069324,0,07,000,00,2,3,23,C01
200500069325,0,05,000,00,2,1,00,A01
200500069325,0,07,000,00,2,5,00,B01
200500069326,0,07,000,00,2,0,00,A01
200500069326,0,07,000,00,0,1,02,B01
200500069327,0,07,000,00,2,8,10,A01
200500069327,0,07,000,00,2,1,02,B01
200500069328,0,07,000,00,1,2,01,A01
200500069329,0,18,000,00,0,8,02,A01