Num_Acc,senc,catv,occutc,obs,obsm,choc,manv,num_veh
200500069329,0,02,000,00,0,7,02,B01
200500069330,0,05,000,00,2,0,01,B01
200500069330,1,07,000,00,9,0,05,A01
200500069331,0,07,000,00,2,7,00,A01
200500069331,0,05,000,00,2,1,01,B01
200500069332,0,07,000,00,2,1,01,A01
200500069333,0,07,000,00,2,8,13,A01
200500069333,0,04,000,00,2,2,02,B01
200500069334,1,04,000,00,1,0,00,A01
200500069335,0,07,000,00,0,6,01,A01
200500069335,0,07,000,00,0,3,01,B01
200500069336,0,07,000,00,9,3,15,A01
200500069336,0,02,000,00,2,0,21,B01
200500069337,1,07,000,00,0,0,00,A01
200500069337,0,07,000,00,2,6,02,B01
200500069338,0,07,000,00,1,1,12,A01
200500069339,0,07,000,00,1,2,01,A01
200500069340,0,05,000,01,0,1,00,A01
200500069341,0,04,000,00,0,4,00,A01
200500069341,1,07,000,00,0,1,00,B01
200500069342,0,07,000,00,2,7,16,A01
200500069342,0,02,000,00,2,1,18,B01
200500069343,0,07,000,00,1,1,01,A01
200500069344,1,07,000,00,2,0,00,A01
200500069344,0,02,000,00,0,8,01,B01
200500069345,0,05,000,00,2,1,01,A01
200500069345,0,07,000,00,2,8,16,B01
200500069346,0,07,000,00,2,3,15,A01
200500069346,0,02,000,00,2,1,01,B01
200500069347,0,99,000,00,2,3,01,A01
200500069347,0,99,000,00,2,3,15,B01
200500069348,0,10,000,00,1,3,01,A01
200500069349,0,05,000,00,2,1,00,A01
200500069349,0,07,000,00,0,6,11,B01
200500069350,0,02,000,00,0,0,17,A01
200500069351,0,10,000,00,2,1,01,A01
200500069351,0,07,000,00,0,4,15,B01
200500069352,0,07,000,00,2,8,01,A01
200500069352,0,02,000,00,2,1,01,B01
200500069353,0,05,000,01,2,3,02,A01
200500069353,1,14,000,00,0,0,00,B01
200500069353,0,07,000,00,0,8,00,C01
200500069354,0,07,000,00,2,1,15,A01
200500069354,0,07,000,00,2,8,02,B01
200500069355,0,07,000,00,2,3,00,A01
200500069355,0,07,000,00,2,3,02,B01
200500069356,0,04,000,00,1,1,01,A01
200500069357,1,04,000,00,1,1,01,A01
200500069357,0,07,000,01,0,6,24,B01
200500069358,0,07,000,00,2,7,15,B01
200500069358,0,05,000,00,2,7,01,A01
200500069359,0,07,000,00,1,0,21,A01
200500069359,0,07,000,00,0,0,09,B01
200500069360,0,04,000,14,0,1,02,A01
200500069360,0,07,000,00,0,6,02,B01
200500069361,0,07,000,00,2,4,02,A01
200500069361,0,02,000,00,2,4,02,B01
200500069362,0,07,000,00,0,2,15,A01
200500069362,0,02,000,00,2,1,00,B01
200500069363,0,07,000,00,2,3,15,A01
200500069363,0,05,000,00,2,1,02,B01
200500069364,0,07,000,00,2,3,01,B01
200500069364,0,07,000,00,2,1,21,A01
200500069365,0,07,000,00,1,0,02,A01
200500069366,0,05,000,00,2,1,01,A01
200500069366,0,07,000,00,0,4,02,B01
200500069367,0,07,000,00,2,3,01,B01
200500069367,0,02,000,00,2,6,15,A01
200500069368,0,02,000,00,2,1,01,A01
200500069368,0,07,000,00,2,8,01,B01
200500069369,0,10,000,00,0,1,20,A01
200500069369,0,05,000,00,0,8,21,B01
200500069370,0,07,000,00,2,3,15,B01
200500069370,0,02,000,00,2,1,17,A01
200500069371,0,02,000,00,2,1,05,A01
200500069371,0,07,000,00,9,1,02,B01
200500069372,0,10,000,00,1,7,01,A01
200500069373,0,07,000,00,2,7,01,B01
200500069373,0,04,000,00,2,1,00,A01
200500069374,0,07,000,00,2,3,01,A01
200500069374,0,01,000,00,2,0,01,B01
200500069375,0,07,000,00,2,1,21,A01
200500069376,0,05,000,00,1,1,02,A01
200500069377,0,02,000,00,1,0,21,A01
200500069378,0,07,000,00,2,1,00,A01
200500069378,0,04,000,00,2,1,00,B01
200500069379,0,07,000,00,2,5,15,A01
200500069379,0,04,000,00,2,1,01,B01
200500069380,0,07,000,00,1,0,00,A01
200500069381,0,10,000,00,0,0,24,B01
200500069381,0,14,000,01,0,1,01,A01
200500069382,0,05,000,00,2,0,21,A01
200500069382,0,07,000,00,0,0,15,B01
200500069383,0,07,000,00,2,5,12,A01
200500069383,0,02,000,00,2,3,01,B01
200500069384,0,13,000,00,0,6,01,A01
200500069385,0,02,000,00,2,3,11,A01
200500069385,0,07,000,00,2,7,01,B01
200500069385,0,07,000,00,2,7,01,C01
200500069386,0,05,000,00,1,3,21,A01
200500069387,0,04,000,00,2,3,02,A01
200500069387,0,99,000,00,2,2,02,B01
200500069388,0,02,000,00,1,2,01,A01
200500069389,0,07,000,00,2,2,12,A01
200500069389,0,07,000,00,2,3,01,B01
200500069390,0,07,000,00,2,3,15,A01
200500069390,0,05,000,00,2,2,02,B01
200500069391,1,07,000,00,0,0,00,A01
200500069391,0,05,000,00,2,3,00,B01
200500069392,0,07,000,00,0,3,16,A01
200500069392,0,07,000,00,0,2,02,B01
200500069393,1,07,000,00,2,1,00,A01
200500069393,0,02,000,00,2,9,15,B01
200500069394,0,07,000,09,0,1,00,A01
200500069395,0,02,000,00,2,1,02,A01
200500069395,0,07,000,00,0,4,00,B01
200500069396,0,07,000,00,0,5,09,A01
200500069396,0,05,000,00,2,1,01,B01
200500069397,0,07,000,01,0,5,02,A01
200500069397,0,07,000,01,0,1,02,B01
200500069398,0,07,000,00,1,7,01,A01
200500069399,2,07,000,00,2,3,01,A01
200500069399,0,02,000,00,2,2,01,B01
200500069400,0,07,000,00,1,0,00,A01
200500069401,0,07,000,00,1,2,01,A01
200500069402,0,07,000,00,2,3,13,A01
200500069402,0,07,000,00,2,3,01,B01
200500069403,0,07,000,00,2,2,15,A01
200500069403,0,04,000,00,2,9,16,B01
200500069404,0,04,000,00,0,3,01,A01
200500069405,0,03,000,01,0,1,00,A01
200500069406,0,07,000,00,1,7,00,A01
200500069407,0,05,000,00,2,1,02,A01
200500069407,0,07,000,00,2,4,23,B01
200500069408,0,07,000,00,2,3,01,A01
200500069408,0,07,000,00,2,1,01,B01
200500069409,0,07,000,00,2,6,13,A01
200500069409,0,04,000,00,2,2,03,B01
200500069410,0,07,000,00,1,1,00,A01
200500069411,0,02,000,00,1,0,02,A01
200500069412,0,07,000,00,2,3,20,A01
200500069412,0,04,000,00,2,1,02,B01
200500069413,0,13,000,00,2,1,02,A01
200500069413,0,07,000,00,0,4,02,B01
200500069414,0,07,000,00,2,1,02,A01
200500069414,0,15,000,00,2,4,02,B01
200500069415,0,13,000,00,1,2,07,A01
200500069415,0,99,000,00,2,2,09,P01
200500069416,0,07,000,00,0,1,02,B01
200500069416,0,01,000,00,0,1,19,A01
200500069417,1,99,000,00,2,0,12,A01
200500069417,0,05,000,01,2,1,13,B01
200500069417,0,18,001,00,2,6,23,C01
200500069418,0,07,000,00,2,2,01,A01
200500069418,0,07,000,00,2,1,01,C01
200500069418,0,07,000,00,2,3,01,B01
200500069419,0,07,000,00,2,3,09,A01
200500069419,0,02,000,00,2,7,02,B01
200500069420,0,07,000,00,1,0,00,A01
200500069421,0,14,000,00,1,0,04,A01
200500069422,0,07,000,00,2,1,02,A01
200500069422,0,07,000,00,2,4,02,B01
200500069422,0,17,000,00,0,4,00,C01
200500069423,0,07,000,00,2,3,02,A01
200500069423,0,01,000,00,2,4,15,B01
200500069424,0,07,000,00,0,2,12,A01
200500069424,0,05,000,00,0,0,01,B01
200500069425,0,07,000,00,2,1,02,A01
200500069425,0,07,000,00,1,4,02,B01
200500069426,0,07,000,01,0,1,02,A01
200500069427,0,07,000,00,2,2,01,B01
200500069427,0,07,000,00,2,7,00,A01
200500069428,0,07,000,00,1,0,01,A01
200500069429,0,07,000,00,0,4,09,C01
200500069429,0,07,000,00,2,4,09,B01
200500069429,0,07,000,00,2,1,09,A01
200500069430,0,07,000,00,0,2,15,A01
200500069430,0,05,000,00,2,1,21,B01
200500069431,0,02,000,00,0,0,00,A01
200500069431,0,07,000,00,2,3,00,B01
200500069432,0,07,000,00,1,2,02,A01
200500069433,0,07,000,00,1,1,02,A01
200500069434,0,07,000,00,2,0,02,A01
200500069434,0,07,000,00,2,0,02,B01
200500069435,0,07,000,00,2,6,20,A01
200500069435,0,02,000,00,2,1,02,B01
200500069436,0,14,000,00,2,4,01,B01
200500069436,0,07,000,00,2,1,11,A01
200500069437,0,07,000,00,0,2,12,A01
200500069437,0,07,000,00,0,3,18,B01
200500069438,0,04,000,01,0,3,01,A01
200500069439,0,07,000,00,0,7,02,A01
200500069439,0,07,000,15,2,1,02,B01
200500069440,0,04,000,00,1,1,00,A01
200500069441,0,05,000,00,0,8,00,A01
200500069442,1,07,000,00,0,0,00,A01
200500069443,1,02,000,00,1,0,00,A01
200500069444,0,07,000,00,0,0,00,A01
200500069445,0,10,000,00,2,5,12,A01
200500069445,0,05,000,00,2,3,03,B01
200500069446,0,05,000,00,0,4,23,B01
200500069446,1,07,000,00,0,0,02,A01
200500069447,0,15,000,00,1,5,02,A01
200500069448,0,07,000,00,1,1,01,A01
200500069449,0,07,000,00,0,4,00,A01
200500069450,0,07,000,00,0,1,00,A01
200500069450,0,07,000,00,0,4,00,B01
200500069451,0,07,000,00,0,6,02,A01
200500069451,0,02,000,00,0,1,02,B01
200500069452,1,07,000,00,1,1,01,A01
200500069453,0,01,000,00,0,1,00,A01
200500069453,0,07,000,00,0,3,00,B01
200500069454,0,05,000,00,2,1,01,B01
200500069454,0,07,000,00,2,5,01,A01
200500069455,0,07,000,01,0,2,01,A01
200500069456,0,05,000,00,2,8,17,A01
200500069456,0,15,000,00,2,8,02,B01
200500069457,0,02,000,00,2,1,02,A01
200500069457,0,13,000,00,0,6,00,B01
200500069458,0,02,000,00,2,1,17,A01
200500069458,0,10,000,00,2,1,15,B01
200500069459,0,05,000,00,0,0,00,A01
200500069460,0,05,000,00,0,1,00,A01
200500069460,0,07,000,00,0,0,00,B01
200500069461,0,05,000,00,2,1,02,A01
200500069461,0,07,000,00,2,4,00,B01
200500069462,0,07,000,00,1,8,02,A01
200500069463,0,07,000,00,2,2,15,A01
200500069463,0,07,000,00,2,6,15,B01
200500069464,0,07,000,00,2,3,01,B01
200500069464,0,07,000,00,2,2,15,A01
200500069465,0,05,000,00,2,1,02,A01
200500069465,0,07,000,00,0,4,02,B01
200500069466,0,07,000,00,2,1,02,A01
200500069466,0,07,000,00,2,4,02,B01
200500069467,0,02,000,00,2,8,15,B01
200500069467,0,07,000,00,2,3,15,A01
200500069468,0,07,000,00,0,4,02,A01
200500069468,0,07,000,06,2,1,02,B01
200500069469,0,07,000,13,0,1,13,A01
200500069470,0,07,000,00,2,1,02,A01
200500069470,0,07,000,00,2,1,16,B01
200500069471,0,05,000,00,2,7,17,B01
200500069471,0,07,000,00,2,3,17,A01
200500069472,0,07,000,00,2,1,02,A01
200500069472,0,07,000,00,2,4,02,B01
200500069473,0,02,000,00,2,1,15,A01
200500069473,0,07,000,00,2,6,15,B01
200500069474,0,07,000,00,1,1,01,A01
200500069475,0,05,000,02,2,7,17,A01
200500069475,0,07,000,00,2,2,24,B01
200500069476,0,04,000,00,2,2,02,A01
200500069476,1,07,000,00,0,8,10,B01
200500069477,0,05,000,00,2,1,01,A01
200500069477,0,07,000,00,0,1,15,B01
200500069478,0,05,000,00,0,7,02,A01
200500069478,0,07,000,00,0,4,23,B01
200500069479,1,05,000,00,1,1,02,A01
200500069480,0,07,000,00,0,7,19,B01
200500069480,0,05,000,00,2,7,01,A01
200500069481,0,02,000,00,2,1,02,A01
200500069481,0,07,000,00,2,8,09,B01
200500069482,0,07,000,00,1,3,02,A01
200500069483,0,05,000,00,1,1,02,A01
200500069484,0,07,000,00,0,3,02,B01
200500069484,0,07,000,00,2,2,02,A01
200500069485,0,07,000,14,0,1,02,A01
200500069485,0,07,000,00,2,9,23,B01
200500069485,0,07,000,00,2,3,05,C01
200500069486,0,04,000,01,0,1,02,A01
200500069487,0,02,000,00,2,1,02,A01
200500069487,0,02,000,00,0,4,02,B01
200500069488,0,07,000,00,1,1,15,A01
200500069489,0,07,000,00,0,4,02,B01
200500069489,0,02,000,00,2,1,02,A01
200500069490,0,07,000,00,2,3,15,A01
200500069490,0,05,000,00,2,8,01,B01
200500069491,0,02,000,00,2,1,01,A01
200500069491,2,07,000,00,0,0,15,B01
200500069492,0,02,000,00,2,1,01,A01
200500069492,0,07,000,00,2,4,15,B01
200500069493,0,07,000,00,2,3,02,A01
200500069493,0,05,000,00,2,5,02,B01
200500069494,0,07,000,00,2,1,02,A01
200500069494,0,07,000,00,2,4,02,B01
200500069494,0,07,000,00,2,4,02,C01
200500069494,0,02,000,00,2,1,02,D01
200500069495,0,07,000,00,1,2,02,A01
200500069496,0,07,000,00,1,1,02,B01
200500069497,0,02,000,00,2,1,02,A01
200500069497,0,07,000,00,2,6,02,B01
200500069498,0,07,000,00,2,1,13,A01
200500069498,0,08,000,00,2,1,02,B01
200500069499,0,04,000,00,0,0,09,B01
200500069500,0,07,000,00,2,2,02,B01
200500069500,0,07,000,00,2,3,02,A01
200500069501,0,07,000,00,2,1,02,A01
200500069501,0,07,000,00,2,4,23,B01
200500069502,0,07,000,00,2,6,10,A01
200500069502,0,04,000,00,2,5,02,B01
200500069502,0,07,000,00,2,1,02,C01
200500069503,1,07,000,00,2,3,02,A01
200500069503,0,05,000,00,2,4,02,B01
200500069504,0,07,000,00,2,2,15,A01
200500069504,0,05,000,00,2,1,21,B01
200500069505,0,15,000,00,2,1,21,A01
200500069505,0,07,000,00,0,4,23,B01
200500069506,0,07,000,00,2,1,00,A01
200500069506,0,07,000,00,2,7,00,B01
200500069507,0,07,000,00,2,1,00,A01
200500069507,0,07,000,00,2,8,00,B01
200500069508,0,02,000,00,2,1,01,A01
200500069508,0,07,000,00,2,0,00,B01
200500069509,0,07,000,00,2,1,01,A01
200500069509,0,05,000,00,2,7,00,B01
200500069510,0,07,000,00,1,3,21,A01
200500069511,0,02,000,00,0,0,00,A01
200500069512,0,07,000,01,1,7,01,A01
200500069513,0,07,000,00,1,2,15,A01
200500069514,0,07,000,00,1,3,01,A01
200500069515,0,02,000,00,9,3,02,A01
200500069516,0,07,000,01,2,3,09,A01
200500069516,0,07,000,00,2,3,01,B01
200500069517,0,07,000,00,0,8,09,A01
200500069517,0,02,000,00,2,7,21,B01
200500069518,0,02,000,00,2,7,17,A01
200500069518,0,07,000,00,0,3,15,B01
200500069519,0,07,000,00,2,3,15,A01
200500069519,0,05,000,00,2,3,21,B01
200500069520,0,07,000,00,1,0,09,A01
200500069521,0,07,000,00,2,0,16,A01
200500069521,0,04,000,00,2,0,09,B01
200500069522,0,04,000,00,2,1,21,A01
200500069522,0,07,000,00,2,1,21,B01
200500069523,0,07,000,00,2,0,09,A01
200500069523,0,04,000,00,2,0,09,B01
200500069524,0,07,000,00,2,0,09,A01
200500069524,0,07,000,00,2,0,09,B01
200500069525,0,07,000,00,2,0,09,A01
200500069525,0,07,000,00,2,0,09,B01
200500069526,0,07,000,00,2,4,23,A01
200500069526,0,07,000,00,2,4,23,B01
200500069527,0,07,000,00,1,0,09,A01
200500069528,0,07,000,00,2,0,09,A01
200500069528,0,05,000,00,2,0,09,B01
200500069529,0,07,000,00,2,1,09,A01
200500069529,0,05,000,00,2,2,09,B01
200500069530,0,07,000,00,2,0,09,A01
200500069530,0,04,000,00,2,0,09,B01
200500069530,0,05,000,00,2,0,23,C01
200500069531,0,07,000,00,9,0,13,A01
200500069532,0,07,000,00,2,1,19,A01
200500069532,0,07,000,00,2,1,19,B01
200500069533,0,07,000,00,2,1,01,A01
200500069533,0,07,000,00,2,4,23,B01
200500069533,0,07,000,00,2,4,23,C01
200500069533,0,07,000,00,2,3,01,D01
200500069534,0,02,000,00,2,1,01,B01
200500069534,0,07,000,00,0,2,15,A01
200500069535,0,07,000,06,0,1,13,A01
200500069536,0,07,000,00,2,2,02,A01
200500069536,0,07,000,00,2,7,01,B01
200500069537,0,07,000,00,2,1,01,A01
200500069537,0,07,000,00,2,4,23,B01
200500069538,0,01,000,00,1,3,05,A01
200500069539,0,15,000,00,2,0,09,A01
200500069539,0,07,000,00,9,0,09,B01
200500069540,0,07,000,00,2,2,01,A01
200500069540,0,07,000,00,2,5,15,B01
200500069541,0,07,000,00,2,8,07,A01
200500069541,0,18,000,00,2,1,01,B01
200500069542,0,02,000,00,2,1,05,A01
200500069542,0,07,000,00,2,1,01,B01
200500069543,0,07,000,00,2,6,11,A01
200500069543,0,02,000,00,2,1,01,B01
200500069544,0,20,000,14,0,5,15,A01
200500069545,0,07,000,00,2,0,16,A01
200500069545,0,05,000,00,2,0,00,B01
200500069546,0,07,000,08,0,1,00,A01
200500069547,0,07,000,00,1,2,16,A01
200500069548,0,04,000,00,0,1,01,A01
200500069549,0,07,000,00,1,4,04,A01
200500069550,0,04,000,00,1,1,01,A01
200500069551,0,07,000,00,2,7,15,A01
200500069551,0,07,000,00,2,1,01,B01
200500069552,0,10,000,00,2,1,01,A01
200500069553,0,02,000,00,2,2,17,A01
200500069553,0,07,000,00,1,3,11,B01
200500069554,0,10,000,00,1,1,01,A01
200500069555,0,07,000,00,1,1,01,A01
200500069556,1,07,000,00,2,1,01,A01
200500069556,0,07,000,00,2,4,01,B01
200500069557,0,01,000,00,2,3,01,A01
200500069557,1,07,000,00,2,7,12,B01
200500069558,0,07,000,08,2,7,15,A01
200500069558,0,07,000,00,2,1,02,B01
200500069559,0,07,000,00,1,2,21,A01
200500069560,0,99,000,00,2,1,02,B01
200500069560,0,07,000,00,2,7,02,A01
200500069561,0,07,000,00,1,2,21,A01
200500069562,0,07,000,00,1,0,02,A01
200500069563,0,01,000,00,2,1,19,B01
200500069563,0,07,000,00,9,0,15,A01
200500069564,0,05,000,00,2,8,21,A01
200500069565,0,07,000,00,2,5,15,A01
200500069565,0,05,000,00,2,1,02,B01
200500069566,0,07,000,00,2,3,15,A01
200500069566,0,02,000,00,2,7,02,B01
200500069567,0,07,000,00,2,3,21,A01
200500069567,0,01,000,00,2,0,19,B01
200500069568,0,07,000,00,2,3,21,B01
200500069568,0,07,000,00,2,3,16,A01
200500069569,0,07,000,11,0,1,01,A01
200500069570,0,07,000,00,1,3,01,A01
200500069571,0,07,000,00,0,6,15,A01
200500069571,0,05,000,00,2,7,17,B01
200500069572,0,07,000,00,2,3,01,A01
200500069572,0,07,000,00,2,1,01,B01
200500069573,0,07,000,00,2,2,01,A01
200500069573,0,07,000,00,2,3,01,B01
200500069574,0,02,000,00,2,1,02,A01
200500069574,0,07,000,00,9,6,20,B01
200500069575,0,07,000,00,2,5,02,A01
200500069576,0,10,000,00,1,2,15,A01
200500069577,0,01,000,00,2,1,17,A01
200500069577,0,07,000,00,2,3,15,B01
200500069578,0,02,000,01,2,1,17,A01
200500069578,0,07,000,00,2,3,15,B01
200500069579,0,04,000,00,2,7,17,A01
200500069579,0,07,000,00,2,8,15,B01
200500069580,0,07,000,00,2,5,02,A01
200500069580,0,02,000,00,2,3,02,B01
200500069581,0,07,000,00,1,2,15,A01
200500069582,0,05,000,00,0,2,01,A01
200500069583,0,04,000,14,0,1,21,A01
200500069583,0,07,000,00,0,0,04,B01
200500069584,0,07,000,00,2,2,01,A01
200500069584,0,02,000,15,2,1,01,B01
200500069585,0,07,000,00,1,1,01,A01
200500069586,0,07,000,00,1,1,01,A01
200500069587,0,05,000,00,2,1,02,A01
200500069587,0,07,000,00,2,6,02,B01
200500069588,0,05,000,00,2,1,01,A01
200500069588,0,07,000,00,2,4,01,B01
200500069589,0,07,000,00,1,1,01,A01
200500069590,0,07,000,00,2,3,01,A01
200500069590,0,07,000,00,0,4,23,B01
200500069591,0,07,000,00,1,1,15,A01
200500069592,0,07,000,00,1,0,04,A01
200500069593,0,99,000,00,2,8,01,B01
200500069593,0,07,000,00,2,1,01,A01
200500069594,0,07,000,00,2,3,10,A01
200500069594,0,02,000,00,0,1,01,B01
200500069595,0,18,020,00,1,0,01,A01
200500069596,0,02,000,00,1,8,01,A01
200500069597,0,07,000,00,2,1,01,A01
200500069597,0,10,000,00,0,4,01,B01
200500069598,0,18,029,00,2,8,01,A01
200500069598,0,14,000,00,2,6,01,B01
200500069599,0,07,000,00,1,0,01,A01
200500069600,0,07,000,00,1,0,01,A01
200500069601,0,07,000,11,0,1,06,A01
200500069602,0,10,000,00,2,3,05,A01
200500069602,0,04,000,00,2,1,01,B01
200500069603,0,04,000,00,1,2,01,A01
200500069604,0,05,000,14,0,1,01,A01
200500069605,0,02,000,00,2,8,16,A01
200500069605,0,07,000,00,2,1,01,B01
200500069606,0,07,000,09,2,1,01,A01
200500069606,0,07,000,00,0,5,23,B01
200500069607,0,10,000,00,2,2,15,A01
200500069607,0,05,000,00,2,8,01,B01
200500069608,0,07,000,00,2,2,16,A01
200500069608,0,05,000,00,2,7,02,B01
200500069609,0,07,000,00,2,5,15,A01
200500069609,0,07,000,00,2,1,01,B01
200500069610,0,07,000,00,1,1,01,A01
200500069611,0,07,000,00,1,1,01,A01
200500069612,0,07,000,00,1,1,01,A01
200500069613,0,07,000,00,1,1,01,A01
200500069614,0,07,000,01,0,1,14,A01
200500069615,0,07,000,00,2,1,01,A01
200500069615,0,07,000,00,2,4,02,B01
200500069616,1,10,000,00,2,8,13,A01
200500069616,0,05,000,00,2,7,01,B01
200500069617,0,07,000,00,1,1,15,A01
200500069618,0,01,000,00,1,1,01,A01
200500069619,1,02,000,00,2,0,17,A01
200500069619,0,01,000,00,2,4,15,B01
200500069620,0,07,000,00,2,3,01,A01
200500069620,0,01,000,00,2,1,01,B01
200500069621,0,07,000,00,2,1,02,A01
200500069621,0,07,000,00,2,4,02,B01
200500069621,0,07,000,00,2,7,17,C01
200500069622,0,05,000,00,1,1,01,A01
200500069623,0,07,000,11,0,1,14,A01
200500069624,0,05,000,00,2,1,01,B01
200500069624,0,07,000,00,2,2,15,A01
200500069625,0,07,000,00,2,1,01,A01
200500069625,0,18,007,00,2,5,01,B01
200500069626,0,07,000,00,1,1,16,A01
200500069627,0,02,000,00,2,6,17,A01
200500069627,0,10,000,00,2,6,01,B01
200500069628,0,02,000,00,1,1,01,A01
200500069629,0,02,000,00,2,1,17,A01
200500069629,0,10,000,00,2,3,15,B01
200500069630,0,07,000,01,0,3,01,A01
200500069631,0,07,000,00,1,1,13,A01
200500069632,0,02,000,14,0,1,01,A01
200500069633,0,05,000,00,2,1,02,A01
200500069633,0,04,000,00,2,7,02,B01
200500069634,0,07,000,09,0,1,01,A01
200500069635,0,07,000,00,2,1,05,A01
200500069635,0,05,000,00,2,1,01,B01
200500069635,0,07,000,00,2,8,01,C01
200500069636,0,07,000,01,2,5,15,A01
200500069636,0,01,000,00,2,1,18,B01
200500069637,0,07,000,00,2,1,15,A01
200500069637,0,01,000,00,2,8,01,B01
200500069638,0,01,000,06,0,1,01,A01
200500069639,0,02,000,12,0,1,01,A01
200500069640,0,01,000,16,0,4,01,A01
200500069641,0,07,000,12,0,1,09,A01
200500069642,0,02,000,12,0,1,01,A01
200500069643,0,05,000,00,2,1,01,B01
200500069643,0,07,000,00,2,7,16,A01
200500069644,0,07,000,00,2,5,12,A01
200500069644,0,07,000,00,2,7,01,B01
200500069645,0,04,000,00,0,1,01,B01
200500069645,0,07,000,00,2,3,15,A01
200500069646,0,07,000,00,2,3,15,B01
200500069646,0,05,000,00,2,8,17,A01
200500069647,0,07,000,00,1,1,01,A01
200500069648,0,07,000,00,1,5,04,A01
200500069649,0,07,000,00,2,1,15,A01
200500069649,0,05,000,00,2,7,17,B01
200500069650,0,07,000,00,2,3,00,A01
200500069650,0,04,000,00,2,2,03,B01
200500069651,0,07,000,00,2,4,02,C01
200500069651,0,07,000,00,2,4,02,B01
200500069651,0,07,000,00,2,1,02,A01
200500069652,0,07,000,00,2,1,15,A01
200500069652,0,01,000,00,2,1,01,B01
200500069653,0,15,000,00,2,1,15,A01
200500069653,0,07,000,00,2,3,01,B01
200500069654,0,03,000,00,1,4,04,A01
200500069655,0,07,000,00,2,7,15,A01
200500069655,0,05,000,00,2,1,01,B01
200500069656,0,07,000,00,2,2,15,A01
200500069656,0,07,000,00,2,1,01,B01
200500069657,0,07,000,00,2,1,01,A01
200500069657,0,07,000,00,1,4,01,B01
200500069658,0,07,000,00,2,1,01,A01
200500069658,0,15,000,00,2,4,01,B01
200500069659,0,04,000,00,1,1,02,A01
200500069660,0,07,000,00,2,3,09,A01
200500069660,0,04,000,00,2,2,02,B01
200500069661,0,07,000,00,2,2,00,A01
200500069661,0,05,000,00,2,3,00,B01
200500069662,0,02,000,00,2,1,05,A01
200500069662,0,07,000,00,2,1,00,B01
200500069663,0,07,000,10,0,2,09,A01
200500069664,0,05,000,00,2,8,02,A01
200500069664,1,07,000,00,2,1,02,B01
200500069665,0,02,000,00,2,3,00,A01
200500069666,0,02,000,00,2,1,02,A01
200500069666,0,07,000,00,2,6,00,B01
200500069667,0,02,000,00,2,1,02,A01
200500069667,0,07,000,00,2,8,02,B01
200500069668,0,07,000,14,0,1,02,A01
200500069668,0,07,000,14,0,9,02,B01
200500069668,0,07,000,00,0,4,02,C01
200500069669,0,04,000,00,2,1,05,A01
200500069669,0,07,000,00,2,1,00,B01
200500069670,1,07,000,00,2,1,02,A01
200500069670,0,01,000,00,2,8,00,B01
200500069671,0,07,000,00,2,1,01,A01
200500069671,0,07,000,00,2,6,01,B01
200500069672,0,01,000,00,2,8,10,A01
200500069672,0,07,000,00,2,2,17,B01
200500069673,0,07,000,00,0,2,01,A01
200500069674,0,07,000,00,2,2,15,A01
200500069674,0,01,000,00,2,1,01,B01
200500069675,0,07,000,00,2,1,15,A01
200500069675,0,07,000,00,2,3,23,B01
200500069676,0,07,000,00,2,8,09,A01
200500069676,0,02,000,00,2,1,16,B01
200500069677,0,07,000,00,2,3,11,A01
200500069677,0,05,000,00,2,3,01,B01
200500069678,0,07,000,00,2,3,01,A01
200500069678,0,01,000,00,2,1,01,B01
200500069679,0,07,000,00,1,2,01,A01
200500069680,0,04,000,12,0,9,01,A01
200500069681,0,07,000,00,2,1,15,A01
200500069681,0,01,000,00,2,1,01,B01
200500069682,0,07,000,00,2,7,15,A01
200500069682,0,05,000,00,2,1,01,B01
200500069683,0,07,000,00,1,3,01,A01
200500069684,0,02,000,00,2,8,15,A01
200500069684,0,07,000,00,2,3,02,B01
200500069685,0,02,000,12,0,7,01,A01
200500069686,0,05,000,00,0,8,01,A01
200500069687,0,02,000,00,0,8,01,A01
200500069688,0,07,000,00,2,2,01,A01
200500069688,0,02,000,00,2,7,01,B01
200500069689,0,01,000,00,2,8,01,A01
200500069689,0,07,000,00,2,7,01,B01
200500069690,0,07,000,00,2,8,09,A01
200500069690,0,02,000,00,2,1,01,B01
200500069691,0,05,000,00,5,1,01,A01
200500069692,0,07,000,00,2,2,15,A01
200500069692,0,05,000,00,2,1,01,B01
200500069693,0,02,000,00,2,1,01,A01
200500069693,0,07,000,00,2,3,01,B01
200500069694,0,07,000,00,1,3,01,A01
200500069695,0,02,000,00,1,1,01,A01
200500069696,0,07,000,00,2,1,06,A01
200500069696,0,07,000,00,2,1,02,B01
200500069697,0,07,000,00,1,0,04,A01
200500069698,0,05,000,00,9,1,01,A01
200500069699,0,07,000,00,2,1,01,A01
200500069699,0,07,000,00,2,3,01,B01
200500069700,0,02,000,00,2,1,01,A01
200500069700,0,07,000,00,2,4,01,B01
200500069700,0,07,000,00,2,1,01,C01
200500069701,0,05,000,00,2,1,02,A01
200500069701,0,05,000,00,0,4,15,B01
200500069702,0,07,000,00,2,2,01,A01
200500069702,0,02,000,00,0,3,23,B01
200500069703,0,07,000,00,2,7,01,A01
200500069703,0,07,000,00,2,8,01,B01
200500069704,0,05,000,00,2,1,17,A01
200500069704,0,07,000,00,0,8,15,B01
200500069705,0,04,000,00,2,3,01,B01