Num_Acc,senc,catv,occutc,obs,obsm,choc,manv,num_veh
200500069705,0,07,000,00,2,7,01,A01
200500069706,0,07,000,06,0,1,01,A01
200500069707,0,07,000,00,2,3,10,A01
200500069707,0,05,000,00,2,5,01,B01
200500069708,0,02,000,00,2,1,01,A01
200500069708,1,07,000,00,0,0,01,B01
200500069709,0,07,000,01,0,1,01,A01
200500069710,0,07,000,00,2,3,15,A01
200500069710,0,05,000,00,2,1,01,B01
200500069711,0,07,000,01,0,2,16,A01
200500069712,0,05,000,00,2,1,02,A01
200500069712,0,07,000,00,2,4,23,B01
200500069713,0,07,000,00,2,1,02,A01
200500069713,0,07,000,00,0,4,23,B01
200500069714,0,07,000,00,2,1,01,A01
200500069714,0,07,000,00,2,9,01,B01
200500069714,0,07,000,00,0,4,23,C01
200500069715,0,07,000,00,2,8,01,B01
200500069715,0,07,000,00,2,1,01,A01
200500069716,0,07,000,00,2,8,14,A01
200500069716,0,13,000,00,2,1,15,B01
200500069717,0,05,000,00,2,1,02,A01
200500069717,0,07,000,00,0,4,01,B01
200500069718,0,02,000,00,1,1,01,A01
200500069719,0,07,000,00,1,2,01,A01
200500069720,0,07,000,00,2,1,02,A01
200500069720,0,07,000,00,0,4,01,B01
200500069721,0,07,000,00,2,1,02,A01
200500069721,0,05,000,00,0,4,01,B01
200500069721,0,07,000,00,0,4,01,C01
200500069722,0,01,000,00,2,1,02,A01
200500069722,0,07,000,00,9,4,20,B01
200500069723,0,07,000,00,2,8,15,A01
200500069723,0,05,000,00,2,1,17,B01
200500069724,0,05,000,00,2,2,02,A01
200500069724,0,07,000,00,0,4,01,B01
200500069725,0,07,000,00,1,2,15,A01
200500069726,0,07,000,00,2,1,15,A01
200500069726,0,02,000,00,2,1,17,B01
200500069727,0,07,000,00,2,1,02,A01
200500069727,0,07,000,00,2,4,01,B01
200500069727,0,07,000,00,0,4,01,C01
200500069728,0,07,000,00,0,4,01,A01
200500069728,0,07,000,00,2,1,02,B01
200500069729,0,07,000,08,2,0,00,A01
200500069729,0,07,000,00,0,4,24,B01
200500069730,0,07,000,00,1,0,04,A01
200500069731,1,07,000,00,1,0,16,A01
200500069732,0,07,000,04,0,1,01,A01
200500069733,0,07,000,04,0,6,12,A01
200500069734,0,07,000,00,0,9,02,A01
200500069735,0,07,000,04,0,3,21,A01
200500069736,0,07,000,00,2,6,11,A01
200500069736,0,05,000,00,2,2,01,B01
200500069737,0,07,000,00,0,4,23,A01
200500069737,0,07,000,00,2,4,23,B01
200500069737,0,10,000,00,2,1,02,C01
200500069738,0,05,000,00,2,1,03,B01
200500069738,0,07,000,00,2,8,11,A01
200500069739,0,05,000,04,0,3,13,A01
200500069740,0,07,000,00,2,4,01,A01
200500069740,0,05,000,00,2,1,01,B01
200500069741,0,07,000,00,2,2,23,A01
200500069741,0,07,000,00,2,4,02,B01
200500069741,0,07,000,00,2,1,02,C01
200500069742,0,07,000,00,2,6,09,A01
200500069742,0,17,000,00,2,2,02,B01
200500069743,0,05,000,00,2,1,03,A01
200500069743,0,07,000,00,2,5,02,B01
200500069744,0,07,000,00,2,4,02,A01
200500069744,0,07,000,00,2,1,02,B01
200500069745,0,07,000,00,0,4,01,A01
200500069745,0,05,000,00,2,3,03,B01
200500069746,0,05,000,00,2,2,03,B01
200500069746,0,07,000,00,2,3,11,A01
200500069746,0,07,000,00,2,6,02,C01
200500069747,0,07,000,00,2,7,22,A01
200500069747,0,05,000,00,2,1,18,B01
200500069747,0,17,000,00,0,6,02,C01
200500069748,0,07,000,00,2,7,12,A01
200500069748,0,05,000,00,2,8,03,B01
200500069749,0,05,000,00,0,0,03,A01
200500069750,0,07,000,00,2,9,02,A01
200500069750,0,05,000,00,2,1,02,F01
200500069750,0,15,000,00,2,0,02,B01
200500069750,0,07,000,00,2,1,02,C01
200500069750,0,07,000,00,2,1,02,D01
200500069750,0,16,000,00,2,4,02,E01
200500069751,0,07,000,00,2,4,02,A01
200500069751,0,07,000,00,2,1,02,B01
200500069752,0,07,000,00,2,8,11,B01
200500069752,0,05,000,00,2,2,18,A01
200500069753,0,07,000,00,0,6,11,A01
200500069753,0,05,000,00,2,1,02,B01
200500069754,0,05,000,00,0,0,21,A01
200500069755,0,05,000,00,0,8,02,A01
200500069756,0,07,000,03,0,6,12,A01
200500069756,0,05,000,00,2,1,02,B01
200500069756,0,07,000,00,2,1,02,C01
200500069757,0,07,000,00,2,4,01,A01
200500069757,0,07,000,00,2,4,01,B01
200500069757,0,07,000,00,2,1,01,C01
200500069758,0,07,000,00,0,8,02,A01
200500069758,0,07,000,00,0,6,02,B01
200500069758,0,05,000,00,2,7,11,C01
200500069759,0,99,000,00,2,1,02,A01
200500069759,0,07,000,00,2,4,02,B01
200500069759,0,07,000,00,0,4,02,C01
200500069760,0,07,000,00,2,2,12,A01
200500069760,0,05,000,00,2,1,03,B01
200500069761,0,10,000,00,0,6,11,A01
200500069761,0,05,000,00,2,2,03,B01
200500069762,0,14,000,04,0,1,02,A01
200500069763,0,05,000,00,0,2,02,A01
200500069764,0,07,000,04,2,7,14,A01
200500069764,0,99,000,13,2,3,01,B01
200500069765,0,15,000,00,2,7,12,A01
200500069765,0,07,000,00,2,8,11,B01
200500069765,0,07,000,00,2,1,02,C01
200500069766,0,07,000,00,2,7,01,A01
200500069766,0,07,000,03,2,3,09,B01
200500069766,0,07,000,03,0,1,01,C01
200500069766,0,07,000,14,0,1,01,D01
200500069767,0,07,000,00,2,6,24,A01
200500069767,0,07,000,01,0,2,01,B01
200500069768,0,04,000,04,0,7,21,A01
200500069769,0,07,000,04,0,2,17,A01
200500069769,0,17,000,00,0,6,01,B01
200500069769,0,07,000,14,0,3,17,C01
200500069770,0,07,000,13,0,8,00,A01
200500069771,0,05,000,04,0,1,00,A01
200500069772,0,04,000,00,0,0,03,A01
200500069772,0,07,000,00,2,0,01,B01
200500069773,0,10,000,00,2,1,02,A01
200500069773,0,07,000,00,0,4,02,B01
200500069774,0,07,000,00,2,8,11,A01
200500069774,0,05,000,00,2,7,17,B01
200500069775,0,02,000,00,0,8,21,A01
200500069775,0,05,000,00,0,8,21,B01
200500069776,0,14,000,00,2,6,09,A01
200500069776,0,07,000,03,2,2,21,B01
200500069776,0,07,000,03,2,7,21,C01
200500069777,0,07,000,00,0,4,23,A01
200500069777,0,10,000,00,2,4,21,B01
200500069777,0,10,000,00,2,4,21,C01
200500069777,0,07,000,00,2,1,21,D01
200500069778,0,10,000,00,1,3,12,A01
200500069778,0,07,000,00,1,1,02,B01
200500069778,0,07,000,00,1,1,02,C01
200500069778,0,07,000,00,1,1,02,D01
200500069779,0,07,000,00,2,5,12,A01
200500069779,0,05,000,00,2,8,00,B01
200500069780,0,07,000,00,0,6,11,A01
200500069780,0,05,000,00,2,1,02,B01
200500069781,0,04,000,07,2,3,02,A01
200500069781,0,07,000,00,0,0,00,B01
200500069782,0,05,000,00,0,8,02,A01
200500069783,0,07,000,00,0,4,12,A01
200500069783,0,05,000,00,2,1,18,B01
200500069784,0,07,000,00,2,7,01,A01
200500069784,0,05,000,01,0,1,13,B01
200500069784,1,15,000,00,0,0,00,C01
200500069785,0,07,000,00,6,1,21,A01
200500069785,0,07,000,14,0,4,21,B01
200500069785,0,07,000,14,2,1,01,C01
200500069786,0,07,000,00,2,4,02,A01
200500069786,0,05,000,00,2,1,02,B01
200500069787,0,05,000,00,2,0,02,A01
200500069788,0,05,000,00,0,7,02,A01
200500069789,0,07,000,00,2,4,02,A01
200500069789,0,04,000,00,2,4,02,B01
200500069789,0,07,000,00,2,1,11,C01
200500069790,1,07,000,00,2,7,12,A01
200500069790,0,05,000,00,2,3,02,B01
200500069790,0,07,000,00,2,4,02,C01
200500069791,0,07,000,04,0,2,01,A01
200500069792,0,07,000,00,0,0,00,A01
200500069793,0,07,000,04,0,6,02,A01
200500069794,0,07,000,00,2,1,02,A01
200500069794,0,07,000,00,0,4,02,B01
200500069795,0,07,000,00,0,1,21,A01
200500069796,0,05,000,00,2,1,01,A01
200500069796,0,07,000,00,0,4,01,B01
200500069797,0,07,000,00,2,2,12,A01
200500069797,0,07,000,00,2,6,23,B01
200500069797,0,07,000,00,2,4,23,C01
200500069798,0,07,000,00,0,4,02,A01
200500069798,0,05,000,00,2,1,02,B01
200500069799,0,05,000,00,2,1,01,A01
200500069799,0,07,000,00,0,0,00,B01
200500069800,0,15,000,04,0,3,02,A01
200500069801,0,15,000,00,2,2,14,A01
200500069801,0,07,000,00,2,8,01,B01
200500069802,0,07,000,00,0,4,00,A01
200500069802,0,07,000,00,2,1,01,B01
200500069803,0,07,000,04,2,2,21,A01
200500069804,0,07,000,00,2,2,14,B01
200500069804,0,07,000,00,2,8,01,A01
200500069805,0,07,000,03,0,2,02,A01
200500069806,0,07,000,00,2,6,00,A01
200500069806,0,15,000,00,2,2,12,B01
200500069806,0,07,000,00,2,5,21,C01
200500069807,0,05,000,04,0,7,16,A01
200500069808,0,07,000,00,2,2,12,A01
200500069808,0,07,000,00,2,3,00,B01
200500069809,0,07,000,01,2,4,02,C01
200500069809,0,07,000,00,2,4,02,D01
200500069809,0,15,000,00,2,1,02,A01
200500069809,0,15,000,00,2,4,02,B01
200500069810,0,07,000,03,2,2,13,A01
200500069810,0,07,000,00,2,4,02,F01
200500069810,0,18,001,00,0,6,02,B01
200500069810,0,07,000,00,2,8,02,C01
200500069810,0,07,000,00,2,4,02,D01
200500069810,0,10,000,00,2,1,02,E01
200500069811,0,07,000,00,2,3,13,A01
200500069811,0,07,000,00,0,3,01,B01
200500069811,0,05,000,00,0,7,01,C01
200500069812,0,05,000,00,2,1,01,A01
200500069812,0,07,000,00,0,4,01,B01
200500069813,0,05,000,00,0,7,01,A01
200500069813,0,10,000,00,0,8,11,B01
200500069814,0,07,000,00,2,2,19,A01
200500069814,0,07,000,00,2,2,21,B01
200500069815,0,05,000,00,0,0,01,A01
200500069815,0,07,000,00,2,1,02,B01
200500069816,0,07,000,04,0,1,01,A01
200500069817,0,07,000,03,0,3,02,A01
200500069818,0,07,000,00,2,6,02,A01
200500069818,0,07,000,00,2,8,02,B01
200500069818,0,04,000,00,2,1,03,C01
200500069819,0,07,000,00,5,4,23,A01
200500069819,0,14,000,14,0,2,02,B01
200500069820,0,13,000,00,0,4,01,A01
200500069820,0,10,000,00,2,1,12,B01
200500069821,0,07,000,04,2,6,01,A01
200500069821,0,07,000,04,2,3,09,B01
200500069822,0,07,000,00,2,1,00,A01
200500069822,0,10,000,00,0,7,01,B01
200500069823,0,04,000,04,0,3,01,A01
200500069824,0,05,000,00,2,3,02,A01
200500069824,0,07,000,00,0,4,23,B01
200500069825,0,05,000,00,2,2,03,A01
200500069825,0,07,000,00,2,8,22,B01
200500069825,0,07,000,00,2,7,23,C01
200500069826,0,07,000,00,2,1,02,A01
200500069826,0,07,000,00,0,4,23,B01
200500069827,0,07,000,00,0,8,11,A01
200500069827,0,07,000,00,2,2,02,B01
200500069828,0,07,000,00,2,1,02,A01
200500069828,0,07,000,00,2,4,02,B01
200500069828,0,07,000,00,0,4,02,C01
200500069829,0,05,000,00,0,0,00,A01
200500069830,0,07,000,04,6,0,13,A01
200500069831,0,07,000,00,2,1,00,A01
200500069831,0,07,000,00,0,4,00,B01
200500069832,0,07,000,00,0,4,01,A01
200500069832,0,14,000,00,2,1,02,B01
200500069833,0,07,000,00,2,3,11,A01
200500069833,0,15,000,00,2,1,01,B01
200500069834,0,07,000,00,0,0,00,A01
200500069835,0,07,000,00,2,1,21,A01
200500069835,0,07,000,00,0,4,01,B01
200500069836,0,07,000,00,2,4,00,A01
200500069836,0,07,000,00,2,1,14,B01
200500069837,0,07,000,00,0,0,01,A01
200500069837,0,07,000,00,0,0,01,B01
200500069837,0,07,000,00,0,0,01,C01
200500069838,0,05,000,00,0,7,18,A01
200500069839,0,07,000,00,0,4,02,A01
200500069839,0,15,000,00,2,2,02,B01
200500069840,0,05,000,00,2,8,18,A01
200500069840,0,07,000,00,2,2,12,B01
200500069841,0,05,000,00,0,0,01,A01
200500069842,0,07,000,00,0,0,01,A01
200500069842,0,07,000,00,2,0,01,B01
200500069842,0,07,000,00,2,0,01,C01
200500069842,0,07,000,00,2,0,01,D01
200500069843,0,14,000,00,2,1,12,A01
200500069843,0,10,000,00,2,4,23,B01
200500069843,0,10,000,00,0,4,23,C01
200500069843,0,07,000,00,0,4,23,D01
200500069844,0,07,000,00,2,1,02,A01
200500069844,0,13,000,00,0,4,02,B01
200500069845,0,17,000,03,0,2,21,A01
200500069845,0,07,000,00,9,1,01,B01
200500069845,0,07,000,00,9,1,01,C01
200500069846,0,05,000,00,2,1,03,A01
200500069846,0,07,000,00,0,4,11,B01
200500069847,0,05,000,00,2,3,21,B01
200500069847,0,07,000,00,0,0,00,A01
200500069848,0,07,000,00,2,1,01,A01
200500069848,0,07,000,00,0,4,01,B01
200500069849,0,07,000,00,0,9,00,A01
200500069850,0,07,000,00,2,1,01,A01
200500069850,0,07,000,00,0,4,01,B01
200500069850,0,07,000,00,0,4,01,C01
200500069851,0,07,000,00,0,6,13,A01
200500069852,0,07,000,04,0,4,09,A01
200500069852,0,07,000,04,0,1,21,B01
200500069853,0,07,000,00,0,4,02,A01
200500069853,0,07,000,00,2,1,02,B01
200500069853,0,07,000,00,2,4,02,C01
200500069853,0,07,000,00,2,1,02,D01
200500069854,0,07,000,00,0,4,02,A01
200500069854,0,07,000,00,2,1,02,B01
200500069855,0,07,000,00,2,1,02,A01
200500069855,0,15,000,00,0,4,02,B01
200500069856,0,07,000,00,2,3,19,A01
200500069856,0,07,000,00,2,8,02,B01
200500069857,0,15,000,00,2,1,02,A01
200500069857,0,14,000,00,2,4,02,B01
200500069857,1,07,000,00,2,0,02,C01
200500069858,0,10,000,00,2,3,01,A01
200500069858,0,07,000,00,2,5,01,B01
200500069859,0,07,000,00,2,1,10,A01
200500069859,0,14,000,00,2,4,02,B01
200500069860,0,07,000,00,2,5,02,A01
200500069860,0,05,000,00,2,3,09,B01
200500069861,0,05,000,00,2,3,03,A01
200500069861,0,10,000,00,2,8,02,B01
200500069861,0,07,000,00,2,3,02,C01
200500069861,0,07,000,00,2,2,17,D01
200500069862,0,05,000,00,2,8,02,A01
200500069862,1,07,000,00,0,0,00,B01
200500069863,0,07,000,00,0,4,01,A01
200500069863,0,07,000,00,2,4,01,B01
200500069863,2,07,000,00,2,1,01,C01
200500069864,0,07,000,03,0,3,21,A01
200500069864,0,07,000,00,2,3,02,B01
200500069864,0,15,000,00,2,1,02,C01
200500069865,0,07,000,00,2,9,05,A01
200500069865,0,07,000,00,0,9,01,B01
200500069865,0,07,000,00,0,0,02,C01
200500069865,0,07,000,00,0,0,01,D01
200500069865,0,07,000,00,0,0,01,E01
200500069866,0,07,000,00,2,5,11,A01
200500069866,0,05,000,00,2,1,03,B01
200500069867,0,07,000,00,0,1,19,A01
200500069867,0,04,000,00,0,1,09,B01
200500069868,0,07,000,03,0,1,01,A01
200500069869,0,07,000,00,0,1,21,A01
200500069869,0,07,000,00,0,1,21,B01
200500069869,0,07,000,00,0,9,11,C01
200500069870,0,07,000,00,2,4,00,A01
200500069870,0,07,000,00,2,1,23,B01
200500069871,0,07,000,00,2,4,01,A01
200500069871,0,07,000,00,2,4,02,B01
200500069871,0,07,000,00,2,9,02,C01
200500069871,0,07,000,00,2,9,02,D01
200500069871,0,13,000,00,2,1,02,E01
200500069872,0,07,000,04,0,1,21,A01
200500069873,0,05,000,00,2,1,02,A01
200500069873,0,07,000,00,0,6,02,B01
200500069874,0,05,000,00,0,0,00,A01
200500069875,0,07,000,00,0,0,02,A01
200500069876,0,07,000,00,2,7,14,A01
200500069876,0,07,000,00,2,8,02,B01
200500069877,0,05,000,00,2,8,03,A01
200500069878,0,07,000,00,1,9,21,A01
200500069879,0,07,000,04,0,1,13,A01
200500069880,0,07,000,03,0,1,01,A01
200500069881,0,07,000,00,0,5,00,A01
200500069881,0,04,000,00,2,1,18,B01
200500069882,0,07,000,03,0,3,01,A01
200500069883,0,05,000,00,2,1,03,A01
200500069883,0,07,000,00,0,4,12,B01
200500069884,0,03,000,00,0,0,00,A01
200500069885,0,14,000,00,2,2,12,A01
200500069885,0,07,000,00,0,3,01,B01
200500069886,0,03,000,00,0,0,02,A01
200500069887,0,05,000,00,2,3,03,A01
200500069887,0,07,000,00,2,2,02,B01
200500069888,0,05,000,03,2,7,17,A01
200500069888,0,07,000,00,2,8,14,B01
200500069889,0,07,000,13,2,1,02,A01
200500069889,0,07,000,00,2,4,02,B01
200500069889,0,07,000,00,0,4,02,C01
200500069890,0,05,000,00,2,9,03,A01
200500069890,0,07,000,00,0,4,01,B01
200500069891,0,07,000,00,2,1,02,A01
200500069891,0,07,000,00,2,1,02,B01
200500069891,0,07,000,00,2,3,11,C01
200500069891,0,07,000,00,0,4,23,D01
200500069892,0,07,000,04,2,6,11,A01
200500069892,0,15,000,00,2,2,12,B01
200500069893,0,07,000,04,2,3,11,A01
200500069893,0,07,000,03,0,1,01,B01
200500069894,0,07,000,00,2,4,02,B01
200500069894,0,05,000,00,2,1,02,A01
200500069895,0,05,000,00,2,3,03,A01
200500069895,0,07,000,00,0,4,02,B01
200500069896,0,07,000,04,0,2,02,A01
200500069897,0,05,000,14,2,5,03,A01
200500069897,0,07,000,00,0,4,11,B01
200500069897,0,07,000,00,0,4,23,C01
200500069898,1,07,000,00,2,2,12,A01
200500069898,0,07,000,00,0,4,01,B01
200500069899,0,05,000,00,2,2,02,A01
200500069900,0,05,000,00,2,7,01,B01
200500069900,0,07,000,00,2,3,11,A01
200500069901,0,05,000,00,2,8,01,A01
200500069901,1,07,000,00,2,7,12,B01
200500069902,0,07,000,00,2,8,21,B01
200500069902,0,07,000,00,2,2,12,A01
200500069903,0,17,000,00,0,8,01,A01
200500069904,0,07,000,00,2,1,02,A01
200500069904,0,07,000,00,0,4,02,B01
200500069904,0,07,000,00,0,4,02,C01
200500069905,0,12,000,00,2,2,01,A01
200500069905,0,07,000,00,0,6,01,B01
200500069906,0,07,000,00,2,1,01,A01
200500069906,0,07,000,00,0,4,01,B01
200500069907,0,07,000,00,2,1,02,A01
200500069907,0,07,000,00,2,1,02,B01
200500069907,0,07,000,00,2,1,02,C01
200500069907,0,07,000,00,0,1,02,D01
200500069908,0,07,000,00,2,3,02,A01
200500069908,0,07,000,00,0,4,02,B01
200500069909,0,05,000,00,0,7,02,A01
200500069910,0,07,000,00,0,6,11,B01
200500069910,0,05,000,00,2,1,03,A01
200500069911,0,05,000,00,2,1,02,A01
200500069911,0,07,000,00,2,4,02,B01
200500069912,0,07,000,00,2,4,02,B01
200500069912,0,99,000,00,2,1,02,A01
200500069913,0,07,000,00,9,5,12,B01
200500069913,0,02,000,00,2,1,03,A01
200500069914,0,07,000,04,0,1,02,A01
200500069915,0,07,000,00,2,1,02,A01
200500069915,0,07,000,00,2,4,02,B01
200500069916,0,07,000,00,0,0,11,B01
200500069916,0,05,000,00,0,0,03,A01
200500069917,0,15,000,06,0,8,00,A01
200500069918,0,07,000,00,1,4,02,B01
200500069918,0,07,000,00,2,1,02,A01
200500069919,0,07,000,00,2,4,02,B01
200500069919,0,07,000,00,2,1,17,A01
200500069920,0,05,000,00,2,3,00,A01
200500069920,0,07,000,00,2,6,00,B01
200500069921,0,05,000,00,2,1,03,A01
200500069921,0,07,000,00,0,5,00,B01
200500069922,0,07,000,00,2,1,02,B01
200500069922,0,05,000,00,2,1,03,A01
200500069922,0,07,000,00,2,4,02,C01
200500069923,0,07,000,04,0,1,00,A01
200500069924,0,07,000,04,2,1,02,A01
200500069924,0,05,000,00,0,7,02,B01
200500069924,0,05,000,00,0,4,02,C01
200500069925,0,05,000,00,0,7,00,A01
200500069926,0,07,000,00,0,0,00,A01
200500069927,0,07,000,00,2,1,02,A01
200500069927,0,07,000,00,0,4,01,B01
200500069928,0,07,000,00,2,1,02,A01
200500069928,0,07,000,00,0,4,01,B01
200500069929,0,10,000,03,0,7,00,A01
200500069930,0,07,000,16,0,9,14,A01
200500069931,0,07,000,00,2,4,21,A01
200500069931,0,07,000,00,2,1,02,B01
200500069931,0,07,000,00,2,1,02,C01
200500069931,0,07,000,00,2,1,02,D01
200500069932,0,07,000,15,0,1,01,A01
200500069933,0,17,000,00,2,2,12,A01
200500069933,0,07,000,00,0,6,01,B01
200500069934,0,07,000,00,2,4,02,A01
200500069934,0,07,000,00,2,4,02,B01
200500069934,0,07,000,00,2,1,02,C01
200500069935,0,07,000,00,2,6,02,A01
200500069935,0,05,000,00,2,1,02,B01
200500069936,0,07,000,00,0,9,21,A01
200500069937,0,07,000,00,0,9,02,A01
200500069938,0,07,000,00,2,5,21,A01
200500069938,0,05,000,00,2,3,03,B01
200500069938,0,99,000,00,2,3,02,C01
200500069939,0,07,000,00,2,6,11,A01
200500069939,0,05,000,04,2,7,21,B01
200500069940,0,07,000,00,0,3,13,A01
200500069940,0,05,000,00,2,2,03,B01
200500069940,0,07,000,00,2,5,02,C01
200500069941,0,07,000,00,2,4,12,A01
200500069941,0,05,000,00,2,1,03,B01
200500069942,0,05,000,00,2,8,03,A01
200500069942,0,07,000,00,2,7,12,B01
200500069943,0,07,000,04,2,1,21,A01
200500069943,0,07,000,00,2,3,13,B01
200500069944,0,05,000,00,0,7,21,A01
200500069945,0,14,000,00,0,2,12,A01
200500069945,0,07,000,00,0,3,01,B01
200500069946,0,07,000,00,0,4,01,A01
200500069946,0,15,000,00,2,1,02,B01
200500069947,2,07,000,13,2,3,13,A01
200500069947,0,07,000,16,0,5,19,B01
200500069948,0,07,000,00,2,7,14,A01
200500069948,0,04,000,00,2,8,01,B01
200500069949,0,05,000,00,2,1,14,B01
200500069949,0,07,000,00,2,5,01,A01
200500069950,0,07,000,00,1,2,21,A01
200500069951,0,07,000,00,0,4,01,A01
200500069951,0,07,000,00,2,1,02,B01
200500069951,0,07,000,00,2,1,02,C01
200500069951,0,07,000,00,2,1,02,D01
200500069952,0,07,000,00,2,5,12,A01
200500069952,0,05,000,00,2,3,18,B01
200500069953,0,07,000,07,0,1,14,A01
200500069954,0,07,000,00,2,6,11,A01
200500069954,0,04,000,00,2,1,01,B01
200500069955,0,07,000,00,0,4,21,A01
200500069955,0,07,000,00,2,1,21,B01
200500069955,0,07,000,00,2,4,21,C01
200500069955,0,07,000,00,2,5,21,D01
200500069955,0,14,000,00,2,1,21,E01
200500069956,0,07,000,00,0,7,11,A01
200500069956,0,05,000,00,0,1,18,B01
200500069957,0,10,000,00,0,1,13,A01
200500069958,0,05,000,00,0,0,17,A01
200500069958,0,10,000,00,0,0,01,B01
200500069959,0,07,000,00,2,2,02,A01
200500069959,0,15,000,00,0,6,02,B01
200500069960,0,17,000,04,0,3,00,A01
200500069961,0,05,000,00,0,2,03,A01
200500069962,0,07,000,04,0,1,01,A01
200500069963,0,07,000,00,0,0,11,A01
200500069963,0,05,000,00,0,7,03,B01
200500069964,0,05,000,00,2,1,02,A01
200500069964,0,07,000,00,0,6,01,B01
200500069965,0,05,000,00,0,7,21,A01
200500069966,0,10,000,00,0,4,01,A01
200500069966,0,07,000,00,2,1,02,B01
200500069967,0,07,000,00,0,6,01,A01
200500069967,0,05,000,00,2,3,03,B01
200500069967,0,10,000,00,2,2,12,C01
200500069968,0,07,000,00,0,4,01,A01
200500069968,0,07,000,00,2,1,02,B01
200500069969,0,05,000,00,2,2,03,A01
200500069969,0,07,000,00,2,8,13,B01
200500069969,0,07,000,00,0,5,01,C01
200500069970,0,07,000,00,0,6,09,A01
200500069970,0,07,000,00,2,2,02,B01
200500069971,0,07,000,13,0,4,15,A01
200500069972,0,07,000,00,0,6,11,A01
200500069972,0,05,000,00,2,1,18,B01
200500069973,0,10,000,00,0,4,01,A01
200500069973,0,10,000,00,2,4,02,B01
200500069973,0,07,000,00,2,4,02,C01
200500069973,0,07,000,00,2,1,02,D01
200500069974,2,07,000,00,2,1,01,A01
200500069974,0,07,000,03,0,4,01,B01
200500069975,0,07,000,00,2,1,21,A01
200500069975,0,07,000,00,0,4,01,B01
200500069976,0,07,000,00,2,1,02,A01
200500069976,0,07,000,00,0,4,01,B01
200500069977,0,07,000,00,0,7,01,A01
200500069977,0,07,000,00,2,8,17,B01
200500069978,0,07,000,00,2,8,11,A01
200500069978,0,05,000,00,2,7,03,B01
200500069979,0,14,000,00,2,2,12,A01
200500069979,0,07,000,00,2,6,01,B01
200500069979,0,07,000,00,2,1,01,C01
200500069980,0,07,000,00,2,4,01,A01
200500069980,0,07,000,00,2,1,02,B01
200500069981,0,07,000,00,9,6,13,A01
200500069981,0,05,000,00,2,2,01,B01
200500069982,0,07,000,00,0,9,00,A01
200500069983,0,07,000,00,2,1,09,A01
200500069983,0,07,000,00,2,9,01,B01
200500069983,0,07,000,00,2,7,01,C01
200500069984,0,15,000,00,2,3,09,A01
200500069984,0,07,000,00,0,5,17,B01
200500069985,0,07,000,04,0,3,01,A01
200500069986,1,07,000,00,2,8,18,A01
200500069986,0,07,000,00,2,7,01,B01
200500069987,0,07,000,00,9,0,09,A01
200500069987,0,05,000,00,2,0,01,B01
200500069988,0,07,000,00,2,1,15,A01
200500069988,0,07,000,00,2,1,01,B01
200500069989,0,07,000,00,2,2,09,A01
200500069989,0,07,000,00,2,1,00,B01
200500069989,0,07,000,00,2,0,01,C01
200500069990,0,04,000,00,2,0,01,B01
200500069990,0,07,000,00,9,0,09,A01
200500069991,0,07,000,00,2,1,01,A01
200500069991,0,07,000,00,2,3,02,B01
200500069992,0,07,000,00,2,1,01,A01
200500069992,0,07,000,00,2,4,02,B01
200500069993,0,04,000,00,1,0,00,A01
200500069994,0,07,000,00,2,1,01,A01
200500069994,0,07,000,00,2,4,02,B01
200500069995,1,99,000,00,0,0,00,A01
200500069996,0,07,000,00,2,5,01,A01
200500069996,0,07,000,00,2,2,01,B01
200500069997,0,07,000,00,2,1,01,A01
200500069997,0,07,000,00,2,2,01,B01
200500069998,0,07,000,06,0,1,01,A01
200500069999,0,07,000,00,0,9,01,A01
200500070000,0,07,000,00,2,1,01,A01
200500070000,0,07,000,00,2,4,02,B01
200500070001,0,07,000,00,9,1,09,A01
200500070001,0,06,000,00,2,0,01,B01
200500070002,0,07,000,12,0,0,01,A01
200500070003,0,07,000,00,2,4,01,B01
200500070003,0,07,000,00,1,1,01,C01
200500070003,0,07,000,00,2,3,05,A01
200500070004,0,07,000,00,2,3,01,A01
200500070004,0,07,000,00,2,0,01,B01
200500070004,0,07,000,00,2,0,01,C01
200500070005,1,99,000,00,0,0,00,A01
200500070005,0,07,000,00,0,4,01,B01
200500070006,0,07,000,00,1,0,01,A01
200500070006,0,07,000,00,0,0,01,B01
200500070007,0,07,000,01,0,1,01,A01
200500070008,0,07,000,00,2,1,01,A01
200500070008,0,07,000,00,0,4,02,B01
200500070009,0,07,000,00,2,1,01,A01
200500070009,0,07,000,00,0,4,01,B01
200500070010,0,07,000,00,2,1,01,A01
200500070010,0,07,000,00,0,4,01,B01
200500070011,0,07,000,04,0,2,14,A01
200500070012,0,07,000,00,2,2,15,A01
200500070012,0,05,000,00,2,1,17,B01
200500070013,0,15,000,00,2,1,12,A01
200500070013,0,07,000,00,0,8,01,B01
200500070014,0,07,000,00,0,3,01,A01
200500070014,0,05,000,00,2,4,02,B01
200500070015,0,07,000,00,2,3,11,A01
200500070015,0,18,036,00,2,2,07,B01
200500070016,0,14,000,00,2,2,15,A01
200500070016,0,07,000,00,0,7,15,B01
200500070017,0,02,000,00,2,1,13,A01
200500070017,0,07,000,00,2,1,01,B01
200500070017,0,07,000,00,2,1,01,C01
200500070018,0,05,000,00,0,0,01,A01
200500070019,0,07,000,04,0,1,00,A01
200500070020,0,07,000,00,0,1,00,A01
200500070021,0,07,000,04,0,8,00,A01
200500070022,0,07,000,03,0,1,01,A01