Num_Acc,senc,catv,occutc,obs,obsm,choc,manv,num_veh
200500070023,0,15,000,00,0,1,00,A01
200500070023,0,14,000,00,0,4,00,B01
200500070023,0,07,000,00,0,4,00,C01
200500070023,0,07,000,00,0,4,00,D01
200500070024,1,17,000,00,2,2,12,A01
200500070024,0,07,000,00,2,6,01,B01
200500070024,0,17,000,00,0,3,01,C01
200500070024,0,07,000,04,2,7,01,D01
200500070024,0,07,000,00,0,8,01,E01
200500070025,0,07,000,00,2,4,12,A01
200500070025,0,05,000,00,2,1,01,B01
200500070026,0,07,000,03,0,2,02,A01
200500070027,0,17,000,00,2,6,11,A01
200500070027,0,05,000,03,2,7,02,B01
200500070028,0,07,000,00,0,9,01,A01
200500070029,0,07,000,03,2,1,14,A01
200500070029,0,10,000,00,0,4,02,B01
200500070030,0,10,000,03,0,2,17,A01
200500070031,0,07,000,00,2,3,00,A01
200500070031,0,07,000,00,0,2,01,B01
200500070032,0,07,000,03,0,1,00,A01
200500070033,0,05,000,00,0,4,00,A01
200500070034,1,07,000,00,0,0,14,A01
200500070034,0,07,000,04,0,3,01,B01
200500070035,0,99,000,03,2,2,14,A01
200500070035,0,14,000,00,0,8,01,B01
200500070035,0,17,000,03,0,8,01,C01
200500070036,0,07,000,00,2,1,02,A01
200500070036,0,07,000,00,0,4,02,B01
200500070037,0,05,000,00,2,1,00,A01
200500070037,0,07,000,00,0,4,00,B01
200500070038,0,07,000,00,2,1,02,A01
200500070038,0,07,000,00,0,4,02,B01
200500070039,0,17,000,00,2,2,12,A01
200500070039,0,07,000,04,2,8,01,B01
200500070040,0,07,000,00,2,1,03,A01
200500070040,0,07,000,00,0,6,00,B01
200500070041,0,07,000,03,0,1,14,A01
200500070042,0,05,000,00,2,2,01,B01
200500070042,0,07,000,00,0,0,01,A01
200500070043,0,07,000,13,0,2,00,A01
200500070044,0,07,000,00,2,2,12,A01
200500070044,0,07,000,00,0,6,01,B01
200500070045,0,10,000,00,2,1,02,A01
200500070045,0,15,000,00,0,4,02,B01
200500070046,0,07,000,00,0,8,01,A01
200500070046,0,15,000,00,2,7,12,B01
200500070046,0,07,000,00,0,8,01,C01
200500070047,0,15,000,00,2,2,12,A01
200500070047,0,07,000,03,2,3,01,B01
200500070048,0,15,000,00,2,6,11,A01
200500070048,0,07,000,00,2,2,00,B01
200500070049,0,07,000,00,2,1,02,A01
200500070049,0,07,000,00,0,4,02,B01
200500070050,0,15,000,00,0,4,09,A01
200500070050,0,07,000,00,2,1,01,B01
200500070051,0,07,000,03,0,3,09,A01
200500070051,0,17,000,00,2,8,01,B01
200500070051,0,17,000,00,2,7,17,C01
200500070052,0,07,000,00,0,1,01,A01
200500070052,0,07,000,00,2,4,01,B01
200500070053,0,05,000,00,2,7,01,A01
200500070053,1,07,000,00,2,8,11,B01
200500070054,0,17,000,06,0,3,01,A01
200500070055,0,07,000,00,0,4,01,A01
200500070055,0,07,000,01,2,4,02,B01
200500070055,0,07,000,01,2,1,01,C01
200500070056,0,07,000,04,0,1,01,A01
200500070057,0,07,000,03,0,1,17,A01
200500070057,0,07,000,01,0,1,14,B01
200500070057,0,07,000,00,0,4,23,C01
200500070058,0,07,000,03,0,1,14,A01
200500070059,0,07,000,00,2,2,21,A01
200500070059,0,07,000,00,0,4,01,B01
200500070059,0,07,000,00,2,1,01,C01
200500070060,0,07,000,00,0,4,01,B01
200500070060,0,07,000,00,2,1,01,C01
200500070060,0,07,000,00,2,1,01,A01
200500070061,0,07,000,03,0,1,14,A01
200500070062,0,07,000,00,2,4,00,A01
200500070062,0,07,000,03,2,4,00,B01
200500070063,0,07,000,04,0,1,13,A01
200500070064,0,07,000,04,0,1,13,A01
200500070065,0,07,000,00,2,3,17,A01
200500070065,0,07,000,04,2,3,21,B01
200500070066,0,05,000,00,0,0,01,A01
200500070067,0,15,000,03,0,2,01,A01
200500070068,0,15,000,00,2,2,03,A01
200500070068,0,07,000,04,2,9,03,B01
200500070068,0,07,000,00,2,1,00,C01
200500070069,0,05,000,00,0,8,01,A01
200500070070,0,15,000,00,0,0,00,A01
200500070070,0,07,000,14,0,2,01,B01
200500070070,0,07,000,00,2,1,01,C01
200500070071,0,07,000,00,0,4,01,A01
200500070071,1,07,000,00,2,1,11,B01
200500070072,0,07,000,00,2,1,01,A01
200500070072,0,07,000,00,0,4,01,B01
200500070073,0,07,000,00,2,1,01,A01
200500070073,0,07,000,00,0,4,01,B01
200500070074,0,05,000,00,2,5,09,A01
200500070074,0,07,000,00,2,5,01,B01
200500070074,0,07,000,14,0,1,21,C01
200500070075,0,07,000,00,0,2,02,A01
200500070075,0,07,000,00,0,6,02,B01
200500070076,0,07,000,00,0,3,01,A01
200500070077,0,07,000,04,0,1,11,A01
200500070078,0,07,000,00,2,2,01,A01
200500070078,0,07,000,00,2,1,01,B01
200500070079,0,07,000,00,2,2,01,A01
200500070079,0,02,000,00,2,1,01,B01
200500070080,0,07,000,00,1,1,15,A01
200500070081,0,07,000,00,2,8,15,A01
200500070081,0,07,000,00,2,2,01,B01
200500070082,0,07,000,00,2,3,09,A01
200500070082,0,05,000,00,2,1,01,B01
200500070083,0,01,000,12,0,1,01,A01
200500070084,0,07,000,00,2,5,16,A01
200500070084,0,02,000,00,2,8,01,B01
200500070085,0,07,000,00,2,1,01,A01
200500070085,0,07,000,00,2,4,23,B01
200500070085,0,07,000,00,2,4,23,C01
200500070086,0,07,000,00,1,1,01,A01
200500070087,0,07,000,00,2,1,01,A01
200500070087,0,07,000,00,2,4,02,B01
200500070087,0,07,000,00,2,4,02,C01
200500070088,0,07,000,00,2,4,04,A01
200500070088,0,02,000,00,2,1,01,B01
200500070089,0,07,000,00,1,1,01,A01
200500070089,0,07,000,00,2,7,01,B01
200500070090,0,07,000,00,2,8,01,A01
200500070090,0,05,000,01,2,7,01,B01
200500070091,0,07,000,00,2,2,16,A01
200500070091,0,01,000,00,2,4,01,B01
200500070092,0,07,000,00,1,1,01,A01
200500070093,0,07,000,00,2,3,15,A01
200500070093,0,07,000,00,2,1,01,B01
200500070094,0,01,000,00,2,7,01,A01
200500070095,0,07,000,00,1,8,01,A01
200500070096,0,07,000,00,2,1,02,A01
200500070096,0,07,000,00,0,4,15,B01
200500070097,0,07,000,00,1,1,01,A01
200500070098,0,07,000,00,2,3,21,A01
200500070098,0,07,000,00,0,4,23,B01
200500070099,0,17,000,04,0,3,13,A01
200500070100,0,17,000,00,2,1,21,A01
200500070100,0,17,000,00,2,4,21,B01
200500070100,0,17,000,00,2,0,21,C01
200500070101,0,16,000,00,2,2,14,A01
200500070101,0,07,000,00,0,6,21,B01
200500070101,0,07,000,00,2,1,21,C01
200500070102,0,17,000,00,2,2,14,A01
200500070102,0,07,000,00,0,6,21,B01
200500070103,0,07,000,04,0,8,16,A01
200500070104,0,07,000,00,0,4,14,A01
200500070104,0,07,000,00,2,1,21,B01
200500070105,0,10,000,07,0,9,14,A01
200500070105,0,07,000,00,0,1,21,B01
200500070106,0,07,000,00,2,1,21,A01
200500070106,0,07,000,00,0,4,21,B01
200500070107,0,07,000,04,0,1,13,A01
200500070108,0,07,000,04,0,1,13,A01
200500070108,0,07,000,00,2,1,21,B01
200500070108,1,07,000,00,2,1,17,C01
200500070109,0,07,000,04,0,3,13,A01
200500070110,0,05,000,00,2,8,21,B01
200500070111,0,07,000,00,2,1,09,A01
200500070111,0,10,000,03,0,7,21,B01
200500070112,0,14,000,00,2,2,12,A01
200500070112,0,07,000,00,2,6,21,B01
200500070112,0,07,000,00,2,1,21,C01
200500070113,0,07,000,04,0,1,13,A01
200500070114,0,07,000,00,2,5,12,A01
200500070114,0,05,000,00,2,8,18,B01
200500070115,0,07,000,00,2,1,21,A01
200500070115,0,15,000,00,0,0,21,B01
200500070116,0,05,000,05,0,1,16,A01
200500070117,0,07,000,00,0,0,21,A01
200500070118,0,05,000,00,0,0,21,A01
200500070119,0,10,000,00,0,0,21,A01
200500070119,0,07,000,00,0,1,21,B01
200500070119,0,07,000,00,5,1,21,C01
200500070119,0,07,000,00,0,0,21,D01
200500070120,0,07,000,00,2,0,21,A01
200500070120,0,12,000,03,2,1,21,B01
200500070121,0,07,000,00,1,1,01,A01
200500070122,0,07,000,00,2,5,02,A01
200500070122,0,02,000,00,2,1,02,B01
200500070123,0,05,000,00,2,1,01,A01
200500070123,0,07,000,00,2,6,15,B01
200500070124,0,07,000,00,1,1,09,A01
200500070125,0,05,000,00,9,0,01,A01
200500070125,0,07,000,00,0,0,01,B01
200500070126,0,07,000,00,2,1,01,A01
200500070126,0,07,000,00,2,4,01,B01
200500070126,0,07,000,00,0,4,01,C01
200500070127,0,07,000,08,0,3,13,A01
200500070128,0,07,000,00,2,1,14,A01
200500070128,0,07,000,00,0,3,01,F01
200500070128,0,17,000,00,2,6,01,B01
200500070128,0,07,000,00,2,4,01,C01
200500070128,0,07,000,00,2,1,01,D01
200500070128,0,07,000,00,2,1,14,E01
200500070129,0,07,000,03,0,8,01,A01
200500070129,1,15,000,00,2,2,12,B01
200500070129,0,07,000,00,2,2,01,C01
200500070130,0,07,000,00,0,4,01,A01
200500070130,0,07,000,03,2,1,02,B01
200500070130,0,07,000,03,0,4,23,C01
200500070130,0,10,000,00,2,1,02,D01
200500070131,0,07,000,00,0,4,01,A01
200500070131,0,07,000,00,2,1,02,B01
200500070132,0,07,000,00,0,6,01,A01
200500070132,0,17,000,00,2,2,12,B01
200500070133,0,17,000,00,2,5,12,A01
200500070133,0,07,000,00,0,3,01,B01
200500070133,0,07,000,00,2,1,01,C01
200500070134,0,07,000,03,0,3,21,A01
200500070135,0,07,000,00,0,4,23,A01
200500070135,0,07,000,00,2,1,02,B01
200500070136,0,17,000,13,2,5,14,A01
200500070136,0,07,000,13,0,8,01,B01
200500070137,0,05,000,00,0,7,21,A01
200500070137,1,07,000,00,0,0,11,B01
200500070138,0,07,000,00,2,7,17,A01
200500070138,0,07,000,00,2,1,01,B01
200500070139,0,05,000,03,2,1,11,A01
200500070139,0,07,000,03,2,6,01,B01
200500070140,0,14,000,00,2,1,01,B01
200500070140,0,07,000,00,0,0,17,A01
200500070140,0,07,000,00,0,4,01,C01
200500070141,0,07,000,00,0,4,02,B01
200500070141,0,05,000,00,2,1,02,A01
200500070142,0,07,000,00,2,4,02,B01
200500070142,0,07,000,00,2,1,02,A01
200500070142,0,07,000,00,0,4,02,C01
200500070143,0,07,000,03,0,1,01,B01
200500070143,0,07,000,00,0,3,17,C01
200500070143,0,07,000,00,0,0,17,A01
200500070144,0,07,000,00,0,8,23,A01
200500070145,0,10,000,04,0,8,14,A01
200500070146,0,07,000,03,0,3,01,A01
200500070147,0,07,000,00,6,1,01,A01
200500070148,0,07,000,13,0,1,21,A01
200500070149,0,07,000,00,2,2,15,A01
200500070149,0,07,000,00,2,1,01,B01
200500070150,0,07,000,00,2,3,15,A01
200500070150,0,05,000,00,2,1,17,B01
200500070151,0,05,000,00,2,1,01,A01
200500070151,0,07,000,00,2,3,01,B01
200500070152,0,07,000,04,0,2,01,A01
200500070153,0,07,000,00,2,1,01,B01
200500070153,0,14,000,00,0,0,24,C01
200500070153,0,05,000,00,2,8,15,A01
200500070154,0,04,000,00,2,1,01,A01
200500070154,0,07,000,00,2,2,15,B01
200500070155,0,07,000,00,1,2,01,A01
200500070156,0,10,000,00,2,7,01,B01
200500070156,0,10,000,00,2,1,01,A01
200500070157,0,07,000,00,2,1,15,A01
200500070157,0,05,000,00,2,8,01,B01
200500070158,0,07,000,00,2,1,01,A01
200500070158,0,07,000,00,2,4,23,B01
200500070159,0,10,000,00,1,2,15,A01
200500070160,0,07,000,00,1,1,01,A01
200500070161,0,07,000,00,2,3,13,A01
200500070161,0,07,000,00,2,1,01,B01
200500070162,0,07,000,00,1,1,01,A01
200500070163,0,07,000,15,0,1,01,A01
200500070164,0,07,000,00,2,1,09,A01
200500070164,0,01,000,00,2,3,01,B01
200500070165,0,07,000,00,2,1,15,A01
200500070165,0,05,000,00,2,1,01,B01
200500070166,0,19,000,00,1,2,01,A01
200500070167,0,05,000,00,1,1,01,A01
200500070168,0,07,000,00,1,1,01,A01
200500070169,0,07,000,00,1,1,01,A01
200500070170,0,05,000,00,2,1,01,B01
200500070170,0,07,000,00,2,8,15,A01
200500070171,0,07,000,00,2,1,00,A01
200500070171,0,07,000,01,2,4,20,B01
200500070172,0,01,000,00,2,1,19,A01
200500070172,0,07,000,00,2,7,01,B01
200500070173,1,07,000,00,1,3,01,A01
200500070174,0,07,000,00,2,1,01,A01
200500070174,0,07,000,00,2,4,01,B01
200500070175,0,07,000,00,1,3,15,A01
200500070176,0,07,000,00,2,4,01,B01
200500070176,0,14,000,00,0,8,00,C01
200500070176,0,07,000,00,2,1,02,A01
200500070177,0,07,000,00,0,4,02,B01
200500070177,0,07,000,00,2,1,02,A01
200500070178,0,07,000,00,2,1,01,A01
200500070178,0,07,000,00,2,3,16,B01
200500070179,0,07,000,04,0,3,13,A01
200500070180,0,20,000,00,2,8,13,A01
200500070180,0,07,000,00,2,7,01,B01
200500070180,0,05,000,00,2,1,02,C01
200500070181,0,10,000,00,2,1,01,A01
200500070181,0,07,000,00,0,4,01,B01
200500070182,0,07,000,04,0,2,15,A01
200500070183,0,07,000,04,0,9,02,A01
200500070184,0,07,000,00,2,1,02,A01
200500070184,0,07,000,00,0,4,02,B01
200500070185,0,07,000,03,0,3,01,A01
200500070186,0,07,000,04,0,1,01,A01
200500070187,0,07,000,14,0,1,02,A01
200500070187,0,07,000,00,2,7,02,B01
200500070188,0,07,000,13,0,2,16,A01
200500070189,0,07,000,00,2,3,02,A01
200500070189,0,07,000,00,0,5,02,B01
200500070189,0,07,000,00,0,4,02,C01
200500070190,0,05,000,12,0,1,21,A01
200500070191,0,15,000,03,0,2,02,A01
200500070192,0,07,000,00,1,1,01,A01
200500070193,0,10,000,00,2,1,02,A01
200500070193,0,15,000,00,0,4,02,B01
200500070194,0,17,000,00,2,1,02,A01
200500070194,0,17,000,00,0,4,01,B01
200500070195,0,05,000,00,2,3,00,A01
200500070195,0,07,000,00,2,2,09,B01
200500070196,0,07,000,04,2,3,01,A01
200500070196,1,07,000,00,2,2,12,B01
200500070197,1,14,000,00,2,5,00,A01
200500070197,0,05,000,00,2,3,03,B01
200500070198,0,07,000,00,2,2,02,A01
200500070198,0,07,000,00,2,3,02,B01
200500070199,0,05,000,00,0,8,01,A01
200500070200,0,07,000,00,2,1,01,A01
200500070200,0,07,000,00,2,4,01,B01
200500070200,0,07,000,00,0,4,01,C01
200500070201,0,07,000,00,0,4,11,A01
200500070201,0,05,000,00,2,1,01,B01
200500070202,0,07,000,00,2,1,21,A01
200500070202,0,07,000,00,0,4,01,B01
200500070202,0,07,000,00,0,4,01,C01
200500070203,0,07,000,00,0,6,02,B01
200500070203,0,10,000,00,2,2,12,A01
200500070204,0,07,000,00,2,1,02,A01
200500070204,0,07,000,03,2,4,02,B01
200500070205,0,07,000,00,2,7,01,B01
200500070205,0,07,000,00,2,3,02,C01
200500070205,1,15,000,00,2,3,14,A01
200500070206,0,04,000,00,2,1,19,A01
200500070206,0,07,000,00,9,2,01,B01
200500070207,0,07,000,00,0,4,01,B01
200500070207,0,07,000,00,2,1,17,A01
200500070207,0,07,000,14,0,1,11,C01
200500070208,0,03,000,03,0,7,01,A01
200500070209,0,17,000,04,0,9,01,A01
200500070209,0,07,000,00,9,2,01,B01
200500070210,0,07,000,04,0,1,12,A01
200500070211,0,07,000,00,2,1,02,A01
200500070211,0,07,000,00,0,4,02,B01
200500070212,0,05,000,00,0,8,01,A01
200500070213,0,07,000,04,0,3,02,A01
200500070214,0,07,000,04,0,5,00,A01
200500070215,0,07,000,04,0,1,00,A01
200500070216,0,07,000,00,2,4,01,A01
200500070216,1,07,000,00,0,0,11,B01
200500070217,0,13,000,00,2,1,02,A01
200500070217,0,07,000,00,9,4,02,B01
200500070218,0,05,000,03,0,0,02,A01
200500070219,0,05,000,04,0,0,01,A01
200500070220,0,07,000,00,2,1,02,A01
200500070220,0,07,000,00,2,4,02,B01
200500070221,0,15,000,04,2,2,01,A01
200500070221,0,07,000,04,2,3,01,B01
200500070222,0,07,000,00,2,1,01,A01
200500070222,0,07,000,00,0,8,01,B01
200500070222,0,07,000,00,0,4,01,C01
200500070223,0,07,000,00,2,2,02,A01
200500070223,0,07,000,00,0,6,02,B01
200500070224,0,07,000,04,0,2,00,A01
200500070225,0,07,000,00,2,1,02,A01
200500070225,0,07,000,00,2,1,00,B01
200500070226,0,07,000,00,1,6,04,A01
200500070227,0,99,000,11,0,2,16,A01
200500070228,0,07,000,00,2,2,15,A01
200500070228,0,07,000,00,2,8,01,B01
200500070229,0,07,000,00,2,1,15,A01
200500070229,0,02,000,00,2,1,01,B01
200500070230,0,07,000,00,2,3,10,A01
200500070230,0,04,000,00,2,1,01,B01
200500070231,0,07,000,00,1,7,01,A01
200500070232,0,07,000,00,0,1,02,A01
200500070232,0,07,000,00,0,4,02,B01
200500070232,0,07,000,00,0,4,02,C01
200500070233,0,07,000,00,2,4,02,B01
200500070233,0,07,000,00,0,2,05,A01
200500070234,0,07,000,00,0,1,02,A01
200500070234,0,07,000,00,0,4,02,B01
200500070234,0,07,000,00,0,4,02,C01
200500070235,0,07,000,00,2,1,01,A01
200500070235,0,07,000,00,2,4,02,B01
200500070236,0,07,000,00,2,1,02,A01
200500070236,0,02,000,00,2,4,02,B01
200500070236,0,07,000,00,2,4,02,C01
200500070236,0,07,000,00,0,5,02,D01
200500070237,0,07,000,08,0,1,14,A01
200500070238,0,07,000,06,0,2,14,A01
200500070239,0,07,000,00,0,4,02,B01
200500070239,0,07,000,00,2,1,12,A01
200500070240,0,07,000,00,0,9,14,A01
200500070241,0,07,000,00,2,2,21,B01
200500070241,0,07,000,03,0,8,01,A01
200500070242,0,07,000,00,2,1,02,B01
200500070242,0,07,000,00,0,4,01,A01
200500070243,0,07,000,00,2,6,01,B01
200500070243,0,07,000,00,2,2,21,C01
200500070243,0,07,000,00,0,0,01,A01
200500070244,0,10,000,00,0,2,01,A01
200500070244,0,07,000,00,2,3,01,B01
200500070245,0,04,000,00,0,1,01,A01
200500070246,0,14,000,03,2,3,01,B01
200500070246,0,07,000,03,0,2,01,A01
200500070247,0,07,000,00,0,6,13,A01
200500070247,0,07,000,00,2,2,01,B01
200500070248,0,07,000,14,0,4,23,C01
200500070248,0,07,000,14,0,4,23,B01
200500070248,0,07,000,14,0,4,23,A01
200500070248,0,10,000,14,0,1,02,D01
200500070249,0,07,000,00,0,4,01,A01
200500070249,0,07,000,00,2,1,01,B01
200500070250,0,07,000,00,0,5,01,A01
200500070250,0,07,000,00,2,3,21,B01
200500070251,0,07,000,00,0,1,13,A01
200500070252,0,07,000,00,2,6,12,A01
200500070252,0,05,000,00,2,7,01,B01
200500070253,0,07,000,00,0,6,02,A01
200500070253,0,07,000,00,2,4,02,B01
200500070253,0,07,000,00,2,1,02,C01
200500070254,0,05,000,00,0,7,01,A01
200500070255,0,14,000,03,0,2,14,A01
200500070256,0,07,000,04,0,3,01,A01
200500070257,0,05,000,03,0,1,13,A01
200500070258,0,07,000,03,0,2,01,A01
200500070259,0,07,000,00,0,4,01,A01
200500070259,0,07,000,00,2,1,02,B01
200500070260,0,07,000,04,0,2,14,A01
200500070261,0,07,000,00,0,4,23,A01
200500070261,0,07,000,00,2,1,02,B01
200500070262,0,07,000,04,0,8,01,A01
200500070263,0,07,000,00,2,1,02,B01
200500070263,0,15,000,00,2,4,01,A01
200500070264,0,07,000,00,0,4,23,A01
200500070264,0,15,000,00,2,1,01,B01
200500070265,0,14,000,00,2,3,01,C01
200500070265,0,07,000,00,0,5,01,B01
200500070265,0,05,000,00,2,1,01,A01
200500070266,0,05,000,00,2,1,01,B01
200500070266,0,07,000,00,0,4,01,A01
200500070267,0,07,000,00,0,4,11,B01
200500070267,0,04,000,00,2,1,01,A01
200500070268,0,07,000,00,2,1,02,A01
200500070268,0,07,000,00,0,4,14,B01
200500070269,0,07,000,00,2,1,02,B01
200500070269,0,07,000,00,2,4,02,A01
200500070270,0,07,000,03,0,4,01,A01
200500070270,0,07,000,00,2,1,13,B01
200500070271,0,07,000,13,0,1,14,A01
200500070272,0,07,000,03,0,3,13,A01
200500070273,0,07,000,03,0,3,13,A01
200500070274,0,07,000,04,2,1,21,B01
200500070274,0,07,000,03,2,2,14,A01
200500070275,0,07,000,00,0,4,23,A01
200500070275,0,07,000,00,0,1,01,B01
200500070276,0,07,000,00,2,1,00,C01
200500070276,0,07,000,04,2,4,01,B01
200500070276,0,07,000,00,0,8,01,A01
200500070277,0,07,000,03,0,1,14,A01
200500070278,0,99,000,00,0,0,00,A01
200500070278,0,07,000,00,9,2,01,B01
200500070279,0,07,000,00,0,6,09,A01
200500070279,0,07,000,00,2,2,09,C01
200500070279,0,07,000,00,2,2,09,B01
200500070280,0,07,000,03,0,3,01,A01
200500070280,0,07,000,14,0,1,01,B01
200500070280,0,07,000,14,0,1,01,C01
200500070281,0,02,000,00,2,1,01,A01
200500070281,0,07,000,00,2,6,01,B02
200500070282,0,07,000,00,1,2,01,A01
200500070283,0,07,000,00,2,3,10,A01
200500070283,0,02,000,00,2,1,01,B02
200500070284,0,07,000,00,1,1,01,A01
200500070285,0,07,000,08,2,2,13,A01
200500070285,0,07,000,00,2,6,23,B02
200500070286,0,07,000,00,1,2,01,A01
200500070287,0,07,000,00,1,3,01,A01
200500070288,0,21,000,00,2,1,19,A01
200500070288,0,02,000,00,2,2,21,B02
200500070289,0,07,000,00,2,1,05,A01
200500070289,0,07,000,00,2,1,01,B02
200500070290,0,07,000,00,2,3,15,A01
200500070290,0,04,000,00,2,1,01,B02
200500070291,0,04,000,00,2,1,01,A01
200500070291,0,02,000,00,2,1,01,B02
200500070292,0,07,000,00,9,2,02,A01
200500070293,0,07,000,13,0,3,01,A01
200500070294,0,07,000,13,2,1,01,A01
200500070294,1,07,000,00,0,0,13,B02
200500070295,0,07,000,00,2,2,01,A01
200500070295,0,07,000,00,2,3,15,B02
200500070296,0,07,000,00,2,3,13,A01
200500070296,0,07,000,00,2,3,01,B02
200500070297,0,07,000,00,2,2,13,A01
200500070297,0,07,000,00,2,1,01,B02
200500070298,0,02,000,00,0,0,01,A01
200500070299,0,14,000,00,0,0,01,A01
200500070300,0,07,000,00,2,3,15,A01
200500070300,0,02,000,00,2,3,01,B02
200500070301,0,07,000,00,1,2,01,A01
200500070302,0,07,000,00,2,2,17,A01
200500070302,0,02,000,00,2,1,01,B02
200500070303,0,07,000,00,2,8,13,A01
200500070303,0,07,000,00,2,0,01,B02
200500070304,0,07,000,00,2,1,01,A01
200500070304,0,07,000,00,2,7,19,B02
200500070305,0,07,000,00,0,6,01,A01
200500070305,0,07,000,00,2,2,21,B02
200500070306,0,07,000,00,2,1,01,A01
200500070306,0,01,000,00,2,4,01,B02
200500070307,0,07,000,00,2,1,19,A01
200500070307,0,02,000,00,2,8,01,B02
200500070308,0,07,000,00,2,2,15,A01
200500070308,0,04,000,00,2,1,16,B02
200500070309,0,05,000,00,0,7,01,A01
200500070310,0,07,000,01,0,2,17,A01
200500070311,0,07,000,00,0,1,01,A01
200500070311,0,10,000,00,0,1,01,B02
200500070312,0,07,000,00,1,2,01,A01
200500070313,0,07,000,00,2,3,17,A01
200500070313,0,01,000,00,2,8,01,B02
200500070314,0,07,000,00,2,1,02,A01
200500070314,0,21,000,00,2,4,02,B02
200500070315,0,07,000,06,0,1,01,A01
200500070316,0,02,000,00,2,7,15,A01
200500070316,0,07,000,00,2,1,01,B02
200500070317,0,07,000,00,2,1,01,A01
200500070317,0,07,000,00,2,2,01,B02
200500070318,0,07,000,02,2,1,14,A01
200500070318,0,10,000,00,9,2,01,B02
200500070319,0,07,000,00,2,3,13,A01
200500070319,0,07,000,00,2,3,01,B02
200500070320,0,07,000,00,2,4,09,A01
200500070320,0,07,000,00,2,1,01,B02
200500070321,0,07,000,00,5,1,01,A01
200500070322,0,07,000,00,2,4,02,A01
200500070322,0,07,000,00,2,1,02,B02
200500070323,0,07,000,00,2,3,01,A01
200500070323,0,07,000,00,2,3,01,B02
200500070324,0,07,000,00,2,4,01,A01
200500070324,0,07,000,00,2,1,01,B02
200500070325,0,07,000,00,9,1,01,A01
200500070325,0,01,000,00,2,1,13,B02
200500070326,0,07,000,02,0,7,01,A01
200500070327,0,07,000,06,0,2,01,A01
200500070328,0,07,000,00,2,3,13,A01
200500070328,0,07,000,00,2,2,01,B02
200500070329,0,05,000,16,0,3,01,A01
200500070330,0,07,000,00,2,3,01,A01
200500070330,0,07,000,00,2,3,01,B02
200500070331,0,07,000,00,1,2,01,A01
200500070332,0,02,000,12,0,1,01,A01
200500070333,1,07,000,00,1,2,01,A01
200500070334,0,07,000,00,2,1,13,A01
200500070334,0,07,000,00,2,1,01,B02
200500070334,0,07,000,00,2,1,01,C03
200500070335,0,07,000,01,0,1,01,A01
200500070335,0,15,000,00,0,4,23,B02
200500070336,0,02,000,00,2,7,01,A01
200500070336,0,07,000,00,0,3,15,B02
200500070337,0,05,000,00,2,2,13,A01
200500070337,0,07,000,00,2,2,01,B02
200500070338,0,15,000,00,0,0,01,A01
200500070339,0,02,000,00,6,0,01,A01
200500070340,0,07,000,00,2,3,17,A01
200500070340,0,07,000,00,2,3,01,B02
200500070341,0,07,000,00,6,1,21,A01
200500070342,0,07,000,02,0,2,17,A01
200500070343,0,07,000,00,2,1,19,A01
200500070343,0,04,000,00,2,1,01,B02
200500070344,0,07,000,13,0,2,01,A01
200500070345,0,07,000,00,2,3,01,A01
200500070345,0,07,000,00,2,3,01,B02
200500070345,0,17,000,00,2,3,01,C03
200500070346,0,07,000,00,0,9,00,A01
200500070347,0,07,000,00,2,8,01,A01
200500070347,0,07,000,00,2,1,19,B02
200500070348,0,02,000,00,0,0,00,A01
200500070349,0,10,000,00,2,1,01,A01
200500070349,0,07,000,00,2,7,19,B02
200500070350,0,07,000,00,2,0,13,A01
200500070350,0,07,000,00,2,1,17,B02
200500070351,0,02,000,16,0,1,01,A01
200500070352,0,07,000,13,0,1,01,A01
200500070353,0,07,000,00,0,1,01,A01
200500070354,0,18,028,00,1,2,16,A01
200500070355,0,07,000,00,2,1,01,A01
200500070355,0,07,000,00,2,7,01,B02
200500070356,0,07,000,08,0,7,13,A01
200500070357,0,07,000,02,0,1,01,A01
200500070358,0,07,000,06,0,3,00,A01
200500070359,0,07,000,13,0,1,01,A01
200500070360,0,07,000,16,0,1,01,A01
200500070361,0,02,000,00,0,1,00,A01
200500070362,0,07,000,00,0,0,00,A01
200500070363,0,07,000,00,2,1,11,A01
200500070363,0,07,000,00,2,3,01,B02
200500070364,0,07,000,00,0,2,01,A01
200500070364,0,07,000,14,0,1,01,B02
200500070364,0,07,000,14,0,4,01,C03
200500070364,0,07,000,14,0,4,01,D04
200500070365,0,08,000,00,2,2,15,A01
200500070365,0,05,000,00,2,1,01,B02
200500070366,0,07,000,15,0,3,01,A01
200500070366,0,07,000,01,0,6,00,B02
200500070367,0,17,000,00,2,4,01,A01
200500070367,0,17,000,00,2,1,01,B02
200500070368,0,07,000,16,0,9,01,A01
200500070369,0,07,000,02,0,1,01,A01
200500070370,0,15,000,01,0,4,23,A01
200500070370,0,07,000,01,0,1,00,B02
200500070371,0,07,000,00,2,2,01,A01
200500070371,0,21,000,00,2,6,01,B02
200500070372,0,21,000,00,2,4,00,A01
200500070372,0,17,000,00,2,1,21,C03
200500070373,0,07,000,00,0,0,00,A01
200500070373,0,07,000,00,0,0,00,B02
200500070373,0,07,000,00,2,1,01,C03
200500070374,0,07,000,00,0,9,13,A01
200500070375,0,07,000,00,2,4,24,B02
200500070376,0,17,000,00,2,8,01,A01
200500070376,0,07,000,02,2,3,13,B02