Num_Acc,senc,catv,occutc,obs,obsm,choc,manv,num_veh
200500070755,0,07,000,00,2,7,11,A01
200500070755,0,05,000,00,2,1,01,B02
200500070755,0,07,000,00,2,3,23,C03
200500070756,0,07,000,00,1,2,01,A01
200500070757,0,07,000,00,2,3,17,A01
200500070757,0,02,000,00,2,1,01,B02
200500070757,0,07,000,00,2,8,01,C03
200500070758,0,07,000,00,2,2,01,B02
200500070758,0,07,000,00,2,3,01,A01
200500070759,0,05,000,00,2,1,02,A01
200500070759,0,02,000,00,0,5,15,B02
200500070760,0,07,000,00,2,5,19,A01
200500070760,0,07,000,00,2,1,01,B02
200500070761,0,02,000,00,0,1,01,A01
200500070761,0,07,000,00,0,7,15,B02
200500070762,0,07,000,00,0,1,01,A01
200500070763,0,05,000,00,2,1,11,A01
200500070763,0,15,000,00,2,3,01,B02
200500070764,0,07,000,00,0,0,00,A01
200500070764,0,07,000,00,0,2,13,B02
200500070765,0,04,000,00,2,7,09,B02
200500070765,0,07,000,00,2,3,09,A01
200500070766,0,07,000,00,2,8,01,A01
200500070766,0,07,000,00,2,8,01,B02
200500070767,0,02,000,00,2,8,02,A01
200500070767,0,07,000,00,2,2,02,B02
200500070768,0,17,000,00,2,1,01,A01
200500070768,0,07,000,00,2,7,19,B02
200500070769,0,07,000,00,2,1,01,A01
200500070769,0,07,000,00,2,4,15,B02
200500070770,0,07,000,00,0,9,01,A01
200500070771,0,05,000,00,2,1,18,A01
200500070771,0,07,000,00,2,7,16,B02
200500070772,0,02,000,09,0,2,01,A01
200500070773,0,07,000,02,0,7,13,A01
200500070774,0,07,000,00,2,8,13,A01
200500070774,0,07,000,00,2,3,01,B02
200500070775,0,07,000,00,2,3,13,A01
200500070775,0,02,000,00,2,8,01,B02
200500070776,0,07,000,13,0,1,14,A01
200500070777,0,07,000,00,2,1,13,A01
200500070777,0,07,000,00,2,1,01,B02
200500070778,0,07,000,01,0,3,13,A01
200500070778,0,07,000,00,0,6,23,B02
200500070779,0,07,000,00,2,1,01,A01
200500070779,0,07,000,00,2,3,01,B02
200500070779,0,07,000,00,2,1,01,C03
200500070780,0,07,000,00,2,1,02,A01
200500070780,0,07,000,00,2,4,23,B02
200500070780,0,07,000,00,0,4,23,C03
200500070781,0,07,000,00,2,1,13,A01
200500070781,0,07,000,00,2,1,01,B02
200500070781,0,10,000,00,2,2,01,C03
200500070782,0,07,000,00,9,3,02,A01
200500070782,0,01,000,00,2,8,15,B02
200500070783,0,05,000,00,2,1,17,A01
200500070783,0,14,000,00,0,1,01,B02
200500070784,0,07,000,00,2,8,15,A01
200500070784,0,14,000,00,2,2,01,B02
200500070785,0,07,000,00,9,2,15,A01
200500070785,0,02,000,00,2,1,01,B02
200500070786,0,07,000,00,2,1,19,A01
200500070786,0,07,000,06,2,3,01,B02
200500070787,0,07,000,00,2,3,15,A01
200500070787,0,05,000,00,2,1,01,B02
200500070788,0,07,000,00,1,3,15,A01
200500070789,0,07,000,00,0,9,00,A01
200500070790,0,07,000,00,2,7,13,A01
200500070790,0,07,000,00,2,1,01,B02
200500070791,0,02,000,00,0,4,01,A01
200500070792,0,07,000,00,2,1,20,A01
200500070792,0,02,000,00,2,1,01,B02
200500070793,0,07,000,00,2,1,17,A01
200500070793,0,07,000,00,2,8,15,B02
200500070794,0,05,000,00,0,0,01,A01
200500070795,0,07,000,06,0,9,01,A01
200500070796,0,07,000,00,2,1,13,A01
200500070796,0,07,000,00,2,1,01,B02
200500070797,0,07,000,00,2,3,13,A01
200500070797,0,07,000,00,2,3,01,B02
200500070798,0,02,000,11,9,0,01,A01
200500070799,0,07,000,00,2,3,01,A01
200500070799,0,07,000,00,2,3,01,B02
200500070800,0,07,000,00,2,5,04,A01
200500070800,0,07,000,00,2,1,01,B02
200500070801,0,07,000,00,1,2,01,A01
200500070802,0,07,000,08,0,3,14,A01
200500070803,0,07,000,13,0,1,02,A01
200500070804,0,07,000,13,0,1,13,A01
200500070805,0,07,000,00,2,2,01,B02
200500070805,0,07,000,00,2,1,19,A01
200500070806,0,07,000,00,2,2,01,A01
200500070806,0,07,000,00,2,3,19,B02
200500070807,0,02,000,00,0,7,15,A01
200500070807,0,07,000,00,0,3,01,B02
200500070808,0,07,000,00,2,1,13,A01
200500070808,0,07,000,00,2,3,01,B02
200500070809,0,07,000,00,2,1,01,A01
200500070809,0,07,000,00,2,8,19,B02
200500070810,0,07,000,00,2,3,01,A01
200500070810,0,07,000,00,2,3,01,B02
200500070811,0,07,000,08,0,3,01,A01
200500070812,0,07,000,00,6,1,01,A01
200500070813,0,07,000,00,0,8,01,A01
200500070814,0,07,000,00,0,3,15,A01
200500070814,0,02,000,00,2,2,01,B02
200500070815,0,07,000,00,9,8,01,A01
200500070815,0,02,000,00,2,1,01,B02
200500070816,0,07,000,06,0,7,15,A01
200500070817,0,07,000,00,0,2,15,A01
200500070817,0,02,000,00,0,1,01,B02
200500070818,0,02,000,00,2,5,16,A01
200500070818,0,17,000,00,2,1,21,B02
200500070819,0,07,000,00,2,8,16,A01
200500070819,0,07,000,00,2,1,01,B02
200500070820,0,07,000,00,2,1,02,A01
200500070820,0,02,000,00,2,4,02,B02
200500070821,0,07,000,13,0,3,01,A01
200500070822,0,07,000,00,2,3,13,A01
200500070822,0,07,000,00,2,1,01,B02
200500070823,0,07,000,00,2,1,15,A01
200500070823,0,02,000,00,2,1,01,B02
200500070824,0,02,000,01,0,1,01,A01
200500070825,0,05,000,03,0,1,01,A01
200500070826,0,07,000,00,0,3,17,A01
200500070827,0,17,000,03,0,7,00,A01
200500070828,0,17,000,00,2,1,02,A01
200500070828,0,07,000,00,2,4,02,B02
200500070828,0,07,000,00,2,4,02,C03
200500070829,0,07,000,13,0,1,01,A01
200500070830,0,07,000,00,2,1,13,A01
200500070830,0,07,000,00,2,1,01,B02
200500070831,0,07,000,08,0,3,01,A01
200500070832,0,07,000,00,2,1,01,A01
200500070832,0,07,000,00,2,3,01,B02
200500070832,0,07,000,00,2,3,01,C03
200500070832,0,07,000,00,2,8,01,D04
200500070833,0,07,000,08,0,1,01,A01
200500070834,0,17,000,00,2,3,13,A01
200500070834,0,07,000,00,2,3,01,B02
200500070834,0,07,000,00,2,3,01,C03
200500070835,0,05,000,16,0,1,01,A01
200500070836,0,07,000,13,0,9,01,A01
200500070837,0,07,000,00,2,1,13,A01
200500070837,0,07,000,00,2,9,13,B02
200500070837,0,07,000,00,2,1,00,C03
200500070838,0,07,000,02,0,2,14,A01
200500070839,0,07,000,16,0,2,00,A01
200500070840,0,07,000,00,2,8,15,A01
200500070840,0,07,000,00,2,1,01,B02
200500070841,0,07,000,00,1,0,20,A01
200500070842,0,07,000,13,0,1,15,A01
200500070843,0,07,000,13,0,1,01,A01
200500070843,0,07,000,00,0,0,19,B02
200500070844,0,07,000,00,0,0,17,A01
200500070844,0,07,000,13,2,7,17,B02
200500070844,0,02,000,00,2,8,01,C03
200500070845,0,02,000,00,2,1,15,A01
200500070845,0,07,000,00,2,2,01,B02
200500070846,0,02,000,00,2,1,01,B02
200500070846,0,07,000,00,2,8,15,A01
200500070847,0,07,000,13,0,2,01,A01
200500070848,0,07,000,00,2,3,01,A01
200500070848,0,07,000,00,2,8,19,B02
200500070849,0,07,000,00,2,1,01,A01
200500070849,0,02,000,00,2,1,13,B02
200500070850,0,02,000,00,2,1,13,A01
200500070850,0,07,000,00,2,8,01,B02
200500070851,0,07,000,00,2,8,19,A01
200500070851,0,07,000,00,2,1,03,B02
200500070852,0,07,000,02,0,2,01,A01
200500070853,0,07,000,00,1,1,01,A01
200500070854,0,07,000,02,0,3,01,A01
200500070855,0,05,000,11,2,8,17,A01
200500070855,0,07,000,00,2,4,01,B02
200500070856,0,07,000,00,0,6,23,A01
200500070856,0,02,000,01,0,1,02,B02
200500070857,0,07,000,00,2,3,01,A01
200500070857,0,02,000,00,2,1,01,B02
200500070858,0,07,000,00,2,1,01,A01
200500070858,0,07,000,00,2,7,19,B02
200500070859,0,07,000,00,0,1,01,A01
200500070860,0,07,000,00,0,1,00,A01
200500070861,0,07,000,00,2,4,02,A01
200500070862,0,01,000,00,0,4,01,A01
200500070862,1,07,000,00,0,7,17,B02
200500070863,0,07,000,00,1,2,01,A01
200500070864,0,07,000,00,1,1,01,A01
200500070865,0,05,000,13,2,3,01,A01
200500070865,0,21,000,00,2,8,15,B02
200500070866,0,07,000,02,0,1,13,A01
200500070867,0,07,000,13,0,1,01,A01
200500070868,0,07,000,00,2,3,17,A01
200500070868,0,17,000,00,2,6,15,B02
200500070869,0,05,000,00,0,8,01,A01
200500070870,0,07,000,13,0,9,14,A01
200500070871,0,05,000,00,2,2,01,A01
200500070871,1,07,000,00,0,3,16,B02
200500070872,0,02,000,00,2,1,01,A01
200500070872,0,07,000,00,2,2,15,B02
200500070873,0,07,000,13,0,2,01,A01
200500070874,0,17,000,00,1,2,19,A01
200500070875,0,07,000,00,0,7,15,A01
200500070875,0,07,000,00,2,1,01,B02
200500070876,0,07,000,00,2,3,01,B02
200500070876,0,07,000,00,2,3,01,C03
200500070876,0,07,000,00,2,3,15,D04
200500070876,0,07,000,00,2,3,15,A01
200500070877,0,07,000,02,0,9,01,A01
200500070878,0,07,000,08,0,7,01,A01
200500070879,0,07,000,02,0,1,01,A01
200500070880,0,07,000,02,0,7,01,A01
200500070881,0,07,000,00,2,1,01,A01
200500070881,0,07,000,00,2,1,15,B02
200500070882,0,07,000,00,2,3,13,A01
200500070882,0,07,000,00,2,8,01,B02
200500070883,0,07,000,08,0,7,01,A01
200500070884,0,21,000,00,0,6,01,A01
200500070884,0,07,000,00,2,1,01,B02
200500070885,0,17,000,16,0,0,01,A01
200500070886,0,07,000,16,0,2,01,A01
200500070887,0,02,000,00,2,0,00,A01
200500070887,0,07,000,00,9,5,15,B02
200500070888,0,07,000,00,2,3,01,A01
200500070888,0,07,000,00,2,3,01,B02
200500070888,0,07,000,00,2,3,00,C03
200500070889,0,07,000,00,2,1,15,A01
200500070889,0,02,000,00,2,1,01,B02
200500070890,0,07,000,00,2,8,19,A01
200500070890,0,07,000,00,2,1,01,B02
200500070891,0,07,000,00,2,2,01,A01
200500070891,0,13,000,00,2,1,01,B02
200500070892,0,07,000,00,2,1,01,A01
200500070892,0,07,000,00,2,1,01,B02
200500070893,0,07,000,00,2,2,02,A01
200500070893,0,07,000,00,2,4,02,B02
200500070894,0,07,000,00,1,1,01,A01
200500070895,0,17,000,06,0,8,01,A01
200500070896,0,07,000,00,2,3,01,A01
200500070896,0,07,000,00,2,3,15,B02
200500070897,0,07,000,00,1,1,01,A01
200500070898,0,07,000,04,0,2,02,A01
200500070899,0,07,000,00,1,3,01,A01
200500070900,0,02,000,00,1,1,01,A01
200500070901,0,07,000,00,2,3,01,A01
200500070901,0,07,000,00,2,3,01,B02
200500070902,0,07,000,00,2,3,15,A01
200500070902,0,05,000,00,2,7,01,B02
200500070903,0,02,000,02,0,1,01,A01
200500070903,0,02,000,02,0,1,00,B02
200500070904,0,02,000,00,2,8,00,A01
200500070904,0,15,000,00,2,6,23,B02
200500070905,0,05,000,00,2,1,02,A01
200500070905,0,07,000,00,0,6,23,B02
200500070905,0,15,000,00,0,8,05,C03
200500070906,0,07,000,13,0,2,01,A01
200500070907,0,07,000,00,2,3,11,A01
200500070907,0,05,000,00,2,8,01,B02
200500070908,0,07,000,00,2,5,19,A01
200500070908,0,05,000,00,2,1,01,B02
200500070909,0,07,000,00,0,8,13,A01
200500070909,0,17,000,00,0,1,01,B02
200500070910,0,07,000,00,2,1,13,A01
200500070910,0,07,000,00,2,1,01,B02
200500070911,0,07,000,00,2,1,01,A01
200500070911,0,07,000,00,2,3,15,B02
200500070912,0,02,000,00,0,0,00,A01
200500070913,0,07,000,00,1,2,01,A01
200500070914,0,05,000,16,0,8,01,A01
200500070915,0,10,000,13,0,2,01,A01
200500070916,0,10,000,02,0,7,01,A01
200500070917,0,07,000,00,0,1,01,B02
200500070917,0,07,000,09,0,8,19,A01
200500070918,0,07,000,13,0,1,01,A01
200500070919,0,07,000,00,0,0,15,A01
200500070919,0,07,000,00,2,3,01,B02
200500070920,0,01,000,00,0,4,01,A01
200500070920,0,07,000,00,2,1,01,B02
200500070920,0,01,000,00,0,4,01,C03
200500070921,0,07,000,05,0,2,01,A01
200500070922,0,07,000,00,2,6,13,A01
200500070922,0,07,000,00,2,3,01,B02
200500070923,0,07,000,02,0,8,13,A01
200500070924,0,07,000,00,2,8,01,A01
200500070924,0,05,000,00,2,7,01,B02
200500070925,0,03,000,00,2,2,15,A01
200500070925,0,07,000,00,2,1,01,B02
200500070926,0,07,000,00,2,1,01,A01
200500070926,0,07,000,00,2,3,01,B02
200500070927,0,07,000,00,0,7,01,B02
200500070927,0,07,000,00,2,1,16,A01
200500070928,0,07,000,00,2,2,13,A01
200500070928,0,07,000,00,2,1,01,B02
200500070929,0,07,000,06,0,3,13,A01
200500070930,0,02,000,00,2,1,13,A01
200500070930,0,07,000,00,2,1,00,B02
200500070931,0,07,000,00,1,2,01,A01
200500070932,0,02,000,00,2,1,19,A01
200500070932,0,07,000,00,2,3,01,B02
200500070933,0,07,000,13,0,0,14,A01
200500070934,0,02,000,00,2,1,01,A01
200500070934,0,02,000,00,0,0,00,B02
200500070934,0,07,000,00,2,3,15,C03
200500070935,0,07,000,00,2,2,01,A01
200500070935,0,01,000,00,2,1,01,B02
200500070936,0,07,000,00,2,1,19,A01
200500070936,0,07,000,00,2,8,01,B02
200500070937,0,07,000,00,0,1,01,A01
200500070937,0,21,000,00,0,4,01,B02
200500070938,0,07,000,00,2,5,20,A01
200500070938,0,05,000,00,2,1,01,B02
200500070939,0,07,000,00,2,1,21,A01
200500070939,0,07,000,00,0,4,00,B02
200500070940,0,07,000,00,2,1,02,A01
200500070940,0,07,000,00,0,4,02,B02
200500070941,0,07,000,00,2,8,01,A01
200500070941,0,21,000,00,2,8,01,B02
200500070942,0,07,000,00,0,1,01,A01
200500070943,0,07,000,00,2,3,01,A01
200500070943,0,07,000,00,2,3,13,B02
200500070944,0,07,000,06,0,1,01,A01
200500070945,0,07,000,00,2,7,13,A01
200500070945,0,07,000,00,2,1,01,B02
200500070946,0,02,000,00,2,0,19,A01
200500070946,0,07,000,00,9,1,00,B02
200500070947,0,02,000,00,2,8,01,A01
200500070947,0,14,000,00,2,1,01,B02
200500070948,0,02,000,00,2,0,23,A01
200500070948,0,10,000,14,0,3,01,B02
200500070949,0,02,000,00,2,1,01,A01
200500070949,0,02,000,00,0,1,01,B02
200500070950,0,07,000,02,0,5,13,A01
200500070951,0,02,000,00,2,7,01,B02
200500070951,0,07,000,00,2,1,15,A01
200500070952,0,07,000,06,0,1,16,A01
200500070953,0,02,000,00,2,7,01,A01
200500070953,0,07,000,00,2,1,01,B02
200500070954,0,07,000,00,2,1,05,A01
200500070954,0,07,000,00,2,1,05,B02
200500070955,0,07,000,13,0,1,01,A01
200500070956,0,07,000,00,0,0,00,A01
200500070956,0,02,000,00,2,1,15,B02
200500070957,0,07,000,00,0,0,00,A01
200500070958,0,07,000,14,0,1,02,A01
200500070958,0,14,000,00,2,4,23,B02
200500070959,0,03,000,00,0,0,21,A01
200500070960,0,07,000,00,2,7,01,B02
200500070960,0,07,000,00,2,1,01,A01
200500070961,0,07,000,08,0,1,13,A01
200500070962,0,07,000,00,0,8,19,A01
200500070962,0,07,000,00,2,1,01,B02
200500070963,0,07,000,02,0,3,01,A01
200500070964,0,05,000,00,2,1,01,A01
200500070964,0,07,000,00,2,3,01,B02
200500070965,0,07,000,00,0,2,01,A01
200500070966,0,07,000,02,0,7,00,A01
200500070967,0,07,000,00,9,7,15,A01
200500070967,0,02,000,00,2,8,01,B02
200500070968,0,07,000,13,0,2,01,A01
200500070969,0,07,000,00,0,2,01,A01
200500070969,0,07,000,00,0,3,01,B02
200500070969,0,07,000,00,0,3,02,C03
200500070970,0,07,000,00,2,3,13,A01
200500070970,0,07,000,00,2,3,01,B02
200500070971,0,05,000,00,2,2,01,A01
200500070971,0,07,000,00,2,1,15,B02
200500070972,0,07,000,00,2,3,15,A01
200500070972,0,07,000,00,2,3,01,B02
200500070973,0,07,000,02,0,8,01,A01
200500070974,0,05,000,00,2,1,01,A01
200500070975,0,07,000,13,0,2,01,A01
200500070976,0,07,000,05,0,8,01,A01
200500070977,0,07,000,00,2,1,09,A01
200500070977,0,07,000,00,2,7,02,B02
200500070978,0,07,000,02,0,1,01,A01
200500070979,0,99,000,00,2,5,15,A01
200500070979,0,15,000,00,2,2,01,B02
200500070980,0,07,000,06,0,8,01,A01
200500070981,0,07,000,00,2,7,15,A01
200500070981,0,02,000,00,2,1,01,B02
200500070982,0,07,000,00,2,1,01,A01
200500070982,0,07,000,00,2,1,13,B02
200500070983,0,07,000,13,0,9,13,A01
200500070984,0,07,000,00,2,5,15,A01
200500070984,0,05,000,00,2,1,01,B02
200500070985,0,14,000,00,2,3,01,A01
200500070985,0,07,000,00,2,9,15,B02
200500070985,0,07,000,00,2,3,01,C03
200500070986,0,07,000,00,2,3,01,A01
200500070986,0,07,000,00,2,3,01,B02
200500070987,0,14,000,00,2,3,11,A01
200500070987,0,07,000,00,2,3,01,B02
200500070988,0,15,000,00,2,1,01,B02
200500070988,0,07,000,00,2,8,19,A01
200500070989,0,14,000,00,2,3,13,A01
200500070989,0,17,000,00,2,8,01,B02
200500070990,0,02,000,13,0,1,01,A01
200500070991,0,07,000,00,2,7,15,A01
200500070991,0,07,000,00,2,2,00,B02
200500070991,0,07,000,00,2,3,23,C03
200500070992,0,07,000,00,0,9,00,A01
200500070993,0,07,000,00,2,3,01,A01
200500070993,0,02,000,00,2,1,13,B02
200500070994,0,07,000,00,2,3,10,A01
200500070994,0,17,000,00,2,1,01,B02
200500070995,0,02,000,00,9,7,01,A02
200500070996,0,02,000,01,0,1,01,A01
200500070997,0,07,000,00,2,2,17,A01
200500070997,0,02,000,00,0,6,13,B02
200500070998,0,17,000,11,0,8,16,A01
200500070999,0,07,000,00,0,7,01,A01
200500071000,0,07,000,00,0,3,20,A01
200500071000,0,07,000,00,2,2,21,B02
200500071001,0,07,000,00,0,2,15,A01
200500071001,0,02,000,00,2,2,01,B02
200500071002,0,07,000,00,2,1,05,A01
200500071002,0,07,000,00,2,1,01,B02
200500071003,0,07,000,00,2,2,09,A01
200500071003,0,07,000,00,2,3,02,B02
200500071004,0,07,000,00,2,3,13,A01
200500071004,0,21,000,00,2,3,01,B02
200500071005,0,07,000,00,9,2,01,A01
200500071005,0,02,000,00,2,1,21,B02
200500071006,0,07,000,06,0,8,16,A01
200500071007,0,07,000,01,0,1,13,A01
200500071007,0,17,000,00,0,3,24,B02
200500071008,0,07,000,00,2,1,01,A01
200500071008,0,07,000,00,0,0,00,B02
200500071008,0,07,000,00,2,4,02,C03
200500071009,0,07,000,00,2,3,01,A01
200500071009,0,07,000,00,2,2,01,B02
200500071010,0,07,000,00,0,2,01,A01
200500071010,0,07,000,00,0,3,01,B02
200500071011,0,07,000,00,2,8,00,A01
200500071011,0,02,000,00,2,1,01,B02
200500071012,0,10,000,00,2,2,01,A01
200500071012,0,02,000,00,2,1,13,B02
200500071013,0,02,000,00,0,0,01,A01
200500071014,0,07,000,00,2,7,15,A01
200500071014,0,02,000,00,2,1,01,B02
200500071015,0,18,001,00,2,1,02,A01
200500071015,0,07,000,00,2,4,11,B02
200500071015,0,07,000,00,2,3,01,C03
200500071016,0,07,000,02,0,8,01,A01
200500071017,0,07,000,16,0,9,13,A01
200500071018,0,14,000,00,0,0,01,A01
200500071019,0,07,000,13,2,1,15,A01
200500071019,0,07,000,14,2,1,01,B02
200500071020,0,10,000,00,2,8,19,A01
200500071020,0,07,000,00,2,1,01,B02
200500071021,0,02,000,00,2,1,15,A01
200500071021,0,07,000,00,2,2,16,B02
200500071022,0,07,000,00,2,1,01,A01
200500071022,0,14,000,00,2,4,01,B02
200500071023,0,07,000,03,2,1,05,A01
200500071023,0,07,000,00,2,3,01,B02
200500071024,0,04,000,14,0,1,01,A01
200500071025,0,07,000,00,1,8,01,A01
200500071026,0,05,000,13,0,1,01,A01
200500071027,0,07,000,00,1,1,01,A01
200500071028,0,07,000,00,2,1,17,A01
200500071028,0,18,001,00,2,8,15,B02
200500071029,0,08,000,00,0,0,17,A01
200500071029,0,01,000,00,2,8,01,B02
200500071030,0,07,000,00,2,1,13,A01
200500071030,0,07,000,00,2,1,01,B02
200500071031,0,07,000,00,2,7,15,A01
200500071031,0,05,000,00,2,2,01,B02
200500071032,0,07,000,00,2,3,01,A01
200500071032,0,07,000,00,2,1,19,B02
200500071033,0,05,000,00,5,1,01,A01
200500071034,0,07,000,00,1,3,01,A01
200500071035,0,17,000,00,2,6,15,A01
200500071035,0,07,000,00,2,1,01,B02
200500071036,0,07,000,00,2,2,01,A01
200500071036,0,02,000,00,2,1,19,B02
200500071037,0,07,000,13,0,4,01,A01
200500071038,0,15,000,00,0,1,01,A01
200500071039,0,07,000,00,2,4,02,A01
200500071039,0,07,000,00,2,1,02,B02
200500071039,0,07,000,00,0,4,02,C03
200500071040,0,07,000,00,2,7,02,A01
200500071040,0,01,000,00,0,8,02,B02
200500071041,0,07,000,15,0,2,01,A01
200500071042,0,02,000,00,2,1,13,A01
200500071042,0,07,000,00,2,3,01,B02
200500071043,0,07,000,02,0,1,01,A01
200500071044,0,05,000,16,0,0,01,A01
200500071045,0,17,000,00,0,9,01,A01
200500071046,0,14,000,06,0,1,02,A01
200500071047,0,07,000,14,2,7,19,A01
200500071047,0,07,000,00,2,1,00,B02
200500071047,0,15,000,00,2,3,00,C03
200500071048,0,09,000,00,0,0,00,A01
200500071048,0,05,000,00,0,0,00,B02
200500071049,0,07,000,00,9,2,17,A01
200500071049,0,01,000,00,2,8,15,B02
200500071050,0,07,000,00,2,3,13,A01
200500071050,0,02,000,00,2,8,01,B02
200500071051,0,07,000,00,2,3,01,A01
200500071051,0,14,000,00,0,3,01,B02
200500071052,0,07,000,00,0,7,19,A01
200500071052,0,07,000,00,2,1,01,B02
200500071053,0,10,000,16,0,1,21,A01
200500071054,0,07,000,00,2,7,01,B02
200500071054,0,07,000,00,2,8,19,A01
200500071055,0,05,000,03,6,8,01,A01
200500071056,0,15,000,00,2,2,01,A01
200500071056,0,07,000,00,2,1,15,B02
200500071057,0,07,000,00,2,2,01,A01
200500071057,0,07,000,00,2,7,15,B02
200500071057,0,07,000,00,2,1,01,C03
200500071057,0,07,000,00,2,1,01,D04
200500071058,0,07,000,02,0,3,13,A01
200500071059,0,05,000,00,2,8,01,A01
200500071059,0,07,000,00,2,8,01,B02
200500071060,0,15,000,00,0,0,01,A01
200500071061,0,07,000,02,0,1,14,A01
200500071062,0,07,000,02,0,5,13,A01
200500071063,0,07,000,13,0,0,13,A01
200500071064,0,05,000,00,0,0,01,A01
200500071065,0,07,000,00,2,3,01,A01
200500071065,0,07,000,00,2,3,01,B02
200500071066,0,07,000,02,0,6,14,A01
200500071067,0,07,000,08,0,1,01,A01
200500071068,0,05,000,00,0,1,01,A01
200500071069,0,07,000,02,0,2,15,A01
200500071070,0,07,000,16,0,9,01,A01
200500071071,0,07,000,13,0,2,01,A01
200500071072,0,07,000,00,0,0,00,A01
200500071073,0,02,000,00,2,1,17,A01
200500071073,0,07,000,00,2,3,01,B02
200500071074,0,07,000,00,2,1,10,A01
200500071074,0,07,000,00,2,1,01,B02
200500071074,0,07,000,14,0,1,01,C03
200500071074,0,07,000,14,0,1,01,D04
200500071075,0,02,000,00,2,1,16,A01
200500071075,0,07,000,00,9,1,01,B02
200500071076,0,17,000,13,0,2,16,A01
200500071076,0,07,000,00,9,3,01,B02
200500071077,0,07,000,00,1,2,01,A01
200500071078,0,07,000,06,0,1,01,A01
200500071079,0,17,000,00,9,2,02,A01
200500071079,0,21,000,00,9,4,01,B02
200500071080,0,02,000,14,0,1,00,A01
200500071081,0,07,000,00,2,1,13,A01
200500071081,0,07,000,00,2,1,01,B02
200500071082,0,07,000,00,2,1,15,A01
200500071082,0,07,000,00,2,1,01,B02
200500071083,0,07,000,09,0,1,01,A01
200500071084,0,07,000,06,0,1,00,A01
200500071085,0,14,000,00,2,1,19,A01
200500071085,0,07,000,03,2,8,01,B02
200500071085,0,07,000,00,2,1,01,C03
200500071086,0,02,000,06,0,1,00,A01
200500071087,0,07,000,13,0,1,13,A01
200500071088,0,07,000,06,0,1,13,A01
200500071089,0,07,000,13,0,2,01,A01
200500071090,0,07,000,13,0,1,01,A01
200500071091,0,07,000,00,9,1,01,A01
200500071092,0,07,000,13,0,1,15,A01
200500071093,0,07,000,00,2,1,01,A01
200500071093,0,07,000,00,2,1,15,B02
200500071094,0,07,000,00,2,7,13,A01
200500071094,0,07,000,00,2,1,01,B02
200500071095,0,07,000,02,0,3,13,A01
200500071096,0,07,000,00,2,3,01,A01
200500071096,0,07,000,00,2,5,15,B02
200500071096,0,07,000,00,2,1,01,C03
200500071097,0,02,000,00,2,1,15,A01
200500071097,0,17,000,00,2,8,01,B02
200500071098,0,21,000,00,2,3,15,A01
200500071098,0,07,000,00,2,8,01,B02
200500071099,0,07,000,00,2,1,01,A01
200500071099,0,07,000,00,2,2,01,B02
200500071100,0,07,000,01,0,2,01,A01
200500071101,0,14,000,13,0,2,01,A01
200500071102,0,01,000,00,2,8,15,A01
200500071102,0,07,000,00,9,2,13,B02
200500071103,0,07,000,00,2,1,13,A01
200500071103,0,07,000,00,2,1,21,B02
200500071104,0,07,000,00,2,3,02,A01
200500071104,0,07,000,00,0,6,02,B02
200500071105,0,07,000,02,0,0,00,A01
200500071106,0,03,000,13,0,3,01,A01
200500071107,0,07,000,13,0,2,01,A01
200500071108,0,07,000,00,0,1,14,A01
200500071109,0,07,000,00,2,3,09,A01
200500071109,0,07,000,00,2,1,01,B02
200500071110,0,07,000,00,2,1,17,A01
200500071110,0,07,000,00,2,8,15,B02
200500071111,0,07,000,00,9,1,15,A01
200500071111,0,01,000,00,0,0,00,B02
200500071112,0,07,000,00,9,8,01,A01
200500071112,0,02,000,00,2,1,01,B02
200500071113,0,07,000,00,2,3,15,A01
200500071113,0,04,000,00,2,1,01,B02
200500071114,0,07,000,00,1,3,01,A01
200500071115,0,07,000,00,0,0,15,A01
200500071115,0,05,000,00,0,0,17,B02
200500071116,0,07,000,00,2,2,21,A01
200500071116,0,02,000,00,2,8,19,B02
200500071117,0,07,000,00,9,7,15,A01
200500071117,0,01,000,00,0,1,01,B02
200500071118,0,07,000,00,2,3,19,A01
200500071118,0,07,000,00,2,2,01,B02
200500071119,0,07,000,00,0,1,00,A01
200500071119,0,07,000,00,2,1,00,B02
200500071120,0,07,000,00,2,2,01,A01
200500071120,0,02,000,00,2,1,00,B02
200500071121,0,07,000,00,0,0,00,A01
200500071122,0,07,000,00,2,1,13,A01
200500071122,0,07,000,00,0,1,00,B02
200500071122,0,07,000,00,0,8,05,C03
200500071123,0,07,000,00,0,9,21,A01
200500071124,0,07,000,00,2,1,01,B02
200500071124,0,07,000,00,2,8,15,A01
200500071125,0,02,000,00,0,0,01,A01
200500071126,0,02,000,00,1,1,01,A01
200500071127,0,07,000,06,0,7,14,A01
200500071128,0,05,000,13,0,1,01,A01
200500071129,0,07,000,00,1,1,19,A01
200500071130,0,07,000,00,2,7,17,A01
200500071130,0,02,000,00,2,8,13,B02
200500071131,0,02,000,00,2,1,15,A01
200500071131,0,07,000,00,2,3,01,B02
200500071132,0,07,000,13,2,3,01,A01
200500071132,0,07,000,00,2,3,21,B02
200500071133,0,07,000,00,2,3,13,A01
200500071133,0,17,000,00,2,1,01,B02
200500071134,0,07,000,08,0,1,01,A01
200500071134,0,07,000,00,0,0,00,B02
200500071135,0,07,000,02,0,1,13,A01
200500071136,0,07,000,00,2,8,24,A01