Num_Acc,senc,catv,occutc,obs,obsm,choc,manv,num_veh
200500071527,0,07,000,13,0,1,01,A01
200500071528,0,07,000,00,2,2,01,A01
200500071528,0,07,000,00,2,7,15,B02
200500071529,0,07,000,00,2,1,01,A01
200500071529,0,02,000,00,2,1,01,B02
200500071530,0,07,000,00,1,3,15,A01
200500071531,0,07,000,16,0,9,01,A01
200500071532,0,02,000,02,0,0,01,A01
200500071533,0,02,000,00,4,8,01,A01
200500071533,0,19,000,00,2,1,01,B02
200500071534,0,07,000,06,0,1,14,A01
200500071535,1,07,000,00,1,7,01,A01
200500071536,0,07,000,11,0,8,01,A01
200500071537,0,07,000,00,0,9,01,A01
200500071538,0,07,000,00,2,3,17,A01
200500071538,0,07,000,00,2,3,01,B02
200500071538,0,07,000,00,2,8,01,C03
200500071539,0,02,000,00,6,1,01,A01
200500071540,0,07,000,00,1,3,01,A01
200500071541,0,07,000,06,0,1,01,A01
200500071542,0,07,000,00,0,3,15,A01
200500071542,0,02,000,00,2,1,01,B02
200500071543,0,09,000,00,2,6,13,A01
200500071543,0,07,000,00,2,3,01,B02
200500071544,0,07,000,00,2,8,01,A01
200500071544,0,07,000,00,2,8,01,B02
200500071545,0,07,000,00,0,7,14,A01
200500071546,0,07,000,00,5,1,01,A01
200500071547,0,07,000,02,0,2,00,A01
200500071548,0,02,000,00,2,3,01,A01
200500071548,0,07,000,00,2,1,00,B02
200500071549,0,07,000,13,0,3,01,A01
200500071550,0,07,000,16,0,9,00,A01
200500071551,0,07,000,00,2,1,02,A01
200500071551,0,17,000,00,0,4,02,B02
200500071552,0,07,000,00,2,1,02,A01
200500071552,0,07,000,00,0,4,02,B02
200500071553,0,17,000,13,0,2,00,A01
200500071554,0,17,000,00,2,1,02,A01
200500071554,0,07,000,00,0,4,02,B02
200500071555,0,07,000,00,2,1,02,A01
200500071555,0,07,000,00,0,4,23,B02
200500071556,0,07,000,00,9,5,15,A01
200500071556,0,02,000,00,2,1,01,B02
200500071557,0,07,000,00,2,2,01,A01
200500071557,0,02,000,00,2,8,15,B02
200500071558,0,07,000,02,0,8,00,A01
200500071559,0,07,000,00,2,7,21,A01
200500071559,0,07,000,00,2,3,01,B02
200500071560,0,07,000,02,0,2,13,A01
200500071561,0,07,000,00,2,2,15,A01
200500071561,0,07,000,00,2,1,01,B02
200500071561,0,07,000,00,2,3,23,C03
200500071562,0,07,000,13,0,7,01,A01
200500071563,0,07,000,00,0,2,02,A01
200500071563,0,02,000,00,0,6,02,B02
200500071564,0,07,000,13,0,1,01,A01
200500071565,0,05,000,00,6,1,00,A01
200500071566,0,07,000,13,0,2,14,A01
200500071567,0,07,000,05,0,3,13,A01
200500071568,0,07,000,00,2,1,01,A01
200500071568,0,07,000,00,0,4,15,B02
200500071569,0,07,000,06,0,1,01,A01
200500071570,0,07,000,06,0,1,19,A01
200500071571,0,07,000,00,0,1,01,A01
200500071572,0,07,000,00,1,1,01,A01
200500071573,0,07,000,00,2,1,15,A01
200500071573,0,07,000,00,2,2,01,B02
200500071574,0,07,000,00,2,5,17,A01
200500071574,0,17,000,00,2,3,02,B02
200500071575,0,02,000,00,2,1,16,A01
200500071575,0,07,000,00,2,3,01,B02
200500071576,0,07,000,00,0,9,01,A01
200500071577,0,07,000,00,1,3,01,A01
200500071577,0,07,000,00,1,3,01,B02
200500071578,0,07,000,00,2,7,01,A01
200500071578,0,02,000,00,2,3,13,B02
200500071579,0,07,000,00,9,1,01,A01
200500071580,0,07,000,00,2,8,10,A01
200500071580,0,07,000,00,2,3,01,B02
200500071581,0,05,000,08,0,1,01,A01
200500071582,0,07,000,00,1,3,02,A01
200500071583,0,07,000,00,2,1,01,A01
200500071583,0,02,000,00,2,1,16,B02
200500071584,0,07,000,00,2,3,01,A01
200500071584,0,02,000,00,2,8,15,B02
200500071585,0,18,052,00,2,3,13,A01
200500071585,0,07,000,00,2,2,17,B02
200500071586,0,07,000,00,2,3,19,A01
200500071586,0,02,000,00,2,1,01,B02
200500071587,0,07,000,00,2,8,13,A01
200500071587,0,05,000,00,2,8,01,B02
200500071588,0,07,000,00,2,3,13,A01
200500071588,0,07,000,00,2,3,17,B02
200500071588,0,07,000,03,2,1,01,C03
200500071589,0,07,000,16,0,9,01,A01
200500071590,0,07,000,06,0,1,13,A01
200500071591,0,17,000,00,2,3,01,A01
200500071591,0,17,000,00,2,3,01,B02
200500071592,0,07,000,02,0,1,01,A01
200500071593,0,07,000,00,2,2,01,A01
200500071593,0,07,000,00,2,1,01,B02
200500071593,0,07,000,00,2,3,16,C03
200500071594,0,07,000,00,2,4,02,A01
200500071594,0,07,000,00,2,2,02,B02
200500071595,1,07,000,00,1,2,01,A01
200500071596,0,14,000,00,2,2,13,A01
200500071596,0,02,000,00,0,4,15,B02
200500071597,0,07,000,00,0,1,01,A01
200500071598,0,07,000,13,0,9,01,A01
200500071599,0,07,000,00,2,3,13,A01
200500071599,0,07,000,00,2,3,01,B02
200500071600,0,07,000,13,0,3,00,A01
200500071601,0,07,000,08,1,6,21,A01
200500071602,0,02,000,00,2,8,10,A01
200500071602,0,02,000,00,2,8,10,B02
200500071602,0,07,000,00,2,2,02,C03
200500071603,0,07,000,00,2,2,02,A01
200500071603,0,02,000,00,2,4,02,B02
200500071604,0,07,000,10,0,1,13,A01
200500071605,0,07,000,08,0,1,13,A01
200500071606,0,07,000,00,0,7,19,A01
200500071606,0,07,000,00,2,1,21,B02
200500071607,0,07,000,00,1,2,01,A01
200500071608,0,07,000,00,2,2,01,B02
200500071608,0,07,000,00,2,3,01,A01
200500071609,0,07,000,00,2,3,01,A01
200500071609,0,07,000,00,0,3,13,B02
200500071610,0,07,000,02,0,2,01,A01
200500071611,0,07,000,00,1,1,01,A01
200500071612,0,07,000,00,1,7,01,A01
200500071613,0,07,000,00,2,2,19,A01
200500071613,0,07,000,00,2,3,01,B02
200500071614,0,07,000,00,2,2,13,A01
200500071614,0,07,000,00,2,3,01,B02
200500071615,0,07,000,00,2,3,01,A01
200500071615,0,07,000,00,2,5,14,B02
200500071616,0,07,000,00,1,3,21,A01
200500071617,0,05,000,00,2,1,01,A01
200500071618,0,07,000,13,0,8,01,A01
200500071619,0,07,000,02,0,4,01,A01
200500071620,0,07,000,00,9,3,15,A01
200500071620,0,01,000,00,2,8,09,B02
200500071621,0,07,000,00,2,3,17,A01
200500071621,0,07,000,00,2,3,01,B02
200500071622,0,07,000,01,0,1,13,A01
200500071622,0,15,000,01,0,3,00,B02
200500071623,0,07,000,00,2,1,00,A01
200500071623,0,02,000,00,2,7,01,B02
200500071624,0,07,000,00,1,3,01,A01
200500071625,0,07,000,02,0,7,01,A01
200500071626,0,07,000,00,2,1,13,A01
200500071626,0,07,000,00,2,3,02,B02
200500071627,0,07,000,13,0,2,17,A01
200500071628,0,02,000,00,2,8,15,A01
200500071628,0,07,000,00,2,2,01,B02
200500071629,0,07,000,13,0,1,01,A01
200500071630,0,07,000,00,2,1,19,A01
200500071630,0,07,000,00,2,8,01,B02
200500071631,0,07,000,06,0,0,02,A01
200500071632,0,07,000,08,0,1,13,A01
200500071633,0,07,000,00,2,1,01,A01
200500071633,0,07,000,00,2,1,15,B02
200500071634,0,07,000,00,2,3,01,A01
200500071635,0,07,000,02,0,9,01,A01
200500071636,0,07,000,00,2,2,19,A01
200500071636,0,02,000,00,2,1,01,B02
200500071637,0,01,000,00,2,8,01,B02
200500071638,0,07,000,06,0,7,01,A01
200500071639,0,07,000,00,0,4,15,A01
200500071639,0,07,000,00,2,1,01,B02
200500071639,0,07,000,14,0,1,01,C03
200500071640,0,07,000,00,1,1,02,A01
200500071641,0,07,000,00,1,2,00,A01
200500071642,0,07,000,00,1,1,01,A01
200500071643,0,07,000,00,2,2,17,A01
200500071643,0,07,000,00,2,3,01,B02
200500071644,0,13,000,00,2,1,01,A01
200500071644,0,15,000,00,0,4,01,B02
200500071645,0,07,000,00,1,1,01,A01
200500071646,0,07,000,00,2,1,01,A01
200500071646,0,07,000,00,2,3,15,B02
200500071647,0,07,000,00,2,1,15,A01
200500071647,0,02,000,00,2,8,01,B02
200500071648,0,07,000,00,2,2,13,A01
200500071648,0,07,000,00,2,1,01,B02
200500071649,0,07,000,00,2,3,09,B02
200500071649,0,07,000,00,2,7,01,A01
200500071650,0,07,000,00,1,2,01,A01
200500071651,0,07,000,00,0,0,00,A01
200500071651,0,07,000,00,2,3,01,B02
200500071652,0,02,000,00,1,0,02,A01
200500071653,0,07,000,00,2,2,01,A01
200500071653,0,05,000,00,2,4,01,B02
200500071653,0,07,000,00,0,6,01,C03
200500071653,0,07,000,00,0,6,00,D04
200500071654,0,07,000,02,0,1,01,A01
200500071655,0,07,000,00,1,1,01,A01
200500071656,0,07,000,00,2,3,13,A01
200500071656,0,07,000,00,2,3,01,B02
200500071657,0,07,000,13,0,9,01,A01
200500071658,0,02,000,00,2,7,01,A01
200500071658,0,07,000,00,2,2,15,B02
200500071659,0,07,000,00,2,2,01,A01
200500071659,0,07,000,00,2,1,01,B02
200500071660,0,07,000,06,0,7,01,A01
200500071661,0,07,000,00,2,2,05,A01
200500071661,0,07,000,00,2,7,21,B02
200500071662,0,07,000,00,2,1,13,A01
200500071662,0,07,000,00,2,3,01,B02
200500071663,0,18,002,00,2,3,15,A01
200500071663,0,02,000,00,2,1,01,B02
200500071664,0,18,021,00,0,4,23,A01
200500071664,0,07,000,00,2,3,17,B02
200500071665,0,02,000,00,0,0,01,A01
200500071666,0,07,000,00,2,3,15,A01
200500071666,0,07,000,00,2,2,17,B02
200500071667,0,07,000,13,6,1,01,A01
200500071668,0,07,000,00,2,3,01,A01
200500071668,0,07,000,00,2,3,13,B02
200500071669,0,07,000,00,0,1,17,A01
200500071670,0,17,000,16,0,8,02,A01
200500071671,0,07,000,00,2,8,01,A01
200500071671,0,02,000,00,2,3,15,B02
200500071672,0,07,000,00,2,1,01,A01
200500071672,0,07,000,00,2,6,09,B02
200500071673,0,02,000,00,2,1,01,A01
200500071673,0,07,000,00,2,3,01,B02
200500071674,0,02,000,00,1,1,01,A01
200500071675,0,02,000,00,2,1,01,A01
200500071675,0,07,000,00,2,3,01,B02
200500071675,0,07,000,00,2,2,01,C03
200500071676,0,07,000,06,0,3,01,A01
200500071677,0,17,000,00,2,4,00,A01
200500071677,0,07,000,00,2,1,00,B02
200500071678,0,07,000,00,2,2,13,A01
200500071679,0,17,000,03,2,9,13,A01
200500071679,0,17,000,00,2,2,17,C03
200500071679,0,07,000,00,2,7,17,E05
200500071680,0,10,000,00,0,0,23,A01
200500071681,0,07,000,00,1,1,01,A01
200500071682,0,07,000,00,2,1,13,A01
200500071682,0,07,000,00,2,1,01,B02
200500071683,0,07,000,00,2,0,15,A01
200500071683,0,07,000,00,2,1,01,B02
200500071684,0,04,000,11,0,1,13,A01
200500071685,0,07,000,00,1,1,01,A01
200500071686,0,07,000,01,0,1,01,A01
200500071687,0,07,000,00,2,1,01,A01
200500071687,0,02,000,00,2,1,05,B02
200500071688,0,04,000,00,2,1,01,A01
200500071688,0,07,000,00,2,8,19,B02
200500071689,0,07,000,13,0,2,14,A01
200500071690,0,07,000,00,2,7,17,A01
200500071690,0,07,000,00,2,8,01,B02
200500071691,0,07,000,00,2,7,15,A01
200500071691,0,07,000,00,2,1,01,B02
200500071692,0,07,000,00,2,2,15,A01
200500071692,0,07,000,00,2,1,01,B02
200500071693,0,07,000,04,2,7,01,A01
200500071693,0,05,000,00,2,1,01,B02
200500071694,0,07,000,00,2,3,00,A01
200500071694,0,05,000,00,2,3,00,B02
200500071695,0,02,000,06,0,1,01,A01
200500071696,0,07,000,00,2,3,15,A01
200500071696,0,07,000,00,2,2,01,B02
200500071697,0,18,004,00,0,1,01,A01
200500071697,0,07,000,00,0,1,00,B02
200500071698,0,07,000,00,2,7,01,A01
200500071698,0,07,000,00,2,1,01,B02
200500071699,0,07,000,11,0,0,01,A01
200500071700,0,02,000,00,2,3,17,A01
200500071700,0,07,000,00,2,8,01,B02
200500071700,0,07,000,00,2,1,01,C03
200500071701,0,07,000,02,0,7,01,A01
200500071702,0,07,000,00,2,1,01,A01
200500071702,0,07,000,00,2,7,15,B02
200500071703,0,02,000,00,2,1,01,A01
200500071703,0,07,000,02,2,3,17,B02
200500071704,0,07,000,00,2,7,17,A01
200500071704,0,07,000,00,2,1,01,B02
200500071705,0,07,000,00,1,3,01,A01
200500071706,0,07,000,00,1,1,01,A01
200500071707,0,07,000,01,0,0,00,A01
200500071708,0,07,000,00,2,3,17,A01
200500071708,0,07,000,00,2,1,01,B02
200500071708,0,07,000,00,2,3,01,C03
200500071709,0,07,000,00,0,5,23,A01
200500071709,0,07,000,00,2,9,13,B02
200500071710,0,18,001,00,2,3,01,A01
200500071710,0,07,000,00,2,3,13,B02
200500071711,0,07,000,08,0,8,01,A01
200500071712,0,07,000,02,0,8,01,A01
200500071713,0,07,000,00,2,7,21,A01
200500071713,0,01,000,00,2,8,19,B02
200500071714,0,07,000,00,0,7,19,A01
200500071714,0,15,000,00,0,2,00,B02
200500071715,0,07,000,00,1,1,09,A01
200500071716,0,15,000,00,2,3,01,A01
200500071716,0,07,000,00,2,3,01,B02
200500071716,0,07,000,00,2,8,01,C03
200500071716,0,07,000,00,2,1,00,D04
200500071717,0,07,000,00,2,4,13,A01
200500071717,0,07,000,00,2,2,21,B02
200500071718,0,05,000,00,2,3,15,A01
200500071718,0,07,000,00,2,2,17,B02
200500071719,0,01,000,00,2,6,02,A01
200500071719,0,10,000,00,2,7,02,B02
200500071720,0,07,000,00,2,4,01,A01
200500071720,0,07,000,00,2,1,02,B02
200500071721,0,07,000,00,2,1,17,A01
200500071721,0,07,000,00,2,1,01,B02
200500071722,0,07,000,00,2,3,01,A01
200500071722,0,15,000,00,2,2,01,B02
200500071723,0,07,000,00,0,1,01,A01
200500071724,0,05,000,03,0,1,01,A01
200500071725,0,07,000,00,2,3,13,A01
200500071725,0,07,000,00,2,3,00,B02
200500071726,0,07,000,00,2,3,01,A01
200500071726,0,02,000,00,2,1,01,B02
200500071727,0,05,000,00,2,1,13,A01
200500071727,0,07,000,00,2,6,01,B02
200500071727,0,07,000,00,2,8,01,C03
200500071727,0,07,000,00,2,8,01,D04
200500071727,0,10,000,00,2,4,01,E05
200500071727,0,07,000,00,2,1,01,F06
200500071728,0,05,000,00,2,1,17,A01
200500071728,0,07,000,00,0,8,15,B02
200500071729,0,02,000,00,1,1,01,A01
200500071730,0,07,000,13,0,8,01,A01
200500071731,0,07,000,16,0,9,13,A01
200500071732,0,07,000,03,0,9,01,A01
200500071733,0,07,000,00,2,3,01,A01
200500071733,0,05,000,00,2,1,17,B02
200500071734,0,07,000,00,2,3,19,A01
200500071734,0,05,000,00,2,1,01,B02
200500071735,0,04,000,12,0,1,02,A01
200500071736,0,07,000,00,2,3,15,A01
200500071736,0,02,000,00,2,1,01,B02
200500071737,1,07,000,00,2,6,10,A01
200500071737,0,05,000,00,2,1,01,B02
200500071738,0,07,000,00,2,1,13,A01
200500071738,0,07,000,00,2,3,01,B02
200500071739,0,07,000,13,0,2,01,A01
200500071740,0,07,000,00,0,9,01,A01
200500071741,0,07,000,00,2,3,13,A01
200500071741,0,07,000,00,2,3,01,B02
200500071742,0,07,000,00,2,1,01,A01
200500071742,0,07,000,00,2,3,01,B02
200500071743,0,07,000,06,0,1,00,A01
200500071744,0,07,000,02,6,7,00,A01
200500071745,0,07,000,00,2,2,01,B02
200500071745,0,07,000,00,2,3,19,A01
200500071746,0,07,000,00,9,7,01,A01
200500071747,0,07,000,00,2,1,01,B02
200500071747,0,07,000,00,2,8,15,A01
200500071748,0,07,000,02,0,9,14,A01
200500071749,0,07,000,13,0,9,01,A01
200500071750,0,02,000,00,2,1,01,A01
200500071750,0,07,000,00,9,8,01,B02
200500071751,0,07,000,00,2,5,11,A01
200500071751,0,02,000,00,2,1,01,B02
200500071752,0,07,000,00,2,5,09,B02
200500071752,0,99,000,00,0,0,00,C03
200500071753,0,07,000,00,6,9,21,A01
200500071754,0,07,000,00,2,1,13,A01
200500071754,0,17,000,00,2,3,01,B02
200500071755,0,05,000,00,2,1,01,A01
200500071755,0,07,000,00,0,4,23,B02
200500071756,0,07,000,00,0,1,01,A01
200500071757,0,02,000,00,2,1,01,A01
200500071757,0,07,000,00,2,8,10,B02
200500071758,0,07,000,00,1,4,04,A01
200500071759,0,07,000,02,0,7,13,A01
200500071760,0,13,000,00,2,1,09,A01
200500071760,0,07,000,07,2,7,15,B02
200500071761,0,07,000,13,0,3,17,A01
200500071762,0,07,000,02,0,1,01,A01
200500071763,0,07,000,00,6,1,01,A01
200500071764,0,07,000,00,9,7,15,A01
200500071764,0,07,000,00,2,1,01,B02
200500071765,0,07,000,01,2,3,01,C03
200500071765,0,07,000,00,2,1,19,A01
200500071765,0,07,000,08,2,8,23,B02
200500071766,0,07,000,00,2,1,13,A01
200500071766,0,07,000,00,2,1,02,B02
200500071766,0,07,000,00,2,1,01,C03
200500071767,0,07,000,00,2,3,19,A01
200500071767,0,07,000,11,2,2,01,B02
200500071768,0,07,000,00,2,1,01,A01
200500071768,0,07,000,00,2,1,01,B02
200500071769,0,02,000,00,0,4,15,A01
200500071769,0,05,000,01,2,1,17,B02
200500071769,0,07,000,00,0,3,24,C03
200500071770,0,07,000,00,0,1,01,A01
200500071771,0,07,000,00,9,2,01,A01
200500071771,0,02,000,00,2,1,15,B02
200500071772,0,02,000,00,2,2,01,A01
200500071772,0,02,000,00,2,2,01,B02
200500071773,0,05,000,00,2,1,01,A01
200500071773,0,07,000,00,0,3,09,C03
200500071774,0,07,000,00,2,3,01,A01
200500071774,0,07,000,00,0,3,13,B02
200500071774,0,07,000,00,0,6,01,C03
200500071775,0,07,000,00,2,3,01,A01
200500071775,0,04,000,00,2,2,01,B02
200500071776,0,07,000,02,0,1,01,A01
200500071777,0,07,000,00,2,8,01,A01
200500071777,0,07,000,00,0,8,00,B02
200500071778,0,07,000,06,0,2,00,A01
200500071779,0,07,000,00,0,1,13,A01
200500071780,0,07,000,00,2,7,01,A01
200500071780,0,07,000,00,0,0,00,B02
200500071781,0,04,000,09,0,1,17,A01
200500071782,0,07,000,01,0,2,01,A01
200500071782,0,17,000,00,0,5,01,B02
200500071782,0,07,000,00,0,6,00,C03
200500071783,0,10,000,00,0,5,15,A01
200500071783,0,05,000,00,0,1,01,B02
200500071784,0,07,000,00,0,7,16,A01
200500071784,0,02,000,00,0,8,18,B02
200500071785,0,02,000,00,2,1,17,A01
200500071785,0,07,000,00,2,1,15,B02
200500071786,0,10,000,00,1,2,01,A01
200500071787,0,05,000,03,0,7,01,A01
200500071788,0,07,000,00,1,1,01,A01
200500071789,0,07,000,00,2,3,10,A01
200500071789,0,05,000,00,2,1,01,B02
200500071790,0,07,000,00,0,7,01,A01
200500071791,0,07,000,00,2,3,20,A01
200500071791,0,07,000,00,2,2,01,B02
200500071792,0,21,000,00,2,3,15,A01
200500071792,0,05,000,00,2,1,01,B02
200500071793,0,05,000,13,2,9,17,A01
200500071793,0,07,000,13,2,3,21,B02
200500071794,0,05,000,00,2,0,01,A01
200500071794,0,07,000,00,9,1,01,B02
200500071795,0,07,000,13,0,1,01,A01
200500071796,0,07,000,02,0,3,14,A01
200500071797,0,07,000,08,0,3,01,A01
200500071798,0,14,000,00,2,2,19,A01
200500071798,0,07,000,00,2,1,01,B02
200500071799,0,07,000,13,0,1,01,A01
200500071800,0,10,000,00,2,3,15,A01
200500071800,0,07,000,00,2,3,01,B02
200500071801,0,07,000,06,0,1,01,A01
200500071802,0,05,000,13,0,1,01,A01
200500071803,0,07,000,16,0,1,01,A01
200500071804,0,07,000,00,0,1,01,A01
200500071805,0,07,000,06,0,2,01,A01
200500071806,0,07,000,00,0,3,00,A01
200500071806,0,07,000,00,0,3,00,B02
200500071807,0,07,000,13,0,9,01,A01
200500071808,0,07,000,02,0,1,00,A01
200500071809,0,05,000,02,0,1,17,A01
200500071810,0,07,000,00,2,3,15,A01
200500071810,0,05,000,00,2,2,01,B02
200500071811,0,07,000,00,2,7,17,A01
200500071811,0,07,000,00,2,3,01,B02
200500071812,0,07,000,00,2,1,13,A01
200500071812,0,07,000,00,2,1,01,B02
200500071813,0,07,000,01,2,2,24,A01
200500071813,0,07,000,01,0,2,19,B02
200500071814,0,07,000,00,9,7,17,A01
200500071814,0,01,000,00,2,8,02,B02
200500071815,0,05,000,00,2,1,01,A01
200500071815,0,07,000,00,2,4,15,B02
200500071816,0,07,000,02,2,9,13,A01
200500071816,0,07,000,00,2,2,01,B02
200500071817,0,07,000,00,0,0,00,A01
200500071818,0,07,000,00,2,8,01,A01
200500071818,0,07,000,00,2,3,01,B02
200500071819,0,07,000,08,0,7,01,A01
200500071820,0,07,000,00,0,0,00,A01
200500071820,0,02,000,00,2,1,00,B02
200500071821,0,07,000,06,0,2,00,A01
200500071822,0,07,000,00,2,2,21,A01
200500071822,0,07,000,00,2,1,01,B02
200500071823,0,07,000,02,0,1,01,A01
200500071824,0,07,000,03,0,9,19,A01
200500071825,0,15,000,00,1,1,01,A01
200500071826,0,07,000,00,9,2,01,A01
200500071826,0,01,000,00,2,4,02,B02
200500071827,0,07,000,00,2,6,10,A01
200500071827,0,05,000,00,2,1,01,B02
200500071828,0,07,000,00,0,8,10,A01
200500071828,0,07,000,00,0,2,01,B02
200500071829,0,05,000,06,0,6,01,A01
200500071830,0,07,000,13,0,1,09,A01
200500071831,0,07,000,00,2,3,01,A01
200500071831,0,07,000,00,2,2,19,B02
200500071832,0,18,000,00,1,0,20,A01
200500071833,0,07,000,00,0,7,00,A01
200500071833,0,02,000,00,0,1,01,B02
200500071834,0,07,000,06,0,1,00,A01
200500071835,0,05,000,02,0,1,01,A01
200500071836,0,04,000,06,0,1,00,A01
200500071837,0,07,000,06,0,1,01,A01
200500071838,0,02,000,13,0,1,01,A01
200500071839,0,10,000,00,2,1,01,A01
200500071839,0,07,000,00,2,3,23,B02
200500071840,0,02,000,00,2,1,01,A01
200500071840,0,02,000,00,2,4,02,B02
200500071841,0,07,000,00,9,1,15,A01
200500071841,0,02,000,00,2,3,01,B02
200500071842,0,07,000,00,2,1,00,A01
200500071842,0,07,000,00,2,2,19,B02
200500071843,0,07,000,00,1,1,01,A01
200500071844,0,07,000,08,0,1,00,A01
200500071844,0,07,000,01,0,1,00,B02
200500071845,0,07,000,00,1,1,01,A01
200500071846,0,07,000,00,1,8,01,A01
200500071847,0,07,000,00,2,2,11,A01
200500071847,0,07,000,00,2,4,23,B02
200500071847,0,07,000,00,2,1,01,C03
200500071847,0,07,000,00,2,3,01,D04
200500071848,0,07,000,06,0,8,01,A01
200500071849,0,07,000,00,2,3,01,A01
200500071849,0,07,000,00,2,2,19,B02
200500071850,0,07,000,06,0,2,01,A01
200500071851,0,07,000,00,0,7,01,A01
200500071852,0,10,000,00,2,3,10,A01
200500071852,0,07,000,13,2,2,02,B02
200500071853,0,07,000,06,0,1,19,A01
200500071854,0,07,000,00,0,0,00,A01
200500071855,0,07,000,00,1,3,01,A01
200500071856,0,10,000,00,1,2,01,A01
200500071857,0,07,000,02,0,2,17,A01
200500071858,0,17,000,13,0,7,01,A01
200500071859,0,07,000,00,2,1,17,A01
200500071859,0,07,000,00,2,1,01,B02
200500071860,0,07,000,00,2,3,19,A01
200500071860,0,07,000,00,2,2,13,B02
200500071861,0,07,000,02,0,7,01,A01
200500071862,0,01,000,00,1,0,01,A01
200500071863,0,07,000,00,0,5,15,A01
200500071863,0,02,000,00,2,1,01,B02
200500071864,0,05,000,00,6,1,01,A01
200500071865,0,07,000,00,2,2,00,A01
200500071865,0,07,000,00,0,1,00,B02
200500071866,0,07,000,06,0,7,00,A01
200500071866,0,07,000,00,2,3,02,B02
200500071867,0,07,000,00,2,1,13,A01
200500071867,0,07,000,00,2,1,01,B02
200500071868,0,07,000,00,9,8,01,A01
200500071868,0,05,000,16,2,8,21,B02
200500071869,0,07,000,00,2,3,09,A01
200500071869,0,05,000,00,2,1,01,B02
200500071870,0,07,000,13,0,8,01,A01
200500071871,0,07,000,00,2,3,01,A01
200500071871,0,07,000,00,2,3,01,B02
200500071872,0,07,000,00,2,2,01,A01
200500071872,0,02,000,00,2,8,15,B02
200500071873,0,02,000,01,0,0,01,A01
200500071874,0,07,000,00,2,1,19,A01
200500071874,0,05,000,00,2,1,09,B02
200500071875,0,10,000,00,2,8,13,A01
200500071875,0,07,000,13,2,3,13,B02
200500071876,0,05,000,00,2,8,00,A01
200500071877,0,07,000,00,2,3,19,A01
200500071877,0,05,000,00,2,1,17,B02
200500071878,0,07,000,16,0,9,01,A01
200500071879,0,07,000,00,9,3,15,A01
200500071880,0,07,000,00,2,3,01,A01
200500071880,0,07,000,00,2,3,13,B02
200500071881,0,07,000,13,0,8,17,A01
200500071882,0,07,000,02,0,1,13,A01
200500071882,0,07,000,02,0,1,01,B02
200500071883,0,07,000,00,2,2,02,A01
200500071883,0,07,000,00,2,3,02,B02
200500071884,0,07,000,00,1,2,01,A01
200500071885,0,07,000,00,2,1,13,A01
200500071885,0,07,000,00,2,3,01,B02
200500071886,0,07,000,00,2,1,01,A01
200500071886,0,01,000,00,2,8,00,B02
200500071887,0,07,000,00,2,6,09,A01
200500071887,0,05,000,00,2,1,00,B02
200500071888,0,07,000,02,0,1,01,A01
200500071889,0,01,000,00,2,8,01,A01
200500071889,1,07,000,00,9,7,01,B02
200500071890,0,07,000,00,2,3,13,A01
200500071890,0,07,000,00,0,8,01,B02
200500071891,0,07,000,00,0,0,01,A01
200500071892,0,07,000,00,2,3,13,A01
200500071892,0,07,000,00,2,3,01,B02
200500071893,0,07,000,02,0,2,01,A01
200500071894,0,07,000,16,0,9,17,A01
200500071895,0,05,000,00,2,1,01,A01
200500071896,0,05,000,13,0,1,14,A01
200500071897,0,07,000,00,2,3,13,A01
200500071897,0,07,000,00,2,8,01,B02
200500071898,0,07,000,00,0,0,00,A01
200500071899,0,07,000,00,2,1,13,A01
200500071899,0,07,000,00,2,1,01,B02
200500071900,0,02,000,00,0,4,01,A01
200500071900,0,07,000,00,2,1,01,B02
200500071901,0,07,000,00,2,1,03,A01
200500071901,0,07,000,00,2,2,01,B02
200500071901,0,07,000,01,0,3,23,C03
200500071902,0,07,000,00,2,1,15,A01
200500071902,0,07,000,00,2,7,23,B02
200500071902,0,07,000,00,2,8,01,C03
200500071903,0,07,000,00,2,3,23,A01
200500071903,0,02,000,00,2,1,01,B02
200500071904,0,07,000,03,0,1,00,A01
200500071905,0,07,000,00,2,1,05,A01
200500071905,0,07,000,00,2,1,01,B02
200500071906,0,07,000,00,2,1,13,A01
200500071906,0,07,000,00,2,1,01,B02
200500071907,0,07,000,00,9,1,05,A01
200500071907,0,01,000,00,2,1,16,B02
200500071907,0,01,000,00,2,1,16,C03
200500071908,0,05,000,00,2,2,15,A01
200500071908,0,07,000,00,2,2,01,B02
200500071909,0,07,000,00,2,2,01,A01
200500071909,0,07,000,00,2,7,16,B02
200500071910,0,07,000,00,1,1,01,A01
200500071911,0,07,000,02,0,1,01,A01
200500071912,0,07,000,02,0,7,01,A01
200500071913,0,07,000,03,0,3,01,A01
200500071914,0,07,000,00,0,2,00,A01
200500071915,0,07,000,13,0,9,01,A01
200500071916,0,07,000,00,0,8,15,A01
200500071916,0,05,000,00,0,7,17,B02
200500071917,0,07,000,00,0,1,02,B02
200500071917,0,07,000,00,0,8,19,A01
200500071918,0,05,000,00,2,1,02,A01
200500071918,0,07,000,00,0,4,23,B02
200500071919,0,02,000,00,2,0,21,A01
200500071920,0,07,000,00,2,3,17,A01
200500071920,0,07,000,00,2,3,01,B02
200500071920,0,07,000,00,2,1,01,C03
200500071920,0,07,000,13,0,2,01,D04
200500071921,0,05,000,00,0,0,00,A01
200500071921,0,02,000,00,2,1,01,B02