Num_Acc,senc,catv,occutc,obs,obsm,choc,manv,num_veh
200500073350,0,05,000,00,2,9,02,A01
200500073350,0,07,000,00,2,3,11,B01
200500073350,0,07,000,00,2,6,01,C01
200500073351,0,07,000,00,2,2,15,A01
200500073351,0,07,000,00,2,1,01,B01
200500073352,0,07,000,00,1,0,01,A01
200500073353,0,07,000,00,2,1,15,A01
200500073353,0,02,000,00,2,2,01,B01
200500073354,0,15,000,00,2,2,12,A01
200500073354,0,07,000,03,0,6,01,B01
200500073354,0,15,000,00,2,8,01,C01
200500073355,0,07,000,00,1,3,01,A01
200500073356,0,07,000,00,2,1,01,A01
200500073356,0,07,000,00,2,4,01,B01
200500073357,0,15,000,00,2,1,01,A01
200500073357,0,07,000,00,2,8,14,B01
200500073357,0,07,000,00,0,0,01,C01
200500073358,0,07,000,00,2,6,15,A01
200500073358,0,07,000,00,0,1,01,B01
200500073359,0,01,000,01,0,0,01,A01
200500073360,0,07,000,06,0,1,01,A01
200500073361,0,05,000,00,2,8,01,A01
200500073361,0,07,000,00,2,5,15,B01
200500073362,0,07,000,00,2,1,16,A01
200500073362,0,07,000,00,0,7,01,B01
200500073363,0,07,000,00,2,4,01,A01
200500073363,0,17,000,00,2,1,00,B01
200500073363,0,14,000,00,0,9,00,C01
200500073364,0,05,000,00,0,7,01,A01
200500073365,0,07,000,00,2,1,15,A01
200500073365,0,07,000,00,2,5,01,B01
200500073366,0,07,000,00,2,1,01,B01
200500073366,0,07,000,00,2,6,00,A01
200500073367,1,07,000,00,2,0,00,A01
200500073367,0,07,000,00,0,6,01,B01
200500073368,1,07,000,00,2,0,02,A01
200500073368,0,04,000,00,0,4,02,B01
200500073369,0,07,000,00,2,8,01,A01
200500073369,0,07,000,00,2,8,01,B01
200500073370,0,07,000,00,1,1,01,A01
200500073371,0,05,000,00,0,7,01,A01
200500073372,0,07,000,00,2,1,01,A01
200500073372,0,05,000,00,2,7,01,B01
200500073373,0,07,000,00,2,3,13,A01
200500073373,0,05,000,00,2,1,01,B01
200500073374,0,14,000,06,0,8,15,A01
200500073375,0,07,000,00,1,4,04,A01
200500073376,0,05,000,00,2,1,01,B01
200500073376,1,07,000,00,2,0,00,A01
200500073377,0,07,000,00,2,1,01,A01
200500073377,0,07,000,00,2,4,01,B01
200500073378,0,07,000,00,2,1,02,A01
200500073378,0,07,000,00,2,4,02,B01
200500073378,0,07,000,00,2,4,02,C01
200500073379,0,07,000,00,0,1,01,A01
200500073380,0,18,040,00,2,7,01,A01
200500073380,0,07,000,00,2,6,24,B01
200500073381,0,07,000,03,0,1,01,A01
200500073382,0,07,000,00,0,8,01,B01
200500073382,0,02,000,00,2,1,01,A01
200500073383,0,10,000,00,0,7,15,A01
200500073383,0,01,000,00,2,1,01,B01
200500073384,0,07,000,00,1,7,01,A01
200500073385,0,07,000,00,0,1,14,A01
200500073385,0,17,000,00,2,2,01,B01
200500073386,0,07,000,00,1,3,01,A01
200500073387,0,07,000,02,0,2,02,A01
200500073388,0,07,000,00,2,1,13,A01
200500073388,0,07,000,00,2,1,02,B01
200500073388,0,07,000,00,2,1,02,C01
200500073389,0,07,000,00,1,3,15,A01
200500073390,0,02,000,00,2,3,02,B01
200500073390,0,07,000,00,2,1,09,A01
200500073391,0,04,000,00,2,1,01,A01
200500073391,0,07,000,00,2,3,15,B01
200500073392,0,07,000,00,2,1,02,A01
200500073392,0,07,000,00,2,4,09,B01
200500073393,0,07,000,01,0,1,13,A01
200500073394,0,07,000,00,0,9,00,A01
200500073395,0,07,000,00,2,6,12,A01
200500073395,0,02,000,00,2,8,01,B01
200500073396,0,07,000,00,2,1,05,A01
200500073396,0,02,000,00,2,1,01,B01
200500073397,0,07,000,00,2,3,01,A01
200500073397,0,07,000,00,2,2,01,B01
200500073398,0,07,000,00,2,1,01,A01
200500073398,0,07,000,00,0,4,01,B01
200500073399,0,07,000,00,2,1,15,A01
200500073399,0,05,000,00,2,8,01,B01
200500073400,0,07,000,00,2,8,15,A01
200500073400,0,05,000,00,2,9,01,B01
200500073401,0,07,000,00,2,1,15,A01
200500073401,0,05,000,00,2,8,01,B01
200500073402,0,07,000,00,1,3,15,A01
200500073403,0,07,000,00,2,1,01,B01
200500073403,0,02,000,00,2,1,01,C01
200500073403,0,07,000,00,2,1,01,A01
200500073404,1,10,000,00,1,0,01,A01
200500073405,0,07,000,00,1,8,16,A01
200500073406,0,01,000,00,2,8,01,A01
200500073406,0,07,000,00,2,1,01,B01
200500073407,0,07,000,00,2,3,14,A01
200500073407,0,05,000,00,2,7,17,B01
200500073408,0,07,000,00,1,2,01,A01
200500073409,0,05,000,00,1,8,00,A01
200500073410,0,07,000,00,2,0,04,A01
200500073410,0,02,000,00,2,0,16,B01
200500073411,0,07,000,01,0,1,13,A01
200500073411,0,07,000,12,0,2,21,B01
200500073412,0,07,000,00,2,6,16,A01
200500073412,0,02,000,00,2,9,01,B01
200500073413,0,07,000,00,2,1,15,A01
200500073413,0,07,000,00,2,1,01,B01
200500073414,0,07,000,08,0,9,15,A01
200500073414,0,07,000,00,2,2,01,B01
200500073415,0,07,000,00,1,3,15,A01
200500073416,0,07,000,00,2,5,15,A01
200500073416,0,05,000,00,2,2,01,B01
200500073416,0,02,000,00,2,1,01,C01
200500073417,0,07,000,00,2,1,15,A01
200500073417,0,07,000,00,2,1,02,B01
200500073417,0,07,000,00,2,1,02,C01
200500073418,0,07,000,00,2,1,15,A01
200500073418,0,02,000,00,2,8,15,B01
200500073419,0,07,000,00,2,2,15,A01
200500073419,0,07,000,00,2,1,01,B01
200500073420,0,07,000,00,2,8,15,A01
200500073420,0,07,000,00,2,1,01,B01
200500073421,0,07,000,00,2,4,02,A01
200500073421,0,07,000,00,2,1,02,B01
200500073422,0,02,000,00,2,1,02,A01
200500073422,0,07,000,00,2,5,15,B01
200500073423,0,02,000,00,2,1,01,A01
200500073423,0,07,000,00,2,7,16,B01
200500073424,0,07,000,00,2,3,01,A01
200500073424,0,07,000,00,2,2,01,B01
200500073424,0,07,000,00,2,1,01,C01
200500073425,0,07,000,00,1,1,02,A01
200500073426,0,07,000,00,2,2,02,A01
200500073426,0,05,000,00,2,3,02,B01
200500073427,0,07,000,00,2,1,23,A01
200500073427,0,07,000,00,2,4,23,B01
200500073427,0,07,000,00,2,4,23,C01
200500073428,0,05,000,00,1,1,01,A01
200500073429,0,07,000,00,2,2,16,A01
200500073429,0,02,000,00,2,1,02,B01
200500073430,0,02,000,00,2,1,01,A01
200500073430,0,07,000,00,2,1,15,B01
200500073431,0,05,000,07,0,1,01,A01
200500073432,0,01,000,00,2,1,09,A01
200500073432,0,07,000,00,2,2,00,B01
200500073433,0,02,000,00,2,1,16,A01
200500073433,0,07,000,00,2,5,01,B01
200500073434,0,01,000,00,2,1,02,A01
200500073434,0,07,000,00,2,1,21,B01
200500073435,0,07,000,00,2,8,15,A01
200500073435,0,02,000,00,2,8,17,B01
200500073436,0,07,000,00,2,6,15,A01
200500073436,0,05,000,00,2,1,01,B01
200500073437,0,07,000,00,2,3,01,A01
200500073437,0,05,000,00,2,3,01,B01
200500073438,0,07,000,00,2,3,16,A01
200500073438,0,05,000,01,2,7,01,B01
200500073439,0,10,000,00,2,2,01,A01
200500073439,0,07,000,00,2,4,01,B01
200500073440,0,07,000,00,2,6,01,B01
200500073440,0,02,000,00,2,1,01,A01
200500073441,0,07,000,00,2,2,01,A01
200500073441,0,05,000,00,2,2,15,B01
200500073442,0,02,000,00,2,1,01,A01
200500073442,0,07,000,00,2,8,01,B01
200500073443,0,07,000,00,2,1,00,A01
200500073443,0,07,000,00,2,2,01,B01
200500073444,0,17,000,00,2,1,16,A01
200500073444,0,01,000,00,2,0,01,B01
200500073445,0,07,000,00,2,3,02,A01
200500073445,0,01,000,00,2,6,09,B01
200500073446,0,07,000,00,2,2,15,A01
200500073446,0,02,000,00,2,1,01,B01
200500073447,0,10,000,00,2,1,15,A01
200500073447,0,02,000,00,2,1,02,B01
200500073448,0,07,000,01,2,8,15,A01
200500073448,0,10,000,00,2,1,01,B01
200500073449,0,07,000,00,2,6,11,A01
200500073449,0,07,000,00,2,2,01,B01
200500073450,0,07,000,00,2,1,01,A01
200500073450,0,07,000,00,2,8,01,B01
200500073451,0,07,000,00,2,3,01,A01
200500073451,0,07,000,00,2,3,01,B01
200500073452,0,07,000,00,2,1,15,A01
200500073452,0,07,000,00,2,4,15,B01
200500073453,0,02,000,00,2,7,01,A01
200500073453,0,07,000,00,2,6,02,B01
200500073454,0,07,000,00,2,7,01,A01
200500073454,0,07,000,00,2,1,01,B01
200500073455,0,07,000,00,2,0,01,A01
200500073455,0,01,000,00,2,1,01,B01
200500073456,0,07,000,00,2,0,15,A01
200500073456,0,02,000,00,2,1,01,B01
200500073457,0,02,000,14,0,1,01,A01
200500073457,0,07,000,00,2,4,23,B01
200500073458,0,07,000,00,2,1,01,A01
200500073458,0,07,000,00,2,3,00,B01
200500073459,0,07,000,07,4,8,01,A01
200500073459,0,19,000,00,2,1,01,B01
200500073460,0,07,000,00,2,5,15,A01
200500073460,0,05,000,00,2,1,01,B01
200500073461,0,02,000,00,2,3,01,A01
200500073461,0,07,000,00,2,5,16,B01
200500073462,0,07,000,00,2,1,15,A01
200500073462,0,05,000,00,2,9,01,B01
200500073463,0,07,000,00,2,8,10,A01
200500073463,0,05,000,00,2,1,01,B01
200500073464,0,10,000,00,2,1,01,A01
200500073464,0,07,000,01,2,4,01,B01
200500073465,0,07,000,01,0,1,01,A01
200500073466,0,07,000,00,1,1,01,A01
200500073467,0,05,000,00,2,7,01,A01
200500073467,0,07,000,00,2,6,01,B01
200500073467,0,07,000,00,2,3,01,C01
200500073468,0,07,000,00,1,3,01,A01
200500073469,0,07,000,00,1,2,01,A01
200500073470,0,10,000,00,2,3,02,A01
200500073470,0,07,000,00,2,1,02,B01
200500073471,0,07,000,07,0,8,01,A01
200500073472,0,07,000,00,2,0,16,A01
200500073472,0,01,000,00,2,0,01,B01
200500073473,0,07,000,00,1,3,01,A01
200500073474,0,10,000,00,2,8,01,A01
200500073474,0,07,000,00,2,3,02,B01
200500073475,1,07,000,00,2,0,15,A01
200500073475,0,05,000,00,2,1,01,B01
200500073476,0,07,000,15,0,0,13,A01
200500073477,0,05,000,00,1,1,02,A01
200500073478,0,07,000,00,2,7,01,A01
200500073478,0,05,000,00,2,1,01,B01
200500073479,0,07,000,00,2,1,01,A01
200500073479,0,07,000,01,2,1,01,B01
200500073480,0,07,000,00,4,2,15,A01
200500073480,0,19,000,00,2,1,01,B01
200500073481,0,07,000,00,2,1,01,A01
200500073481,0,07,000,00,2,5,01,C01
200500073481,0,07,000,00,2,8,16,B01
200500073482,0,02,000,00,2,1,01,A01
200500073482,0,07,000,00,2,7,01,B01
200500073483,0,07,000,00,2,8,02,A01
200500073483,0,02,000,00,2,3,13,B01
200500073484,0,07,000,00,2,1,01,A01
200500073484,0,01,000,00,2,2,19,B01
200500073485,0,10,000,00,2,2,01,A01
200500073485,0,02,000,00,2,1,01,B01
200500073486,0,07,000,09,2,8,01,A01
200500073486,0,07,000,00,2,1,01,B01
200500073487,0,07,000,00,2,7,15,A01
200500073487,0,07,000,00,2,1,01,B01
200500073488,0,07,000,00,1,2,01,A01
200500073489,0,02,000,00,2,4,01,A01
200500073489,0,07,000,00,2,4,01,B01
200500073490,0,07,000,01,0,2,01,A01
200500073491,0,02,000,00,2,8,01,A01
200500073491,0,07,000,00,2,5,01,B01
200500073492,0,05,000,00,2,9,01,A01
200500073492,0,07,000,00,2,0,14,B01
200500073493,0,07,000,00,2,1,15,A01
200500073493,0,05,000,00,2,1,01,B01
200500073494,0,07,000,00,1,1,01,A01
200500073495,0,07,000,00,1,1,01,A01
200500073496,0,10,000,00,1,3,01,A01
200500073497,0,07,000,00,1,2,15,A01
200500073498,0,18,001,00,1,7,09,A01
200500073499,0,02,000,00,2,0,01,A01
200500073499,0,07,000,00,2,4,23,B01
200500073500,0,07,000,00,2,3,15,A01
200500073500,0,05,000,00,2,1,01,B01
200500073501,0,07,000,00,2,8,15,A01
200500073501,0,02,000,00,2,1,01,B01
200500073502,0,07,000,00,2,1,15,A01
200500073502,0,10,000,00,2,3,01,B01
200500073503,0,02,000,00,2,1,01,A01
200500073503,0,07,000,00,2,5,01,B01
200500073504,0,07,000,00,2,2,20,A01
200500073504,0,05,000,00,2,1,01,B01
200500073505,0,10,000,00,2,2,01,A01
200500073505,0,07,000,00,2,3,01,B01
200500073506,0,07,000,00,2,1,15,A01
200500073506,0,02,000,00,2,1,01,B01
200500073507,0,02,000,00,2,1,01,A01
200500073507,0,07,000,00,2,1,01,B01
200500073508,0,07,000,00,2,2,15,A01
200500073508,0,02,000,00,2,1,01,B01
200500073509,0,02,000,00,1,1,01,A01
200500073509,0,10,000,00,2,8,15,B01
200500073510,0,02,000,00,2,1,17,A01
200500073510,0,07,000,00,2,3,15,B01
200500073511,0,07,000,00,2,2,01,A01
200500073511,0,07,000,00,2,6,15,B01
200500073512,0,02,000,00,2,7,15,A01
200500073512,0,19,000,00,2,2,01,B01
200500073513,0,07,000,00,2,1,01,A01
200500073513,0,07,000,00,2,4,23,B01
200500073514,0,07,000,00,2,1,15,A01
200500073514,0,02,000,00,2,1,01,B01
200500073515,0,10,000,00,0,1,00,A01
200500073516,0,07,000,00,1,3,00,A01
200500073517,0,07,000,00,2,0,01,A01
200500073517,0,07,000,00,2,8,01,B01
200500073518,0,07,000,00,2,1,01,B01
200500073518,2,07,000,00,2,8,10,A01
200500073519,0,07,000,00,2,1,09,A01
200500073519,0,05,000,01,2,4,01,B01
200500073520,0,07,000,00,2,3,15,A01
200500073520,0,02,000,00,2,1,01,B01
200500073521,0,07,000,00,2,1,01,B01
200500073521,0,07,000,00,2,7,01,A01
200500073522,0,07,000,09,0,1,01,A01
200500073523,0,07,000,00,2,2,15,A01
200500073523,0,02,000,00,2,1,01,B01
200500073524,0,14,000,00,2,5,02,A01
200500073524,0,01,000,00,2,5,02,B01
200500073525,0,07,000,00,2,3,01,B01
200500073525,0,04,000,00,2,1,13,A01
200500073526,0,07,000,00,2,1,02,A01
200500073526,0,07,000,00,2,4,02,B01
200500073526,0,07,000,00,2,1,02,C01
200500073527,0,07,000,00,2,2,15,A01
200500073527,0,07,000,00,2,1,01,B01
200500073528,0,07,000,00,2,3,13,A01
200500073528,0,07,000,00,2,1,01,B01
200500073528,0,07,000,00,2,3,02,C01
200500073529,0,07,000,09,0,1,01,A01
200500073530,0,07,000,00,2,7,16,A01
200500073530,0,05,000,00,2,8,18,B01
200500073531,0,02,000,00,1,1,01,A01
200500073532,0,07,000,00,2,3,11,A01
200500073532,0,05,000,00,2,7,01,B01
200500073533,1,07,000,00,2,4,15,A01
200500073533,0,02,000,00,2,1,01,B01
200500073534,0,02,000,00,2,1,01,B01
200500073534,0,07,000,00,2,3,01,A01
200500073535,0,07,000,09,1,2,02,A01
200500073536,0,07,000,00,0,0,01,A01
200500073537,0,02,000,00,2,7,01,B01
200500073537,0,07,000,00,2,7,15,A01
200500073538,0,07,000,00,2,1,01,A01
200500073538,0,07,000,00,2,7,01,B01
200500073539,0,07,000,00,1,1,01,A01
200500073540,2,07,000,00,2,1,01,A01
200500073540,0,07,000,00,2,4,23,B01
200500073540,0,07,000,00,2,4,23,C01
200500073540,0,10,000,07,2,4,23,D01
200500073541,0,07,000,00,1,2,01,A01
200500073542,0,04,000,00,2,1,01,B01
200500073542,0,07,000,00,2,3,15,A01
200500073543,0,04,000,00,2,1,01,A01
200500073543,0,07,000,00,2,3,15,B01
200500073544,0,07,000,13,0,9,14,A01
200500073545,0,05,000,16,0,9,01,A01
200500073546,0,07,000,00,2,6,15,B01
200500073546,1,07,000,00,2,1,01,A01
200500073547,0,05,000,00,2,2,17,A01
200500073547,0,07,000,00,2,3,15,B01
200500073548,0,07,000,00,0,3,01,A01
200500073549,0,07,000,15,1,1,05,A01
200500073549,0,07,000,00,2,1,01,B01
200500073550,0,07,000,00,2,7,12,A01
200500073550,0,05,000,00,2,8,01,B01
200500073551,0,05,000,00,2,1,01,B01
200500073551,0,07,000,00,2,8,19,A01
200500073552,0,07,000,00,2,1,15,A01
200500073552,0,05,000,00,2,1,01,B01
200500073553,0,07,000,00,0,7,15,A01
200500073553,0,02,000,00,2,1,01,B01
200500073554,0,07,000,00,2,8,15,A01
200500073554,0,04,000,00,0,1,01,B01
200500073555,0,07,000,00,2,1,01,B01
200500073555,0,02,000,00,2,1,05,A01
200500073556,0,05,000,00,0,0,01,A01
200500073557,0,07,000,06,0,1,15,A01
200500073558,1,07,000,00,1,2,01,A01
200500073559,0,07,000,00,0,4,23,B01
200500073559,0,01,000,00,2,1,01,A01
200500073560,0,07,000,08,0,1,01,A01
200500073561,0,07,000,07,0,3,01,A01
200500073562,0,07,000,00,2,2,01,A01
200500073562,0,07,000,00,2,3,01,B01
200500073563,0,07,000,06,0,1,14,A01
200500073564,0,07,000,00,2,7,17,A01
200500073564,0,05,000,00,0,8,01,B01
200500073565,0,05,000,08,2,1,17,A01
200500073565,0,07,000,00,2,3,15,B01
200500073566,0,07,000,00,2,4,01,A01
200500073566,1,07,000,00,2,1,01,B01
200500073567,0,07,000,00,1,2,20,A01
200500073568,0,05,000,00,2,1,01,A01
200500073568,0,07,000,00,0,8,01,B01
200500073569,0,02,000,00,1,1,01,A01
200500073570,0,07,000,00,1,1,01,A01
200500073571,0,05,000,00,2,7,11,A01
200500073571,0,07,000,00,2,8,13,B01
200500073572,0,07,000,00,2,2,19,A01
200500073572,0,07,000,00,2,3,01,B01
200500073573,0,07,000,03,0,3,01,A01
200500073574,0,07,000,00,2,4,01,B01
200500073574,0,02,000,00,2,1,01,A01
200500073575,0,07,000,00,1,3,01,A01
200500073576,0,05,000,00,2,1,01,A01
200500073576,0,07,000,00,2,8,15,B01
200500073577,0,07,000,00,1,3,01,A01
200500073578,0,05,000,00,2,2,17,A01
200500073578,0,07,000,00,2,3,15,B01
200500073579,0,99,000,00,1,1,01,A01
200500073580,0,07,000,00,2,1,02,A01
200500073580,0,07,000,00,2,4,02,B01
200500073580,0,07,000,00,2,4,02,C01
200500073581,0,10,000,00,2,3,13,A01
200500073581,0,07,000,00,2,3,01,B01
200500073582,0,07,000,00,2,8,11,A01
200500073582,0,02,000,00,2,1,01,B01
200500073583,0,99,000,00,1,3,10,A01
200500073584,0,07,000,00,1,7,01,A01
200500073585,0,01,000,00,2,1,08,A01
200500073585,1,04,000,00,0,0,00,B01
200500073586,0,07,000,00,2,1,00,A01
200500073586,0,07,000,00,0,4,23,B01
200500073587,0,07,000,00,2,3,09,A01
200500073587,0,01,000,00,2,7,17,B01
200500073588,0,02,000,00,2,1,01,A01
200500073588,0,07,000,00,2,7,15,B01
200500073589,0,07,000,00,2,2,15,A01
200500073589,0,02,000,00,2,1,01,B01
200500073590,0,07,000,00,2,3,15,A01
200500073590,0,02,000,00,2,1,17,B01
200500073591,0,07,000,00,2,6,15,A01
200500073591,0,05,000,00,2,1,17,B01
200500073592,0,07,000,00,2,1,02,A01
200500073592,0,07,000,00,2,4,02,B01
200500073593,0,07,000,00,2,3,15,A01
200500073593,0,02,000,00,2,1,01,B01
200500073594,0,04,000,00,2,7,01,A01
200500073594,0,07,000,00,2,0,01,B01
200500073595,0,01,000,00,2,1,02,A01
200500073595,0,07,000,00,2,4,23,B01
200500073596,0,18,001,00,2,2,01,B01
200500073596,0,07,000,00,2,8,16,A01
200500073597,0,17,000,00,2,7,14,A01
200500073597,0,07,000,00,2,8,01,B01
200500073598,0,05,000,00,2,8,01,B01
200500073598,0,07,000,00,2,8,00,A01
200500073599,0,18,000,00,2,0,01,A01
200500073600,0,07,000,00,2,7,16,A01
200500073600,0,02,000,00,2,1,01,B01
200500073601,0,07,000,13,0,0,01,A01
200500073602,0,07,000,00,2,4,01,A01
200500073602,0,07,000,00,2,4,02,B01
200500073602,0,07,000,00,2,4,02,C01
200500073602,0,07,000,00,2,1,21,D01
200500073603,0,07,000,00,2,8,22,A01
200500073603,0,01,000,00,2,1,01,B01
200500073604,0,07,000,00,2,1,02,A01
200500073604,0,07,000,00,2,9,02,B01
200500073604,0,07,000,00,2,4,02,C01
200500073605,0,07,000,00,2,4,23,A01
200500073605,0,07,000,00,2,1,02,B01
200500073606,0,02,000,00,2,1,02,A01
200500073606,0,01,000,00,2,4,00,B01
200500073607,0,07,000,00,2,1,02,A01
200500073607,0,07,000,00,2,4,01,B01
200500073607,0,07,000,00,2,4,01,C01
200500073608,0,07,000,00,2,8,04,A01
200500073608,0,05,000,00,2,1,01,B01
200500073609,1,07,000,00,1,0,00,A01
200500073610,0,07,000,00,2,2,17,A01
200500073610,0,07,000,00,2,8,23,B01
200500073611,0,07,000,00,2,1,18,A01
200500073611,0,07,000,04,2,9,01,B01
200500073612,0,01,000,00,2,0,00,A01
200500073612,0,10,000,00,2,7,16,B01
200500073613,0,02,000,00,2,7,17,A01
200500073613,0,07,000,00,2,8,15,B01
200500073614,0,07,000,11,0,3,01,A01
200500073615,0,02,000,00,0,1,00,A01
200500073616,0,07,000,00,2,0,05,A01
200500073616,0,02,000,00,2,7,01,B01
200500073617,0,15,000,00,2,8,12,A01
200500073617,0,07,000,00,2,1,07,B01
200500073618,0,07,000,00,2,8,15,A01
200500073618,0,07,000,00,2,1,01,B01
200500073619,2,07,000,00,2,3,01,A01
200500073619,0,07,000,01,2,8,01,B01
200500073620,0,07,000,00,2,3,09,A01
200500073620,0,02,000,00,2,7,01,B01
200500073621,0,07,000,00,9,1,01,A01
200500073621,0,01,000,00,2,8,00,B01
200500073622,0,07,000,12,0,2,00,A01
200500073623,0,07,000,00,2,1,15,A01
200500073623,0,07,000,00,2,3,01,B01
200500073624,0,07,000,00,1,1,01,A01
200500073625,0,07,000,00,2,1,02,A01
200500073625,0,07,000,00,2,4,23,B01
200500073626,0,10,000,00,2,2,15,A01
200500073626,0,01,000,00,2,3,01,B01
200500073627,0,01,000,00,2,0,01,B01
200500073627,0,07,000,00,2,3,16,A01
200500073628,0,07,000,00,1,1,01,A01
200500073629,0,07,000,00,2,4,02,B01
200500073629,0,07,000,00,2,1,02,A01
200500073630,0,07,000,00,2,1,01,B01
200500073630,0,07,000,00,2,7,01,A01
200500073631,0,07,000,00,2,8,09,A01
200500073631,0,05,000,00,2,1,01,B01
200500073632,0,07,000,00,1,1,16,A01
200500073633,0,07,000,00,2,1,15,A01
200500073633,0,07,000,00,2,3,01,B01
200500073634,0,07,000,00,2,7,21,A01
200500073634,0,07,000,00,2,4,01,B01
200500073635,0,07,000,00,2,6,02,A01
200500073635,0,07,000,00,2,1,02,C01
200500073635,0,07,000,00,2,8,02,B01
200500073636,0,02,000,00,0,0,01,A01
200500073637,0,07,000,00,2,8,11,A01
200500073637,0,07,000,00,2,2,01,B01
200500073638,0,07,000,00,1,1,01,A01
200500073639,0,07,000,15,0,2,01,A01
200500073640,0,02,000,00,0,0,01,A01
200500073641,0,07,000,00,2,2,15,A01
200500073641,0,01,000,00,2,0,01,B01
200500073642,0,07,000,00,1,1,01,A01
200500073643,0,07,000,00,2,1,00,A01
200500073643,0,07,000,00,2,8,00,B01
200500073644,0,07,000,00,2,1,01,B01
200500073644,0,07,000,00,2,7,01,A01
200500073645,0,02,000,00,2,1,01,B01
200500073645,0,07,000,00,2,5,15,A01
200500073646,0,04,000,00,2,1,13,A01
200500073646,0,07,000,00,2,3,01,B01
200500073647,0,07,000,00,0,4,01,A01
200500073647,0,07,000,00,2,1,01,B01
200500073648,0,07,000,00,2,1,15,A01
200500073648,0,07,000,00,2,8,01,B01
200500073649,0,07,000,00,2,0,09,A01
200500073649,0,02,000,00,2,1,01,B01
200500073650,0,07,000,00,1,1,09,A01
200500073651,0,07,000,00,2,4,05,B01
200500073651,0,07,000,00,2,1,01,C01
200500073651,0,07,000,00,0,0,09,A01
200500073652,0,07,000,00,1,3,01,A01
200500073653,0,07,000,00,6,1,01,A01
200500073654,0,02,000,00,1,1,01,A01
200500073655,0,07,000,00,2,3,15,A01
200500073655,0,07,000,00,2,5,01,B01
200500073656,0,07,000,01,0,1,02,A01
200500073656,0,07,000,00,2,4,23,B01
200500073657,0,07,000,00,2,1,01,A01
200500073657,0,07,000,00,2,4,01,B01
200500073657,0,07,000,00,2,4,01,C01
200500073658,0,07,000,06,2,1,05,A01
200500073658,0,07,000,00,2,2,01,B01
200500073659,0,02,000,01,0,1,02,A01
200500073659,0,07,000,00,2,4,23,B01
200500073660,0,02,000,00,2,1,15,A01
200500073660,0,07,000,00,2,1,02,B01
200500073661,0,07,000,00,2,1,01,A01
200500073661,0,07,000,00,2,4,23,B01
200500073661,0,07,000,00,2,4,23,C01
200500073662,0,07,000,01,2,1,01,A01
200500073662,0,07,000,00,2,4,01,B01
200500073662,0,07,000,00,2,4,01,C01
200500073663,0,07,000,00,2,1,13,A01
200500073663,0,02,000,00,2,1,01,B01
200500073664,0,07,000,00,2,2,16,A01
200500073664,0,01,000,00,2,3,01,B01
200500073665,0,02,000,00,2,8,13,A01
200500073665,0,07,000,00,2,5,01,B01
200500073666,0,01,000,00,0,0,01,A01
200500073667,0,07,000,00,2,1,15,A01
200500073667,0,01,000,00,2,1,01,B01
200500073668,0,07,000,00,2,1,09,A01
200500073668,0,01,000,00,2,7,01,B01
200500073669,0,07,000,00,2,7,13,A01
200500073669,0,07,000,00,2,1,01,B01
200500073670,0,02,000,15,0,1,05,A01
200500073670,0,07,000,00,2,3,23,B01
200500073671,0,07,000,00,2,7,16,B01
200500073671,0,04,000,00,2,1,01,A01
200500073672,0,07,000,00,2,5,01,B01
200500073672,0,07,000,00,2,1,01,A01
200500073673,0,07,000,00,2,2,19,A01
200500073673,0,04,000,00,2,8,18,B01
200500073674,0,07,000,01,2,1,01,A01
200500073674,0,07,000,00,2,6,01,B01
200500073675,0,07,000,01,1,1,21,A01
200500073676,0,18,000,00,1,2,16,A01
200500073677,0,07,000,00,1,2,01,A01
200500073678,0,07,000,00,1,3,01,A01
200500073679,0,02,000,00,0,7,16,A01
200500073680,0,01,000,00,2,1,01,A01
200500073680,0,07,000,00,2,8,01,B01
200500073681,0,07,000,00,2,6,11,A01
200500073681,0,05,000,00,2,7,01,B01
200500073682,0,07,000,00,2,2,15,A01
200500073682,0,07,000,00,2,1,01,B01
200500073683,0,07,000,00,2,3,15,A01
200500073683,0,02,000,00,2,1,19,B01
200500073684,0,07,000,00,2,7,19,A01
200500073684,0,02,000,00,0,0,00,B01
200500073685,0,07,000,06,0,1,14,A01
200500073686,0,07,000,00,2,2,15,A01
200500073686,0,02,000,00,2,1,01,B01
200500073687,0,05,000,00,2,1,00,A01
200500073687,0,07,000,00,2,1,00,B01
200500073688,0,07,000,00,1,2,21,A01
200500073689,0,07,000,00,2,1,14,A01
200500073689,0,07,000,00,0,4,01,B01
200500073690,0,07,000,00,2,3,09,A01
200500073690,0,07,000,00,2,5,01,B01
200500073691,0,07,000,00,2,5,15,A01
200500073691,0,07,000,00,2,3,01,B01
200500073692,0,07,000,00,2,7,12,A01
200500073692,0,07,000,00,2,1,01,B01
200500073693,0,20,000,00,2,0,24,A01
200500073693,0,01,000,00,0,1,00,B01
200500073694,0,07,000,00,2,1,01,A01
200500073694,0,07,000,00,2,3,01,B01
200500073695,0,07,000,00,2,1,01,A01
200500073695,0,05,000,00,2,3,01,B01
200500073696,0,07,000,00,2,8,15,A01
200500073696,0,07,000,00,2,1,01,B01
200500073697,0,02,000,00,2,3,15,A01
200500073698,0,07,000,00,2,1,02,A01
200500073698,0,07,000,00,2,4,02,B01
200500073698,0,07,000,00,2,4,02,C01
200500073699,0,07,000,00,2,8,20,A01
200500073699,0,07,000,00,2,1,01,B01
200500073700,0,07,000,00,2,2,15,A01
200500073700,0,07,000,00,2,3,01,B01