Num_Acc,senc,catv,occutc,obs,obsm,choc,manv,num_veh
200500073701,0,07,000,00,2,1,02,A01
200500073701,0,07,000,00,2,4,23,B01
200500073701,0,07,000,00,2,8,23,C01
200500073702,0,07,000,00,2,3,19,A01
200500073702,0,02,000,01,2,1,01,B01
200500073703,0,07,000,00,2,3,01,B01
200500073703,0,07,000,00,2,6,15,A01
200500073704,0,18,010,00,1,5,16,A01
200500073705,0,07,000,00,2,1,01,A01
200500073705,0,07,000,00,2,4,01,B01
200500073705,0,07,000,00,2,1,01,C01
200500073705,0,07,000,00,2,1,13,D01
200500073706,0,01,000,06,0,1,21,A01
200500073706,0,07,000,00,0,0,16,B01
200500073707,0,07,000,00,2,3,16,A01
200500073707,0,01,000,00,2,2,01,B01
200500073708,0,07,000,00,2,1,16,A01
200500073708,0,07,000,00,2,2,01,B01
200500073709,0,07,000,00,2,1,01,A01
200500073709,0,07,000,00,2,4,01,B01
200500073709,0,07,000,00,2,4,01,C01
200500073710,1,07,000,00,1,1,01,A01
200500073711,0,07,000,00,2,1,02,A01
200500073711,0,05,000,00,2,4,02,B01
200500073712,0,07,000,00,2,3,13,A01
200500073712,0,07,000,00,2,1,01,B01
200500073712,0,07,000,00,2,2,01,C01
200500073713,0,07,000,00,2,3,20,A01
200500073713,0,07,000,00,2,2,01,B01
200500073714,0,07,000,00,2,1,02,A01
200500073714,0,07,000,00,2,4,02,B01
200500073715,0,05,000,04,2,1,02,A01
200500073715,0,07,000,00,2,4,02,B01
200500073716,0,07,000,00,2,3,16,A01
200500073716,0,01,000,00,2,2,01,B01
200500073717,0,07,000,00,1,1,15,A01
200500073718,0,07,000,00,1,5,01,A01
200500073719,0,07,000,00,1,2,15,A01
200500073720,0,07,000,00,1,2,01,A01
200500073721,0,13,000,00,2,5,12,A01
200500073721,0,04,000,00,2,3,01,B01
200500073722,0,01,000,00,1,1,01,A01
200500073723,0,02,000,06,0,1,01,A01
200500073724,0,07,000,00,2,3,13,A01
200500073724,0,10,000,00,2,1,01,B01
200500073725,0,17,000,00,1,1,01,A01
200500073726,0,10,000,00,2,4,20,A01
200500073726,0,07,000,00,2,1,01,B01
200500073727,0,07,000,03,0,1,01,A01
200500073728,0,07,000,03,2,3,09,A01
200500073728,0,14,000,00,2,3,01,B01
200500073728,1,99,000,00,0,0,00,C01
200500073729,0,07,000,00,2,4,13,A01
200500073729,0,07,000,00,2,1,01,B01
200500073730,0,07,000,00,1,3,01,A01
200500073731,0,05,000,00,2,3,01,A01
200500073731,0,07,000,00,2,4,23,B01
200500073732,0,07,000,00,2,3,09,A01
200500073732,0,02,000,00,2,1,01,B01
200500073733,0,07,000,00,2,3,15,A01
200500073733,0,02,000,00,2,1,01,B01
200500073734,0,05,000,00,2,1,01,A01
200500073734,0,07,000,00,2,3,15,B01
200500073735,0,01,000,00,2,1,21,A01
200500073735,0,07,000,00,2,1,15,B01
200500073736,0,07,000,00,2,0,01,A01
200500073736,0,01,000,00,2,1,01,B01
200500073737,0,07,000,00,2,3,01,B01
200500073737,1,99,000,00,2,1,00,A01
200500073738,0,07,000,00,2,4,23,A01
200500073738,0,07,000,00,2,1,02,B01
200500073739,0,07,000,00,2,1,20,A01
200500073739,0,07,000,00,2,2,01,B01
200500073740,0,07,000,00,0,2,01,A01
200500073741,0,07,000,00,1,3,15,A01
200500073742,0,07,000,15,0,1,01,A01
200500073743,0,07,000,15,2,1,16,A01
200500073743,0,07,000,00,2,8,23,B01
200500073744,0,07,000,00,2,8,10,A01
200500073744,0,07,000,00,2,2,01,B01
200500073745,0,07,000,00,1,1,01,A01
200500073746,1,07,000,00,1,3,15,A01
200500073747,0,07,000,00,2,1,01,A01
200500073747,0,07,000,05,2,8,01,B01
200500073748,0,07,000,00,2,2,15,A01
200500073748,0,01,000,00,0,1,01,B01
200500073749,0,07,000,00,0,1,01,A01
200500073750,0,07,000,00,9,1,01,B01
200500073750,0,02,000,00,2,1,00,A01
200500073751,0,07,000,00,2,3,01,A01
200500073751,0,07,000,00,2,2,06,B01
200500073752,0,07,000,00,2,5,06,A01
200500073752,0,07,000,00,2,1,00,B01
200500073753,0,07,000,00,2,1,01,B01
200500073753,0,07,000,00,2,1,12,A01
200500073754,0,07,000,00,2,1,02,A01
200500073754,0,07,000,00,2,4,23,B01
200500073754,0,07,000,00,2,6,02,C01
200500073755,0,07,000,03,0,1,01,A01
200500073756,0,07,000,00,2,8,15,A01
200500073756,0,02,000,00,2,1,01,B01
200500073757,0,07,000,00,1,3,15,A01
200500073758,0,02,000,00,2,1,01,A01
200500073758,0,02,000,00,2,3,09,B01
200500073759,0,07,000,00,1,1,01,A01
200500073760,0,07,000,00,2,1,01,A01
200500073760,0,01,000,00,2,4,09,B01
200500073761,0,07,000,00,2,2,15,A01
200500073761,0,02,000,00,2,1,01,B01
200500073762,0,07,000,00,2,1,01,A01
200500073762,0,07,000,00,2,4,23,B01
200500073763,0,02,000,00,2,7,01,A01
200500073763,0,01,000,00,2,8,15,B01
200500073764,0,07,000,00,2,1,00,B01
200500073764,0,07,000,00,2,8,01,A01
200500073765,0,07,000,00,2,1,16,A01
200500073765,0,02,000,00,2,7,01,B01
200500073766,1,07,000,00,2,1,01,A01
200500073766,0,02,000,00,2,8,01,B01
200500073767,0,02,000,00,2,7,00,B01
200500073767,0,07,000,00,2,8,15,A01
200500073768,0,07,000,00,2,1,01,A01
200500073768,0,07,000,00,2,4,23,B01
200500073769,0,07,000,00,2,1,15,A01
200500073769,0,05,000,00,2,1,01,B01
200500073770,0,07,000,00,1,1,01,A01
200500073771,0,07,000,00,2,1,01,A01
200500073771,0,07,000,00,2,4,01,B01
200500073772,0,07,000,00,2,4,23,A01
200500073772,0,07,000,00,2,1,01,B01
200500073773,0,07,000,00,1,7,01,A01
200500073774,0,07,000,00,2,8,22,A01
200500073774,0,01,000,01,0,2,01,B01
200500073775,0,01,000,00,2,1,01,B01
200500073775,0,07,000,00,2,8,15,A01
200500073776,0,02,000,00,2,1,01,B01
200500073776,0,07,000,00,2,8,15,A01
200500073777,0,07,000,00,1,1,01,A01
200500073778,0,17,000,03,0,2,01,A01
200500073778,0,07,000,14,9,1,01,B01
200500073779,0,07,000,00,2,8,22,A01
200500073779,0,05,000,00,2,1,17,B01
200500073780,0,07,000,02,0,9,01,A01
200500073781,0,02,000,12,0,1,01,A01
200500073782,0,07,000,00,2,1,15,A01
200500073782,0,02,000,00,2,1,01,B01
200500073783,0,07,000,00,2,1,15,A01
200500073783,0,02,000,00,2,1,01,B01
200500073784,0,07,000,00,1,1,01,A01
200500073785,0,07,000,00,2,2,15,A01
200500073785,0,02,000,00,2,1,01,B01
200500073786,0,07,000,00,1,3,01,A01
200500073787,0,04,000,00,0,1,13,A01
200500073787,0,07,000,00,0,3,01,B01
200500073788,0,07,000,00,0,1,01,A01
200500073789,0,07,000,00,0,3,09,A01
200500073789,0,01,000,00,0,5,01,B01
200500073790,0,07,000,00,0,5,16,A01
200500073790,0,02,000,00,0,1,01,B01
200500073791,0,07,000,00,2,2,10,A01
200500073791,0,07,000,00,2,3,01,B01
200500073792,0,07,000,00,1,1,00,A01
200500073793,0,02,000,00,2,1,01,A01
200500073793,0,07,000,00,2,3,15,B01
200500073794,0,07,000,11,0,3,21,A01
200500073795,0,07,000,00,2,1,01,B01
200500073795,0,07,000,00,2,2,09,A01
200500073796,0,07,000,00,2,1,02,A01
200500073796,0,07,000,00,2,4,01,B01
200500073797,0,07,000,00,0,8,15,B01
200500073797,0,07,000,00,2,1,09,A01
200500073798,0,07,000,00,2,2,12,A01
200500073798,0,02,000,00,2,3,01,B01
200500073799,0,07,000,00,0,6,15,A01
200500073799,0,07,000,00,0,1,01,B01
200500073799,0,07,000,00,0,8,01,C01
200500073800,0,07,000,00,0,2,09,A01
200500073800,0,07,000,00,0,2,01,B01
200500073801,0,07,000,00,1,1,01,A01
200500073802,0,07,000,00,2,1,01,A01
200500073802,0,07,000,00,2,8,01,B01
200500073803,0,07,000,00,0,1,02,A01
200500073803,0,07,000,00,0,4,01,B01
200500073804,0,07,000,00,0,2,15,A01
200500073804,0,07,000,00,0,3,01,B01
200500073805,0,07,000,00,2,3,01,A01
200500073805,0,07,000,00,2,3,15,B01
200500073806,0,07,000,00,0,2,15,A01
200500073806,0,07,000,00,0,1,01,B01
200500073807,0,07,000,00,2,1,02,A01
200500073807,0,07,000,00,2,4,23,B01
200500073807,0,07,000,00,2,6,23,C01
200500073808,0,07,000,00,2,3,09,A01
200500073808,0,07,000,00,2,2,15,B01
200500073809,0,07,000,00,2,2,15,A01
200500073809,0,07,000,00,2,1,01,B01
200500073810,0,07,000,00,1,1,01,A01
200500073811,0,15,000,00,2,3,15,B01
200500073811,0,07,000,00,2,2,16,A01
200500073812,1,07,000,00,1,1,01,A01
200500073813,0,07,000,00,2,1,01,B01
200500073813,0,07,000,00,0,7,01,A01
200500073814,0,07,000,00,2,1,15,A01
200500073814,0,07,000,00,0,1,01,B01
200500073815,0,02,000,00,1,1,01,A01
200500073816,0,07,000,00,2,1,09,A01
200500073816,0,07,000,00,2,1,01,B01
200500073817,0,07,000,00,1,2,00,A01
200500073818,0,07,000,00,2,3,13,A01
200500073818,0,07,000,00,2,3,01,B01
200500073818,0,07,000,00,2,1,01,C01
200500073819,0,07,000,00,2,1,02,A01
200500073819,0,07,000,00,2,4,23,B01
200500073819,0,07,000,00,2,4,23,C01
200500073820,0,07,000,00,2,1,01,A01
200500073820,0,07,000,00,2,3,01,B01
200500073821,0,07,000,00,1,2,01,A01
200500073822,0,07,000,00,0,3,15,A01
200500073823,0,14,000,00,2,8,01,A01
200500073823,0,07,000,00,2,3,01,B01
200500073824,0,07,000,00,9,3,24,A01
200500073824,0,01,000,01,0,1,01,B01
200500073825,0,01,000,00,2,3,01,B01
200500073825,0,07,000,00,2,2,01,A01
200500073826,0,07,000,00,2,1,15,A01
200500073826,0,05,000,00,2,1,01,B01
200500073827,0,07,000,02,0,1,13,A01
200500073828,0,07,000,00,2,7,00,A01
200500073828,0,04,000,00,2,1,01,B01
200500073829,0,07,000,00,2,8,24,A01
200500073829,0,02,000,01,0,1,01,B01
200500073830,0,07,000,03,2,9,01,A01
200500073830,0,15,000,00,2,2,01,B01
200500073831,0,07,000,00,1,2,16,A01
200500073831,0,01,000,00,2,1,01,B01
200500073832,0,07,000,03,0,1,14,A01
200500073833,0,05,000,00,1,1,16,A01
200500073834,0,07,000,00,1,1,01,A01
200500073835,0,07,000,00,2,1,15,A01
200500073835,0,02,000,00,2,8,01,B01
200500073836,0,07,000,00,2,3,15,A01
200500073836,0,02,000,00,2,3,01,B01
200500073837,0,07,000,00,2,1,01,B01
200500073837,1,07,000,00,2,1,01,A01
200500073838,0,05,000,00,2,1,01,A01
200500073838,0,07,000,00,2,2,16,B01
200500073839,0,02,000,00,2,1,01,A01
200500073839,0,07,000,00,2,3,23,B01
200500073840,0,05,000,00,1,1,16,A01
200500073841,0,07,000,00,1,2,01,A01
200500073842,0,07,000,00,1,1,01,A01
200500073843,0,05,000,00,0,3,01,B01
200500073843,1,07,000,00,0,0,15,A01
200500073844,0,07,000,00,2,2,15,A01
200500073844,0,02,000,00,2,1,01,B01
200500073845,1,07,000,00,2,2,15,A01
200500073845,0,04,000,00,2,1,01,B01
200500073846,0,02,000,00,2,3,10,A01
200500073846,0,05,000,00,2,1,01,B01
200500073847,0,04,000,02,0,1,01,A01
200500073848,0,07,000,00,4,8,15,A01
200500073848,0,19,000,00,2,2,01,B01
200500073849,0,07,000,00,2,8,00,A01
200500073849,0,01,000,01,0,1,01,B01
200500073850,1,07,000,00,2,3,16,A01
200500073850,0,01,000,00,2,1,01,B01
200500073850,0,07,000,00,2,1,01,C01
200500073851,0,10,000,00,1,1,01,A01
200500073852,0,07,000,00,2,3,15,A01
200500073852,0,07,000,00,2,1,01,B01
200500073853,0,05,000,01,0,1,01,A01
200500073854,1,01,000,00,1,1,13,A01
200500073855,0,02,000,00,2,1,17,A01
200500073855,0,05,000,00,2,1,01,B01
200500073856,0,02,000,01,2,2,01,A01
200500073856,0,07,000,00,2,2,16,B01
200500073857,0,02,000,00,2,1,01,A01
200500073857,0,07,000,00,2,4,23,B01
200500073858,0,07,000,00,2,1,17,A01
200500073858,0,01,000,00,2,1,01,B01
200500073859,0,07,000,00,2,2,10,A01
200500073859,0,02,000,00,2,1,01,B01
200500073860,0,07,000,08,0,1,00,A01
200500073861,0,02,000,00,1,1,01,A01
200500073862,0,07,000,00,2,3,15,A01
200500073862,0,02,000,00,2,2,01,B01
200500073863,0,07,000,00,1,1,01,A01
200500073864,0,07,000,00,2,1,01,A01
200500073864,0,02,000,00,2,1,01,B01
200500073865,0,07,000,01,0,1,01,A01
200500073865,0,07,000,00,2,8,24,B01
200500073866,0,07,000,00,1,1,01,A01
200500073867,0,07,000,00,2,3,01,B01
200500073867,0,01,000,00,2,1,01,A01
200500073868,0,14,000,00,2,2,15,A01
200500073868,0,02,000,00,2,1,01,B01
200500073869,0,07,000,01,0,1,00,A01
200500073870,0,07,000,13,2,3,11,A01
200500073870,0,07,000,00,2,2,01,B01
200500073871,0,07,000,00,2,1,15,A01
200500073871,0,02,000,00,2,1,01,B01
200500073872,0,07,000,00,2,1,13,A01
200500073872,0,07,000,00,2,1,01,B01
200500073873,0,07,000,00,2,3,01,A01
200500073873,0,05,000,00,2,2,01,B01
200500073874,1,07,000,00,1,1,00,A01
200500073875,0,07,000,00,1,1,01,A01
200500073876,0,07,000,06,0,3,02,A01
200500073877,0,07,000,00,1,1,15,A01
200500073878,0,07,000,00,2,1,01,A01
200500073878,0,02,000,00,2,4,01,B01
200500073879,0,07,000,00,1,1,15,A01
200500073880,0,07,000,00,2,1,19,A01
200500073880,0,02,000,00,2,1,01,B01
200500073881,1,07,000,00,1,1,01,A01
200500073882,0,07,000,00,1,1,01,A01
200500073883,0,07,000,00,1,1,00,A01
200500073884,2,07,000,00,1,1,01,A01
200500073885,0,02,000,00,2,1,02,A01
200500073885,0,07,000,00,2,4,02,B01
200500073886,0,07,000,00,2,3,01,A01
200500073886,0,21,000,00,2,0,01,B01
200500073887,0,07,000,00,1,1,01,A01
200500073888,0,02,000,00,2,1,01,A01
200500073888,0,07,000,00,2,8,15,B01
200500073889,0,04,000,00,2,1,01,B01
200500073889,0,07,000,00,2,7,10,A01
200500073890,0,02,000,00,2,1,01,B01
200500073890,0,07,000,00,2,2,15,A01
200500073891,0,07,000,00,2,3,01,B01
200500073891,0,07,000,00,2,2,19,A01
200500073892,0,07,000,00,2,1,15,A01
200500073892,0,02,000,00,2,1,01,B01
200500073893,0,07,000,00,2,2,15,A01
200500073893,0,05,000,00,2,1,01,B01
200500073894,0,07,000,00,2,2,15,A01
200500073894,0,04,000,00,2,1,01,B01
200500073895,0,02,000,00,9,0,00,A01
200500073895,0,01,000,00,2,4,00,B01
200500073896,0,07,000,02,0,2,01,A01
200500073897,0,01,000,00,2,0,01,B01
200500073897,0,07,000,00,2,2,15,A01
200500073898,0,07,000,14,0,1,02,A01
200500073898,0,07,000,00,2,4,23,B01
200500073899,0,99,000,00,2,3,00,A01
200500073899,0,05,000,00,2,1,00,B01
200500073900,0,07,000,01,9,2,01,B01
200500073900,0,04,000,00,2,1,01,A01
200500073901,0,07,000,00,2,8,15,A01
200500073901,0,07,000,00,2,3,01,B01
200500073902,0,07,000,03,2,1,05,A01
200500073902,0,07,000,00,2,3,01,B01
200500073902,0,07,000,00,2,7,01,C01
200500073902,0,07,000,00,0,0,01,D01
200500073903,0,07,000,14,0,0,00,A01
200500073904,0,02,000,00,2,0,00,A01
200500073904,0,07,000,00,2,1,15,B01
200500073905,0,07,000,00,1,1,02,A01
200500073906,0,07,000,00,2,8,00,A01
200500073906,0,15,000,15,2,1,01,B01
200500073907,0,07,000,00,2,1,02,A01
200500073907,0,07,000,00,0,4,02,B01
200500073908,0,07,000,00,2,1,15,A01
200500073908,0,07,000,00,0,0,00,B01
200500073909,0,07,000,00,2,0,15,A01
200500073909,0,01,000,00,2,1,01,B01
200500073910,0,07,000,00,1,8,00,A01
200500073911,0,02,000,00,2,1,00,A01
200500073911,0,07,000,00,2,7,00,B01
200500073912,0,07,000,00,9,3,19,A01
200500073912,0,04,000,00,2,1,01,B01
200500073913,0,07,000,00,1,1,02,A01
200500073913,0,07,000,00,0,0,02,B01
200500073913,0,07,000,00,2,1,02,C01
200500073913,0,07,000,00,2,4,02,D01
200500073914,0,07,000,00,1,1,01,A01
200500073915,0,07,000,13,0,9,13,A01
200500073916,0,07,000,00,2,1,01,A01
200500073916,0,07,000,00,0,4,02,B01
200500073917,0,07,000,15,0,1,01,A01
200500073918,0,01,000,00,2,1,00,A01
200500073918,0,07,000,00,2,8,00,B01
200500073919,0,02,000,00,0,0,00,A01
200500073920,0,07,000,13,0,1,01,A01
200500073921,0,99,000,00,2,1,15,B01
200500073921,0,07,000,00,2,3,09,A01
200500073922,0,07,000,00,2,1,02,A01
200500073922,0,07,000,00,0,4,23,B01
200500073923,0,07,000,00,2,8,15,A01
200500073923,0,02,000,00,2,1,17,B01
200500073924,0,07,000,00,2,3,13,A01
200500073924,0,07,000,00,2,3,01,B01
200500073925,0,10,000,00,2,2,15,A01
200500073925,0,02,000,00,2,1,01,B01
200500073926,0,02,000,00,2,2,17,A01
200500073926,0,07,000,00,2,6,15,B01
200500073927,0,07,000,00,2,3,13,A01
200500073927,0,07,000,00,2,3,01,B01
200500073928,0,07,000,00,2,1,01,A01
200500073928,0,07,000,00,2,4,01,B01
200500073929,0,07,000,00,2,7,01,A01
200500073929,0,07,000,00,2,3,01,B01
200500073930,0,05,000,00,2,7,13,A01
200500073930,0,07,000,00,2,3,01,B01
200500073931,0,01,000,00,2,2,01,B01
200500073931,0,07,000,00,2,1,16,A01
200500073932,0,07,000,00,1,1,01,A01
200500073933,0,02,000,00,2,1,01,A01
200500073933,0,07,000,00,2,8,15,B01
200500073934,0,02,000,00,2,7,01,A01
200500073934,0,07,000,00,2,2,15,B01
200500073935,0,02,000,00,1,1,17,A01
200500073936,0,07,000,00,2,2,01,B01
200500073936,0,07,000,00,2,1,15,A01
200500073937,0,07,000,00,1,2,01,A01
200500073938,0,02,000,00,2,1,15,A01
200500073938,0,07,000,00,2,3,01,B01
200500073939,0,07,000,00,2,8,15,B01
200500073939,1,07,000,00,2,1,01,A01
200500073940,0,07,000,08,0,1,14,A01
200500073941,0,04,000,00,5,1,21,A01
200500073942,0,07,000,00,0,2,19,A01
200500073942,0,02,000,00,0,2,09,B01
200500073943,0,07,000,00,2,1,15,A01
200500073943,0,07,000,00,0,3,09,B01
200500073944,0,02,000,00,2,1,17,A01
200500073944,0,07,000,00,2,3,09,B01
200500073945,0,04,000,00,0,1,02,A01
200500073945,0,04,000,08,0,7,02,B01
200500073946,0,07,000,00,1,4,04,A01
200500073947,0,17,000,00,0,0,17,A01
200500073947,0,07,000,13,0,2,21,B01
200500073947,0,07,000,13,0,1,21,C01
200500073948,0,02,000,00,2,3,01,A01
200500073948,0,07,000,00,2,3,01,B01
200500073949,0,07,000,00,2,3,01,C01
200500073949,0,07,000,00,2,2,01,B01
200500073949,0,07,000,00,2,1,10,A01
200500073950,0,07,000,00,1,1,01,A01
200500073951,0,02,000,00,2,1,15,A01
200500073951,0,07,000,00,2,1,01,B01
200500073952,0,07,000,00,2,3,01,A01
200500073952,0,02,000,00,2,1,01,B01
200500073953,0,02,000,00,2,1,01,A01
200500073953,0,07,000,00,2,2,15,B01
200500073954,0,07,000,00,2,2,01,A01
200500073954,0,01,000,00,2,8,01,B01
200500073955,0,07,000,00,1,1,01,A01
200500073956,0,07,000,00,2,1,01,A01
200500073956,0,07,000,00,2,4,01,B01
200500073956,0,07,000,00,2,4,01,C01
200500073957,0,02,000,00,0,0,01,A01
200500073958,0,07,000,08,0,1,01,A01
200500073959,0,02,000,00,2,1,01,A01
200500073959,0,07,000,00,2,4,16,B01
200500073960,0,07,000,00,2,1,01,A01
200500073960,0,07,000,00,2,3,01,B01
200500073961,0,07,000,00,2,1,01,A01
200500073961,0,01,000,00,2,4,01,B01
200500073962,0,07,000,00,2,1,01,A01
200500073962,0,07,000,00,2,4,01,B01
200500073962,0,07,000,00,2,4,01,C01
200500073963,0,07,000,00,2,2,15,A01
200500073963,0,01,000,00,2,1,01,B01
200500073964,0,07,000,00,2,3,15,A01
200500073964,0,05,000,00,2,1,01,B01
200500073965,0,05,000,00,2,1,01,B01
200500073965,0,07,000,00,2,1,15,A01
200500073966,0,07,000,00,2,2,01,A01
200500073966,0,02,000,00,2,3,01,B01
200500073967,0,01,000,00,0,0,01,A01
200500073968,0,07,000,00,2,1,15,A01
200500073968,0,05,000,00,2,1,01,B01
200500073969,0,07,000,00,2,2,15,A01
200500073969,0,07,000,00,2,3,01,B01
200500073970,0,07,000,00,2,2,15,A01
200500073970,0,07,000,00,2,1,01,B01
200500073971,0,07,000,00,2,6,11,A01
200500073971,0,05,000,00,2,1,01,B01
200500073972,0,07,000,00,1,1,01,A01
200500073973,0,07,000,00,2,1,01,A01
200500073973,0,07,000,00,2,1,01,B01
200500073974,0,07,000,00,2,1,15,A01
200500073974,0,07,000,00,2,2,01,B01
200500073975,0,07,000,00,2,1,01,A01
200500073975,0,07,000,00,2,4,01,B01
200500073976,0,10,000,00,2,1,02,A01
200500073976,0,10,000,00,2,4,02,B01
200500073976,0,07,000,00,2,4,02,C01
200500073977,0,07,000,00,1,1,01,A01
200500073978,0,02,000,00,1,1,01,A01
200500073979,0,07,000,00,2,7,15,A01
200500073979,0,02,000,00,2,1,01,B01
200500073980,0,02,000,00,0,1,01,A01
200500073981,0,02,000,00,2,8,01,A01
200500073981,0,07,000,00,2,5,01,B01
200500073982,0,07,000,00,2,1,12,A01
200500073982,0,07,000,00,2,4,01,B01
200500073983,0,07,000,03,0,1,01,A01
200500073984,0,07,000,01,1,1,01,A01
200500073985,0,07,000,00,2,3,22,A01
200500073985,0,01,000,01,0,1,01,B01
200500073986,0,07,000,00,2,1,01,A01
200500073986,0,07,000,00,2,4,01,B01
200500073987,0,07,000,00,1,1,01,A01
200500073988,0,07,000,00,2,2,15,A01
200500073988,0,05,000,00,2,8,01,B01
200500073989,0,02,000,00,0,0,01,A01
200500073990,0,02,000,00,2,1,01,A01
200500073990,0,07,000,00,2,3,01,B01
200500073991,0,18,002,00,2,1,01,A01
200500073991,0,01,000,01,2,4,01,B01
200500073992,0,07,000,00,2,3,01,A01
200500073992,0,07,000,00,2,2,01,B01
200500073993,0,07,000,00,0,0,01,A01
200500073994,0,07,000,00,2,7,01,A01
200500073994,0,07,000,00,2,1,01,B01
200500073995,0,02,000,00,2,1,01,A01
200500073995,0,07,000,00,2,1,01,B01
200500073996,0,05,000,00,0,0,01,A01
200500073997,0,07,000,00,2,8,10,A01
200500073997,0,02,000,00,2,1,01,B01
200500073998,0,01,000,00,2,1,01,B01
200500073998,0,07,000,00,2,1,15,A01
200500073999,0,07,000,01,0,1,01,A01
200500074000,0,05,000,00,2,1,01,A01
200500074000,0,07,000,00,2,1,15,B01
200500074001,0,07,000,00,1,1,15,A01
200500074002,0,13,000,00,2,4,04,B01
200500074002,0,05,000,00,2,1,02,A01
200500074003,0,07,000,00,2,1,02,A01
200500074003,0,01,000,00,2,3,19,B01
200500074004,0,07,000,00,2,1,02,A01
200500074004,0,07,000,00,2,8,19,B01
200500074005,0,07,000,00,2,2,02,A01
200500074005,0,07,000,00,2,8,02,B01
200500074006,0,07,000,00,1,2,02,A01
200500074007,0,07,000,00,2,1,15,A01
200500074007,0,04,000,00,2,7,02,B01
200500074008,0,02,000,00,0,0,02,A01
200500074009,0,07,000,00,1,1,02,A01
200500074010,0,07,000,00,2,3,15,A01
200500074010,0,02,000,00,2,1,02,B01
200500074011,0,07,000,00,1,1,15,A01
200500074012,0,07,000,00,2,2,10,A01
200500074012,0,04,000,00,2,1,01,B01
200500074013,0,10,000,00,1,2,01,A01
200500074014,0,01,000,00,2,1,01,B01
200500074014,0,07,000,00,2,2,15,A01
200500074015,0,07,000,00,2,1,01,B01
200500074015,0,07,000,00,2,1,01,A01
200500074016,0,02,000,00,2,1,01,A01
200500074016,0,07,000,00,2,4,01,B01
200500074017,0,07,000,00,2,1,15,A01
200500074017,0,07,000,00,2,2,01,B01
200500074017,0,07,000,00,2,1,01,C01
200500074018,0,05,000,00,2,1,01,A01
200500074018,0,07,000,00,2,4,01,B01
200500074019,0,07,000,00,2,1,01,A01
200500074019,0,07,000,00,2,4,01,B01
200500074020,0,02,000,00,2,2,01,A01
200500074020,0,07,000,00,2,3,01,B01
200500074021,0,07,000,00,1,1,15,A01
200500074022,0,01,000,00,2,1,01,B01
200500074022,1,14,000,00,2,7,14,A01
200500074023,0,07,000,00,2,1,01,A01
200500074023,0,07,000,00,2,2,01,B01
200500074024,0,07,000,00,2,1,02,A01
200500074024,0,07,000,00,2,4,01,B01
200500074025,0,07,000,00,2,2,01,A01
200500074025,0,07,000,00,2,4,01,B01
200500074026,0,07,000,00,1,1,01,A01
200500074027,0,02,000,00,2,1,01,A01
200500074027,0,07,000,00,2,4,01,B01
200500074028,0,07,000,00,2,3,01,B01
200500074028,0,02,000,00,2,1,15,A01
200500074029,0,07,000,00,2,2,01,A01
200500074029,0,07,000,00,2,6,01,B01
200500074030,0,01,000,00,2,1,15,A01
200500074030,0,07,000,00,2,1,01,B01
200500074031,0,07,000,06,0,1,13,A01
200500074032,0,07,000,00,2,2,01,B01
200500074032,0,07,000,00,2,6,18,A01
200500074033,0,07,000,00,2,1,01,A01
200500074033,0,07,000,00,2,3,15,B01
200500074034,0,02,000,01,0,1,14,A01
200500074035,0,01,000,00,0,0,01,A01
200500074036,0,01,000,00,2,1,14,A01
200500074036,0,07,000,00,2,3,23,B01
200500074037,0,07,000,00,2,4,23,B01
200500074037,1,07,000,00,2,1,02,A01
200500074037,0,07,000,00,2,4,23,C01
200500074038,0,07,000,00,0,0,01,A01
200500074038,0,04,000,00,2,0,01,B01
200500074039,0,02,000,00,2,7,17,B01
200500074039,0,07,000,00,2,1,15,A01
200500074040,0,07,000,00,1,8,01,A01
200500074041,0,07,000,00,2,2,16,B01
200500074041,0,02,000,00,2,2,18,A01
200500074042,0,07,000,00,1,2,01,A01
200500074043,0,02,000,00,2,7,01,B01
200500074043,0,07,000,00,2,3,09,A01
200500074044,0,07,000,00,9,1,01,A01
200500074044,0,01,000,00,2,4,19,B01
200500074045,0,07,000,00,1,1,13,A01
200500074046,0,07,000,00,2,1,02,A01
200500074046,0,07,000,00,2,4,02,B01
200500074046,0,07,000,00,2,4,02,C01
200500074047,0,07,000,13,0,0,04,A01
200500074048,0,05,000,00,2,1,01,B01
200500074048,0,07,000,00,2,2,06,A01
200500074049,0,20,000,00,2,3,19,A01
200500074049,0,05,000,00,2,2,21,B01
200500074050,0,04,000,11,0,8,06,A01
200500074051,0,07,000,13,0,2,14,A01
200500074052,0,01,000,00,2,1,01,A01
200500074052,0,07,000,00,2,3,15,B01
200500074053,0,07,000,00,2,3,09,A01
200500074053,0,01,000,00,2,7,15,B01
200500074054,0,07,000,00,2,1,02,A01
200500074054,0,07,000,00,2,4,23,B01
200500074055,0,07,000,00,2,1,01,B01
200500074055,0,07,000,00,2,1,15,A01
200500074056,0,10,000,00,2,1,01,B01
200500074056,0,01,000,00,2,3,16,A01
200500074057,0,07,000,00,1,1,00,A01
200500074058,0,07,000,00,1,2,01,A01
200500074059,0,07,000,00,2,1,01,A01
200500074059,0,07,000,00,2,1,01,B01
200500074060,0,07,000,00,0,2,12,A01
200500074060,0,20,000,00,0,6,23,B01
200500074061,0,07,000,00,1,1,01,A01
200500074062,0,07,000,00,2,2,16,A01
200500074062,0,02,000,00,2,3,18,B01