Num_Acc,senc,catv,occutc,obs,obsm,choc,manv,num_veh
200500074443,0,07,000,00,2,2,05,A01
200500074443,0,07,000,00,2,2,01,B01
200500074444,0,07,000,00,2,3,01,A01
200500074444,0,02,000,00,2,1,01,B01
200500074445,0,07,000,13,0,1,01,A01
200500074446,0,10,000,00,2,1,02,A01
200500074446,0,07,000,15,0,5,16,B01
200500074447,0,07,000,00,2,3,15,A01
200500074447,0,05,000,00,2,1,01,B01
200500074448,0,07,000,00,1,1,01,A01
200500074449,0,07,000,00,2,3,15,B01
200500074449,0,02,000,00,2,1,17,A01
200500074450,0,15,000,00,2,1,01,A01
200500074450,0,17,000,00,2,1,01,B01
200500074451,1,07,000,01,9,5,15,A01
200500074451,0,01,000,00,2,1,01,B01
200500074452,0,07,000,00,1,1,01,A01
200500074453,0,01,000,00,2,1,15,A01
200500074453,0,07,000,00,0,8,01,B01
200500074454,0,07,000,00,2,1,01,B01
200500074454,0,07,000,00,2,1,13,A01
200500074455,0,04,000,00,0,0,02,A01
200500074456,0,04,000,00,2,1,01,B01
200500074456,0,07,000,00,9,3,19,A01
200500074457,0,07,000,00,2,2,01,B01
200500074457,0,07,000,00,2,1,01,C01
200500074457,0,07,000,00,2,0,15,A01
200500074458,0,07,000,00,2,7,13,A01
200500074458,0,07,000,00,2,1,01,B01
200500074459,0,04,000,00,2,1,01,A01
200500074459,0,07,000,00,2,3,15,B01
200500074460,0,07,000,00,1,7,01,A01
200500074461,2,07,000,00,2,3,05,A01
200500074461,0,02,000,00,2,1,01,B01
200500074462,0,07,000,00,1,5,04,A01
200500074463,0,07,000,00,1,2,01,A01
200500074464,0,07,000,00,2,3,09,A01
200500074464,0,02,000,01,2,1,01,B01
200500074465,0,07,000,00,2,2,15,A01
200500074465,0,02,000,00,2,1,01,B01
200500074466,0,07,000,00,1,1,01,A01
200500074467,0,07,000,00,1,1,01,A01
200500074468,0,02,000,00,2,1,01,A01
200500074468,0,07,000,00,2,2,01,B01
200500074469,0,02,000,00,2,1,01,A01
200500074469,0,01,000,00,2,4,01,B01
200500074470,0,07,000,00,2,3,15,A01
200500074470,0,02,000,00,2,1,01,B01
200500074471,0,07,000,00,2,3,15,A01
200500074471,0,07,000,00,2,1,01,B01
200500074472,0,05,000,00,2,1,01,A01
200500074472,0,07,000,00,2,3,16,B01
200500074473,0,02,000,08,0,1,01,A01
200500074474,0,07,000,00,2,0,01,A01
200500074474,0,07,000,00,2,4,19,B01
200500074475,0,07,000,00,1,2,16,A01
200500074476,0,07,000,00,2,2,15,A01
200500074476,0,04,000,00,2,1,01,B01
200500074477,0,07,000,00,2,1,01,B01
200500074477,2,07,000,00,2,1,15,A01
200500074478,0,07,000,00,2,3,09,A01
200500074478,0,02,000,00,2,0,17,B01
200500074479,1,07,000,00,1,3,01,A01
200500074480,0,07,000,00,1,1,15,A01
200500074481,0,07,000,00,4,7,01,A01
200500074481,0,19,000,00,2,1,01,B01
200500074482,0,05,000,00,2,1,01,A01
200500074482,1,07,000,00,2,8,10,B01
200500074483,0,07,000,00,2,1,13,A01
200500074483,0,07,000,00,2,1,01,B01
200500074484,0,07,000,00,1,1,01,A01
200500074485,0,07,000,00,1,1,01,A01
200500074486,0,01,000,00,2,4,23,B01
200500074486,0,07,000,00,9,1,15,A01
200500074487,0,07,000,00,1,4,04,A01
200500074488,0,07,000,00,0,3,15,A01
200500074488,0,02,000,00,2,1,01,B01
200500074489,0,02,000,00,1,1,01,A01
200500074490,0,07,000,00,2,1,01,B01
200500074490,0,01,000,00,2,1,16,A01
200500074491,1,02,000,00,1,1,01,A01
200500074492,0,07,000,00,2,1,01,A01
200500074492,0,07,000,00,0,3,15,B01
200500074493,0,07,000,00,1,1,01,A01
200500074494,0,07,000,00,2,1,01,A01
200500074494,0,99,000,00,0,1,01,B01
200500074495,0,07,000,00,2,3,01,A01
200500074495,0,02,000,00,2,1,01,B01
200500074496,0,07,000,00,0,6,15,A01
200500074496,0,02,000,00,2,1,01,B01
200500074497,0,05,000,00,2,7,17,A01
200500074497,0,07,000,00,2,3,15,B01
200500074498,0,05,000,00,1,1,14,A01
200500074499,0,10,000,13,0,4,01,A01
200500074500,0,07,000,00,2,2,01,B01
200500074500,0,02,000,00,2,8,15,A01
200500074501,1,02,000,00,1,1,01,A01
200500074502,0,07,000,00,2,1,13,A01
200500074502,0,07,000,00,2,1,01,B01
200500074503,0,07,000,00,1,1,01,A01
200500074504,0,07,000,00,2,1,15,A01
200500074504,0,01,000,00,2,8,19,B01
200500074505,0,07,000,00,1,2,21,A01
200500074506,0,07,000,00,2,4,01,A01
200500074506,0,07,000,00,2,1,01,B01
200500074507,0,07,000,00,1,2,01,A01
200500074508,0,07,000,00,1,1,01,A01
200500074509,1,07,000,00,1,3,01,A01
200500074510,0,07,000,01,2,3,01,A01
200500074510,0,07,000,00,2,3,01,B01
200500074511,0,07,000,00,2,1,01,A01
200500074511,0,07,000,00,1,7,00,B01
200500074512,0,07,000,00,2,7,15,A01
200500074512,0,02,000,00,2,1,01,B01
200500074513,0,07,000,00,2,2,15,A01
200500074513,0,05,000,00,2,8,01,B01
200500074514,0,07,000,00,2,2,15,A01
200500074514,0,05,000,00,2,8,01,B01
200500074515,0,07,000,00,1,3,01,A01
200500074516,0,07,000,13,0,2,01,A01
200500074517,0,07,000,00,2,1,01,A01
200500074517,0,07,000,00,2,4,01,B01
200500074518,0,07,000,00,2,3,15,A01
200500074518,0,04,000,01,2,3,01,B01
200500074519,0,18,020,00,2,3,01,A01
200500074519,0,10,000,00,2,2,00,B01
200500074520,0,07,000,00,2,1,02,A01
200500074520,0,07,000,00,2,4,02,B01
200500074520,0,07,000,00,2,4,02,C01
200500074521,0,07,000,00,2,0,01,A01
200500074521,0,01,000,00,2,0,01,B01
200500074522,0,18,001,00,1,2,01,A01
200500074523,0,10,000,00,1,1,01,A01
200500074524,0,07,000,00,2,1,02,A01
200500074524,0,07,000,00,2,4,02,B01
200500074525,0,04,000,00,2,1,01,A01
200500074525,0,07,000,00,2,2,15,B01
200500074526,0,07,000,00,2,1,15,A01
200500074526,0,04,000,00,2,1,01,B01
200500074527,0,01,000,00,2,1,09,A01
200500074527,0,07,000,00,2,2,01,B01
200500074528,1,07,000,00,2,3,00,A01
200500074528,0,05,000,00,0,0,00,B01
200500074529,0,05,000,00,0,7,01,A01
200500074530,0,04,000,01,0,1,14,A01
200500074531,0,07,000,00,2,1,15,A01
200500074531,0,07,000,00,2,1,01,B01
200500074532,0,07,000,00,2,1,00,A01
200500074532,0,07,000,00,2,4,01,B01
200500074533,0,07,000,09,0,1,14,A01
200500074534,0,07,000,00,2,4,01,B01
200500074534,0,07,000,00,2,1,01,A01
200500074535,0,07,000,00,0,8,01,B01
200500074535,0,07,000,00,2,2,15,A01
200500074536,0,07,000,00,2,1,02,A01
200500074536,0,07,000,00,2,4,02,B01
200500074536,0,07,000,00,2,4,02,C01
200500074536,0,07,000,00,2,4,03,D01
200500074537,0,02,000,00,2,1,01,A01
200500074537,0,07,000,00,2,4,23,B01
200500074538,0,17,000,00,2,3,16,A01
200500074538,0,05,000,00,2,1,01,B01
200500074539,0,06,000,00,0,0,15,A01
200500074539,0,07,000,00,0,0,13,B01
200500074540,0,07,000,00,2,3,15,A01
200500074540,0,05,000,00,2,1,01,B01
200500074541,0,07,000,00,2,8,10,A01
200500074541,0,05,000,00,2,1,01,B01
200500074542,0,07,000,00,2,1,15,A01
200500074542,0,07,000,00,2,1,01,B01
200500074543,0,10,000,00,2,3,11,A01
200500074543,0,10,000,00,2,1,01,B01
200500074544,0,07,000,00,2,3,15,A01
200500074544,0,05,000,00,2,8,01,B01
200500074545,0,07,000,00,2,1,02,A01
200500074545,0,07,000,00,2,4,02,B01
200500074545,0,07,000,00,2,4,02,C01
200500074546,0,07,000,00,2,2,15,A01
200500074546,0,02,000,00,2,1,01,B01
200500074547,0,07,000,00,2,3,11,A01
200500074547,0,07,000,00,2,7,01,B01
200500074548,0,07,000,00,2,1,01,A01
200500074548,0,07,000,00,2,4,01,B01
200500074548,0,07,000,00,2,4,01,C01
200500074549,0,05,000,00,2,1,01,A01
200500074549,0,07,000,00,2,4,01,B01
200500074550,0,07,000,00,1,1,01,A01
200500074551,0,07,000,00,2,1,01,A01
200500074551,0,07,000,00,2,4,23,B01
200500074552,0,05,000,00,2,7,17,A01
200500074552,0,07,000,00,2,8,15,B01
200500074553,0,02,000,00,2,1,01,A01
200500074553,0,02,000,00,2,4,23,B01
200500074554,0,07,000,00,2,1,01,A01
200500074554,0,07,000,00,2,4,23,B01
200500074554,0,07,000,00,2,4,23,C01
200500074554,0,07,000,00,0,0,01,D01
200500074555,0,07,000,00,2,3,01,A01
200500074555,0,01,000,00,2,4,01,B01
200500074556,0,07,000,06,0,1,01,A01
200500074557,0,07,000,14,0,1,06,A01
200500074558,0,07,000,00,2,5,15,A01
200500074558,0,07,000,00,2,1,01,B01
200500074559,0,07,000,00,2,1,02,A01
200500074559,0,07,000,00,2,4,02,B01
200500074559,0,07,000,00,2,4,02,C01
200500074560,0,07,000,00,1,7,01,A01
200500074561,0,07,000,00,2,2,15,A01
200500074561,0,07,000,00,2,1,01,B01
200500074562,0,07,000,00,2,8,15,B01
200500074562,0,07,000,00,2,1,01,A01
200500074563,0,02,000,00,2,0,19,A01
200500074563,0,07,000,00,2,1,01,B01
200500074564,0,07,000,00,1,1,01,A01
200500074565,0,07,000,00,1,1,01,A01
200500074566,0,07,000,00,2,1,01,A01
200500074566,0,07,000,00,2,4,02,B01
200500074567,0,07,000,00,2,1,15,A01
200500074567,0,07,000,00,2,1,01,B01
200500074568,0,07,000,00,2,1,01,A01
200500074568,0,07,000,00,2,1,01,B01
200500074569,0,07,000,00,2,1,13,A01
200500074569,0,20,000,00,2,3,01,B01
200500074570,0,07,000,00,9,1,01,A01
200500074570,0,01,000,00,2,1,01,B01
200500074571,0,07,000,00,9,2,15,B01
200500074571,0,02,000,00,2,1,01,A01
200500074572,0,01,000,00,2,4,09,A01
200500074572,0,07,000,00,2,1,01,B01
200500074573,0,02,000,00,2,1,15,A01
200500074573,0,07,000,00,2,3,01,B01
200500074574,0,07,000,00,2,1,01,A01
200500074574,0,07,000,00,2,8,01,B01
200500074575,0,02,000,00,2,1,01,A01
200500074575,0,07,000,00,0,4,01,B01
200500074576,0,02,000,14,2,1,05,A01
200500074576,0,07,000,00,2,1,01,B01
200500074576,1,07,000,00,0,6,01,C01
200500074577,0,18,001,00,2,2,15,A01
200500074577,0,07,000,00,2,3,01,B01
200500074578,0,07,000,00,2,1,15,A01
200500074578,0,02,000,00,2,2,01,B01
200500074579,0,07,000,00,2,2,15,A01
200500074579,0,02,000,00,2,1,01,B01
200500074580,0,02,000,00,2,1,18,A01
200500074580,0,07,000,00,2,1,15,B01
200500074581,0,07,000,00,2,1,05,A01
200500074581,0,07,000,00,2,1,01,B01
200500074582,0,02,000,00,2,1,01,B01
200500074582,0,07,000,00,2,3,19,A01
200500074583,0,07,000,00,2,1,01,A01
200500074583,0,02,000,00,2,7,01,B01
200500074584,1,07,000,00,1,1,01,A01
200500074585,0,02,000,00,2,1,01,A01
200500074585,0,07,000,00,0,4,01,B01
200500074586,0,07,000,00,2,1,02,A01
200500074586,0,07,000,00,2,4,23,B01
200500074587,0,07,000,00,2,2,01,B01
200500074587,0,07,000,00,2,2,15,A01
200500074588,0,07,000,00,2,6,16,A01
200500074588,0,01,000,00,2,1,19,B01
200500074589,0,07,000,00,2,2,01,B01
200500074589,0,07,000,00,2,3,15,A01
200500074590,0,01,000,00,2,4,01,B01
200500074590,0,07,000,00,2,1,09,A01
200500074591,0,07,000,00,2,3,15,A01
200500074591,0,05,000,00,2,1,01,B01
200500074592,0,07,000,14,0,1,01,A01
200500074593,0,07,000,01,0,1,14,A01
200500074594,0,07,000,02,0,1,14,A01
200500074595,0,07,000,00,1,1,01,A01
200500074596,0,02,000,00,2,7,00,B01
200500074596,0,07,000,00,2,1,09,A01
200500074597,0,07,000,00,2,1,15,A01
200500074597,0,07,000,00,2,1,01,B01
200500074598,0,10,000,00,1,1,09,A01
200500074599,0,07,000,00,2,4,09,A01
200500074599,0,07,000,00,2,1,02,B01
200500074600,0,05,000,00,2,1,15,B01
200500074600,0,07,000,00,2,3,02,A01
200500074601,0,07,000,08,0,1,19,A01
200500074602,0,07,000,00,9,1,19,A01
200500074602,0,05,000,00,2,1,02,B01
200500074603,0,07,000,00,9,2,05,A01
200500074603,0,05,000,00,2,1,05,B01
200500074604,0,07,000,00,2,4,02,B01
200500074604,0,07,000,00,2,1,02,A01
200500074605,0,02,000,00,0,1,02,A01
200500074606,0,02,000,00,2,1,02,A01
200500074606,0,07,000,00,9,7,02,B01
200500074607,0,07,000,00,9,2,02,A01
200500074607,0,02,000,00,2,1,05,B01
200500074608,0,02,000,00,0,1,01,A01
200500074609,0,07,000,01,0,1,14,A01
200500074610,0,07,000,00,2,2,15,A01
200500074610,0,07,000,00,2,1,01,B01
200500074611,0,07,000,00,2,2,12,A01
200500074611,0,02,000,00,2,6,01,B01
200500074612,0,07,000,00,1,1,01,A01
200500074613,0,07,000,00,2,0,16,A01
200500074613,0,04,000,00,2,8,01,B01
200500074614,0,07,000,00,2,1,01,A01
200500074614,0,07,000,00,2,1,01,B01
200500074615,0,05,000,00,1,1,01,A01
200500074616,0,02,000,00,2,5,02,A01
200500074616,0,07,000,00,2,5,23,B01
200500074617,0,02,000,00,2,1,01,B01
200500074617,0,07,000,00,2,8,15,A01
200500074618,0,07,000,00,1,1,01,A01
200500074619,1,07,000,00,2,1,01,A01
200500074619,0,01,000,00,2,4,02,B01
200500074620,0,05,000,09,2,1,17,A01
200500074620,0,07,000,00,2,3,15,B01
200500074621,0,07,000,00,2,1,15,A01
200500074621,0,05,000,06,2,1,01,B01
200500074622,0,07,000,00,2,7,01,B01
200500074622,0,07,000,00,2,1,00,A01
200500074623,0,07,000,00,1,1,01,A01
200500074624,0,04,000,00,0,7,01,A01
200500074625,0,07,000,00,2,1,02,A01
200500074625,0,07,000,00,2,4,02,B01
200500074626,0,04,000,13,0,1,01,A01
200500074627,0,07,000,00,1,2,01,A01
200500074628,0,02,000,16,0,8,13,A01
200500074629,0,07,000,00,2,7,01,B01
200500074629,0,07,000,00,2,1,19,A01
200500074630,0,04,000,00,2,1,01,A01
200500074630,0,11,000,00,2,1,01,B01
200500074631,0,04,000,00,2,8,15,B01
200500074631,0,07,000,00,2,1,17,A01
200500074632,0,07,000,08,0,1,19,A01
200500074633,0,07,000,00,2,1,13,A01
200500074633,0,07,000,00,2,1,01,B01
200500074634,0,07,000,03,0,3,01,A01
200500074634,0,07,000,00,0,3,01,B01
200500074635,0,07,000,00,1,1,01,A01
200500074636,0,07,000,00,2,2,01,B01
200500074636,0,10,000,00,2,1,01,A01
200500074637,1,07,000,00,2,1,09,A01
200500074637,0,07,000,00,0,7,01,B01
200500074638,0,01,000,00,2,1,13,A01
200500074638,0,07,000,00,2,8,01,B01
200500074639,0,07,000,02,0,1,14,A01
200500074640,0,07,000,00,2,1,01,B01
200500074640,0,10,000,00,0,8,15,A01
200500074641,0,07,000,01,0,1,14,A01
200500074642,0,07,000,01,0,3,02,A01
200500074642,0,18,001,00,0,7,23,B01
200500074642,0,07,000,00,0,4,23,C01
200500074643,0,02,000,01,0,1,02,A01
200500074643,0,07,000,00,0,4,23,B01
200500074644,0,02,000,00,2,2,01,B01
200500074644,0,07,000,00,2,1,01,A01
200500074645,1,02,000,00,1,1,01,A01
200500074646,0,02,000,00,0,7,01,A01
200500074647,0,07,000,01,2,1,14,A01
200500074647,0,07,000,00,0,3,01,C01
200500074648,0,05,000,12,0,0,14,A01
200500074649,0,07,000,00,2,1,01,A01
200500074649,0,07,000,00,2,4,02,B01
200500074649,0,07,000,00,0,4,02,C01
200500074649,0,10,000,02,0,1,14,D01
200500074650,0,02,000,00,2,2,14,A01
200500074650,0,07,000,00,2,8,01,B01
200500074651,0,07,000,00,2,8,22,A01
200500074651,0,01,000,00,0,7,01,B01
200500074652,0,07,000,00,1,2,01,A01
200500074653,0,07,000,00,1,3,01,A01
200500074654,0,07,000,00,1,3,00,A01
200500074655,0,07,000,00,2,1,01,A01
200500074655,0,07,000,00,2,4,01,B01
200500074656,0,07,000,00,1,1,01,A01
200500074657,0,07,000,03,2,1,01,A01
200500074657,0,07,000,04,2,4,01,B01
200500074658,0,07,000,00,1,8,01,A01
200500074659,0,07,000,00,0,8,10,B01
200500074659,0,05,000,00,2,1,01,A01
200500074660,1,07,000,00,2,2,17,A01
200500074660,0,04,000,00,2,8,01,B01
200500074661,0,07,000,00,1,3,01,A01
200500074662,0,07,000,00,2,3,11,A01
200500074662,0,05,000,00,2,1,01,B01
200500074663,0,07,000,00,1,1,00,A01
200500074664,0,07,000,00,5,4,01,A01
200500074665,0,10,000,00,2,1,16,A01
200500074665,0,07,000,00,2,4,23,B01
200500074665,0,07,000,00,2,4,23,C01
200500074666,0,07,000,09,0,1,01,A01
200500074667,0,07,000,00,2,3,15,A01
200500074667,0,02,000,00,2,1,17,B01
200500074668,0,10,000,00,2,2,16,A01
200500074668,0,02,000,00,2,3,02,B01
200500074669,0,07,000,00,2,1,02,A01
200500074669,0,07,000,00,2,4,01,B01
200500074669,0,07,000,00,2,4,01,C01
200500074670,0,07,000,00,1,1,01,A01
200500074671,0,07,000,00,2,5,04,A01
200500074671,0,02,000,00,2,1,01,B01
200500074672,0,07,000,00,2,1,01,A01
200500074672,0,07,000,00,2,8,15,B01
200500074673,0,01,000,00,2,1,19,A01
200500074673,0,07,000,00,2,1,01,B01
200500074674,0,07,000,00,1,1,01,A01
200500074675,0,07,000,00,1,3,15,A01
200500074676,0,07,000,00,2,7,01,A01
200500074676,0,07,000,00,2,1,01,B01
200500074677,0,07,000,00,2,2,15,A01
200500074677,0,07,000,00,2,1,01,B01
200500074678,0,19,000,00,1,1,01,A01
200500074679,0,01,000,00,2,1,01,A01
200500074679,0,07,000,00,2,1,15,B01
200500074680,0,07,000,00,2,5,15,A01
200500074680,0,02,000,00,2,1,01,B01
200500074681,0,07,000,00,1,1,15,A01
200500074682,0,01,000,00,2,7,19,B01
200500074682,0,07,000,00,2,1,15,A01
200500074683,0,07,000,00,1,2,01,A01
200500074684,0,07,000,00,2,1,01,A01
200500074684,0,01,000,00,2,8,19,B01
200500074685,0,07,000,00,1,2,01,A01
200500074686,0,01,000,00,2,4,05,A01
200500074686,0,07,000,00,2,1,16,B01
200500074687,0,07,000,00,2,4,09,A01
200500074687,0,01,000,00,1,1,02,B01
200500074688,0,07,000,00,2,1,01,A01
200500074688,0,07,000,00,2,5,01,B01
200500074689,0,07,000,00,2,2,15,A01
200500074689,0,05,000,00,2,1,01,B01
200500074690,0,07,000,00,2,2,15,A01
200500074690,2,07,000,01,2,1,01,B01
200500074691,0,07,000,00,2,7,13,A01
200500074691,0,10,000,01,2,1,01,B01
200500074692,0,07,000,00,2,1,02,A01
200500074692,0,07,000,00,2,4,02,B01
200500074692,0,07,000,00,2,4,02,C01
200500074692,0,07,000,00,2,4,02,D01
200500074693,0,07,000,00,2,1,15,A01
200500074693,0,01,000,00,2,3,01,B01
200500074694,0,07,000,00,2,1,01,A01
200500074694,0,01,000,00,2,5,01,B01
200500074695,0,07,000,04,0,2,01,A01
200500074696,0,01,000,00,2,1,01,B01
200500074696,0,07,000,00,2,2,16,A01
200500074697,0,10,000,00,1,2,01,A01
200500074698,0,07,000,00,1,2,01,A01
200500074699,0,01,000,00,2,7,00,B01
200500074699,0,07,000,00,2,1,00,A01
200500074700,0,07,000,00,2,5,15,A01
200500074700,0,01,000,00,2,1,01,B01
200500074701,0,07,000,00,2,3,15,A01
200500074701,0,07,000,00,2,3,01,B01
200500074702,0,07,000,00,1,1,16,A01
200500074702,0,01,000,00,2,1,19,B01
200500074703,0,07,000,00,2,1,13,A01
200500074703,0,07,000,00,2,1,01,B01
200500074704,0,07,000,09,0,1,13,A01
200500074705,0,07,000,00,2,1,01,A01
200500074705,0,07,000,00,2,3,01,B01
200500074706,0,07,000,00,2,3,01,A01
200500074706,0,01,000,00,2,1,01,B01
200500074707,0,07,000,00,2,1,01,A01
200500074707,0,07,000,00,2,2,15,B01
200500074708,0,07,000,00,2,7,19,A01
200500074708,0,02,000,00,2,1,01,B01
200500074709,0,07,000,00,1,1,15,A01
200500074710,0,07,000,00,2,2,14,A01
200500074710,0,01,000,00,2,4,01,B01
200500074711,0,99,000,00,1,1,15,A01
200500074712,0,07,000,00,2,6,01,B01
200500074712,1,07,000,00,2,1,01,A01
200500074713,0,07,000,00,2,6,13,A01
200500074713,0,05,000,00,2,1,01,B01
200500074714,0,14,000,00,1,2,01,A01
200500074715,0,01,000,00,2,7,01,A01
200500074715,0,07,000,00,2,3,01,B01
200500074716,0,07,000,00,2,7,01,B01
200500074716,0,02,000,00,2,1,01,A01
200500074717,1,07,000,00,2,1,15,A01
200500074717,0,01,000,00,2,6,19,B01
200500074718,1,07,000,00,1,2,01,A01
200500074719,0,07,000,00,2,1,23,B01
200500074719,0,07,000,01,0,1,13,A01
200500074720,0,07,000,01,2,6,01,B01
200500074720,0,07,000,00,2,1,01,A01
200500074721,0,07,000,00,2,1,17,A01
200500074721,0,10,000,00,2,1,01,B01
200500074722,0,07,000,00,2,1,01,A01
200500074722,0,02,000,09,0,4,01,B01
200500074723,0,07,000,00,2,1,01,A01
200500074723,0,07,000,00,2,4,01,B01
200500074723,0,07,000,00,0,4,01,C01
200500074724,0,03,000,01,1,1,14,A01
200500074725,0,07,000,00,1,1,00,A01
200500074726,0,07,000,00,2,1,02,A01
200500074726,0,10,000,00,2,5,02,B01
200500074727,1,07,000,00,2,1,02,A01
200500074727,0,07,000,00,2,4,23,B01
200500074727,0,07,000,00,2,4,23,C01
200500074728,0,07,000,00,1,1,02,A01
200500074729,0,07,000,00,9,3,09,A01
200500074729,0,01,000,00,2,1,01,B01
200500074730,0,07,000,00,1,2,01,A01
200500074731,0,07,000,00,0,4,01,B01
200500074731,0,07,000,00,2,1,02,A01
200500074732,0,07,000,00,0,4,01,B01
200500074732,0,07,000,00,2,1,02,A01
200500074733,0,07,000,00,1,2,01,A01
200500074734,0,02,000,00,2,3,00,B01
200500074734,1,07,000,00,2,6,00,A01
200500074735,0,07,000,00,1,1,01,A01
200500074736,0,07,000,00,2,6,11,A01
200500074736,0,04,000,00,2,1,01,B01
200500074737,0,07,000,00,2,1,01,A01
200500074737,0,02,000,00,2,3,00,B01
200500074738,0,07,000,00,1,1,01,A01
200500074739,0,07,000,00,1,6,23,A01
200500074740,0,07,000,04,0,9,01,A01
200500074741,0,07,000,03,0,3,01,A01
200500074742,0,02,000,00,2,7,07,A01
200500074742,0,07,000,00,2,8,15,B01
200500074743,0,07,000,00,1,1,01,A01
200500074744,0,07,000,00,2,1,13,A01
200500074744,0,07,000,00,2,3,01,B01
200500074745,0,07,000,00,1,2,01,A01
200500074746,0,05,000,00,1,1,00,A01
200500074747,0,07,000,00,1,1,02,A01
200500074748,0,07,000,00,1,1,01,A01
200500074749,0,07,000,00,2,1,15,A01
200500074749,0,05,000,00,2,1,01,B01
200500074750,0,07,000,00,2,1,01,A01
200500074750,0,07,000,00,2,3,15,B01
200500074751,0,07,000,00,1,0,01,A01
200500074752,0,07,000,00,2,8,11,A01
200500074752,0,07,000,00,2,2,02,B01
200500074753,0,07,000,00,1,0,16,A01
200500074754,0,05,000,12,2,1,13,A01
200500074754,0,07,000,00,9,3,01,B01
200500074755,0,07,000,15,0,1,19,A01
200500074756,0,07,000,00,2,1,15,A01
200500074756,0,10,000,00,2,3,01,B01
200500074757,0,02,000,00,2,1,01,A01
200500074757,0,07,000,01,2,3,01,B01
200500074758,0,07,000,00,2,1,13,A01
200500074758,0,07,000,00,2,1,01,B01
200500074759,0,07,000,00,2,7,15,A01
200500074759,0,14,000,00,2,1,01,B01
200500074760,0,07,000,00,2,8,11,A01
200500074760,0,04,000,00,2,7,01,B01
200500074761,0,07,000,00,1,1,01,A01
200500074762,0,07,000,00,1,3,01,A01
200500074763,0,07,000,00,1,2,15,A01
200500074764,0,07,000,00,2,1,01,A01
200500074764,0,07,000,00,2,0,01,B01
200500074765,0,07,000,00,1,1,01,A01
200500074766,0,07,000,00,1,1,01,A01
200500074767,0,07,000,14,0,2,01,A01
200500074768,0,07,000,00,2,7,15,A01
200500074768,0,05,000,00,2,1,01,B01
200500074769,0,07,000,00,2,1,01,A01
200500074769,0,07,000,11,2,5,15,B01
200500074770,0,07,000,00,2,1,01,B01
200500074770,0,07,000,00,2,2,01,A01
200500074771,1,10,000,00,1,5,01,A01
200500074772,0,07,000,08,0,4,01,A01
200500074772,1,07,000,00,0,0,10,B01
200500074773,0,02,000,00,2,1,01,A01
200500074773,0,07,000,00,2,3,01,B01
200500074774,0,07,000,00,1,1,01,A01
200500074775,0,07,000,00,2,1,13,A01
200500074775,0,10,000,00,2,1,01,B01
200500074776,0,01,000,00,2,1,00,A01
200500074776,0,07,000,00,0,1,01,B01
200500074777,0,07,000,00,2,7,09,A01
200500074777,0,07,000,00,2,1,01,B01
200500074778,0,04,000,00,2,1,17,A01
200500074778,0,07,000,00,2,3,15,B01
200500074779,0,07,000,11,0,2,01,A01
200500074780,1,07,000,00,2,1,02,A01
200500074780,0,03,000,15,0,4,02,B01
200500074781,0,07,000,00,2,2,15,A01
200500074781,0,07,000,00,2,1,01,B01
200500074782,0,07,000,00,2,8,15,A01
200500074782,0,07,000,00,2,1,01,B01
200500074783,0,07,000,00,1,3,01,A01
200500074784,0,07,000,00,2,1,01,A01
200500074784,0,07,000,00,2,4,01,B01
200500074785,0,07,000,00,2,1,01,A01
200500074785,0,07,000,00,0,0,00,B01
200500074786,0,07,000,00,2,9,01,A01
200500074786,0,07,000,00,2,1,01,B01
200500074787,0,02,000,09,0,1,01,A01
200500074788,0,02,000,00,2,7,01,B01
200500074788,0,07,000,00,2,1,09,A01
200500074789,0,03,000,00,2,1,01,B01
200500074789,0,03,000,00,2,8,09,A01
200500074790,0,02,000,00,1,1,01,A01
200500074791,0,07,000,00,0,1,15,A01
200500074791,0,02,000,00,2,1,01,B01
200500074792,0,05,000,00,2,1,01,A01
200500074792,0,07,000,00,2,3,01,B01
200500074793,0,07,000,00,2,1,01,A01
200500074793,0,07,000,02,2,3,01,B01
200500074794,0,10,000,00,2,1,13,A01
200500074794,0,07,000,00,0,8,01,B01
200500074795,0,02,000,00,2,1,01,A01
200500074795,0,07,000,00,2,2,15,B01
200500074796,0,07,000,00,1,1,01,A01
200500074797,1,07,000,00,2,0,00,A01
200500074797,0,02,000,00,2,6,01,B01
200500074798,0,07,000,00,1,3,01,A01
200500074799,0,07,000,00,1,1,01,A01
200500074799,0,07,000,00,0,1,01,B01
200500074800,0,02,000,00,2,1,01,A01
200500074800,0,07,000,00,0,0,15,B01
200500074801,0,07,000,00,2,1,01,A01
200500074801,0,07,000,00,0,4,21,B01
200500074802,0,07,000,00,1,2,01,A01
200500074803,0,02,000,00,2,1,01,A01
200500074803,0,07,000,00,0,7,15,B01
200500074804,0,01,000,00,1,1,01,A01
200500074805,0,02,000,00,0,1,01,B01
200500074805,0,07,000,00,2,8,15,A01
200500074806,0,07,000,00,2,1,01,B01
200500074806,0,02,000,00,0,4,01,A01
200500074807,0,02,000,00,0,8,01,A01
200500074807,0,07,000,00,2,1,01,B01
200500074808,0,07,000,00,1,1,01,A01
200500074809,0,07,000,00,2,1,10,A01
200500074809,0,05,000,00,0,1,01,B01
200500074810,0,05,000,16,0,8,01,A01
200500074811,0,02,000,16,0,7,01,A01
200500074812,0,02,000,00,0,7,01,B01
200500074812,0,07,000,00,2,1,15,A01
200500074813,0,02,000,00,0,8,01,B01