Num_Acc,senc,catv,occutc,obs,obsm,choc,manv,num_veh
200500075595,0,07,000,00,1,1,16,A01
200500075596,0,05,000,00,2,2,10,A01
200500075596,0,07,000,00,2,1,07,B01
200500075597,0,05,000,00,2,1,01,B01
200500075597,0,07,000,00,2,2,01,A01
200500075598,0,01,000,00,1,1,05,A01
200500075599,0,07,000,00,2,1,01,A01
200500075599,0,07,000,00,2,4,01,B01
200500075600,1,04,000,00,1,1,00,A01
200500075601,0,05,000,00,0,0,01,A01
200500075602,0,07,000,00,2,3,11,A01
200500075602,0,05,000,00,2,2,03,B01
200500075603,0,07,000,00,2,1,02,A01
200500075603,0,05,000,00,2,4,02,B01
200500075604,1,07,000,00,0,0,00,A01
200500075604,0,05,000,00,2,2,01,B01
200500075605,0,07,000,00,2,3,15,B01
200500075605,0,02,000,00,2,1,01,A01
200500075606,0,07,000,15,0,2,14,A01
200500075607,0,05,000,00,2,2,01,A01
200500075607,0,07,000,00,2,6,01,B01
200500075608,0,04,000,00,2,1,01,B01
200500075608,0,07,000,00,2,3,01,A01
200500075609,0,07,000,00,2,1,17,A01
200500075609,0,10,000,00,2,1,15,B01
200500075610,0,07,000,12,0,1,20,A01
200500075610,0,02,000,00,2,1,01,B01
200500075611,0,02,000,00,2,1,02,A01
200500075611,0,07,000,00,0,0,02,B01
200500075612,0,05,000,08,0,2,01,A01
200500075613,0,07,000,08,0,3,01,A01
200500075614,0,07,000,00,2,1,02,A01
200500075614,0,02,000,00,2,4,01,B01
200500075615,0,07,000,00,1,2,01,A01
200500075616,0,07,000,00,1,1,01,A01
200500075617,0,07,000,01,0,1,01,A01
200500075618,0,07,000,00,1,7,02,A01
200500075619,0,07,000,00,2,8,15,A01
200500075619,0,02,000,00,2,7,15,B01
200500075620,0,07,000,00,1,2,01,A01
200500075621,0,10,000,00,1,1,01,A01
200500075622,0,07,000,00,2,1,01,A01
200500075622,0,10,000,00,2,4,01,B01
200500075623,0,07,000,14,2,7,01,A01
200500075623,0,07,000,00,0,1,23,C01
200500075623,0,10,000,00,2,1,01,B01
200500075624,0,07,000,00,2,3,15,A01
200500075624,0,04,000,00,2,1,01,B01
200500075625,0,07,000,00,0,6,02,B01
200500075625,0,04,000,00,2,1,02,A01
200500075626,0,07,000,00,2,3,15,A01
200500075626,0,05,000,00,2,1,01,B01
200500075627,0,07,000,00,1,8,01,A01
200500075628,0,02,000,00,2,8,01,A01
200500075628,0,10,000,00,2,1,15,B01
200500075629,0,05,000,00,2,5,15,A01
200500075629,0,02,000,00,2,1,01,B01
200500075630,0,07,000,00,1,3,01,A01
200500075631,1,99,000,00,0,0,00,A01
200500075631,0,07,000,00,2,4,23,B01
200500075632,0,07,000,00,2,1,01,A01
200500075632,0,07,000,00,2,6,23,B01
200500075633,0,07,000,00,2,3,15,A01
200500075633,0,07,000,00,2,2,01,B01
200500075634,2,07,000,00,2,8,18,A01
200500075634,0,07,000,00,2,8,23,B01
200500075634,0,07,000,00,2,4,23,C01
200500075634,0,07,000,00,2,4,23,D01
200500075635,0,07,000,00,2,2,15,A01
200500075635,0,02,000,00,2,1,02,B01
200500075636,0,02,000,00,2,1,02,A01
200500075636,0,10,000,00,2,5,15,B01
200500075637,0,01,000,00,2,0,00,A01
200500075637,0,07,000,00,2,1,01,B01
200500075638,0,02,000,00,2,1,17,A01
200500075638,0,07,000,00,2,3,15,B01
200500075639,0,07,000,00,2,1,01,A01
200500075639,0,07,000,00,2,8,01,B01
200500075640,0,07,000,00,2,1,01,A01
200500075641,0,07,000,00,1,2,01,A01
200500075642,0,10,000,00,2,1,01,A01
200500075642,0,07,000,00,2,4,01,B01
200500075643,0,07,000,00,2,2,15,A01
200500075643,0,02,000,00,2,1,15,B01
200500075644,1,07,000,00,2,0,00,A01
200500075644,0,05,000,00,2,4,01,B01
200500075645,0,07,000,00,2,1,15,A01
200500075645,0,07,000,00,2,1,01,B01
200500075646,0,02,000,00,1,1,01,A01
200500075647,0,05,000,00,2,1,17,A01
200500075647,0,02,000,00,2,1,15,B01
200500075648,0,05,000,00,2,1,02,A01
200500075648,0,07,000,00,2,3,01,B01
200500075648,0,14,000,00,2,1,01,C01
200500075649,1,07,000,00,1,0,00,A01
200500075650,0,07,000,00,1,0,00,A01
200500075651,0,07,000,00,1,3,02,A01
200500075652,0,07,000,00,2,2,12,A01
200500075652,0,07,000,00,2,8,00,B01
200500075653,0,07,000,02,0,1,01,A01
200500075654,0,07,000,00,2,3,13,A01
200500075654,0,07,000,00,2,3,02,B01
200500075655,0,07,000,00,1,3,01,A01
200500075656,0,01,000,00,2,7,19,A01
200500075656,0,07,000,00,2,1,01,B01
200500075657,0,07,000,00,2,1,01,A01
200500075657,0,02,000,00,0,6,15,B01
200500075658,0,07,000,00,2,1,01,A01
200500075658,0,05,000,00,2,1,01,B01
200500075659,0,02,000,00,2,1,02,A01
200500075659,0,07,000,00,2,4,04,B01
200500075660,1,07,000,00,2,0,00,A01
200500075660,0,14,000,00,2,7,01,B01
200500075661,0,07,000,00,1,1,16,A01
200500075662,0,02,000,00,2,1,00,A01
200500075662,0,07,000,00,2,7,02,B01
200500075662,0,10,000,00,2,3,24,C01
200500075663,0,05,000,00,2,1,17,A01
200500075663,0,07,000,00,2,8,15,B01
200500075664,0,07,000,00,1,3,01,A01
200500075665,0,02,000,00,2,1,13,A01
200500075665,0,07,000,00,2,1,01,B01
200500075666,0,07,000,00,2,1,01,A01
200500075666,0,07,000,00,2,1,01,B01
200500075666,0,07,000,00,2,4,01,C01
200500075667,1,02,000,00,1,1,00,A01
200500075668,0,07,000,01,0,1,02,A01
200500075668,0,07,000,00,2,1,24,B01
200500075669,0,07,000,00,2,1,00,A01
200500075670,0,18,012,00,2,3,09,A01
200500075670,0,07,000,00,2,5,17,B01
200500075671,0,07,000,00,2,1,11,A01
200500075671,0,07,000,00,2,8,01,B01
200500075672,0,07,000,00,1,2,13,A01
200500075672,0,20,000,00,0,0,23,B01
200500075673,0,07,000,00,1,1,15,A01
200500075673,0,01,000,00,2,0,01,B01
200500075674,0,07,000,00,1,1,01,A01
200500075675,0,07,000,11,0,1,01,A01
200500075676,0,02,000,00,0,0,00,A01
200500075677,0,07,000,00,2,1,13,A01
200500075677,0,07,000,00,2,1,01,B01
200500075678,0,02,000,00,2,1,17,A01
200500075678,0,07,000,00,2,3,15,B01
200500075679,0,07,000,00,1,1,15,A01
200500075680,0,07,000,00,1,8,11,A01
200500075681,0,07,000,00,2,8,10,A01
200500075681,0,07,000,00,2,1,01,B01
200500075682,0,07,000,00,2,1,13,A01
200500075682,0,10,000,00,2,1,01,B01
200500075682,0,07,000,00,2,8,01,C01
200500075683,0,07,000,00,2,1,01,A01
200500075683,0,07,000,00,2,4,01,B01
200500075683,0,07,000,00,2,4,01,C01
200500075684,0,02,000,00,2,1,01,B01
200500075684,0,07,000,00,2,2,15,A01
200500075685,0,07,000,00,2,3,10,A01
200500075685,0,05,000,00,2,1,01,B01
200500075686,0,07,000,00,2,2,01,A01
200500075686,0,01,000,00,2,1,01,B01
200500075687,0,04,000,00,0,0,01,A01
200500075688,0,05,000,00,2,1,00,A01
200500075689,0,10,000,00,2,2,21,B01
200500075689,0,07,000,00,2,1,16,A01
200500075690,0,07,000,00,2,3,15,A01
200500075690,0,07,000,00,2,3,15,B01
200500075691,0,07,000,00,2,1,01,A01
200500075691,0,15,000,00,2,5,02,B01
200500075692,0,07,000,00,6,2,01,A01
200500075693,0,07,000,02,0,1,19,A01
200500075694,0,07,000,00,2,2,01,A01
200500075694,0,07,000,00,2,2,01,B01
200500075695,0,07,000,00,2,7,01,B01
200500075695,0,07,000,00,2,1,01,A01
200500075696,0,02,000,00,2,1,02,A01
200500075696,0,07,000,00,2,4,23,B01
200500075697,0,07,000,00,2,2,15,A01
200500075697,0,07,000,00,2,1,01,B01
200500075697,0,07,000,00,2,3,23,C01
200500075698,0,07,000,07,2,7,15,A01
200500075698,0,07,000,00,2,1,01,B01
200500075699,0,07,000,00,2,2,15,A01
200500075699,0,07,000,00,2,1,01,B01
200500075700,0,07,000,00,2,2,15,A01
200500075700,0,07,000,00,2,1,01,B01
200500075701,0,07,000,00,1,1,02,A01
200500075702,0,07,000,00,2,1,02,A01
200500075702,0,07,000,00,2,4,02,B01
200500075703,0,07,000,00,2,1,15,A01
200500075703,0,07,000,00,2,1,01,B01
200500075704,0,07,000,00,1,1,02,A01
200500075705,0,07,000,00,0,9,01,A01
200500075706,0,07,000,00,2,1,02,A01
200500075706,0,07,000,00,2,1,02,B01
200500075707,0,01,000,00,2,1,02,A01
200500075707,0,07,000,00,9,1,02,B01
200500075708,0,05,000,00,2,1,02,A01
200500075708,0,07,000,00,2,4,16,B01
200500075709,0,07,000,08,0,9,01,A01
200500075709,0,07,000,08,0,5,01,D01
200500075709,0,07,000,08,0,1,01,E01
200500075710,0,07,000,00,2,2,15,A01
200500075710,0,17,000,00,2,3,16,B01
200500075711,0,07,000,00,2,2,16,A01
200500075711,0,07,000,00,2,1,02,B01
200500075712,0,17,000,00,2,1,02,A01
200500075712,0,07,000,00,2,4,02,B01
200500075713,0,07,000,00,0,9,01,A01
200500075714,0,07,000,00,2,8,11,A01
200500075714,0,05,000,00,2,7,01,B01
200500075715,0,02,000,00,0,7,01,A01
200500075716,0,99,000,00,9,2,02,A01
200500075716,0,01,000,00,0,4,02,B01
200500075716,0,01,000,00,0,4,02,C01
200500075717,1,07,000,00,1,0,02,X01
200500075718,1,07,000,00,2,8,00,A01
200500075718,0,05,000,00,2,1,00,B01
200500075719,0,07,000,00,1,2,01,A01
200500075720,0,07,000,00,1,2,09,A01
200500075721,0,07,000,00,2,1,00,A01
200500075721,0,07,000,00,2,1,00,B01
200500075721,0,07,000,00,0,4,00,C01
200500075722,0,07,000,03,0,4,01,A01
200500075722,0,07,000,00,2,2,01,B01
200500075722,0,07,000,01,0,1,02,C01
200500075723,0,07,000,00,0,9,01,A01
200500075724,0,07,000,00,1,0,00,A01
200500075725,0,04,000,00,0,4,01,B01
200500075725,1,07,000,00,2,1,01,A01
200500075726,0,07,000,00,1,3,01,A01
200500075727,0,07,000,02,0,9,14,A01
200500075728,0,07,000,00,2,1,15,A01
200500075728,0,07,000,00,2,1,02,B01
200500075729,0,07,000,00,1,1,01,A01
200500075730,0,07,000,04,0,3,02,A01
200500075731,0,10,000,00,2,1,02,A01
200500075731,0,07,000,00,0,0,02,B01
200500075732,0,18,000,00,1,7,00,A01
200500075733,0,07,000,00,2,2,15,A01
200500075733,0,05,000,00,2,5,01,B01
200500075734,0,07,000,08,0,0,00,A01
200500075735,0,18,001,00,1,1,02,A01
200500075736,0,10,000,00,1,1,01,A01
200500075737,0,07,000,00,2,1,09,A01
200500075737,0,07,000,00,2,3,01,B01
200500075738,0,07,000,00,1,1,01,A01
200500075739,0,07,000,00,2,2,09,A01
200500075739,0,07,000,02,2,7,00,B01
200500075740,1,07,000,00,1,0,02,A01
200500075741,0,07,000,00,0,4,00,B01
200500075741,0,04,000,00,0,1,02,A01
200500075742,0,07,000,00,0,0,00,A01
200500075743,0,07,000,13,0,1,01,A01
200500075744,0,07,000,00,1,3,01,A01
200500075745,0,05,000,00,2,1,01,A01
200500075745,0,07,000,00,0,4,01,B01
200500075746,0,05,000,14,0,0,01,A01
200500075747,0,07,000,00,2,1,10,A01
200500075747,0,05,000,00,2,3,01,B01
200500075748,0,02,000,00,0,8,01,A01
200500075748,0,07,000,00,0,0,00,B01
200500075749,1,07,000,01,2,0,01,A01
200500075749,0,07,000,00,2,3,01,B01
200500075750,0,07,000,10,2,1,01,A01
200500075751,0,07,000,00,2,1,01,A01
200500075751,0,07,000,00,0,4,01,B01
200500075752,0,05,000,00,1,2,01,A01
200500075753,0,07,000,00,2,1,01,A01
200500075753,0,01,000,00,2,1,13,B01
200500075754,0,07,000,16,0,9,01,A01
200500075755,0,07,000,08,0,8,01,A01
200500075756,0,02,000,00,2,1,01,B01
200500075756,0,07,000,00,2,8,16,A01
200500075757,0,10,000,00,2,3,01,A01
200500075757,0,10,000,00,2,6,19,B01
200500075758,0,10,000,00,1,1,01,A01
200500075759,0,07,000,00,2,1,15,A01
200500075759,0,07,000,00,2,2,01,B01
200500075760,0,01,000,00,2,1,19,A01
200500075760,0,07,000,00,2,5,01,B01
200500075761,0,07,000,00,2,7,01,A01
200500075761,0,01,000,00,2,8,01,B01
200500075762,0,07,000,00,2,3,11,A01
200500075762,0,05,000,00,2,1,01,B01
200500075763,0,01,000,00,2,3,15,A01
200500075763,0,07,000,00,2,2,17,B01
200500075764,0,05,000,00,2,1,17,A01
200500075764,0,07,000,00,2,3,15,B01
200500075765,0,07,000,00,1,1,01,A01
200500075766,0,07,000,01,0,1,02,A01
200500075766,0,07,000,00,2,4,23,B01
200500075767,0,07,000,15,0,1,12,A01
200500075768,0,07,000,00,2,1,13,A01
200500075768,0,07,000,00,2,1,01,B01
200500075769,0,05,000,00,2,1,21,A01
200500075769,0,07,000,00,2,6,01,B01
200500075770,0,07,000,00,2,1,15,A01
200500075770,0,05,000,00,2,1,01,B01
200500075771,0,07,000,00,2,7,10,A01
200500075771,0,07,000,00,2,1,02,B01
200500075772,0,07,000,00,2,1,11,A01
200500075772,0,01,000,00,2,1,02,B01
200500075773,0,04,000,15,0,1,01,A01
200500075774,0,02,000,00,2,1,09,A01
200500075774,0,07,000,00,2,2,01,B01
200500075775,0,02,000,00,2,1,01,B01
200500075775,0,07,000,00,2,3,09,A01
200500075776,0,02,000,00,2,1,03,A01
200500075776,0,07,000,00,2,3,11,B01
200500075777,1,07,000,00,1,2,01,A01
200500075778,0,07,000,00,2,9,01,B01
200500075778,0,07,000,00,2,3,01,C01
200500075778,0,07,000,00,2,2,15,A01
200500075779,0,07,000,14,2,1,06,A01
200500075779,0,07,000,00,2,1,01,B01
200500075780,1,10,000,00,1,1,01,A01
200500075781,0,10,000,13,0,1,01,A01
200500075782,0,07,000,00,0,4,23,A01
200500075782,0,07,000,00,0,4,23,C01
200500075782,0,07,000,00,2,1,01,B01
200500075783,0,07,000,00,0,4,15,A01
200500075783,0,02,000,00,2,1,01,B01
200500075784,0,07,000,00,2,1,01,A01
200500075784,0,07,000,00,0,3,01,B01
200500075784,0,07,000,00,0,4,01,C01
200500075785,0,07,000,00,0,0,01,A01
200500075786,0,10,000,00,2,1,01,A01
200500075786,0,07,000,00,0,7,01,B01
200500075787,0,07,000,01,0,1,01,A01
200500075788,0,07,000,00,0,3,10,A01
200500075788,0,02,000,00,2,7,01,B01
200500075789,0,17,000,00,2,2,01,A01
200500075789,0,14,000,00,0,4,01,B01
200500075790,0,02,000,00,2,1,01,A01
200500075790,0,07,000,00,0,2,01,B01
200500075791,0,16,000,00,2,2,01,A01
200500075791,0,07,000,00,2,6,01,B01
200500075792,0,14,000,00,2,1,15,A01
200500075792,0,07,000,00,2,8,01,B01
200500075793,0,07,000,00,2,1,15,A01
200500075793,0,04,000,00,2,8,01,B01
200500075794,0,07,000,00,2,2,23,A01
200500075794,0,01,000,00,2,3,15,B01
200500075795,0,01,000,00,1,0,01,A01
200500075796,0,07,000,00,2,1,01,A01
200500075796,0,07,000,00,2,1,01,B01
200500075796,0,07,000,00,2,1,01,C01
200500075796,0,07,000,00,2,1,01,D01
200500075797,0,07,000,00,2,1,00,A01
200500075797,0,02,000,00,2,1,00,B01
200500075798,0,07,000,00,2,1,01,A01
200500075798,0,07,000,00,2,4,01,B01
200500075798,0,07,000,00,0,4,01,C01
200500075799,0,02,000,00,2,2,17,A01
200500075799,0,07,000,00,2,3,15,B01
200500075800,0,07,000,15,0,0,00,A01
200500075801,0,07,000,08,0,3,01,A01
200500075802,0,07,000,00,1,2,15,A01
200500075803,0,07,000,00,1,1,02,A01
200500075804,0,07,000,00,2,1,00,A01
200500075804,0,10,000,00,0,0,01,B01
200500075805,0,10,000,12,2,2,17,A01
200500075805,0,07,000,12,2,6,01,B01
200500075806,0,99,000,00,2,1,01,A01
200500075806,0,99,000,00,2,4,01,B01
200500075807,0,07,000,01,0,1,01,A01
200500075807,0,07,000,00,0,4,23,B01
200500075808,0,07,000,00,2,1,15,A01
200500075808,0,07,000,00,2,3,01,B01
200500075809,0,05,000,00,0,8,01,A01
200500075809,1,99,000,00,0,0,15,B01
200500075810,2,10,000,00,2,2,01,A01
200500075810,0,07,000,00,0,6,23,B01
200500075811,0,02,000,00,2,3,01,A01
200500075811,0,07,000,00,2,1,23,B01
200500075812,0,07,000,00,2,2,01,A01
200500075812,0,01,000,00,0,8,19,B01
200500075813,0,07,000,00,2,1,13,A01
200500075813,0,07,000,00,0,1,01,B01
200500075814,0,05,000,00,2,1,01,B01
200500075814,0,07,000,00,2,2,15,A01
200500075815,0,07,000,00,1,3,01,A01
200500075816,0,07,000,00,2,1,01,A01
200500075816,0,07,000,00,2,4,01,B01
200500075816,0,07,000,00,2,4,01,C01
200500075816,0,07,000,00,0,4,01,D01
200500075817,0,07,000,00,1,1,01,A01
200500075818,0,07,000,00,1,0,01,A01
200500075819,0,07,000,01,0,1,02,A01
200500075819,0,07,000,01,0,4,02,B01
200500075819,0,07,000,00,0,4,02,C01
200500075820,0,18,001,00,1,4,04,A01
200500075821,0,05,000,00,2,3,11,A01
200500075821,0,07,000,00,2,2,01,B01
200500075822,0,01,000,00,2,8,13,A01
200500075822,0,05,000,00,2,5,17,B01
200500075823,0,07,000,00,1,1,01,A01
200500075824,0,07,000,00,1,2,02,A01
200500075825,0,04,000,00,2,1,17,A01
200500075825,0,07,000,00,2,8,15,B01
200500075826,0,07,000,00,1,4,04,A01
200500075827,0,07,000,00,2,3,01,A01
200500075827,0,07,000,00,2,1,01,B01
200500075828,0,07,000,00,2,1,15,A01
200500075828,0,07,000,00,2,3,01,B01
200500075829,0,02,000,08,0,1,18,A01
200500075830,0,07,000,00,2,2,15,A01
200500075830,0,05,000,00,2,1,01,B01
200500075831,0,02,000,00,1,1,16,A01
200500075832,0,18,001,00,2,1,01,A01
200500075832,0,07,000,00,2,8,01,B01
200500075833,0,07,000,00,2,1,15,A01
200500075833,0,02,000,00,2,1,01,B01
200500075834,0,07,000,00,1,1,00,A01
200500075835,0,07,000,00,9,3,00,A01
200500075836,0,07,000,00,2,1,15,A01
200500075836,0,07,000,00,2,3,01,B01
200500075837,0,04,000,00,2,2,01,B01
200500075837,0,07,000,00,2,8,11,A01
200500075838,0,07,000,06,0,1,01,A01
200500075839,0,07,000,00,1,2,01,A01
200500075840,0,07,000,09,0,2,01,A01
200500075841,0,10,000,00,1,2,13,B01
200500075842,0,07,000,02,0,0,02,A01
200500075843,0,10,000,00,2,8,03,A01
200500075843,0,14,000,00,0,8,00,B01
200500075843,0,07,000,00,2,1,01,C01
200500075844,0,07,000,00,2,1,01,A01
200500075844,0,07,000,00,2,5,23,B01
200500075845,0,07,000,00,1,1,01,A01
200500075846,0,14,000,00,2,3,01,A01
200500075846,0,04,000,00,2,5,15,B01
200500075847,0,07,000,00,2,8,20,A01
200500075847,0,05,000,00,2,7,01,B01
200500075848,0,07,000,00,1,1,01,A01
200500075849,0,01,000,00,2,1,09,A01
200500075849,0,07,000,00,2,2,01,B01
200500075850,0,07,000,00,1,2,01,A01
200500075851,0,07,000,00,2,3,10,A01
200500075851,0,02,000,00,2,1,01,B01
200500075852,0,07,000,00,1,1,15,A01
200500075853,0,07,000,00,1,2,01,A01
200500075854,0,05,000,00,2,1,01,A01
200500075854,0,01,000,00,2,8,15,B01
200500075855,0,07,000,00,1,3,01,A01
200500075856,0,10,000,00,1,4,04,A01
200500075857,0,05,000,00,2,1,01,A01
200500075857,0,18,001,00,2,3,15,B01
200500075858,0,04,000,01,0,1,01,A01
200500075859,0,07,000,00,0,3,10,A01
200500075859,0,04,000,00,2,1,01,B01
200500075860,0,07,000,00,1,3,01,A01
200500075861,0,04,000,00,2,1,17,A01
200500075861,0,07,000,00,0,8,22,B01
200500075862,0,02,000,00,1,1,01,A01
200500075863,0,04,000,00,2,1,15,A01
200500075863,0,07,000,00,2,3,01,B01
200500075864,0,07,000,00,1,1,01,A01
200500075865,0,07,000,00,1,1,01,A01
200500075866,0,05,000,00,2,1,01,B01
200500075866,0,07,000,00,2,1,01,A01
200500075867,0,02,000,00,2,1,13,A01
200500075867,0,07,000,00,2,1,01,B01
200500075868,0,02,000,00,2,1,02,A01
200500075868,0,07,000,00,0,4,01,B01
200500075869,0,07,000,00,2,1,15,A01
200500075869,0,02,000,00,2,8,05,B01
200500075870,0,07,000,01,9,6,23,A01
200500075870,1,07,000,01,0,2,02,B01
200500075871,0,02,000,00,2,1,01,B01
200500075871,0,07,000,00,2,5,15,A01
200500075872,0,07,000,00,2,2,15,A01
200500075872,0,07,000,00,2,1,01,B01
200500075873,1,07,000,00,1,1,01,A01
200500075874,0,07,000,00,2,3,15,B01
200500075874,0,02,000,00,2,1,17,A01
200500075875,0,07,000,13,0,9,01,A01
200500075876,0,05,000,00,1,1,01,A01
200500075877,0,07,000,01,2,1,01,A01
200500075877,0,07,000,01,2,5,24,C01
200500075877,0,07,000,00,2,1,14,B01
200500075878,0,07,000,00,2,7,15,A01
200500075878,0,07,000,00,2,1,01,B01
200500075879,0,07,000,00,2,1,01,A01
200500075879,0,07,000,02,2,1,01,B01
200500075880,0,07,000,04,2,1,01,A01
200500075880,0,07,000,00,2,6,01,B01
200500075880,0,07,000,13,0,0,01,C01
200500075881,0,02,000,00,2,7,01,A01
200500075881,0,07,000,00,2,1,01,B01
200500075882,0,01,000,00,2,1,01,A01
200500075882,0,07,000,00,2,1,01,B01
200500075883,0,07,000,00,1,1,01,A01
200500075884,0,07,000,00,2,1,01,A01
200500075884,0,07,000,01,2,8,15,B01
200500075885,0,07,000,00,2,1,01,A01
200500075885,0,07,000,00,2,4,01,B01
200500075885,0,07,000,00,2,4,01,C01
200500075886,0,07,000,00,2,1,01,A01
200500075886,0,07,000,00,2,4,01,B01
200500075887,0,10,000,00,2,1,01,A01
200500075887,0,07,000,00,2,4,01,B01
200500075888,0,07,000,00,2,8,15,A01
200500075888,0,07,000,00,2,1,01,B01
200500075889,0,05,000,11,0,1,17,A01
200500075889,0,15,000,00,2,4,01,B01
200500075890,0,07,000,00,2,2,10,A01
200500075890,0,02,000,00,2,3,01,B01
200500075891,0,05,000,00,2,1,01,A01
200500075891,0,07,000,00,2,2,01,B01
200500075892,0,07,000,13,2,1,01,A01
200500075892,0,01,000,00,2,4,01,B01
200500075893,0,07,000,00,2,1,01,A01
200500075893,0,07,000,00,2,2,01,B01
200500075893,0,07,000,00,2,1,01,C01
200500075894,0,07,000,00,2,1,15,A01
200500075894,0,01,000,00,2,1,01,B01
200500075895,1,07,000,00,1,1,01,A01
200500075896,0,07,000,00,2,1,01,A01
200500075896,0,07,000,00,2,4,01,B01
200500075897,0,07,000,13,0,1,01,A01
200500075898,0,07,000,00,2,1,01,A01
200500075898,0,07,000,00,2,4,01,B01
200500075898,0,10,000,00,2,4,01,C01
200500075899,0,07,000,01,1,4,00,A01
200500075900,0,09,000,00,2,3,01,B01
200500075900,0,05,000,00,2,1,00,A01
200500075901,0,01,000,00,2,1,00,B01
200500075901,0,07,000,00,2,1,09,A01
200500075902,0,02,000,11,0,2,01,A01
200500075903,0,07,000,00,2,8,01,B01
200500075903,0,07,000,13,2,1,19,A01
200500075904,0,07,000,00,1,1,01,A01
200500075905,0,07,000,08,0,8,00,A01
200500075906,0,15,000,00,2,6,01,A01
200500075906,0,07,000,02,2,1,01,B01
200500075907,0,07,000,00,2,3,15,A01
200500075907,0,02,000,00,2,1,01,B01
200500075908,0,07,000,00,9,3,01,B01
200500075908,0,05,000,00,0,0,17,A01
200500075909,0,07,000,02,0,1,01,A01
200500075910,0,07,000,00,1,1,01,A01
200500075911,0,07,000,06,0,1,01,A01
200500075912,0,01,000,12,2,7,02,B01
200500075912,0,07,000,00,9,1,09,A01
200500075913,0,07,000,00,2,1,13,A01
200500075913,0,07,000,00,2,1,01,B01
200500075914,0,07,000,00,2,1,15,A01
200500075914,0,07,000,00,2,3,01,B01
200500075915,0,07,000,00,2,1,01,B01
200500075915,0,07,000,00,2,1,19,A01
200500075916,0,10,000,00,1,1,01,A01
200500075917,0,17,000,14,0,7,02,A01
200500075918,0,07,000,00,2,2,15,A01
200500075918,0,05,000,00,2,1,01,B01
200500075919,0,07,000,00,2,1,19,A01
200500075919,0,07,000,00,2,1,19,B01
200500075920,0,07,000,00,1,1,01,A01
200500075921,0,07,000,00,2,4,16,A01
200500075921,1,07,000,00,2,1,19,B01
200500075922,0,07,000,02,0,2,14,A01
200500075923,0,07,000,00,2,6,15,A01
200500075923,0,05,000,00,2,1,01,B01
200500075924,0,05,000,00,0,4,15,B01
200500075924,0,07,000,00,0,1,02,A01
200500075925,0,07,000,00,2,4,02,B01
200500075925,0,07,000,00,2,1,02,A01
200500075926,0,07,000,00,2,2,13,A01
200500075926,0,07,000,00,2,3,01,B01
200500075927,0,02,000,00,0,3,00,A01
200500075927,1,07,000,00,2,1,15,B01
200500075928,0,07,000,00,0,2,15,B01
200500075928,0,05,000,00,2,1,01,A01
200500075929,0,02,000,00,2,1,17,B01
200500075929,0,07,000,00,2,3,15,A01
200500075930,0,07,000,09,0,1,14,A01
200500075931,0,05,000,00,2,1,01,A01
200500075931,0,07,000,00,2,5,04,B01
200500075932,0,07,000,00,1,1,01,A01
200500075933,0,07,000,00,1,1,01,A01
200500075934,0,05,000,00,2,4,02,A01
200500075934,0,02,000,00,0,4,02,B01
200500075934,0,07,000,00,0,8,05,C01
200500075935,0,02,000,00,2,1,17,B01
200500075935,0,07,000,00,2,3,09,A01
200500075936,0,07,000,00,2,3,09,A01
200500075936,0,02,000,00,2,1,17,B01
200500075937,0,07,000,00,1,1,01,A01
200500075938,0,07,000,00,0,5,11,B01
200500075938,0,07,000,00,2,4,01,C01
200500075938,1,07,000,00,2,1,18,A01
200500075939,0,07,000,00,2,8,01,B01
200500075939,0,02,000,00,2,1,01,A01
200500075940,0,07,000,00,0,8,01,A01
200500075940,0,04,000,00,2,3,01,B01
200500075941,0,07,000,00,2,1,01,B01
200500075941,0,07,000,00,2,7,00,A01
200500075942,0,07,000,00,2,1,01,A01
200500075942,0,07,000,00,2,1,01,B01
200500075943,0,07,000,06,0,1,01,A01
200500075944,0,05,000,01,0,0,01,A01
200500075945,0,07,000,00,2,1,01,A01
200500075945,0,07,000,00,2,8,01,B01
200500075946,0,07,000,00,2,2,01,A01
200500075946,0,05,000,00,2,8,01,B01
200500075947,0,02,000,00,1,1,01,A01
200500075948,0,05,000,00,1,0,01,A01
200500075949,0,07,000,00,2,8,15,A01
200500075949,0,05,000,00,2,7,17,B01
200500075950,0,01,000,00,1,1,01,A01
200500075951,0,07,000,00,2,2,01,A01
200500075951,0,01,000,00,2,3,01,B01
200500075952,0,04,000,00,1,1,01,A01
200500075953,0,02,000,00,0,1,12,A01
200500075953,0,07,000,00,0,1,01,B01
200500075954,0,07,000,00,1,2,01,A01
200500075955,0,07,000,08,0,1,01,A01
200500075956,0,07,000,00,2,1,01,A01
200500075956,0,07,000,00,2,4,01,B01
200500075956,0,07,000,00,2,4,02,C01
200500075956,0,07,000,00,2,4,02,D01
200500075957,0,02,000,00,2,1,18,A01
200500075957,0,07,000,00,2,2,16,B01
200500075958,0,18,000,00,1,1,16,A01
200500075959,0,04,000,00,2,8,01,B01
200500075959,1,07,000,00,2,1,01,A01
200500075960,0,07,000,00,0,5,23,B01
200500075960,0,05,000,00,2,5,02,A01
200500075961,0,07,000,00,2,3,09,A01
200500075961,0,07,000,00,0,1,01,B01
200500075962,0,07,000,00,2,3,16,B01
200500075962,0,07,000,00,2,3,09,A01
200500075963,0,10,000,00,1,3,00,A01
200500075964,0,07,000,00,2,2,15,A01