Num_Acc,senc,catv,occutc,obs,obsm,choc,manv,num_veh
200500075964,0,02,000,00,2,1,01,B01
200500075965,0,07,000,00,2,3,02,A01
200500075965,0,04,000,00,2,4,15,B01
200500075965,0,18,001,00,2,1,01,C01
200500075966,0,07,000,00,2,8,01,A01
200500075966,0,05,000,00,2,1,01,B01
200500075967,0,07,000,00,1,3,01,A01
200500075968,0,07,000,00,1,3,01,A01
200500075969,0,05,000,00,0,8,17,A01
200500075969,0,07,000,00,0,0,15,B01
200500075970,0,05,000,00,2,1,01,A01
200500075970,0,07,000,00,0,0,01,B01
200500075971,0,10,000,00,2,6,15,B01
200500075971,0,02,000,00,2,1,01,A01
200500075972,0,03,000,00,0,5,01,B01
200500075973,0,07,000,06,2,8,02,B01
200500075973,1,07,000,00,2,7,17,A01
200500075974,0,07,000,00,2,3,15,A01
200500075974,0,05,000,00,2,1,01,B01
200500075975,0,07,000,00,2,3,22,A01
200500075975,0,02,000,01,0,2,01,B01
200500075976,0,05,000,00,2,7,17,A01
200500075976,0,07,000,00,2,3,01,B01
200500075977,0,07,000,00,2,2,01,A01
200500075977,0,01,000,00,2,8,19,B01
200500075978,0,07,000,00,2,8,15,A01
200500075978,0,07,000,00,2,2,01,B01
200500075979,0,07,000,00,2,3,21,A01
200500075979,0,07,000,04,2,5,01,B01
200500075980,0,07,000,00,2,1,02,A01
200500075980,0,07,000,00,2,4,02,B01
200500075980,0,07,000,00,2,4,02,C01
200500075980,0,07,000,00,2,4,02,D01
200500075981,0,07,000,00,9,3,10,A01
200500075981,0,04,000,00,2,1,17,B01
200500075982,0,05,000,00,0,8,01,B01
200500075982,0,07,000,12,0,2,19,A01
200500075983,0,07,000,01,0,3,01,A01
200500075984,1,07,000,00,1,0,00,A01
200500075985,0,07,000,00,1,4,04,A01
200500075986,0,07,000,14,2,2,02,A01
200500075986,0,07,000,00,2,6,02,B01
200500075987,0,07,000,00,2,2,15,A01
200500075987,0,04,000,00,2,1,01,B01
200500075988,0,02,000,00,2,1,01,B01
200500075988,0,07,000,00,2,3,15,A01
200500075989,0,05,000,00,2,2,18,B01
200500075989,0,07,000,00,2,2,13,A01
200500075990,0,07,000,00,2,1,05,A01
200500075990,0,07,000,00,2,1,01,B01
200500075990,0,07,000,00,2,1,01,C01
200500075991,0,04,000,00,2,1,02,A01
200500075991,0,07,000,00,2,1,02,B01
200500075992,0,07,000,13,0,1,01,A01
200500075993,0,07,000,08,0,1,13,A01
200500075994,0,07,000,07,0,1,01,A01
200500075995,0,07,000,00,2,3,15,A01
200500075995,0,07,000,00,2,6,01,B01
200500075996,0,07,000,00,2,8,15,A01
200500075996,0,05,000,00,2,2,01,B01
200500075997,0,07,000,00,2,1,01,B01
200500075997,0,07,000,00,2,3,09,A01
200500075998,0,07,000,08,0,2,14,A01
200500075999,0,07,000,00,2,1,01,A01
200500075999,0,07,000,00,2,4,02,B01
200500075999,0,07,000,00,2,4,02,C01
200500076000,0,07,000,00,2,1,01,A01
200500076000,0,07,000,00,2,4,01,B01
200500076000,0,07,000,00,2,4,01,C01
200500076001,0,17,000,00,2,2,12,A01
200500076001,0,07,000,08,2,8,01,B01
200500076002,0,07,000,00,2,1,13,A01
200500076002,0,10,000,00,2,1,01,B01
200500076003,0,07,000,00,1,1,02,A01
200500076003,0,07,000,00,2,4,23,B01
200500076004,0,07,000,00,2,1,01,A01
200500076004,0,07,000,00,2,4,02,B01
200500076004,0,07,000,00,2,4,02,C01
200500076005,0,07,000,00,2,1,01,A01
200500076005,0,07,000,00,2,4,01,B01
200500076006,0,07,000,00,2,1,01,A01
200500076006,0,07,000,00,2,4,23,B01
200500076007,0,01,000,00,2,7,19,A01
200500076007,0,07,000,00,2,1,15,B01
200500076008,0,07,000,00,1,1,01,A01
200500076009,0,10,000,00,2,1,01,A01
200500076009,0,07,000,00,2,4,01,B01
200500076009,0,07,000,00,2,4,02,C01
200500076010,0,01,000,00,2,1,01,B01
200500076010,0,07,000,00,2,5,16,A01
200500076011,0,07,000,00,2,1,01,A01
200500076011,0,07,000,00,2,4,01,B01
200500076011,0,07,000,00,2,4,23,C01
200500076012,0,07,000,00,1,1,01,A01
200500076013,0,07,000,00,2,1,01,A01
200500076013,0,07,000,00,0,4,23,B01
200500076014,0,14,000,00,1,2,01,A01
200500076015,0,07,000,00,2,1,01,A01
200500076015,0,07,000,00,2,4,01,B01
200500076015,0,07,000,00,2,4,01,C01
200500076016,0,07,000,03,0,2,01,A01
200500076017,1,99,000,00,2,7,17,A01
200500076017,0,05,000,00,2,8,01,B01
200500076018,0,07,000,00,2,2,01,A01
200500076018,0,07,000,00,2,3,11,B01
200500076019,0,07,000,00,2,1,01,B01
200500076019,0,07,000,00,2,3,16,A01
200500076020,0,07,000,00,2,3,15,A01
200500076020,0,04,000,00,2,1,01,B01
200500076021,0,10,000,00,2,6,15,A01
200500076021,0,05,000,00,2,1,01,B01
200500076022,0,02,000,01,2,1,01,A01
200500076022,0,07,000,00,2,1,01,B01
200500076023,0,07,000,00,2,3,13,A01
200500076023,0,07,000,00,2,1,01,B01
200500076024,0,07,000,00,2,1,13,A01
200500076024,0,10,000,00,2,1,01,B01
200500076024,0,07,000,00,2,1,01,C01
200500076025,0,07,000,13,0,1,00,A01
200500076026,0,07,000,00,1,2,01,A01
200500076027,0,07,000,00,2,1,15,A01
200500076027,0,02,000,00,2,8,01,B01
200500076028,0,07,000,00,2,3,02,A01
200500076028,0,03,000,00,2,5,02,B01
200500076029,0,07,000,02,0,1,14,A01
200500076030,0,07,000,00,2,6,09,A01
200500076030,0,02,000,00,2,1,01,B01
200500076031,0,01,000,00,2,8,01,B01
200500076031,0,07,000,00,2,7,01,A01
200500076032,0,05,000,00,0,8,01,A01
200500076033,0,07,000,00,0,4,02,A01
200500076033,0,07,000,00,2,9,01,B01
200500076033,0,99,000,00,2,1,01,C01
200500076033,0,05,000,00,0,9,00,D01
200500076034,0,07,000,00,0,1,01,A01
200500076035,0,07,000,00,1,0,02,A01
200500076036,0,07,000,00,1,2,02,A01
200500076037,0,07,000,00,2,3,02,A01
200500076037,0,07,000,00,2,4,02,F01
200500076037,0,07,000,00,2,2,02,B01
200500076037,0,07,000,00,2,5,02,C01
200500076037,0,07,000,00,2,5,02,D01
200500076037,0,07,000,00,2,4,02,E01
200500076038,0,07,000,00,2,3,15,A01
200500076038,0,02,000,00,2,1,02,B01
200500076039,0,07,000,00,2,1,13,A01
200500076039,0,07,000,00,2,1,02,B01
200500076040,0,02,000,00,2,1,01,A01
200500076040,0,01,000,00,2,1,01,B01
200500076041,0,07,000,00,0,9,01,A01
200500076042,0,05,000,00,2,1,01,A01
200500076042,0,07,000,00,2,4,01,B01
200500076043,0,07,000,00,2,1,15,A01
200500076043,0,02,000,00,2,7,01,B01
200500076044,0,01,000,00,2,1,01,A01
200500076044,0,07,000,00,2,8,09,B01
200500076045,0,02,000,00,1,1,02,A01
200500076046,0,07,000,02,0,3,19,A01
200500076047,0,07,000,00,1,3,02,A01
200500076048,0,07,000,00,2,1,15,A01
200500076048,0,02,000,00,2,1,02,B01
200500076049,0,07,000,00,2,2,15,B01
200500076049,0,07,000,00,2,1,01,A01
200500076050,0,02,000,00,2,1,01,A01
200500076050,0,07,000,00,2,4,02,B01
200500076051,0,10,000,00,2,2,16,A01
200500076051,0,02,000,00,2,1,01,B01
200500076052,0,10,000,00,2,1,01,A01
200500076052,0,07,000,00,2,4,02,B01
200500076053,0,02,000,03,0,1,13,A01
200500076054,0,07,000,16,0,9,14,A01
200500076055,0,07,000,00,2,3,01,A01
200500076055,0,05,000,00,2,1,17,B01
200500076056,0,07,000,06,0,1,01,A01
200500076057,0,02,000,00,0,0,01,A01
200500076057,0,07,000,00,0,0,01,B01
200500076058,0,07,000,00,2,2,15,A01
200500076058,0,05,000,00,2,1,01,B01
200500076059,0,07,000,00,1,7,01,A01
200500076060,0,02,000,00,2,3,02,A01
200500076060,0,07,000,00,2,4,01,B01
200500076061,0,07,000,00,2,2,01,A01
200500076061,0,07,000,00,2,3,15,B01
200500076062,0,07,000,04,0,1,13,A01
200500076063,0,07,000,07,2,5,15,A01
200500076063,0,07,000,00,2,1,01,B01
200500076064,0,07,000,00,1,1,17,A01
200500076065,0,07,000,00,2,7,15,A01
200500076065,0,07,000,00,2,1,01,B01
200500076066,0,07,000,07,0,1,13,A01
200500076067,0,07,000,00,2,3,20,A01
200500076067,0,02,000,00,2,1,01,B01
200500076067,0,07,000,00,2,1,01,C01
200500076068,0,02,000,03,0,1,14,A01
200500076069,0,02,000,00,1,1,01,A01
200500076070,0,07,000,16,0,9,17,A01
200500076071,0,07,000,08,0,1,14,A01
200500076072,0,07,000,00,2,5,15,A01
200500076072,0,05,000,07,2,1,01,B01
200500076073,0,07,000,06,0,1,13,A01
200500076074,0,17,000,00,2,2,12,A01
200500076074,0,07,000,00,2,8,01,B01
200500076075,0,07,000,00,2,5,15,A01
200500076075,0,02,000,00,2,1,01,B01
200500076076,0,07,000,00,2,1,02,A01
200500076076,0,07,000,00,2,4,02,B01
200500076077,0,07,000,02,0,8,13,A01
200500076078,0,02,000,00,0,8,15,A01
200500076079,0,02,000,00,2,3,01,A01
200500076079,0,07,000,00,2,2,16,B01
200500076080,0,07,000,04,0,3,01,A01
200500076081,0,02,000,00,2,1,01,A01
200500076081,0,07,000,00,2,1,15,B01
200500076082,0,07,000,00,1,4,20,A01
200500076083,1,07,000,00,1,1,01,A01
200500076084,0,07,000,00,2,8,20,A01
200500076084,0,04,000,00,2,1,01,B01
200500076085,0,07,000,03,0,1,01,A01
200500076086,0,07,000,00,2,1,01,A01
200500076086,0,07,000,00,2,7,15,B01
200500076087,0,07,000,00,1,1,01,A01
200500076088,0,07,000,00,2,1,01,A01
200500076088,0,07,000,00,2,1,01,B01
200500076088,0,05,000,00,0,4,01,C01
200500076089,0,07,000,00,1,1,01,A01
200500076090,0,01,000,00,2,1,01,B01
200500076090,0,07,000,00,2,1,15,A01
200500076091,0,07,000,00,1,3,01,A01
200500076092,1,07,000,00,2,0,00,A01
200500076092,0,02,000,00,2,1,01,B01
200500076093,0,07,000,00,2,8,09,A01
200500076093,0,10,000,00,2,7,01,B01
200500076094,0,07,000,00,2,1,01,B01
200500076094,0,07,000,00,2,2,01,A01
200500076095,0,07,000,00,2,3,01,B01
200500076095,0,05,000,00,2,1,01,A01
200500076096,0,07,000,00,2,3,01,A01
200500076096,0,05,000,00,2,1,01,B01
200500076097,0,07,000,00,2,3,09,A01
200500076097,0,02,000,00,2,1,17,B01
200500076098,0,07,000,08,0,1,01,A01
200500076099,0,07,000,00,2,3,01,A01
200500076099,0,10,000,00,2,8,01,B01
200500076100,0,07,000,15,0,1,01,A01
200500076101,0,07,000,00,2,1,01,A01
200500076101,0,07,000,00,0,4,23,B01
200500076102,0,07,000,00,1,1,01,A01
200500076103,0,07,000,00,2,2,15,A01
200500076103,0,05,000,00,2,1,01,B01
200500076104,0,07,000,00,2,1,01,A01
200500076104,0,07,000,00,2,6,01,B01
200500076105,0,07,000,00,2,2,06,A01
200500076105,0,07,000,00,0,6,01,B01
200500076106,0,07,000,00,0,2,01,A01
200500076107,0,07,000,08,0,1,01,A01
200500076108,0,07,000,03,0,1,01,A01
200500076109,0,07,000,00,2,1,09,A01
200500076109,0,07,000,00,2,8,01,B01
200500076110,0,02,000,00,0,1,01,A01
200500076111,0,02,000,00,2,1,01,B01
200500076111,0,07,000,00,2,3,15,A01
200500076112,0,07,000,00,2,1,01,A01
200500076112,0,07,000,00,0,4,23,B01
200500076113,0,07,000,00,2,1,09,A01
200500076113,0,07,000,09,2,1,01,B01
200500076114,0,05,000,01,0,7,21,A01
200500076114,0,07,000,00,0,0,09,B01
200500076115,0,07,000,07,2,1,01,A01
200500076115,0,02,000,00,2,1,01,B01
200500076116,0,07,000,00,6,1,01,A01
200500076116,0,07,000,00,2,4,01,B01
200500076116,0,07,000,00,2,4,01,C01
200500076116,0,07,000,00,2,1,01,D01
200500076117,0,07,000,00,2,3,15,A01
200500076117,0,02,000,00,2,1,01,B01
200500076118,0,07,000,06,2,6,10,A01
200500076118,0,05,000,00,2,1,17,B01
200500076119,0,07,000,00,2,3,15,A01
200500076119,0,02,000,00,2,1,01,B01
200500076120,0,07,000,00,2,2,21,A01
200500076120,0,07,000,00,2,1,23,B01
200500076121,0,02,000,00,2,1,01,A01
200500076121,0,07,000,00,0,4,23,B01
200500076122,0,05,000,00,0,8,21,A01
200500076122,0,07,000,00,0,0,10,B01
200500076123,0,02,000,00,2,1,01,A01
200500076123,0,07,000,00,2,3,15,B01
200500076124,0,07,000,00,2,5,15,A01
200500076124,0,05,000,00,2,1,01,B01
200500076125,0,05,000,16,0,7,01,A01
200500076126,0,07,000,00,0,0,01,A01
200500076127,0,07,000,00,2,1,01,A01
200500076127,0,07,000,00,2,4,01,B01
200500076128,0,07,000,00,1,3,01,A01
200500076129,0,07,000,00,2,7,15,A01
200500076129,0,07,000,00,2,1,01,B01
200500076129,0,07,000,00,0,3,23,C01
200500076130,0,07,000,00,2,2,15,A01
200500076130,0,07,000,00,2,1,01,B01
200500076131,0,07,000,00,2,1,17,A01
200500076131,0,18,001,00,2,1,13,B01
200500076132,0,10,000,00,2,1,01,A01
200500076132,0,07,000,00,2,4,01,B01
200500076133,0,07,000,00,2,1,15,A01
200500076133,0,07,000,00,2,1,01,B01
200500076134,0,07,000,00,2,1,15,A01
200500076134,0,02,000,00,2,1,01,B01
200500076135,0,07,000,00,2,3,11,A01
200500076135,0,02,000,00,2,5,01,B01
200500076136,0,07,000,00,1,1,01,A01
200500076137,0,07,000,00,1,3,01,A01
200500076138,0,07,000,00,1,1,01,A01
200500076139,0,07,000,00,1,7,01,A01
200500076140,0,07,000,00,2,3,01,A01
200500076140,0,07,000,00,2,7,01,B01
200500076140,0,07,000,00,2,3,01,C01
200500076141,0,02,000,00,2,1,13,A01
200500076141,0,07,000,00,2,7,01,B01
200500076142,0,07,000,00,2,3,15,A01
200500076142,0,02,000,00,2,1,01,B01
200500076143,0,07,000,00,2,8,01,A01
200500076143,0,07,000,00,2,1,01,B01
200500076144,0,07,000,00,2,1,01,A01
200500076144,0,07,000,00,2,4,16,B01
200500076145,0,10,000,00,1,5,20,A01
200500076146,0,18,002,00,0,1,23,B01
200500076146,0,02,000,00,2,1,21,A01
200500076147,0,07,000,00,2,7,15,A01
200500076147,0,05,000,00,2,1,01,B01
200500076148,0,99,000,00,1,4,04,A01
200500076149,0,07,000,00,0,0,19,A01
200500076149,0,07,000,00,0,2,19,B01
200500076150,0,07,000,00,2,1,02,A01
200500076150,0,07,000,00,0,4,02,B01
200500076151,0,07,000,00,0,8,09,A01
200500076151,0,02,000,00,0,1,01,B01
200500076152,0,02,000,00,2,1,17,A01
200500076152,0,07,000,00,2,6,15,B01
200500076153,0,07,000,00,2,1,09,A01
200500076153,0,07,000,06,2,2,01,B01
200500076154,0,07,000,00,1,1,01,A01
200500076155,0,07,000,00,2,8,15,A01
200500076155,0,02,000,00,2,1,01,B01
200500076156,0,07,000,02,0,1,14,A01
200500076157,0,14,000,00,2,1,15,A01
200500076157,0,07,000,00,2,3,01,B01
200500076158,0,07,000,00,2,4,02,B01
200500076158,0,07,000,00,2,1,01,A01
200500076158,0,07,000,00,2,4,01,C01
200500076158,0,07,000,00,2,4,01,D01
200500076159,0,02,000,00,2,1,01,A01
200500076159,0,07,000,00,2,2,01,B01
200500076160,0,07,000,00,1,1,00,A01
200500076161,0,07,000,00,9,2,15,A01
200500076161,0,01,000,00,2,1,02,B01
200500076162,0,07,000,00,1,2,01,A01
200500076163,0,07,000,00,1,1,11,A01
200500076164,0,07,000,06,0,9,13,A01
200500076165,0,07,000,00,2,7,13,A01
200500076165,0,07,000,00,2,1,01,B01
200500076166,0,07,000,00,2,1,01,A01
200500076166,0,07,000,00,2,4,02,B01
200500076166,0,07,000,00,0,4,02,C01
200500076167,1,07,000,00,0,0,01,A01
200500076167,0,01,000,00,9,0,01,B01
200500076168,0,07,000,03,0,2,14,A01
200500076169,0,07,000,00,1,1,01,A01
200500076170,0,07,000,00,2,3,01,A01
200500076170,0,17,000,00,2,3,01,B01
200500076171,0,07,000,00,1,2,01,A01
200500076172,0,07,000,00,9,2,12,A01
200500076172,0,05,000,00,2,3,01,B01
200500076173,0,07,000,04,0,1,01,A01
200500076174,0,07,000,00,9,3,16,A01
200500076174,0,01,000,11,2,1,15,B01
200500076175,0,07,000,00,2,8,15,A01
200500076175,0,05,000,00,2,1,01,B01
200500076176,0,07,000,00,1,3,01,A01
200500076177,0,07,000,00,0,8,10,A01
200500076177,0,07,000,00,2,1,01,B01
200500076178,0,07,000,00,2,1,01,A01
200500076178,0,07,000,00,0,2,01,B01
200500076179,2,07,000,00,2,1,02,A01
200500076179,0,07,000,00,2,4,00,B01
200500076180,0,05,000,00,2,1,02,B01
200500076180,0,07,000,00,2,5,15,A01
200500076181,0,07,000,00,2,1,02,B01
200500076181,0,02,000,00,2,7,15,A01
200500076182,0,02,000,00,2,1,13,A01
200500076182,0,07,000,00,2,1,01,B01
200500076183,0,07,000,00,1,2,01,A01
200500076184,0,07,000,00,1,1,01,A01
200500076185,0,07,000,08,0,1,02,A01
200500076186,0,07,000,00,2,8,02,C01
200500076186,0,07,000,00,2,3,02,B01
200500076186,0,03,000,00,2,1,02,A01
200500076187,0,07,000,00,2,6,02,A01
200500076187,0,07,000,00,2,1,02,B01
200500076188,0,07,000,14,0,1,02,A01
200500076189,0,02,000,00,2,1,02,A01
200500076189,0,07,000,00,0,5,02,B01
200500076190,0,07,000,12,0,3,01,A01
200500076191,0,07,000,00,2,5,15,A01
200500076191,0,02,000,00,2,1,01,B01
200500076192,0,05,000,00,0,4,02,A01
200500076193,0,07,000,00,2,1,01,A01
200500076193,0,07,000,00,0,4,01,B01
200500076194,2,07,000,00,2,7,15,A01
200500076194,0,02,000,00,2,1,01,B01
200500076195,0,07,000,02,0,7,13,A01
200500076196,0,07,000,04,0,3,11,A01
200500076197,0,10,000,00,2,3,15,A01
200500076197,0,07,000,00,2,3,01,B01
200500076198,0,07,000,00,2,1,02,A01
200500076198,0,07,000,00,0,4,01,B01
200500076199,0,07,000,00,2,1,01,A01
200500076199,0,18,000,00,2,2,01,B01
200500076200,0,07,000,00,2,1,01,A01
200500076200,0,07,000,00,2,4,01,B01
200500076201,0,02,000,00,2,1,01,A01
200500076201,0,07,000,00,0,2,15,B01
200500076202,0,07,000,00,2,1,01,A01
200500076202,0,07,000,00,2,4,02,B01
200500076202,0,07,000,00,2,4,02,C01
200500076202,0,07,000,00,0,4,02,D01
200500076203,0,05,000,00,2,1,02,A01
200500076203,0,07,000,00,0,4,23,B01
200500076204,0,07,000,00,1,3,01,A01
200500076205,0,02,000,00,0,7,01,A01
200500076206,0,07,000,00,2,1,01,A01
200500076206,0,07,000,00,2,4,01,B01
200500076207,0,07,000,00,2,1,01,A01
200500076207,0,07,000,00,2,4,01,B01
200500076208,0,07,000,00,1,3,01,A01
200500076209,0,07,000,00,1,3,01,A01
200500076210,0,03,000,08,0,1,01,A01
200500076211,0,07,000,00,2,1,01,A01
200500076211,0,07,000,00,2,4,02,B01
200500076211,0,07,000,00,2,4,02,C01
200500076211,0,07,000,01,2,8,04,D01
200500076212,0,07,000,00,1,3,01,A01
200500076213,0,07,000,00,2,5,15,A01
200500076213,0,05,000,00,2,1,01,B01
200500076214,0,07,000,12,0,1,01,A01
200500076215,0,07,000,00,2,3,09,A01
200500076215,0,07,000,00,0,5,01,B01
200500076216,0,07,000,00,2,1,01,A01
200500076216,0,07,000,00,0,4,00,B01
200500076217,0,07,000,00,2,6,11,A01
200500076217,0,05,000,00,0,1,01,B01
200500076218,0,04,000,00,2,1,01,B01
200500076218,1,07,000,00,0,3,09,A01
200500076219,0,20,000,00,1,1,00,A01
200500076220,0,07,000,08,0,1,00,A01
200500076221,1,07,000,00,1,7,00,A01
200500076222,0,07,000,00,1,1,01,A01
200500076223,0,07,000,00,0,8,01,B01
200500076223,0,07,000,00,2,2,00,A01
200500076224,0,07,000,00,1,1,00,A01
200500076225,0,07,000,00,1,1,00,A01
200500076226,0,07,000,00,1,2,01,A01
200500076227,0,07,000,00,2,1,15,A01
200500076227,0,07,000,00,2,1,01,B01
200500076227,0,07,000,00,2,3,01,C01
200500076228,0,07,000,00,2,1,01,A01
200500076228,0,07,000,00,2,4,23,B01
200500076228,0,07,000,00,0,4,23,C01
200500076229,0,02,000,00,0,8,15,A01
200500076230,1,05,000,00,2,8,01,A01
200500076230,0,02,000,00,2,8,01,B01
200500076231,0,07,000,06,0,3,01,A01
200500076232,0,07,000,01,2,2,01,A01
200500076232,0,07,000,00,0,3,09,B01
200500076233,0,02,000,00,2,8,17,A01
200500076233,0,07,000,00,2,8,15,B01
200500076234,0,02,000,00,2,1,15,A01
200500076234,0,07,000,00,2,1,23,B01
200500076235,0,02,000,00,2,1,17,A01
200500076235,0,07,000,00,0,5,15,B01
200500076236,0,07,000,00,2,2,10,A01
200500076236,0,05,000,00,2,1,17,B01
200500076237,0,02,000,00,0,6,15,A01
200500076237,0,05,000,00,2,2,17,B01
200500076238,0,02,000,00,2,1,01,A01
200500076239,0,07,000,06,2,1,01,A01
200500076239,0,07,000,00,0,1,15,B01
200500076240,0,02,000,00,2,8,17,A01
200500076240,0,07,000,00,0,6,01,B01
200500076240,0,07,000,00,0,3,01,C01
200500076241,0,07,000,00,0,4,23,B01
200500076241,0,07,000,00,0,1,23,C01
200500076241,0,07,000,00,0,4,23,D01
200500076241,0,07,000,00,2,1,21,A01
200500076242,0,02,000,00,2,8,01,A01
200500076242,0,07,000,00,2,2,17,B01
200500076243,0,02,000,00,2,1,01,A01
200500076243,0,07,000,00,2,3,01,B01
200500076244,0,07,000,01,2,1,02,A01
200500076244,0,07,000,00,2,4,23,B01
200500076245,0,07,000,00,2,1,13,A01
200500076245,0,14,000,00,2,1,01,B01
200500076246,0,07,000,00,2,8,15,A01
200500076246,0,05,000,00,2,2,01,B01
200500076247,0,04,000,00,2,1,13,A01
200500076247,0,07,000,00,2,4,15,B01
200500076248,0,02,000,00,2,1,02,A01
200500076248,0,07,000,00,2,4,01,B01
200500076249,0,07,000,00,2,1,13,A01
200500076249,0,07,000,00,2,8,01,B01
200500076249,0,07,000,00,2,1,01,C01
200500076250,0,07,000,04,0,1,01,A01
200500076251,0,07,000,01,0,1,06,A01
200500076252,0,07,000,00,2,1,15,A01
200500076252,0,05,000,00,2,1,01,B01
200500076253,0,07,000,00,2,7,01,B01
200500076253,0,07,000,00,2,3,15,C01
200500076253,0,07,000,00,2,1,01,A01
200500076254,0,07,000,00,1,1,20,A01
200500076255,0,07,000,00,1,4,04,A01
200500076256,0,07,000,00,2,3,10,A01
200500076256,0,05,000,00,2,1,01,B01
200500076257,0,07,000,00,1,2,01,A01
200500076258,0,07,000,00,1,1,01,A01
200500076259,0,07,000,00,2,1,01,A01
200500076259,0,07,000,00,0,4,23,C01
200500076259,0,07,000,00,2,4,23,B01
200500076260,0,07,000,00,1,1,01,A01
200500076261,0,07,000,00,9,3,15,A01
200500076261,0,01,000,00,2,1,17,B01
200500076262,0,01,000,00,1,1,01,A01
200500076263,0,07,000,00,1,1,01,A01
200500076264,0,07,000,00,2,1,01,B01
200500076264,0,07,000,00,2,1,15,A01
200500076265,0,07,000,00,2,2,10,A01
200500076265,0,05,000,00,2,3,01,B01
200500076266,0,07,000,00,2,1,16,A01
200500076266,0,07,000,00,2,2,21,B01
200500076267,1,99,000,00,1,3,21,A01
200500076268,0,07,000,00,1,3,21,A01
200500076269,0,02,000,00,2,1,21,A01
200500076269,0,07,000,00,2,6,15,B01
200500076270,0,01,000,00,2,4,23,B01
200500076270,0,07,000,00,2,1,21,A01
200500076271,0,07,000,00,1,0,21,A01
200500076272,0,07,000,00,1,3,21,A01
200500076273,0,07,000,00,2,1,09,A01
200500076273,0,02,000,00,2,1,17,B01
200500076274,0,07,000,00,1,1,21,A01
200500076275,0,07,000,00,1,1,19,A01
200500076276,0,07,000,00,2,1,01,A01
200500076276,0,07,000,00,2,2,15,B01
200500076277,0,04,000,00,2,1,01,A01
200500076277,0,07,000,00,2,2,01,B01
200500076278,0,07,000,00,1,2,01,A01
200500076279,0,04,000,00,2,1,17,A01
200500076279,0,07,000,00,2,1,09,B01
200500076279,0,07,000,00,2,4,01,C01
200500076280,0,07,000,00,1,2,01,A01
200500076281,0,07,000,00,2,1,05,A01
200500076281,0,07,000,00,2,1,01,B01
200500076282,0,07,000,00,2,3,10,A01
200500076282,0,04,000,00,2,2,02,B01
200500076283,0,07,000,01,2,0,01,A01
200500076284,0,02,000,00,2,1,09,A01
200500076284,0,07,000,00,2,5,02,B01
200500076285,0,07,000,00,2,1,13,A01
200500076285,0,07,000,00,2,1,02,B01
200500076285,0,07,000,00,2,1,02,C01
200500076286,0,05,000,00,2,3,18,A01
200500076286,0,07,000,00,2,2,16,B01
200500076287,0,05,000,00,1,8,01,A01
200500076288,0,07,000,00,2,3,00,A01
200500076288,0,05,000,00,2,1,01,B01
200500076289,0,10,000,00,2,8,01,B01
200500076289,0,07,000,00,2,3,01,A01
200500076290,1,07,000,00,1,2,02,A01
200500076291,0,07,000,00,1,6,04,A01
200500076292,0,07,000,00,2,4,10,A01
200500076292,0,04,000,00,2,1,02,B01
200500076293,0,07,000,00,2,3,02,A01
200500076293,0,07,000,00,2,4,02,B01
200500076294,0,05,000,00,2,7,02,A01
200500076295,0,07,000,00,1,2,01,A01
200500076296,0,07,000,00,2,1,10,A01
200500076296,0,04,000,00,2,1,17,B01
200500076297,0,07,000,00,1,2,02,A01
200500076298,0,07,000,00,2,1,01,B01
200500076298,0,07,000,00,2,7,01,A01
200500076299,0,07,000,00,2,3,01,A01
200500076299,0,02,000,00,2,1,01,B01
200500076300,0,07,000,00,0,1,01,A01
200500076300,0,07,000,00,0,4,23,B01
200500076301,0,07,000,00,0,1,01,A01
200500076302,0,07,000,00,0,1,01,A01
200500076302,0,07,000,00,0,4,01,B01
200500076303,0,07,000,01,0,2,01,A01
200500076304,0,07,000,04,0,1,01,A01
200500076305,0,07,000,00,2,3,15,A01
200500076305,0,05,000,00,2,3,01,B01
200500076306,0,07,000,00,2,1,01,A01
200500076306,0,07,000,09,2,3,16,B01
200500076307,0,07,000,00,2,1,02,A01
200500076307,0,07,000,00,2,4,02,B01
200500076307,0,07,000,00,2,4,01,C01
200500076308,0,01,000,00,2,1,01,A01
200500076308,0,07,000,00,2,1,01,B01
200500076309,0,15,000,00,2,1,15,A01
200500076309,0,07,000,00,2,8,00,B01
200500076310,0,07,000,01,0,1,01,A01
200500076311,0,07,000,01,0,1,01,A01
200500076312,0,07,000,06,0,1,21,A01
200500076313,0,05,000,00,2,1,01,B01
200500076313,0,07,000,00,2,1,09,A01
200500076314,0,05,000,00,2,1,01,A01
200500076314,0,07,000,00,2,5,01,B01
200500076315,0,07,000,00,0,3,15,A01
200500076315,0,05,000,00,2,1,17,B01
200500076316,0,05,000,00,2,3,02,B01
200500076316,0,07,000,00,2,8,13,A01
200500076317,1,07,000,00,2,1,14,A01
200500076317,0,07,000,00,0,4,23,B01
200500076318,0,14,000,00,1,0,01,A01
200500076319,0,07,000,00,2,1,15,A01
200500076319,0,05,000,00,2,7,01,B01
200500076320,0,05,000,00,2,1,01,A01
200500076320,0,07,000,00,2,4,01,B01
200500076321,0,05,000,00,2,3,01,B01
200500076321,0,07,000,00,0,2,15,A01
200500076322,0,01,000,00,2,1,19,A01
200500076322,0,07,000,00,9,2,01,B01
200500076323,0,07,000,00,2,1,05,A01
200500076323,0,07,000,00,2,1,21,B01
200500076324,0,07,000,00,2,3,01,A01
200500076324,0,07,000,00,0,3,09,B01
200500076325,0,07,000,00,1,1,01,A01