Num_Acc,senc,catv,occutc,obs,obsm,choc,manv,num_veh
200500076708,0,07,000,00,2,1,09,B01
200500076709,0,07,000,00,2,1,01,B01
200500076709,1,99,000,00,0,0,00,A01
200500076710,0,07,000,00,2,1,02,A01
200500076710,0,07,000,00,2,4,02,B01
200500076711,0,07,000,00,1,2,01,A01
200500076712,0,07,000,00,2,1,01,A01
200500076712,0,05,000,00,2,8,02,B01
200500076713,0,07,000,00,2,8,11,A01
200500076713,0,05,000,00,2,7,15,B01
200500076714,0,07,000,01,1,2,01,A01
200500076715,0,07,000,09,2,3,01,B01
200500076715,0,07,000,15,2,2,19,A01
200500076716,0,05,000,00,2,1,01,A01
200500076716,0,07,000,00,2,8,15,B01
200500076717,0,02,000,00,1,2,01,A01
200500076718,0,05,000,00,2,1,02,A01
200500076718,0,18,000,00,2,6,02,B01
200500076719,0,10,000,00,2,1,01,A01
200500076719,0,07,000,00,2,1,15,B01
200500076720,0,07,000,00,1,7,15,A01
200500076721,0,07,000,01,0,1,01,A01
200500076722,0,10,000,00,2,1,01,A01
200500076722,0,07,000,00,2,1,01,B01
200500076723,0,02,000,00,2,1,02,A01
200500076723,0,07,000,00,0,4,02,B01
200500076724,0,01,000,00,2,6,15,A01
200500076724,0,07,000,00,2,3,01,B01
200500076725,0,07,000,07,0,1,05,A01
200500076726,0,07,000,08,0,1,01,A01
200500076727,0,07,000,00,2,3,13,A01
200500076727,0,02,000,00,2,7,03,B01
200500076727,0,07,000,00,0,1,23,C01
200500076728,0,07,000,00,2,1,00,A01
200500076728,0,07,000,00,2,4,23,B01
200500076728,0,07,000,00,0,4,23,C01
200500076728,0,07,000,00,2,4,23,D01
200500076729,1,05,000,00,1,1,02,A01
200500076730,0,18,000,00,1,7,16,A01
200500076731,0,07,000,00,2,3,02,B01
200500076731,0,07,000,00,2,2,02,A01
200500076732,0,07,000,00,2,1,15,A01
200500076732,0,07,000,00,0,3,01,B01
200500076732,0,07,000,00,0,1,23,C01
200500076733,0,07,000,00,1,1,02,A01
200500076734,0,07,000,00,2,1,15,A01
200500076734,0,02,000,00,0,0,01,B01
200500076735,0,07,000,00,1,4,04,A01
200500076736,0,07,000,00,1,3,02,A01
200500076737,0,02,000,00,1,1,01,A01
200500076738,0,07,000,00,2,4,23,A01
200500076738,0,02,000,01,0,1,02,B01
200500076739,0,07,000,00,0,7,01,A01
200500076739,0,14,000,00,2,1,01,C01
200500076739,0,07,000,00,2,1,16,B01
200500076740,0,02,000,00,2,5,01,B01
200500076740,0,07,000,00,0,6,23,C01
200500076740,0,07,000,00,0,3,00,A01
200500076741,0,02,000,00,2,1,02,A01
200500076741,1,07,000,00,0,4,12,B01
200500076742,0,07,000,00,0,6,15,A01
200500076742,0,05,000,00,2,1,01,B01
200500076743,0,01,000,00,1,1,02,A01
200500076744,0,07,000,00,0,2,01,A01
200500076744,0,07,000,00,2,1,16,B01
200500076745,0,07,000,00,0,7,15,A01
200500076745,0,05,000,00,2,1,01,B01
200500076746,0,10,000,00,9,1,16,A01
200500076746,0,01,000,00,2,4,01,B01
200500076747,0,10,000,01,2,2,02,A01
200500076747,0,07,000,00,2,1,02,B01
200500076748,0,07,000,00,2,2,12,A01
200500076748,0,02,000,00,2,8,02,B01
200500076749,0,07,000,00,2,3,20,A01
200500076749,0,07,000,00,2,1,02,B01
200500076750,0,10,000,00,2,1,02,A01
200500076750,0,07,000,00,2,4,02,B01
200500076751,0,07,000,00,0,0,00,A01
200500076752,0,02,000,00,2,1,02,B01
200500076752,0,07,000,00,2,1,15,A01
200500076753,0,07,000,00,9,1,21,B01
200500076753,0,01,000,11,2,0,19,A01
200500076754,0,15,000,00,1,4,04,A01
200500076755,0,05,000,00,0,0,14,A01
200500076756,0,07,000,03,2,1,01,B01
200500076756,0,07,000,00,2,8,01,A01
200500076757,0,07,000,12,0,0,12,A01
200500076758,0,13,000,00,2,1,02,A01
200500076758,0,07,000,00,2,4,02,B01
200500076759,0,07,000,14,2,1,00,A01
200500076759,0,07,000,14,2,4,00,B01
200500076759,0,07,000,14,2,4,00,C01
200500076759,0,07,000,15,2,4,00,D01
200500076760,0,07,000,00,1,1,01,A01
200500076761,0,07,000,00,2,2,15,A01
200500076761,0,02,000,00,2,1,01,B01
200500076762,0,07,000,00,2,1,02,A01
200500076762,0,07,000,00,2,4,02,B01
200500076763,1,07,000,00,1,0,00,A01
200500076764,0,07,000,00,1,2,00,A01
200500076765,0,07,000,00,2,1,00,A01
200500076765,0,05,000,00,2,1,00,B01
200500076766,0,07,000,05,0,0,00,A01
200500076767,0,07,000,00,2,7,02,A01
200500076767,0,07,000,00,2,8,01,B01
200500076768,0,02,000,00,0,0,00,A01
200500076769,0,07,000,00,2,1,10,A01
200500076769,0,05,000,00,2,1,00,B01
200500076770,0,03,000,00,2,1,02,A01
200500076770,0,13,000,00,2,4,00,B01
200500076771,0,07,000,00,2,1,00,A01
200500076771,0,05,000,00,2,8,00,B01
200500076772,0,07,000,00,2,1,02,A01
200500076772,0,07,000,00,0,4,01,B01
200500076773,0,18,000,00,0,0,01,B01
200500076774,0,07,000,00,2,1,15,A01
200500076774,0,02,000,00,2,1,01,B01
200500076775,0,07,000,00,2,4,20,A01
200500076775,0,05,000,00,2,0,02,B01
200500076776,0,07,000,00,2,1,02,A01
200500076776,0,07,000,00,2,4,23,B01
200500076776,0,07,000,00,2,4,23,C01
200500076776,0,07,000,00,2,4,23,D01
200500076777,0,07,000,00,2,1,01,A01
200500076777,0,01,000,00,0,4,11,B01
200500076778,0,07,000,00,2,4,00,B01
200500076778,0,07,000,00,2,1,00,A01
200500076778,0,07,000,00,2,6,00,C01
200500076779,0,07,000,00,1,4,04,A01
200500076780,0,07,000,00,2,1,02,A01
200500076780,0,07,000,00,0,4,02,B01
200500076780,0,05,000,00,2,1,12,C01
200500076781,0,05,000,00,0,1,00,A01
200500076782,0,07,000,00,0,9,02,A01
200500076783,0,05,000,00,0,0,02,A01
200500076784,0,07,000,00,1,1,02,A01
200500076785,0,07,000,00,2,1,15,A01
200500076785,0,02,000,00,2,1,01,B01
200500076786,0,07,000,00,1,1,02,A01
200500076787,0,07,000,14,0,9,01,A01
200500076787,0,14,000,00,0,0,23,B01
200500076788,0,07,000,00,1,3,00,A01
200500076789,0,02,000,00,2,1,21,A01
200500076789,0,07,000,00,2,5,02,B01
200500076790,0,07,000,00,1,0,19,A01
200500076791,0,07,000,00,2,0,09,A01
200500076791,0,07,000,00,2,0,09,B01
200500076792,0,07,000,00,1,4,20,A01
200500076793,0,05,000,01,0,1,02,A01
200500076794,0,05,000,00,2,1,01,A01
200500076794,0,07,000,00,0,3,23,B01
200500076795,0,07,000,00,1,1,01,A01
200500076796,0,07,000,00,0,0,13,A01
200500076796,0,05,000,00,2,0,09,B01
200500076797,0,07,000,00,1,0,00,A01
200500076798,0,05,000,14,0,2,09,A01
200500076798,0,07,000,00,2,8,23,B01
200500076799,0,07,000,00,2,1,01,A01
200500076799,0,07,000,00,2,4,01,B01
200500076800,0,07,000,00,0,4,23,A01
200500076800,0,07,000,00,2,1,02,B01
200500076800,0,07,000,00,2,9,02,C01
200500076800,0,07,000,00,2,4,02,D01
200500076801,0,07,000,00,0,0,00,A01
200500076802,0,07,000,00,1,3,01,A01
200500076803,0,07,000,00,2,0,12,A01
200500076803,0,04,000,00,2,0,01,B01
200500076804,0,07,000,00,0,1,02,A01
200500076804,0,18,001,00,2,4,02,B01
200500076805,0,07,000,00,1,2,01,A01
200500076806,0,07,000,00,2,2,00,A01
200500076806,0,04,000,00,2,0,00,B01
200500076807,0,05,000,00,1,0,00,A01
200500076808,0,07,000,00,2,1,02,B01
200500076808,0,07,000,04,2,1,02,A01
200500076809,0,07,000,00,2,3,11,A01
200500076809,0,05,000,00,2,3,00,B01
200500076810,0,07,000,00,2,2,02,A01
200500076810,0,05,000,00,2,3,02,B01
200500076811,0,07,000,00,2,6,15,A01
200500076811,0,07,000,00,2,6,15,B01
200500076812,0,07,000,00,0,0,00,A01
200500076813,0,07,000,00,2,1,01,A01
200500076813,0,14,000,00,0,4,01,B01
200500076814,0,07,000,00,1,1,02,A01
200500076815,0,07,000,00,0,6,04,A01
200500076815,0,02,000,00,9,1,00,B01
200500076816,0,10,000,00,2,1,02,A01
200500076816,0,07,000,00,2,1,02,B01
200500076816,0,10,000,00,2,3,02,C01
200500076817,0,07,000,01,0,0,01,A01
200500076818,0,07,000,00,2,2,01,A01
200500076819,0,02,000,00,0,7,01,A01
200500076820,0,13,000,00,2,7,14,A01
200500076820,0,02,000,00,2,8,01,B01
200500076821,0,07,000,00,2,1,01,A01
200500076821,0,07,000,00,2,4,01,B01
200500076822,0,04,000,00,2,3,01,A01
200500076822,0,07,000,00,2,4,14,B01
200500076823,0,05,000,00,0,1,01,A01
200500076824,0,07,000,00,1,1,01,A01
200500076825,0,04,000,00,2,8,01,A01
200500076825,0,07,000,00,2,6,13,B01
200500076826,0,05,000,00,2,1,01,A01
200500076826,0,07,000,00,2,4,02,B01
200500076827,0,07,000,00,2,2,01,A01
200500076827,0,07,000,00,2,1,01,B01
200500076828,0,05,000,00,2,7,17,A01
200500076828,0,07,000,00,2,8,11,B01
200500076829,0,05,000,00,2,1,17,A01
200500076829,0,07,000,00,2,3,09,B01
200500076830,0,07,000,00,2,7,14,A01
200500076830,0,02,000,00,2,8,01,B01
200500076831,0,07,000,00,2,1,19,A01
200500076831,0,07,000,00,2,2,21,B01
200500076832,0,05,000,00,1,1,02,A01
200500076833,0,07,000,00,2,8,16,A01
200500076833,0,05,000,00,2,8,21,B01
200500076834,0,07,000,00,1,2,16,A01
200500076835,0,07,000,00,1,3,01,A01
200500076836,0,07,000,00,1,8,21,A01
200500076837,0,07,000,01,0,1,21,A01
200500076838,0,07,000,00,1,1,00,A01
200500076839,0,07,000,00,0,2,01,A01
200500076839,0,07,000,00,2,3,00,B01
200500076840,0,07,000,01,0,6,17,A01
200500076840,0,14,000,00,2,6,24,B01
200500076841,0,07,000,00,1,8,02,A01
200500076842,0,02,000,00,2,1,17,A01
200500076842,0,07,000,00,2,8,15,B01
200500076843,0,05,000,00,1,1,01,A01
200500076844,0,07,000,00,2,1,01,A01
200500076844,0,07,000,00,0,4,23,B01
200500076845,0,18,030,00,2,8,15,A01
200500076845,0,07,000,00,2,8,01,B01
200500076846,0,07,000,00,2,1,01,A01
200500076846,0,07,000,00,0,4,23,B01
200500076847,0,03,000,15,0,1,01,A01
200500076848,0,07,000,00,1,1,15,A01
200500076849,0,02,000,00,0,2,01,A01
200500076849,0,07,000,00,0,3,15,B01
200500076850,0,07,000,04,0,0,00,A01
200500076851,0,04,000,00,1,2,01,A01
200500076852,0,07,000,00,0,0,00,A01
200500076852,0,05,000,00,2,3,01,B01
200500076853,0,07,000,00,1,7,02,A01
200500076854,0,14,000,00,2,1,02,A01
200500076854,0,07,000,08,2,4,15,B01
200500076855,0,02,000,00,2,5,01,A01
200500076855,0,07,000,00,2,1,01,B01
200500076856,0,07,000,01,0,1,01,A01
200500076857,0,07,000,00,2,1,01,A01
200500076857,1,07,000,00,0,4,01,B01
200500076857,1,07,000,00,0,0,01,C01
200500076858,0,07,000,00,1,1,01,A01
200500076859,0,07,000,00,2,8,24,A01
200500076859,0,01,000,01,0,1,01,B01
200500076860,0,07,000,00,1,4,02,A01
200500076861,0,07,000,00,2,1,15,A01
200500076861,0,01,000,00,0,3,01,B01
200500076862,0,02,000,00,0,0,01,A01
200500076862,0,07,000,00,0,0,01,B01
200500076863,0,07,000,00,2,1,00,A01
200500076863,0,07,000,00,2,1,00,B01
200500076863,0,07,000,00,2,1,01,C01
200500076864,0,07,000,00,2,1,01,A01
200500076864,0,07,000,00,2,3,01,B01
200500076865,0,07,000,00,2,2,15,A01
200500076865,0,02,000,00,2,1,02,B01
200500076866,0,07,000,00,1,2,02,A01
200500076867,0,07,000,00,2,8,01,B01
200500076867,0,02,000,00,2,8,01,A01
200500076868,0,07,000,00,2,7,10,A01
200500076868,0,05,000,00,2,1,01,B01
200500076869,0,05,000,00,2,1,01,A01
200500076869,1,99,000,00,2,0,01,B01
200500076870,0,07,000,00,2,2,01,A01
200500076870,0,02,000,00,4,8,01,B01
200500076871,0,07,000,00,1,0,01,A01
200500076872,0,07,000,00,2,2,01,A01
200500076872,0,01,000,00,2,4,01,B01
200500076873,0,07,000,00,1,3,01,A01
200500076874,0,02,000,00,2,1,01,A01
200500076874,0,07,000,00,2,7,16,B01
200500076875,0,07,000,00,2,2,14,A01
200500076875,0,05,000,00,2,8,01,B01
200500076876,0,02,000,00,1,0,01,A01
200500076877,0,07,000,00,2,2,10,A01
200500076877,0,05,000,00,2,1,01,B01
200500076878,0,07,000,00,2,2,20,A01
200500076878,0,05,000,00,2,1,01,B01
200500076879,0,07,000,00,2,8,01,A01
200500076879,0,18,030,00,2,2,01,B01
200500076880,0,07,000,00,2,1,01,A01
200500076880,0,07,000,01,2,4,23,B01
200500076881,0,05,000,00,2,6,01,A01
200500076881,0,10,000,00,2,3,13,B01
200500076882,0,07,000,00,0,2,15,A01
200500076882,0,04,000,00,2,1,00,B01
200500076883,0,04,000,00,2,1,02,A01
200500076883,0,07,000,00,0,6,20,B01
200500076884,0,07,000,00,0,0,15,A01
200500076884,0,02,000,00,2,2,02,B01
200500076885,0,07,000,00,2,1,00,A01
200500076885,0,07,000,00,0,0,19,B01
200500076886,0,05,000,00,1,1,00,A01
200500076887,0,18,000,00,2,3,01,A01
200500076887,0,02,000,00,2,4,01,B01
200500076888,0,07,000,00,1,2,01,A01
200500076889,0,07,000,00,2,4,04,A01
200500076889,0,07,000,00,2,1,01,B01
200500076890,0,07,000,00,2,3,01,B01
200500076890,0,07,000,00,2,2,15,A01
200500076891,0,04,000,00,2,1,17,A01
200500076891,0,07,000,00,2,8,16,B01
200500076892,0,07,000,00,2,8,16,A01
200500076892,0,02,000,00,2,1,17,B01
200500076893,0,05,000,12,0,1,09,A01
200500076894,0,07,000,09,2,9,01,A01
200500076894,0,07,000,00,2,2,01,B01
200500076895,0,05,000,16,0,8,14,A01
200500076896,0,05,000,00,2,3,17,A01
200500076896,0,07,000,00,2,3,15,B01
200500076897,0,07,000,00,2,4,02,A01
200500076897,0,01,000,00,2,4,11,B01
200500076898,0,07,000,00,2,7,15,A01
200500076898,0,05,000,00,2,1,01,B01
200500076899,0,99,000,12,0,1,01,A01
200500076900,0,05,000,00,0,0,01,A01
200500076901,0,07,000,00,2,2,14,A01
200500076901,0,07,000,00,2,8,09,B01
200500076902,0,10,000,00,2,2,13,A01
200500076902,0,02,000,00,2,1,01,B01
200500076903,0,07,000,00,2,8,10,A01
200500076903,0,02,000,00,2,1,01,B01
200500076904,0,07,000,00,1,1,15,A01
200500076905,0,07,000,00,2,3,16,A01
200500076905,0,05,000,00,2,1,01,B01
200500076906,0,07,000,00,2,8,20,A01
200500076906,0,04,000,00,2,1,01,B01
200500076907,0,07,000,00,2,2,15,A01
200500076907,0,02,000,00,2,1,01,B01
200500076908,0,02,000,00,2,1,17,A01
200500076908,0,07,000,00,2,8,15,B01
200500076909,0,10,000,05,0,1,01,A01
200500076910,1,05,000,00,1,1,01,A01
200500076911,0,07,000,08,0,3,14,A01
200500076912,0,07,000,00,2,1,15,A01
200500076912,0,07,000,00,2,1,01,B01
200500076913,0,05,000,00,2,1,01,B01
200500076913,0,07,000,00,2,2,01,A01
200500076914,0,07,000,00,2,2,01,A01
200500076914,0,07,000,00,2,1,01,B01
200500076915,0,04,000,00,0,1,01,A01
200500076916,0,05,000,00,0,1,01,B01
200500076916,0,07,000,00,2,2,01,A01
200500076917,0,07,000,00,2,2,01,A01
200500076917,0,02,000,00,2,3,01,B01
200500076918,0,01,000,00,2,4,00,A01
200500076918,0,07,000,00,2,1,00,B01
200500076919,0,07,000,00,0,2,02,A01
200500076919,0,01,000,00,2,2,02,B01
200500076920,0,07,000,00,1,3,02,A01
200500076921,0,07,000,00,1,7,02,A01
200500076922,0,14,000,00,2,8,01,A01
200500076922,0,07,000,00,2,1,01,B01
200500076923,0,03,000,00,2,1,15,A01
200500076923,0,07,000,00,2,3,01,B01
200500076924,0,07,000,00,2,2,01,A01
200500076924,0,07,000,00,2,8,01,B01
200500076925,0,07,000,00,2,1,11,A01
200500076925,0,07,000,01,2,3,01,B01
200500076926,0,07,000,00,1,2,02,A01
200500076927,0,07,000,00,1,1,16,A01
200500076928,0,02,000,00,2,1,15,A01
200500076928,0,07,000,00,2,4,01,B01
200500076929,0,14,000,00,1,1,01,A01
200500076930,0,07,000,00,2,2,01,A01
200500076930,0,07,000,00,2,6,01,B01
200500076931,0,04,000,00,2,1,05,A01
200500076931,0,07,000,00,2,6,15,B01
200500076932,0,07,000,08,0,2,00,A01
200500076933,0,07,000,00,2,1,01,A01
200500076933,0,07,000,00,2,4,01,B01
200500076933,0,07,000,00,2,4,01,C01
200500076934,0,04,000,00,2,1,02,A01
200500076934,0,07,000,00,2,4,02,B01
200500076935,0,07,000,00,2,1,02,A01
200500076935,0,07,000,00,2,4,02,B01
200500076935,0,07,000,00,2,4,02,C01
200500076936,0,07,000,00,2,4,02,C01
200500076936,0,07,000,00,2,4,02,B01
200500076936,0,07,000,00,2,1,02,A01
200500076937,0,07,000,00,1,5,01,A01
200500076938,0,07,000,00,2,1,01,A01
200500076938,0,07,000,00,2,3,01,B01
200500076939,0,07,000,02,2,8,15,B01
200500076939,0,07,000,00,2,1,01,A01
200500076940,0,15,000,00,2,6,02,B01
200500076940,0,18,000,00,2,2,02,A01
200500076941,0,07,000,00,2,1,15,A01
200500076941,0,05,000,00,2,8,01,B01
200500076942,0,05,000,00,0,7,01,A01
200500076943,0,02,000,00,0,8,01,A01
200500076944,0,07,000,00,2,3,15,A01
200500076944,0,07,000,00,2,3,01,B01
200500076945,0,07,000,00,1,3,01,A01
200500076946,0,02,000,00,0,0,21,A01
200500076947,0,07,000,00,2,5,15,A01
200500076947,0,05,000,00,1,1,01,B01
200500076948,0,07,000,00,1,1,01,A01
200500076949,0,07,000,00,2,1,19,A01
200500076949,0,02,000,00,2,7,01,B01
200500076950,0,07,000,00,2,1,00,A01
200500076950,0,07,000,00,2,1,01,B01
200500076951,0,07,000,00,1,1,01,A01
200500076952,0,07,000,00,2,1,01,A01
200500076952,0,07,000,00,0,4,15,B01
200500076953,2,02,000,00,2,1,17,A01
200500076953,0,07,000,00,2,3,15,B01
200500076954,0,07,000,00,2,3,13,A01
200500076954,0,05,000,00,2,1,03,B01
200500076955,0,07,000,00,2,7,16,A01
200500076955,0,01,000,00,2,1,01,B01
200500076956,0,07,000,00,1,1,01,A01
200500076957,0,07,000,00,2,3,09,A01
200500076957,0,07,000,00,2,1,01,B01
200500076958,0,07,000,00,2,1,01,A01
200500076958,0,07,000,00,2,4,23,B01
200500076959,0,07,000,00,2,7,01,A01
200500076959,0,07,000,00,0,3,01,B01
200500076960,0,07,000,00,2,3,11,A01
200500076960,0,07,000,08,2,6,01,B01
200500076961,0,02,000,00,2,1,17,A01
200500076961,0,07,000,00,2,3,15,B01
200500076961,0,07,000,00,0,2,01,C01
200500076962,0,07,000,00,2,3,15,A01
200500076962,0,05,000,14,0,1,01,B01
200500076963,0,07,000,00,0,3,15,A01
200500076963,0,05,000,00,0,1,01,B01
200500076964,1,07,000,00,0,0,00,A01
200500076964,0,05,000,00,0,7,01,B01
200500076965,0,05,000,00,0,7,01,A01
200500076965,0,07,000,00,2,3,01,B01
200500076966,0,07,000,00,2,1,01,A01
200500076966,0,07,000,00,0,8,01,B01
200500076967,0,07,000,14,0,1,21,A01
200500076968,0,07,000,00,1,1,01,A01
200500076969,0,07,000,00,2,1,02,A01
200500076969,0,07,000,00,0,4,01,B01
200500076970,0,02,000,00,2,3,17,A01
200500076970,0,05,000,00,2,3,17,B01
200500076971,0,07,000,00,1,4,04,A01
200500076972,0,07,000,00,2,5,23,A01
200500076972,0,02,000,00,2,1,01,B01
200500076973,0,07,000,00,2,7,01,B01
200500076973,0,07,000,00,2,2,15,A01
200500076974,0,07,000,00,2,3,15,A01
200500076974,0,05,000,00,2,1,01,B01
200500076975,0,07,000,00,1,1,01,A01
200500076976,0,07,000,00,2,1,01,A01
200500076976,0,07,000,00,2,8,15,B01
200500076977,0,07,000,00,2,2,09,A01
200500076977,0,07,000,00,2,8,09,B01
200500076978,0,07,000,00,2,6,01,B01
200500076978,0,07,000,00,2,3,01,A01
200500076979,0,04,000,12,0,2,01,A01
200500076980,0,07,000,00,2,5,04,A01
200500076980,0,05,000,00,2,3,01,B01
200500076981,0,02,000,00,2,1,17,B01
200500076981,0,07,000,00,2,3,09,A01
200500076982,0,05,000,00,0,7,01,A01
200500076983,0,07,000,00,0,0,15,A01
200500076983,0,04,000,00,2,0,01,B01
200500076984,0,07,000,12,0,9,01,A01
200500076985,0,07,000,00,2,7,01,A01
200500076985,0,04,000,00,2,1,01,B01
200500076986,0,07,000,00,2,3,15,A01
200500076986,0,05,000,00,2,8,01,B01
200500076987,0,07,000,00,2,7,22,A01
200500076987,0,01,000,00,2,1,01,B01
200500076988,0,07,000,00,2,7,15,A01
200500076988,0,07,000,00,2,1,01,B01
200500076989,0,07,000,00,1,1,01,A01
200500076990,0,07,000,00,2,1,01,A01
200500076990,0,07,000,00,2,4,01,B01
200500076991,0,07,000,00,1,2,01,A01
200500076992,0,07,000,00,2,1,01,A01
200500076992,0,07,000,00,2,2,15,B01
200500076993,0,07,000,00,2,8,09,A01
200500076993,0,07,000,00,2,2,01,B01
200500076994,0,02,000,00,1,3,17,A01
200500076995,0,18,000,00,1,3,01,A01
200500076996,0,15,000,00,2,2,01,A01
200500076996,0,07,000,00,2,3,01,B01
200500076997,0,07,000,00,2,7,12,A01
200500076997,0,05,000,00,2,8,01,B01
200500076998,0,20,000,04,0,7,21,A01
200500076999,0,05,000,00,2,9,18,A01
200500076999,0,07,000,00,2,7,02,B01
200500076999,0,07,000,00,2,8,02,C01
200500077000,0,07,000,00,0,3,12,A01
200500077000,0,05,000,00,2,1,02,B01
200500077001,0,05,000,04,0,8,11,A01
200500077002,0,07,000,00,2,1,02,C01
200500077002,0,07,000,00,2,4,02,B01
200500077002,0,07,000,00,0,4,02,A01
200500077003,0,07,000,00,0,4,11,A01
200500077003,0,05,000,00,2,1,02,B01
200500077004,0,07,000,04,0,3,21,A01
200500077004,0,07,000,00,9,3,13,B01
200500077005,0,07,000,00,2,1,02,A01
200500077006,0,07,000,04,0,1,15,A01
200500077007,0,07,000,15,0,7,01,A01
200500077008,0,05,000,00,0,8,02,A01
200500077009,0,07,000,14,0,7,01,A01
200500077009,0,05,000,00,0,8,01,B01
200500077010,0,07,000,00,0,5,12,A01
200500077010,0,05,000,00,2,1,03,B01
200500077011,0,05,000,00,0,0,01,A01
200500077012,0,07,000,03,2,8,02,A01
200500077012,0,14,000,00,2,2,12,B01
200500077012,0,07,000,00,2,2,02,C01
200500077013,0,07,000,04,2,5,01,A01
200500077013,0,15,000,00,2,3,01,B01
200500077014,0,07,000,00,2,5,21,A01
200500077014,0,10,000,00,2,1,21,B01
200500077015,0,15,000,00,2,4,02,A01
200500077015,0,07,000,00,2,4,02,B01
200500077015,0,15,000,00,2,4,02,C01
200500077015,0,15,000,00,2,1,02,D01
200500077015,0,09,000,00,2,1,02,E01
200500077016,0,07,000,03,0,9,16,A01
200500077017,0,05,000,00,0,0,01,A01
200500077018,0,10,000,00,0,4,01,A01
200500077018,0,07,000,00,0,4,01,B01
200500077018,0,07,000,00,2,1,01,C01
200500077019,0,05,000,00,0,8,01,A01
200500077020,0,07,000,00,2,6,01,A01
200500077020,0,07,000,00,2,1,01,B01
200500077021,0,07,000,00,2,4,02,A01
200500077021,0,07,000,00,2,1,02,B01
200500077022,0,10,000,03,2,8,02,A01
200500077022,0,07,000,03,2,9,14,B01
200500077022,0,07,000,03,0,1,02,C01
200500077023,0,07,000,04,2,2,17,A01
200500077023,0,07,000,03,2,8,13,B01
200500077024,0,07,000,00,2,8,02,A01
200500077025,0,07,000,00,0,4,23,A01
200500077025,0,07,000,01,0,1,02,B01
200500077025,0,07,000,00,2,1,02,C01
200500077026,0,07,000,03,0,1,02,A01
200500077027,0,07,000,00,2,4,02,A01
200500077027,0,07,000,00,2,1,02,B01
200500077028,0,07,000,04,0,3,13,A01
200500077029,0,10,000,00,0,0,12,A01
200500077029,0,07,000,03,0,1,21,B01
200500077030,0,07,000,04,0,3,15,A01
200500077031,0,17,000,00,0,3,00,A01
200500077031,0,05,000,00,0,0,03,B01
200500077032,0,07,000,04,0,9,01,A01
200500077033,0,05,000,00,2,1,02,B01
200500077033,0,07,000,00,2,7,03,A01
200500077034,0,07,000,03,0,3,16,A01
200500077034,0,10,000,00,0,6,21,B01
200500077034,0,10,000,00,2,3,01,C01
200500077035,0,05,000,00,2,2,17,A01
200500077036,0,07,000,05,0,1,02,A01
200500077037,0,07,000,04,0,1,21,A01
200500077037,0,07,000,14,0,7,02,B01
200500077038,0,05,000,00,0,0,01,A01
200500077039,0,07,000,00,0,0,01,A01
200500077040,0,07,000,04,0,9,01,A01
200500077041,0,07,000,00,0,0,00,B01
200500077041,0,05,000,00,0,0,02,A01
200500077042,0,05,000,00,2,1,02,A01
200500077042,0,07,000,00,2,4,02,B01
200500077043,0,07,000,13,0,9,02,A01
200500077044,0,05,000,00,0,0,12,A01
200500077045,0,07,000,00,2,1,02,A01
200500077045,0,07,000,00,0,4,02,B01
200500077046,0,07,000,04,0,1,02,A01
200500077047,0,07,000,04,0,1,12,A01
200500077048,0,07,000,00,2,0,00,A01
200500077048,0,07,000,00,2,2,00,B01
200500077048,0,07,000,00,0,0,00,C01
200500077049,0,07,000,00,0,4,01,A01
200500077049,0,07,000,00,2,1,01,B01
200500077050,0,07,000,04,0,1,09,B01
200500077050,0,15,000,00,0,4,02,A01
200500077051,0,07,000,04,0,9,00,A01
200500077052,0,07,000,00,0,4,01,A01
200500077052,0,05,000,00,2,1,14,B01
200500077053,0,07,000,00,0,0,01,A01
200500077054,0,07,000,00,0,9,01,A01
200500077055,0,07,000,00,0,5,00,A01
200500077056,0,07,000,00,0,0,00,B01
200500077056,0,10,000,00,0,0,00,C01
200500077056,0,09,000,00,0,0,00,A01
200500077057,0,07,000,00,2,6,09,B01
200500077057,0,15,000,00,2,2,01,A01
200500077057,0,07,000,00,0,4,01,C01
200500077058,0,07,000,00,0,9,00,A01
200500077059,0,05,000,00,2,1,02,A01
200500077059,0,07,000,00,0,4,01,B01
200500077060,0,07,000,00,2,1,01,A01
200500077060,0,05,000,00,0,4,01,B01
200500077061,0,15,000,03,0,1,00,A01
200500077062,0,07,000,00,0,0,00,A01
200500077063,0,07,000,00,2,7,12,A01
200500077063,0,07,000,00,2,8,02,B01
200500077063,0,07,000,00,2,6,02,C01
200500077064,0,07,000,00,2,3,13,A01
200500077064,0,07,000,00,0,5,02,B01
200500077065,0,07,000,00,0,4,02,A01
200500077065,0,05,000,00,2,1,01,B01
200500077066,0,07,000,00,2,1,01,A01
200500077066,0,13,000,00,0,4,01,B01
200500077067,0,05,000,00,0,0,01,A01
200500077068,1,07,000,00,2,1,01,A01
200500077068,0,05,000,00,0,0,00,B01
200500077068,0,10,000,00,0,0,00,C01
200500077068,0,05,000,00,0,0,00,D01
200500077069,0,05,000,00,0,0,00,A01
200500077070,0,07,000,04,0,1,02,A01
200500077071,0,07,000,00,5,0,21,A01
200500077072,0,07,000,04,0,3,02,A01
200500077072,0,07,000,04,0,3,00,B01
200500077073,0,07,000,00,2,2,21,A01
200500077073,0,15,000,00,2,8,02,B01
200500077074,0,07,000,00,0,0,00,A01
200500077074,0,09,000,00,2,1,02,B01
200500077075,0,05,000,00,0,0,00,B01
200500077075,0,05,000,00,0,0,00,A01
200500077076,0,07,000,00,0,0,00,B01