Num_Acc,senc,catv,occutc,obs,obsm,choc,manv,num_veh
200500077414,0,07,000,00,2,4,02,B01
200500077414,0,07,000,00,2,4,02,C01
200500077415,0,07,000,00,2,1,01,A01
200500077415,0,07,000,00,0,4,01,B01
200500077416,0,05,000,00,0,7,01,A01
200500077417,0,07,000,04,0,9,02,A01
200500077418,0,05,000,16,0,7,11,A01
200500077419,0,07,000,09,0,1,11,A01
200500077420,0,07,000,06,0,3,01,A01
200500077421,0,07,000,04,0,3,01,A01
200500077422,0,07,000,04,0,0,00,A01
200500077423,0,07,000,04,0,7,01,A01
200500077424,0,05,000,00,2,2,03,A01
200500077424,0,07,000,00,2,6,11,B01
200500077425,0,07,000,00,0,6,14,A01
200500077425,0,05,000,00,2,8,03,B01
200500077426,0,07,000,00,2,1,02,A01
200500077426,0,07,000,00,0,4,02,B01
200500077427,0,07,000,00,2,3,01,A01
200500077427,0,07,000,00,2,1,02,F01
200500077427,0,07,000,00,0,4,02,B01
200500077427,0,07,000,00,2,2,01,D01
200500077427,0,07,000,00,2,3,11,C01
200500077427,0,07,000,00,0,4,23,E01
200500077428,0,07,000,00,2,1,02,A01
200500077428,0,07,000,00,2,4,02,B01
200500077428,0,07,000,00,2,4,02,C01
200500077429,0,07,000,00,2,2,14,A01
200500077429,0,15,000,00,2,8,02,B01
200500077430,0,07,000,00,2,1,01,A01
200500077430,0,07,000,00,2,4,02,B01
200500077431,0,07,000,00,0,7,12,A01
200500077431,0,07,000,00,2,3,00,B01
200500077432,0,07,000,00,2,2,02,A01
200500077432,0,10,000,00,2,6,02,B01
200500077433,0,15,000,03,0,7,14,A01
200500077434,0,05,000,16,0,7,00,A01
200500077435,0,16,000,00,2,2,12,A01
200500077435,0,07,000,00,2,6,01,B01
200500077436,0,07,000,00,2,1,01,A01
200500077436,0,07,000,00,2,1,01,D01
200500077436,0,07,000,00,2,4,23,B01
200500077436,0,07,000,00,2,5,23,C01
200500077437,0,07,000,01,0,1,02,A01
200500077437,0,07,000,01,0,1,02,B01
200500077437,0,07,000,00,0,4,02,C01
200500077438,0,07,000,00,2,1,01,A01
200500077438,0,07,000,00,2,8,09,B01
200500077439,0,07,000,04,0,1,17,A01
200500077440,0,07,000,04,0,9,00,A01
200500077441,0,07,000,04,2,2,01,A01
200500077441,0,07,000,00,0,6,01,B01
200500077442,0,07,000,04,2,1,14,A01
200500077442,0,07,000,00,0,4,00,B01
200500077443,0,07,000,04,0,1,09,A01
200500077444,0,07,000,04,2,2,01,A01
200500077444,0,15,000,00,0,6,01,B01
200500077445,0,14,000,00,2,3,02,A01
200500077445,0,07,000,00,0,5,02,B01
200500077446,0,07,000,04,2,3,19,A01
200500077446,0,07,000,00,2,1,02,B01
200500077446,0,17,000,00,2,3,02,C01
200500077447,0,07,000,00,2,1,02,A01
200500077447,0,07,000,00,2,4,02,B01
200500077447,0,07,000,00,0,4,02,C01
200500077448,0,18,001,00,2,2,01,A01
200500077448,0,07,000,00,2,1,15,B01
200500077449,0,07,000,00,1,1,01,A01
200500077450,0,07,000,00,2,1,11,A01
200500077450,0,05,000,00,2,8,02,B01
200500077451,0,05,000,00,2,7,01,B01
200500077451,0,07,000,00,2,3,15,A01
200500077452,0,07,000,00,1,2,01,A01
200500077453,0,07,000,00,1,1,15,A01
200500077454,0,10,000,00,2,4,02,A01
200500077454,0,07,000,03,0,5,14,B01
200500077455,0,05,000,00,0,8,11,A01
200500077456,0,14,000,03,0,8,00,A01
200500077457,0,07,000,00,2,1,02,A01
200500077457,0,07,000,00,2,4,23,B01
200500077457,0,07,000,00,2,4,02,C01
200500077457,0,07,000,00,0,4,23,D01
200500077458,0,07,000,03,0,2,14,A01
200500077459,0,07,000,00,2,3,11,A01
200500077459,0,05,000,00,2,2,17,B01
200500077460,0,07,000,00,2,1,02,A01
200500077460,0,07,000,00,2,4,02,B01
200500077460,0,07,000,00,0,4,02,C01
200500077461,0,07,000,14,0,2,01,C01
200500077461,0,07,000,14,0,2,02,D01
200500077461,0,02,000,00,0,0,00,A01
200500077461,0,07,000,14,0,1,01,B01
200500077461,0,07,000,14,0,1,01,F01
200500077461,0,07,000,14,0,1,01,E01
200500077461,0,07,000,14,0,2,01,G01
200500077462,0,07,000,00,2,4,02,B01
200500077462,0,07,000,00,2,4,02,A01
200500077462,0,07,000,00,2,1,02,C01
200500077463,0,07,000,00,0,4,00,A01
200500077463,0,07,000,00,2,1,00,B01
200500077464,0,07,000,03,6,3,13,A01
200500077465,0,07,000,03,0,1,13,A01
200500077466,0,05,000,03,0,1,21,A01
200500077467,0,07,000,14,0,1,17,B01
200500077467,0,14,000,00,0,0,01,A01
200500077468,0,10,000,00,2,4,01,A01
200500077468,0,07,000,00,2,1,01,B01
200500077469,0,07,000,03,0,1,01,A01
200500077470,0,07,000,00,0,6,01,A01
200500077470,0,07,000,00,2,2,14,B01
200500077471,0,07,000,00,0,6,23,A01
200500077471,0,07,000,00,2,1,01,B01
200500077472,1,07,000,00,2,1,02,B01
200500077472,0,07,000,00,2,4,23,A01
200500077473,0,07,000,04,0,2,01,A01
200500077474,0,05,000,00,2,1,21,B01
200500077474,0,07,000,00,0,5,14,A01
200500077475,0,07,000,04,0,3,21,A01
200500077476,0,07,000,04,2,8,03,A01
200500077476,0,07,000,00,2,8,12,B01
200500077476,0,07,000,00,2,1,11,C01
200500077477,0,05,000,00,0,8,15,A01
200500077478,0,05,000,00,0,3,21,A01
200500077479,0,07,000,03,0,1,21,A01
200500077479,0,07,000,00,0,1,02,B01
200500077480,0,07,000,00,2,1,01,D01
200500077480,0,07,000,00,2,4,01,C01
200500077480,0,07,000,00,0,0,00,A01
200500077480,0,07,000,00,2,4,01,B01
200500077481,0,07,000,00,2,4,23,A01
200500077481,0,07,000,00,2,1,21,B01
200500077482,0,07,000,00,0,6,15,A01
200500077482,0,05,000,00,2,1,21,B01
200500077483,0,07,000,00,2,1,02,B01
200500077483,0,07,000,00,2,4,02,A01
200500077484,0,07,000,03,0,2,01,A01
200500077485,0,07,000,00,0,4,23,A01
200500077485,0,07,000,00,2,4,23,B01
200500077485,0,07,000,00,2,1,01,C01
200500077486,0,07,000,04,0,1,21,A01
200500077487,0,07,000,00,2,2,00,B01
200500077487,0,07,000,00,0,0,19,A01
200500077488,0,07,000,00,0,4,00,A01
200500077488,0,07,000,00,2,1,02,B01
200500077489,0,07,000,00,0,4,02,A01
200500077489,0,05,000,01,2,1,12,B01
200500077490,0,07,000,00,2,4,02,B01
200500077490,0,07,000,00,2,1,03,C01
200500077490,0,07,000,00,0,4,02,A01
200500077491,0,07,000,00,0,4,02,A01
200500077491,0,05,000,00,2,1,12,B01
200500077492,0,07,000,00,2,2,21,C01
200500077492,0,07,000,00,2,1,21,B01
200500077492,0,07,000,00,2,4,23,A01
200500077493,0,07,000,00,2,1,21,B01
200500077493,0,07,000,00,2,4,21,A01
200500077494,0,07,000,03,0,0,00,A01
200500077495,0,07,000,03,2,1,02,B01
200500077495,0,10,000,03,2,4,02,A01
200500077496,0,07,000,04,2,2,21,B01
200500077496,0,07,000,00,0,6,20,A01
200500077497,0,07,000,00,2,4,01,C01
200500077497,0,07,000,00,2,4,01,B01
200500077497,0,07,000,00,2,1,01,A01
200500077498,0,07,000,04,0,1,21,A01
200500077499,0,07,000,00,0,4,02,A01
200500077499,0,07,000,00,2,1,02,B01
200500077499,0,07,000,00,2,1,02,C01
200500077499,0,07,000,00,2,1,02,D01
200500077500,0,07,000,00,0,4,02,B01
200500077500,0,10,000,04,0,1,01,A01
200500077500,0,10,000,00,2,1,02,C01
200500077501,0,07,000,03,2,2,14,B01
200500077501,0,07,000,00,0,8,01,A01
200500077502,0,07,000,00,0,4,01,A01
200500077502,0,07,000,00,0,4,01,B01
200500077502,0,07,000,00,2,4,01,C01
200500077502,0,07,000,00,2,1,01,D01
200500077503,0,07,000,00,2,1,02,B01
200500077503,0,07,000,03,0,1,02,A01
200500077504,0,07,000,00,2,1,01,D01
200500077504,0,07,000,00,2,1,01,F01
200500077504,0,07,000,00,0,4,23,A01
200500077504,0,07,000,00,2,1,01,E01
200500077504,0,07,000,00,2,1,01,C01
200500077504,0,07,000,00,2,4,01,B01
200500077505,0,07,000,03,0,1,01,A01
200500077506,0,07,000,04,0,1,01,A01
200500077507,0,07,000,00,2,1,01,A01
200500077508,0,07,000,03,0,2,21,A01
200500077509,0,07,000,03,0,2,01,A01
200500077510,0,07,000,00,2,6,02,B01
200500077510,0,07,000,00,0,6,02,A01
200500077510,0,07,000,00,2,2,02,C01
200500077511,0,07,000,00,0,4,23,A01
200500077511,0,07,000,00,0,4,02,B01
200500077511,0,07,000,00,2,1,02,C01
200500077512,0,07,000,02,0,1,02,A01
200500077513,0,07,000,00,2,4,01,B01
200500077513,0,07,000,00,2,1,02,A01
200500077514,0,07,000,00,0,1,01,A01
200500077515,0,07,000,00,2,8,09,A01
200500077515,0,04,000,00,2,7,01,B01
200500077516,0,05,000,00,1,1,01,A01
200500077517,0,04,000,12,0,7,02,A01
200500077518,1,07,000,00,2,3,11,B01
200500077518,0,05,000,00,2,7,01,A01
200500077519,1,07,000,00,0,0,00,A01
200500077520,0,07,000,00,2,2,01,B01
200500077520,0,07,000,00,2,3,09,A01
200500077521,0,07,000,00,2,4,01,B01
200500077521,1,07,000,00,0,0,01,A01
200500077522,0,07,000,12,2,5,02,B01
200500077522,0,10,000,00,2,3,02,A01
200500077523,0,07,000,00,1,6,02,B01
200500077523,0,10,000,01,2,2,02,A01
200500077524,0,07,000,00,2,2,00,A01
200500077524,0,07,000,00,2,1,01,B01
200500077525,0,07,000,00,2,6,11,A01
200500077525,0,02,000,00,2,1,13,B01
200500077526,0,07,000,00,1,2,01,A01
200500077527,0,07,000,00,0,8,15,B01
200500077527,0,04,000,00,0,1,17,A01
200500077528,0,07,000,00,2,1,01,A01
200500077528,0,07,000,08,2,4,01,C01
200500077528,0,07,000,00,2,4,01,B01
200500077529,0,07,000,00,1,3,01,A01
200500077530,0,01,000,00,2,3,17,B01
200500077530,0,07,000,00,2,3,09,A01
200500077531,0,07,000,00,0,8,16,A01
200500077531,0,07,000,00,2,2,16,B01
200500077532,0,07,000,00,0,8,00,C01
200500077532,0,04,000,01,2,9,02,A01
200500077532,0,07,000,00,2,4,04,B01
200500077533,1,07,000,00,2,0,01,A01
200500077533,0,07,000,00,2,3,15,B01
200500077534,0,04,000,00,0,9,01,A01
200500077535,0,01,000,00,2,1,02,A01
200500077535,0,01,000,00,2,4,02,B01
200500077536,0,05,000,01,2,1,00,B01
200500077536,0,07,000,00,0,0,00,A01
200500077537,0,07,000,00,2,3,15,A01
200500077537,0,05,000,00,2,1,01,B01
200500077538,0,07,000,00,2,1,01,A01
200500077538,0,07,000,00,2,2,01,B01
200500077539,0,07,000,15,0,2,21,A01
200500077540,0,10,000,00,0,0,00,C01
200500077540,0,07,000,00,0,0,00,B01
200500077540,0,02,000,01,0,1,00,A01
200500077541,0,07,000,02,5,1,21,A01
200500077542,0,07,000,00,1,4,04,A01
200500077543,0,02,000,00,2,0,00,A01
200500077543,0,07,000,00,2,2,01,B01
200500077544,0,07,000,00,2,1,15,A01
200500077544,0,05,000,00,2,1,01,B01
200500077545,1,07,000,00,0,0,00,A01
200500077546,0,07,000,00,2,8,01,A01
200500077546,0,04,000,00,2,1,01,B01
200500077547,0,02,000,14,0,7,00,A01
200500077548,0,07,000,00,2,1,09,A01
200500077548,0,07,000,00,2,2,00,B01
200500077549,0,05,000,00,0,0,16,A01
200500077550,0,02,000,00,0,8,01,A01
200500077551,0,04,000,00,2,1,01,B01
200500077551,0,07,000,00,2,1,15,A01
200500077552,0,07,000,00,2,3,01,B01
200500077552,0,04,000,00,2,1,17,A01
200500077553,0,04,000,00,2,1,01,B01
200500077553,0,07,000,00,2,3,11,A01
200500077554,0,99,000,00,2,1,15,A01
200500077554,0,07,000,00,2,1,01,B01
200500077555,0,07,000,00,2,1,02,A01
200500077555,0,07,000,00,2,4,02,C01
200500077555,0,07,000,00,2,4,02,B01
200500077555,0,07,000,00,2,4,02,D01
200500077556,1,07,000,14,1,1,01,A01
200500077557,0,04,000,00,2,4,02,A01
200500077557,0,02,000,00,2,1,02,B01
200500077558,0,07,000,00,0,2,15,B01
200500077558,0,07,000,00,2,1,01,C01
200500077558,0,04,000,00,2,7,01,A01
200500077559,0,05,000,00,0,0,00,B01
200500077559,0,14,000,00,0,0,00,A01
200500077560,0,05,000,00,2,1,01,A01
200500077560,0,07,000,00,0,7,01,B01
200500077561,0,07,000,00,2,2,01,B01
200500077561,1,07,000,00,2,0,05,A01
200500077562,0,07,000,00,2,2,01,B01
200500077562,0,07,000,00,2,1,19,A01
200500077563,0,05,000,00,2,1,16,A01
200500077563,0,07,000,13,2,3,21,B01
200500077564,1,07,000,00,2,0,19,A01
200500077564,0,07,000,00,2,1,01,B01
200500077565,0,07,000,00,2,3,01,A01
200500077565,0,01,000,00,2,1,01,B01
200500077566,0,07,000,00,1,1,01,A01
200500077567,0,07,000,00,2,1,02,A01
200500077567,0,05,000,00,2,4,02,B01
200500077568,1,07,000,00,0,0,00,A01
200500077569,0,02,000,00,2,7,02,B01
200500077569,0,07,000,00,2,8,02,A01
200500077570,0,04,000,00,1,1,00,A01
200500077571,0,07,000,00,0,5,03,B01
200500077571,0,07,000,00,2,3,21,A01
200500077572,0,07,000,01,0,1,13,A01
200500077573,0,02,000,00,2,1,13,A01
200500077573,0,02,000,00,2,1,13,B01
200500077574,0,18,000,00,1,3,00,A01
200500077575,0,07,000,00,1,1,01,A01
200500077576,0,04,000,00,0,8,06,A01
200500077576,0,03,000,00,2,1,00,B01
200500077577,0,04,000,00,1,1,00,A01
200500077578,0,05,000,00,2,1,01,B01
200500077578,0,07,000,00,2,8,01,A01
200500077579,0,07,000,00,9,1,01,A01
200500077579,0,18,000,00,2,2,01,B01
200500077580,0,07,000,00,2,3,02,A01
200500077580,1,07,000,00,2,3,10,C01
200500077580,0,07,000,00,2,8,01,B01
200500077581,0,07,000,12,0,3,21,A01
200500077582,0,04,000,00,2,3,11,A01
200500077582,0,07,000,00,9,3,15,B01
200500077583,0,13,000,00,2,1,01,A01
200500077583,0,07,000,00,0,4,01,B01
200500077584,0,01,000,00,0,0,00,B01
200500077584,0,07,000,00,0,2,01,A01
200500077585,0,07,000,00,2,1,02,E01
200500077585,0,07,000,00,0,4,02,A01
200500077585,0,07,000,00,2,1,02,B01
200500077585,0,07,000,00,2,1,02,C01
200500077585,0,07,000,00,2,4,02,D01
200500077586,0,02,000,00,2,1,02,A01
200500077586,0,07,000,00,0,5,01,B01
200500077587,0,07,000,01,0,2,14,A01
200500077588,0,07,000,00,2,2,00,A01
200500077588,0,02,000,00,2,9,02,B01
200500077589,0,02,000,00,2,0,01,B01
200500077589,0,07,000,00,2,0,15,A01
200500077590,0,04,000,00,2,1,02,B01
200500077590,0,07,000,00,2,6,10,A01
200500077591,0,05,000,00,0,7,02,A01
200500077592,0,04,000,00,2,1,01,B01
200500077592,0,07,000,00,2,8,15,A01
200500077593,0,04,000,00,0,4,02,B01
200500077593,0,07,000,00,2,3,02,A01
200500077594,0,07,000,00,2,4,02,B01
200500077594,0,02,000,00,2,3,02,A01
200500077595,0,07,000,00,2,1,15,B01
200500077595,0,05,000,00,2,2,17,A01
200500077596,0,05,000,00,2,2,01,A01
200500077596,0,07,000,00,2,1,01,B01
200500077597,0,09,000,00,2,3,01,A01
200500077597,0,07,000,00,2,5,02,B01
200500077598,0,07,000,00,2,3,00,A01
200500077598,0,05,000,00,2,1,01,B01
200500077599,0,07,000,00,2,8,02,B01
200500077599,0,02,000,00,2,1,01,A01
200500077600,0,07,000,00,2,3,01,B01
200500077600,0,07,000,00,2,7,15,A01
200500077601,0,04,000,00,2,1,02,B01
200500077601,0,07,000,00,2,3,10,A01
200500077602,0,07,000,00,0,6,01,A01
200500077602,0,04,000,00,2,2,02,B01
200500077603,0,10,000,00,1,2,01,A01
200500077604,0,02,000,00,2,1,01,B01
200500077604,0,07,000,00,2,3,15,A01
200500077605,0,02,000,00,2,0,15,B01
200500077605,0,07,000,00,2,0,01,A01
200500077606,0,05,000,00,2,1,00,B01
200500077606,0,07,000,00,2,3,09,A01
200500077607,0,07,000,00,1,2,15,A01
200500077608,0,07,000,00,2,3,15,A01
200500077608,0,05,000,00,2,1,17,B01
200500077609,0,02,000,01,0,0,00,A01
200500077610,0,02,000,00,1,1,00,A01
200500077611,0,07,000,00,2,2,00,B01
200500077611,0,04,000,00,2,0,00,A01
200500077612,0,07,000,00,2,8,10,A01
200500077612,0,04,000,00,2,2,01,B01
200500077613,0,07,000,00,2,3,15,B01
200500077613,0,02,000,00,0,0,00,A01
200500077614,0,05,000,00,2,9,01,A01
200500077614,0,07,000,00,2,1,01,B01
200500077615,0,07,000,00,1,3,01,A01
200500077616,0,07,000,00,2,1,02,A01
200500077616,0,07,000,00,2,4,02,B01
200500077617,0,07,000,00,2,7,01,A01
200500077617,0,07,000,00,2,3,01,B01
200500077618,0,07,000,00,2,7,01,B01
200500077618,0,02,000,00,2,1,01,A01
200500077619,1,07,000,00,0,8,13,B01
200500077619,0,05,000,00,0,2,17,A01
200500077620,0,07,000,00,1,0,04,A01
200500077621,0,02,000,00,0,1,01,B01
200500077621,0,07,000,00,0,8,01,A01
200500077622,0,07,000,00,2,1,16,A01
200500077622,0,07,000,00,2,1,01,B01
200500077623,0,07,000,00,2,5,01,A01
200500077623,0,07,000,00,2,3,01,B01
200500077624,0,05,000,00,2,4,02,B01
200500077624,0,07,000,00,2,3,02,A01
200500077625,0,07,000,00,2,3,01,B01
200500077625,0,04,000,00,2,1,01,A01
200500077626,0,01,000,00,2,7,01,A01
200500077626,0,07,000,00,2,3,01,B01
200500077627,0,07,000,00,2,3,01,B01
200500077627,0,04,000,00,2,3,17,A01
200500077628,0,07,000,00,0,3,09,A01
200500077628,0,02,000,01,2,1,03,B01
200500077629,0,04,000,00,0,0,00,B01
200500077629,0,07,000,00,0,0,00,A01
200500077630,1,07,000,00,0,0,00,A01
200500077631,1,07,000,00,0,0,00,A01
200500077631,0,04,000,00,0,1,01,B01
200500077632,0,07,000,00,0,1,01,A01
200500077633,0,02,000,00,2,1,00,A01
200500077633,0,07,000,00,2,3,15,B01
200500077634,0,05,000,00,2,1,00,B01
200500077634,0,07,000,00,2,3,01,A01
200500077635,0,07,000,00,2,4,04,A01
200500077635,0,04,000,00,2,1,01,B01
200500077636,0,07,000,00,0,6,00,B01
200500077636,0,04,000,01,0,8,02,A01
200500077637,0,07,000,00,0,0,00,A01
200500077637,0,02,000,00,0,0,00,B01
200500077638,0,05,000,00,2,1,17,B01
200500077638,0,07,000,00,2,4,15,A01
200500077639,0,07,000,00,2,4,00,B01
200500077639,1,07,000,00,0,0,00,A01
200500077640,0,04,000,00,9,7,01,A01
200500077640,0,07,000,00,0,7,16,B01
200500077641,0,05,000,00,0,7,01,B01
200500077641,0,07,000,00,0,1,01,A01
200500077642,0,07,000,00,1,7,02,A01
200500077643,0,05,000,00,2,1,02,B01
200500077643,0,07,000,00,2,3,10,A01
200500077644,0,07,000,00,2,5,02,B01
200500077644,0,07,000,00,2,3,02,A01
200500077645,0,07,000,00,0,4,02,A01
200500077645,0,07,000,00,0,4,02,B01
200500077646,0,07,000,00,2,0,00,B01
200500077646,0,07,000,01,2,7,02,C01
200500077646,1,07,000,00,2,1,00,A01
200500077647,0,05,000,00,2,2,01,B01
200500077647,0,07,000,00,2,3,11,A01
200500077648,0,05,000,00,0,0,00,A01
200500077649,0,04,000,00,2,2,01,A01
200500077649,0,07,000,00,2,1,01,B01
200500077650,0,07,000,00,2,1,02,A01
200500077650,0,07,000,00,2,4,02,C01
200500077650,0,07,000,00,2,4,02,D01
200500077650,0,07,000,00,2,4,02,B01
200500077651,0,07,000,00,2,2,01,A01
200500077651,0,04,000,00,2,3,01,B01
200500077652,0,07,000,01,0,0,00,B01
200500077652,0,07,000,00,0,0,00,A01
200500077652,0,07,000,00,0,0,00,C01
200500077653,0,07,000,08,2,8,01,B01
200500077653,0,07,000,00,2,1,02,A01
200500077654,0,02,000,12,0,7,00,A01
200500077655,0,01,000,00,0,0,00,A01
200500077655,0,07,000,00,2,1,01,B01
200500077656,0,07,000,00,2,4,02,B01
200500077656,0,07,000,00,2,1,02,A01
200500077657,0,07,000,00,1,0,16,A01
200500077658,0,07,000,00,2,2,01,B01
200500077658,0,07,000,00,2,3,01,A01
200500077659,0,07,000,00,2,4,02,B01
200500077659,0,07,000,00,2,4,02,C01
200500077659,0,07,000,00,2,1,01,A01
200500077660,0,05,000,00,1,1,01,A01
200500077661,0,07,000,00,2,7,01,B01
200500077661,0,07,000,00,2,3,20,A01
200500077662,0,07,000,00,2,4,10,A01
200500077662,0,05,000,00,2,7,01,B01
200500077663,0,02,000,00,2,1,05,A01
200500077663,0,07,000,00,0,1,02,B01
200500077664,0,07,000,12,0,1,01,A01
200500077665,0,07,000,00,2,3,15,A01
200500077665,0,02,000,00,2,2,02,B01
200500077666,0,05,000,00,2,1,01,A01
200500077666,0,07,000,00,2,1,15,B01
200500077667,0,07,000,00,2,1,01,B01
200500077667,0,07,000,00,2,7,01,A01
200500077668,0,07,000,00,1,1,01,A01
200500077669,0,02,000,00,2,1,02,B01
200500077669,0,07,000,00,2,5,15,A01
200500077670,0,07,000,00,2,2,00,B01
200500077670,0,07,000,01,2,1,01,A01
200500077671,0,07,000,00,0,0,00,A01
200500077672,0,07,000,00,0,6,00,B01
200500077672,0,18,001,00,0,0,00,A01
200500077673,0,07,000,00,1,1,01,A01
200500077674,0,07,000,00,2,4,01,B01
200500077674,0,07,000,00,2,1,01,A01
200500077675,0,07,000,00,2,3,15,B01
200500077675,0,02,000,00,2,5,02,A01
200500077676,0,14,000,00,1,2,01,A01
200500077677,0,07,000,00,0,4,00,B01
200500077677,0,07,000,00,2,1,02,A01
200500077678,0,07,000,00,2,2,01,A01
200500077678,0,07,000,00,2,3,01,B01
200500077679,0,07,000,00,2,3,21,B01
200500077679,0,07,000,00,2,2,10,A01
200500077680,0,07,000,00,2,0,15,A01
200500077680,0,05,000,00,2,0,01,B01
200500077681,0,07,000,00,0,6,00,A01
200500077681,0,02,000,00,0,1,00,B01
200500077682,0,07,000,00,2,7,02,A01
200500077682,0,04,000,00,2,1,00,B01
200500077683,0,07,000,06,0,1,02,A01
200500077684,0,07,000,00,2,1,15,B01
200500077684,0,05,000,00,2,7,02,A01
200500077685,0,02,000,00,0,7,01,A01
200500077686,0,07,000,00,2,1,00,A01
200500077686,0,04,000,00,2,1,01,B01
200500077687,0,07,000,00,2,3,13,A01
200500077687,0,07,000,00,2,6,01,B02
200500077687,0,07,000,00,2,3,01,C03
200500077687,0,07,000,00,2,6,01,D04
200500077688,0,07,000,02,0,3,01,A01
200500077689,0,05,000,00,0,7,01,A01
200500077689,0,07,000,00,0,8,11,B02
200500077690,0,07,000,00,2,1,01,A01
200500077690,0,07,000,00,2,4,23,B02
200500077691,0,07,000,00,1,2,01,A01
200500077692,0,07,000,13,0,2,01,A01
200500077693,0,07,000,00,2,7,15,A01
200500077693,0,01,000,00,2,1,01,B02
200500077694,0,07,000,00,2,2,01,A01
200500077694,0,01,000,00,2,1,05,B02
200500077695,0,07,000,00,0,1,14,A01
200500077696,0,07,000,00,0,0,10,A01
200500077696,0,07,000,02,0,1,01,B02
200500077697,0,07,000,00,2,8,13,A01
200500077697,0,07,000,00,2,3,01,B02
200500077698,0,07,000,00,2,2,15,A01
200500077698,0,05,000,00,2,1,01,B02
200500077699,0,07,000,00,2,3,01,A01
200500077699,0,01,000,00,2,1,01,B02
200500077700,0,07,000,13,2,0,01,A01
200500077701,0,07,000,06,0,1,01,A01
200500077702,0,07,000,00,2,1,17,A01
200500077702,0,07,000,00,0,6,15,B02
200500077703,0,02,000,00,0,0,01,A01
200500077704,0,07,000,01,0,1,13,A01
200500077704,0,07,000,00,0,1,24,B02
200500077705,0,07,000,00,0,0,00,A01
200500077705,0,07,000,00,2,2,01,B02
200500077706,0,07,000,06,0,8,01,A01
200500077707,0,07,000,00,2,7,13,A01
200500077707,0,07,000,00,2,1,01,B02
200500077708,0,07,000,00,1,1,01,A01
200500077709,0,07,000,00,1,3,00,A01
200500077710,0,07,000,00,2,1,17,A01
200500077710,0,07,000,00,2,1,01,B02
200500077711,0,17,000,03,2,0,06,A01
200500077711,0,07,000,00,2,1,01,C03
200500077711,0,07,000,03,2,1,01,D04
200500077711,0,07,000,00,2,1,01,E05
200500077712,0,07,000,00,2,3,01,A01
200500077712,0,07,000,00,0,3,01,B02
200500077713,0,07,000,08,0,3,13,A01
200500077714,0,07,000,00,2,3,13,A01
200500077714,0,07,000,00,2,1,01,B02
200500077715,0,07,000,16,0,9,01,A01
200500077716,0,07,000,02,0,7,00,A01
200500077717,0,07,000,02,2,1,01,A01
200500077717,0,07,000,00,2,3,01,B02
200500077718,0,07,000,00,2,8,15,B02
200500077718,0,07,000,00,2,3,01,A01
200500077719,0,07,000,07,0,1,01,A01
200500077720,0,07,000,00,1,3,01,A01
200500077720,0,07,000,00,1,3,01,B02
200500077721,0,07,000,00,9,2,01,A01
200500077721,0,04,000,00,0,8,15,B02
200500077722,0,07,000,00,2,1,17,A01
200500077722,0,07,000,00,2,1,01,B02
200500077723,0,05,000,00,2,6,01,B02
200500077723,0,07,000,00,2,3,19,A01
200500077724,0,07,000,00,0,0,01,A01
200500077725,0,07,000,00,2,2,01,A01
200500077725,0,01,000,00,2,8,01,B02
200500077726,0,07,000,08,0,1,01,A01
200500077727,0,07,000,00,2,6,13,A01
200500077727,0,07,000,00,2,1,17,B02
200500077728,0,07,000,00,1,2,01,A01
200500077729,0,07,000,06,0,1,01,A01
200500077730,0,07,000,02,0,7,01,A01
200500077731,0,07,000,00,2,2,01,A01
200500077731,0,07,000,00,2,3,01,B02
200500077732,0,05,000,00,2,4,15,A01
200500077732,0,07,000,00,2,1,01,B02
200500077733,0,07,000,00,2,6,01,A01
200500077733,0,05,000,00,2,8,13,B02
200500077733,0,10,000,00,2,3,01,C03
200500077734,0,07,000,00,2,3,01,A01
200500077734,0,07,000,00,2,3,13,B02
200500077735,0,07,000,00,2,2,01,A01
200500077735,0,07,000,00,2,3,01,B02
200500077735,0,07,000,00,2,3,01,C03
200500077736,0,07,000,00,9,1,01,A01
200500077736,0,20,000,00,0,4,01,B02
200500077737,0,07,000,00,2,7,17,A01
200500077737,0,07,000,00,2,1,01,B02
200500077738,0,02,000,00,2,1,13,A01
200500077738,0,07,000,00,2,3,01,B02
200500077739,0,07,000,02,0,8,01,A01
200500077740,0,07,000,00,2,1,01,A01
200500077740,0,07,000,00,0,4,01,B02
200500077741,0,07,000,02,0,1,01,A01
200500077742,0,07,000,00,2,3,15,A01
200500077742,0,02,000,00,2,0,01,B02
200500077743,0,07,000,08,0,9,13,A01
200500077744,0,07,000,00,2,3,15,A01
200500077745,0,07,000,00,0,0,00,A01
200500077746,0,07,000,13,0,9,01,A01
200500077747,0,07,000,00,2,1,01,A01
200500077747,0,02,000,00,2,7,01,B02
200500077748,0,07,000,15,0,1,01,A01
200500077749,0,07,000,00,2,1,00,A01
200500077750,0,02,000,00,2,3,01,A01
200500077750,0,07,000,00,2,2,15,B02
200500077751,0,07,000,06,0,1,01,A01
200500077752,0,17,000,00,2,3,01,A01
200500077752,0,07,000,00,2,1,13,B02
200500077753,0,07,000,00,2,8,15,A01
200500077753,0,02,000,00,2,7,17,B02
200500077754,0,01,000,00,2,1,23,A01
200500077754,0,07,000,00,0,3,15,B02
200500077755,0,07,000,01,0,1,01,A01
200500077756,0,02,000,01,0,1,01,A01
200500077757,0,07,000,00,2,2,19,A01
200500077757,0,05,000,00,2,1,01,B02