Num_Acc,senc,catv,occutc,obs,obsm,choc,manv,num_veh
200500078145,0,02,000,12,0,1,01,A01
200500078146,0,14,000,00,2,8,01,A01
200500078146,0,07,000,00,2,3,01,B02
200500078146,0,07,000,00,9,8,01,C03
200500078147,0,05,000,13,0,1,01,A01
200500078148,0,07,000,00,2,1,05,A01
200500078148,0,07,000,00,2,1,01,B02
200500078149,0,07,000,13,0,2,01,A01
200500078150,0,07,000,00,1,2,19,A01
200500078151,0,07,000,00,9,3,09,A01
200500078151,0,02,000,00,2,1,01,B02
200500078152,0,02,000,00,2,1,01,A01
200500078152,0,07,000,00,0,2,10,B02
200500078153,0,07,000,00,2,3,00,A01
200500078153,0,07,000,00,2,3,00,B02
200500078154,0,07,000,02,0,8,01,A01
200500078155,0,07,000,00,5,1,01,A01
200500078156,0,02,000,00,1,1,01,A01
200500078157,0,07,000,00,1,2,14,A01
200500078158,0,07,000,03,0,1,13,A01
200500078158,0,07,000,03,0,1,00,B02
200500078159,0,02,000,12,0,1,05,A01
200500078160,0,07,000,13,0,3,21,A01
200500078161,0,07,000,13,0,3,21,A01
200500078162,0,07,000,00,2,1,01,B02
200500078162,0,07,000,00,0,8,19,A01
200500078163,0,07,000,02,0,3,13,A01
200500078164,0,07,000,13,0,2,14,A01
200500078165,0,07,000,13,0,3,01,A01
200500078166,0,07,000,00,2,3,13,A01
200500078166,0,17,000,00,2,3,01,B02
200500078167,0,07,000,00,2,3,17,A01
200500078167,0,10,000,00,2,3,01,B02
200500078167,0,10,000,00,9,1,01,C03
200500078168,0,07,000,00,2,1,01,A01
200500078168,0,07,000,00,1,4,01,B02
200500078169,0,07,000,00,2,3,05,A01
200500078169,0,07,000,00,2,8,05,B02
200500078170,0,07,000,00,2,2,01,A01
200500078170,0,99,000,00,2,3,19,B02
200500078171,0,07,000,00,2,1,13,A01
200500078171,0,07,000,00,2,1,00,B02
200500078172,0,07,000,00,2,8,19,A01
200500078172,0,07,000,00,2,1,01,B02
200500078173,0,07,000,00,2,7,01,A01
200500078173,0,07,000,00,2,2,15,B02
200500078174,0,07,000,00,0,3,13,A01
200500078175,0,07,000,13,0,1,01,A01
200500078176,0,07,000,00,2,1,00,A01
200500078176,0,07,000,00,2,3,00,B02
200500078177,0,07,000,00,1,3,01,A01
200500078178,0,07,000,00,2,1,02,A01
200500078178,0,02,000,00,0,4,02,B02
200500078179,0,02,000,00,2,1,01,B02
200500078179,0,04,000,00,2,8,19,A01
200500078180,0,02,000,00,2,1,01,A01
200500078180,0,07,000,00,9,2,15,B02
200500078181,0,07,000,00,2,3,01,A01
200500078181,0,07,000,00,2,3,01,B02
200500078182,0,07,000,00,2,2,15,A01
200500078182,0,07,000,00,2,1,01,B02
200500078183,0,07,000,02,0,9,17,A01
200500078184,0,07,000,00,2,7,13,A01
200500078184,0,07,000,00,2,1,01,B02
200500078185,0,07,000,00,2,8,19,A01
200500078185,0,07,000,00,2,1,01,B02
200500078186,0,07,000,00,2,1,13,A01
200500078186,0,07,000,00,2,3,01,B02
200500078187,0,07,000,00,2,2,19,A01
200500078187,0,07,000,00,2,3,01,B02
200500078188,0,02,000,00,2,1,13,A01
200500078188,0,07,000,00,2,1,01,B02
200500078189,0,07,000,00,0,4,16,A01
200500078189,0,07,000,00,2,1,16,B02
200500078190,0,04,000,00,0,0,01,A01
200500078191,0,07,000,00,0,9,01,A01
200500078192,0,07,000,00,2,3,13,A01
200500078192,0,07,000,00,2,3,01,B02
200500078193,0,07,000,02,0,1,01,A01
200500078194,0,07,000,08,0,2,01,A01
200500078195,0,07,000,00,2,2,15,A01
200500078195,0,02,000,00,2,1,01,B02
200500078196,0,07,000,00,9,3,01,A01
200500078196,0,05,000,00,2,8,05,B02
200500078197,0,07,000,00,2,3,13,A01
200500078197,0,07,000,13,2,3,01,B02
200500078198,0,07,000,00,2,1,01,A01
200500078198,0,07,000,00,2,4,15,B02
200500078199,0,07,000,08,0,1,01,A01
200500078200,0,07,000,00,2,6,09,B02
200500078200,0,07,000,00,0,0,00,A01
200500078201,0,07,000,06,2,2,01,A01
200500078201,0,18,045,00,2,3,01,B02
200500078202,0,07,000,06,0,3,01,A01
200500078202,0,07,000,01,0,3,01,B02
200500078203,0,07,000,02,0,1,01,A01
200500078204,0,10,000,08,0,3,13,A01
200500078205,0,07,000,00,2,3,01,A01
200500078205,0,17,000,00,0,0,01,B02
200500078206,0,07,000,00,0,3,01,A01
200500078207,0,07,000,00,0,3,01,A01
200500078208,0,07,000,00,1,1,01,A01
200500078209,0,07,000,00,0,2,17,A01
200500078209,0,07,000,00,0,3,15,B02
200500078210,0,20,000,00,9,2,15,A01
200500078210,0,20,000,00,0,0,00,C03
200500078210,0,01,000,00,2,3,01,D04
200500078211,0,07,000,00,2,3,15,A01
200500078211,0,02,000,00,2,1,01,B02
200500078212,0,07,000,00,2,2,01,A01
200500078212,0,04,000,00,2,1,05,B02
200500078213,0,07,000,00,2,3,13,A01
200500078213,0,07,000,00,2,3,01,B02
200500078213,0,07,000,00,2,8,01,C03
200500078214,0,07,000,00,0,7,09,A01
200500078214,0,07,000,00,2,1,01,B02
200500078215,0,07,000,13,0,1,01,A01
200500078216,0,07,000,13,0,1,01,A01
200500078217,0,07,000,00,2,7,01,A01
200500078217,0,07,000,00,0,1,01,B02
200500078218,0,07,000,00,0,0,00,A01
200500078218,0,07,000,00,0,0,00,B02
200500078219,0,07,000,00,2,3,01,A01
200500078219,0,07,000,00,2,1,00,B02
200500078220,0,02,000,02,0,1,01,A01
200500078221,0,07,000,00,2,3,01,A01
200500078221,0,07,000,00,2,8,15,B02
200500078222,0,07,000,00,2,1,05,A01
200500078222,0,07,000,00,0,2,02,B02
200500078222,0,07,000,00,2,1,01,C03
200500078223,0,01,000,00,0,7,01,A01
200500078224,0,02,000,00,2,7,17,A01
200500078224,0,07,000,00,2,2,17,B02
200500078225,0,07,000,01,0,1,01,A01
200500078225,0,08,000,00,0,4,23,B02
200500078226,0,07,000,00,2,2,05,A01
200500078226,0,07,000,00,2,2,21,B02
200500078227,0,02,000,00,2,1,13,A01
200500078227,0,07,000,00,9,3,01,B02
200500078228,0,07,000,06,0,2,01,A01
200500078229,0,07,000,16,0,8,01,A01
200500078230,0,07,000,02,0,2,01,A01
200500078231,0,17,000,00,2,0,01,A01
200500078231,0,07,000,00,9,1,01,B02
200500078231,0,07,000,00,9,1,01,C03
200500078232,0,07,000,02,0,7,13,A01
200500078233,0,02,000,00,2,8,15,A01
200500078233,0,07,000,00,2,8,21,B02
200500078233,0,07,000,00,2,1,01,C03
200500078234,0,07,000,00,1,7,13,A01
200500078235,0,07,000,00,2,1,01,A01
200500078235,0,07,000,00,2,3,16,B02
200500078236,0,07,000,13,0,9,02,A01
200500078237,0,07,000,01,0,4,01,A01
200500078238,0,07,000,00,2,1,01,A01
200500078238,0,07,000,00,2,1,15,B02
200500078239,0,07,000,00,1,2,01,A01
200500078240,0,07,000,00,2,3,01,A01
200500078240,0,07,000,00,2,1,16,B02
200500078241,0,07,000,00,2,1,01,A01
200500078241,0,01,000,00,2,4,15,B02
200500078242,0,07,000,07,2,1,15,A01
200500078242,0,07,000,00,2,1,01,B02
200500078243,0,05,000,00,2,1,01,A01
200500078243,0,07,000,00,2,7,19,B02
200500078244,0,07,000,00,2,2,01,A01
200500078244,0,07,000,00,0,5,05,B02
200500078245,0,07,000,00,9,1,16,A01
200500078245,0,01,000,00,2,4,01,B02
200500078246,0,02,000,00,0,7,01,A01
200500078247,0,07,000,00,0,3,21,A01
200500078247,0,07,000,00,0,3,01,B02
200500078248,0,07,000,00,2,1,13,A01
200500078248,0,14,000,00,2,1,01,B02
200500078249,0,07,000,02,0,1,01,A01
200500078250,0,07,000,00,1,1,01,A01
200500078251,0,02,000,00,2,8,15,A01
200500078251,0,10,000,00,2,3,01,B02
200500078252,0,07,000,00,2,1,01,A01
200500078252,0,07,000,00,2,3,01,B02
200500078253,0,07,000,00,2,1,13,A01
200500078253,0,10,000,00,2,1,01,B02
200500078254,0,07,000,00,2,2,15,A01
200500078254,0,02,000,00,2,1,01,B02
200500078255,0,07,000,02,0,1,02,A01
200500078256,0,07,000,13,0,1,14,A01
200500078257,0,07,000,00,2,1,13,A01
200500078257,0,16,000,00,2,7,01,B02
200500078258,0,02,000,01,0,7,17,A01
200500078259,0,07,000,13,0,3,13,A01
200500078260,0,05,000,00,0,1,01,A01
200500078261,0,07,000,00,0,9,14,A01
200500078262,0,14,000,02,0,3,01,A01
200500078263,0,02,000,00,2,1,15,A01
200500078263,0,07,000,00,2,2,01,B02
200500078264,0,07,000,02,0,2,01,A01
200500078265,0,07,000,08,0,5,01,A01
200500078266,0,07,000,00,9,2,15,A01
200500078266,0,01,000,00,2,1,01,B02
200500078267,0,07,000,16,0,1,01,A01
200500078268,0,07,000,13,0,1,17,A01
200500078269,0,07,000,00,2,2,15,A01
200500078269,0,07,000,00,2,1,01,B02
200500078270,1,07,000,00,1,2,01,A01
200500078271,0,07,000,00,2,3,13,A01
200500078271,0,07,000,00,2,8,01,B02
200500078272,0,07,000,00,0,1,13,A01
200500078272,0,07,000,00,0,1,01,B02
200500078273,0,07,000,08,0,1,13,A01
200500078274,0,07,000,00,1,1,01,A01
200500078275,0,07,000,00,1,1,03,A01
200500078276,0,07,000,00,2,1,13,A01
200500078276,0,17,000,00,2,1,01,B02
200500078277,0,07,000,06,0,3,01,A01
200500078278,0,07,000,00,1,2,01,A01
200500078279,0,07,000,00,2,7,18,A01
200500078279,0,07,000,00,2,1,01,B02
200500078279,0,14,000,00,0,0,17,C03
200500078280,0,15,000,00,1,3,01,A01
200500078281,0,07,000,00,1,2,00,A01
200500078282,0,07,000,00,0,3,01,A01
200500078282,0,07,000,00,2,1,15,B02
200500078283,0,07,000,06,0,1,01,A01
200500078284,0,07,000,00,2,1,15,A01
200500078284,0,10,000,00,2,1,01,B02
200500078285,0,02,000,00,0,7,15,A01
200500078285,0,07,000,00,0,2,01,B02
200500078286,0,07,000,02,0,8,01,A01
200500078287,0,07,000,00,2,1,01,A01
200500078287,0,07,000,00,2,7,01,B02
200500078288,0,07,000,00,2,3,19,A01
200500078288,0,02,000,00,2,1,01,B02
200500078289,0,07,000,00,2,1,01,A01
200500078289,0,07,000,00,2,1,01,B02
200500078290,0,07,000,13,0,1,01,A01
200500078291,0,07,000,00,2,7,01,A01
200500078291,0,07,000,00,2,3,10,B02
200500078292,0,07,000,00,0,3,17,A01
200500078292,0,07,000,00,0,3,01,B02
200500078293,0,07,000,02,0,9,13,A01
200500078294,0,07,000,00,2,1,01,A01
200500078294,0,07,000,00,2,1,15,B02
200500078295,0,02,000,13,0,1,01,A01
200500078296,0,17,000,13,0,5,01,A01
200500078297,0,02,000,00,2,1,01,A01
200500078297,0,07,000,00,2,3,00,B02
200500078298,0,07,000,00,1,1,01,A01
200500078299,0,07,000,14,0,1,01,A01
200500078300,0,07,000,08,0,1,01,A01
200500078301,0,07,000,13,0,2,01,A01
200500078302,0,02,000,00,1,0,01,A01
200500078303,0,07,000,00,2,1,13,A01
200500078303,0,07,000,00,2,1,01,B02
200500078304,0,07,000,06,0,2,01,A01
200500078305,0,07,000,00,9,7,15,A01
200500078305,0,01,000,00,2,1,01,B02
200500078306,0,07,000,00,2,2,13,A01
200500078306,0,07,000,00,2,3,01,B02
200500078307,0,17,000,00,2,8,10,A01
200500078307,0,17,000,00,2,1,01,B02
200500078308,0,07,000,00,1,2,01,A01
200500078309,0,07,000,00,2,3,01,A01
200500078309,0,02,000,00,0,5,01,B02
200500078310,0,07,000,13,0,2,01,A01
200500078311,0,07,000,00,2,6,01,B02
200500078311,0,02,000,00,2,1,01,A01
200500078312,0,07,000,13,0,2,01,A01
200500078313,0,07,000,02,0,1,13,A01
200500078314,0,07,000,00,0,3,13,A01
200500078314,0,07,000,00,0,3,01,B02
200500078315,0,02,000,00,2,1,19,A01
200500078315,0,09,000,00,0,5,01,B02
200500078316,0,21,000,00,2,2,19,A01
200500078316,0,07,000,00,9,3,01,B02
200500078317,0,07,000,00,1,3,01,A01
200500078318,0,07,000,00,2,2,01,A01
200500078318,0,07,000,00,2,8,01,B02
200500078319,0,07,000,02,0,3,01,A01
200500078320,0,07,000,02,0,1,01,A01
200500078321,0,07,000,06,0,1,01,A01
200500078322,0,14,000,00,0,1,01,A01
200500078323,0,07,000,00,1,3,01,A01
200500078323,0,99,000,00,0,0,00,B02
200500078324,0,07,000,13,0,3,01,A01
200500078325,0,05,000,00,2,0,13,A01
200500078325,0,07,000,00,2,1,01,B02
200500078326,0,07,000,00,1,3,01,A01
200500078327,0,07,000,00,1,7,01,A01
200500078328,0,07,000,00,2,8,15,A01
200500078328,0,14,000,00,2,3,01,B02
200500078329,0,07,000,13,2,1,01,B02
200500078329,0,07,000,00,2,2,15,A01
200500078330,0,07,000,00,1,3,01,A01
200500078331,0,07,000,00,2,8,01,A01
200500078331,0,07,000,00,2,1,01,B02
200500078331,0,07,000,00,2,3,00,C03
200500078332,0,17,000,00,2,1,01,A01
200500078332,0,07,000,00,2,2,13,B02
200500078333,0,07,000,00,2,7,13,A01
200500078333,0,07,000,00,2,1,01,B02
200500078334,0,05,000,00,0,7,01,A01
200500078335,0,07,000,00,2,3,09,A01
200500078335,0,02,000,00,2,1,01,B02
200500078336,0,07,000,00,0,9,00,A01
200500078337,0,07,000,00,0,9,13,A01
200500078338,0,14,000,00,2,3,01,A01
200500078338,0,10,000,00,2,5,00,B02
200500078338,0,07,000,00,2,3,01,C03
200500078338,0,13,000,00,2,3,01,D04
200500078339,0,07,000,02,0,8,00,A01
200500078340,0,02,000,00,0,7,01,A01
200500078341,0,07,000,00,2,7,01,A01
200500078341,0,07,000,00,2,3,01,B02
200500078342,0,07,000,00,0,1,00,A01
200500078343,0,07,000,13,0,3,00,A01
200500078344,0,07,000,13,0,1,13,A01
200500078345,0,07,000,00,2,8,01,B02
200500078345,0,07,000,00,2,8,15,A01
200500078346,0,07,000,00,1,2,01,A01
200500078347,0,07,000,06,0,6,01,A01
200500078348,0,07,000,00,0,3,13,B02
200500078348,0,07,000,00,2,8,23,A01
200500078349,0,07,000,00,2,2,15,A01
200500078349,0,07,000,00,2,1,01,B02
200500078350,0,02,000,00,2,2,01,A01
200500078350,0,10,000,00,2,3,15,B02
200500078351,0,07,000,13,0,3,13,A01
200500078352,0,07,000,13,0,3,17,A01
200500078353,0,07,000,00,1,1,02,A01
200500078354,0,07,000,13,0,1,01,A01
200500078355,0,07,000,03,0,7,01,A01
200500078356,0,07,000,13,0,7,01,A01
200500078357,0,07,000,06,0,7,01,A01
200500078358,0,07,000,00,2,1,13,A01
200500078358,0,07,000,00,2,3,01,B02
200500078359,0,07,000,00,2,3,01,A01
200500078359,0,02,000,00,2,3,01,B02
200500078360,0,07,000,00,2,8,19,A01
200500078360,0,07,000,00,2,1,01,B02
200500078361,0,07,000,00,2,7,15,A01
200500078361,0,07,000,00,2,1,01,B02
200500078362,0,07,000,00,2,5,01,A01
200500078362,0,07,000,00,2,3,01,B02
200500078363,0,07,000,02,0,7,01,A01
200500078364,0,07,000,02,0,1,01,A01
200500078364,0,07,000,13,0,8,21,B02
200500078364,0,07,000,00,2,1,01,C03
200500078364,0,07,000,00,2,1,21,D04
200500078365,0,07,000,00,2,1,01,A01
200500078365,0,07,000,00,2,1,01,B02
200500078366,0,07,000,02,0,2,14,A01
200500078367,0,05,000,00,2,1,17,A01
200500078367,0,07,000,00,2,1,19,B02
200500078368,0,07,000,09,0,1,13,A01
200500078369,0,07,000,00,2,3,23,A01
200500078369,0,07,000,00,0,2,01,B02
200500078370,0,07,000,13,0,9,01,A01
200500078371,0,07,000,08,0,0,00,A01
200500078372,0,07,000,00,0,8,01,A01
200500078372,0,07,000,00,2,1,19,B02
200500078373,0,07,000,00,2,4,15,A01
200500078373,0,07,000,00,2,3,01,B02
200500078374,0,07,000,02,0,8,13,A01
200500078375,0,07,000,00,2,8,13,A01
200500078375,0,07,000,00,2,1,01,B02
200500078375,0,07,000,00,2,1,01,C03
200500078376,0,07,000,02,0,1,14,A01
200500078377,0,07,000,00,2,1,15,A01
200500078377,0,05,000,00,2,1,01,B02
200500078378,0,05,000,00,2,3,01,A01
200500078378,0,07,000,00,2,8,15,B02
200500078379,0,07,000,00,2,1,01,B02
200500078379,0,07,000,00,2,1,01,A01
200500078380,0,07,000,00,2,2,15,A01
200500078380,0,07,000,00,2,1,01,B02
200500078381,0,07,000,00,0,1,01,A01
200500078382,0,02,000,00,2,1,01,B02
200500078382,0,07,000,00,2,3,15,A01
200500078383,0,07,000,13,0,9,02,A01
200500078384,0,07,000,13,0,1,13,A01
200500078385,0,07,000,00,0,7,01,A01
200500078386,0,07,000,00,2,1,11,A01
200500078386,0,07,000,03,2,4,01,B02
200500078387,0,07,000,02,0,1,13,A01
200500078388,0,07,000,06,0,1,01,A01
200500078389,0,07,000,13,0,2,01,A01
200500078390,0,17,000,13,0,3,01,A01
200500078391,0,07,000,02,0,1,01,A01
200500078392,0,07,000,00,2,1,01,A01
200500078392,0,02,000,00,2,1,01,B02
200500078393,0,07,000,02,0,7,01,A01
200500078394,0,07,000,00,0,3,01,A01
200500078395,0,07,000,02,0,1,01,A01
200500078396,0,07,000,00,2,1,01,A01
200500078396,0,07,000,00,2,4,01,B02
200500078397,0,07,000,00,2,3,01,A01
200500078397,0,07,000,00,2,3,01,B02
200500078398,0,07,000,00,1,2,01,A01
200500078399,0,07,000,13,0,1,13,A01
200500078400,0,15,000,00,2,2,21,A01
200500078400,0,07,000,00,2,1,01,B02
200500078401,0,07,000,02,0,8,21,A01
200500078402,0,07,000,00,2,1,13,A01
200500078402,0,07,000,00,2,1,01,B02
200500078402,0,10,000,00,2,1,01,C03
200500078403,0,07,000,00,2,2,15,A01
200500078403,0,07,000,00,2,3,01,B02
200500078404,0,07,000,01,0,1,01,A01
200500078404,0,07,000,00,0,4,23,B02
200500078405,0,07,000,13,0,7,01,A01
200500078406,0,05,000,16,0,9,01,A01
200500078407,0,15,000,00,2,2,01,A01
200500078407,0,07,000,00,2,3,19,B02
200500078408,0,07,000,00,9,1,01,A01
200500078408,0,14,000,00,2,8,01,B02
200500078408,0,07,000,00,2,1,13,C03
200500078409,0,07,000,00,2,2,06,A01
200500078409,0,07,000,00,2,8,01,B02
200500078410,0,02,000,00,2,1,01,A01
200500078410,0,07,000,00,2,2,15,B02
200500078411,0,07,000,00,2,1,13,A01
200500078411,0,07,000,00,2,2,02,B02
200500078412,0,07,000,00,2,3,13,A01
200500078412,0,07,000,00,2,3,05,B02
200500078413,0,07,000,00,0,3,01,A01
200500078413,0,07,000,00,0,3,00,B02
200500078414,0,07,000,00,2,3,01,A01
200500078414,0,07,000,00,2,6,01,B02
200500078415,0,07,000,00,2,8,01,A01
200500078415,0,07,000,00,2,8,01,B02
200500078415,0,07,000,00,2,1,01,C03
200500078416,0,07,000,00,2,1,01,A01
200500078416,0,99,000,00,2,1,01,B02
200500078417,0,10,000,13,0,1,01,A01
200500078418,0,01,000,00,2,1,01,A01
200500078419,0,07,000,00,2,3,01,B02
200500078419,0,15,000,00,2,3,19,A01
200500078420,0,18,014,13,0,2,14,A01
200500078421,0,07,000,00,1,7,01,A01
200500078422,1,07,000,00,2,7,15,A01
200500078422,0,02,000,00,2,1,01,B02
200500078423,0,07,000,00,0,1,02,A01
200500078423,0,07,000,00,0,6,00,B02
200500078424,0,07,000,00,2,8,19,B02
200500078424,0,07,000,00,2,1,01,A01
200500078425,0,07,000,00,2,2,15,A01
200500078425,0,07,000,00,2,1,01,B02
200500078426,0,07,000,02,0,1,01,A01
200500078427,0,07,000,00,2,3,17,A01
200500078427,0,07,000,00,2,3,01,B02
200500078428,0,07,000,13,0,9,01,A01
200500078429,0,10,000,00,2,8,19,A01
200500078429,0,10,000,00,2,1,01,B02
200500078430,0,07,000,00,2,1,17,A01
200500078430,0,07,000,00,2,1,01,B02
200500078431,0,07,000,13,0,9,01,A01
200500078432,0,07,000,13,0,2,01,A01
200500078433,0,07,000,00,1,1,01,A01
200500078434,0,07,000,00,2,3,01,A01
200500078434,0,10,000,02,2,3,01,B02
200500078435,0,07,000,02,0,7,01,A01
200500078436,0,07,000,00,2,1,05,A01
200500078436,0,07,000,00,2,1,01,B02
200500078437,0,07,000,13,0,1,01,A01
200500078438,0,13,000,00,2,1,21,B02
200500078438,0,07,000,00,2,3,19,A01
200500078439,0,07,000,00,2,3,01,A01
200500078439,0,05,000,00,2,1,01,B02
200500078440,0,07,000,08,0,2,01,A01
200500078441,0,07,000,00,2,4,13,A01
200500078441,0,07,000,00,2,1,01,B02
200500078442,0,07,000,13,0,1,00,A01
200500078443,0,07,000,06,0,2,01,A01
200500078444,0,01,000,00,0,4,01,A01
200500078444,0,07,000,00,9,1,15,B02
200500078445,0,07,000,08,0,0,01,A01
200500078446,0,17,000,10,0,2,01,A01
200500078447,0,07,000,00,0,3,20,A01
200500078447,0,02,000,00,2,1,01,B02
200500078448,0,07,000,00,2,5,15,A01
200500078448,0,02,000,00,2,1,01,B02
200500078449,0,07,000,00,0,5,13,A01
200500078449,0,07,000,00,2,1,01,B02
200500078449,0,07,000,00,2,1,01,C03
200500078450,0,07,000,00,2,7,01,A01
200500078450,0,07,000,00,2,1,01,B02
200500078451,0,07,000,00,0,3,23,A01
200500078451,0,07,000,00,0,1,02,B02
200500078452,0,07,000,00,2,1,02,A01
200500078452,0,07,000,00,2,4,01,B02
200500078452,0,07,000,00,0,4,01,C03
200500078453,0,07,000,00,2,7,12,A01
200500078453,0,14,000,00,2,3,01,B02
200500078454,0,07,000,00,2,1,01,A01
200500078454,0,07,000,00,0,7,19,B02
200500078455,0,07,000,00,2,1,15,A01
200500078455,0,05,000,00,2,3,01,B02
200500078456,0,07,000,00,2,2,17,A01
200500078456,0,07,000,00,2,6,01,B02
200500078456,0,07,000,00,2,1,14,C03
200500078456,0,07,000,00,2,2,23,D04
200500078456,0,07,000,00,2,7,23,E05
200500078457,0,07,000,12,0,9,00,A01
200500078458,0,07,000,00,2,3,15,A01
200500078458,0,07,000,00,2,3,01,B02
200500078458,0,07,000,00,2,3,23,C03
200500078459,0,07,000,00,0,2,00,A01
200500078460,0,07,000,00,0,8,00,A01
200500078461,0,07,000,13,0,9,01,A01
200500078462,0,07,000,00,2,3,15,A01
200500078462,0,05,000,00,2,1,01,B02
200500078463,0,05,000,00,2,1,15,A01
200500078463,0,07,000,00,2,3,15,B02
200500078464,0,07,000,00,0,2,15,A01
200500078464,0,02,000,00,0,1,01,B02
200500078465,0,07,000,00,0,7,15,A01
200500078465,0,02,000,00,0,2,01,B02
200500078465,0,07,000,00,0,3,01,C03
200500078466,0,07,000,00,2,1,19,A01
200500078466,0,07,000,00,2,7,01,B02
200500078467,0,07,000,02,0,1,01,A01
200500078468,0,07,000,00,2,3,01,A01
200500078468,0,07,000,00,0,5,15,B02
200500078469,0,07,000,13,0,1,13,A01
200500078470,0,07,000,00,9,2,14,A01
200500078470,0,01,000,00,0,4,01,B02
200500078471,0,07,000,06,2,5,17,A01
200500078471,0,14,000,00,2,3,01,B02
200500078472,0,07,000,00,0,3,09,A01
200500078472,0,07,000,00,0,2,01,B02
200500078473,0,07,000,00,2,1,13,A01
200500078473,0,07,000,00,2,1,13,B02
200500078474,0,02,000,00,0,2,01,A01
200500078475,0,07,000,00,0,0,01,A01
200500078476,0,07,000,00,2,1,01,A01
200500078476,0,07,000,00,2,1,01,B02
200500078477,0,07,000,00,0,1,01,A01
200500078478,0,07,000,00,2,8,01,A01
200500078478,0,07,000,00,2,3,19,B02
200500078479,0,07,000,02,0,1,00,A01
200500078480,0,07,000,02,0,7,01,A01
200500078481,0,07,000,00,2,1,19,A01
200500078481,0,07,000,00,2,6,01,B02
200500078481,0,09,000,00,2,3,01,C03
200500078482,0,14,000,02,0,9,01,A01
200500078483,0,07,000,00,2,3,01,A01
200500078483,0,07,000,00,2,3,01,B02
200500078483,0,07,000,00,2,1,01,C03
200500078483,0,07,000,00,2,1,01,D04
200500078484,0,07,000,00,0,0,00,A01
200500078485,0,02,000,00,0,8,01,A01
200500078486,0,07,000,00,9,1,15,A01
200500078486,0,02,000,00,2,7,16,B02
200500078487,0,07,000,00,2,1,13,A01
200500078487,0,07,000,00,2,1,01,B02
200500078488,0,07,000,00,2,1,01,A01
200500078488,0,07,000,00,2,1,15,B02
200500078489,0,07,000,00,0,2,19,C03
200500078489,0,07,000,00,0,2,19,A01
200500078489,0,05,000,00,0,8,01,B02
200500078490,0,07,000,08,0,7,01,A01
200500078491,0,07,000,02,0,8,01,A01
200500078492,0,07,000,00,2,1,01,A01
200500078492,0,07,000,00,2,1,13,B02
200500078493,0,15,000,00,2,3,01,A01
200500078493,0,01,000,00,2,1,13,B02
200500078494,0,04,000,00,2,7,05,A01
200500078494,0,07,000,00,2,1,01,B02
200500078495,0,07,000,00,2,2,01,A01
200500078495,0,07,000,00,2,2,01,B02
200500078496,0,07,000,02,0,1,01,A01
200500078497,0,07,000,00,0,4,01,A01
200500078497,0,07,000,00,0,1,01,B02
200500078498,0,07,000,16,0,1,01,A01
200500078499,0,07,000,02,0,7,01,A01
200500078500,0,07,000,13,0,4,14,A01
200500078501,0,07,000,02,0,1,13,A01
200500078501,0,17,000,00,0,2,01,B02
200500078502,0,07,000,00,0,1,13,A01
200500078502,0,07,000,00,0,1,01,B02
200500078503,0,07,000,02,0,1,01,A01
200500078504,0,07,000,00,2,1,01,A01
200500078504,0,07,000,00,2,1,01,B02
200500078505,0,07,000,00,2,6,15,A01
200500078505,0,05,000,00,2,1,17,B02
200500078506,0,07,000,06,0,2,01,A01
200500078507,0,07,000,00,2,3,13,A01
200500078507,0,07,000,00,2,3,01,B02
200500078508,0,07,000,00,2,8,01,B02
200500078508,0,07,000,00,2,1,01,A01
200500078509,0,07,000,00,0,1,01,A01
200500078510,0,07,000,00,2,7,13,A01
200500078510,0,07,000,00,2,1,01,B02
200500078511,0,07,000,00,0,1,01,A01
200500078512,0,14,000,00,2,1,01,A01
200500078512,0,17,000,00,0,8,01,B02
200500078513,0,07,000,02,0,1,01,A01
200500078514,0,07,000,00,2,2,01,A01
200500078514,0,07,000,00,2,3,05,B02
200500078515,0,14,000,00,0,8,10,A01
200500078515,0,07,000,00,2,1,01,B02
200500078515,0,14,000,00,0,8,09,C03
200500078515,0,07,000,00,2,1,01,D04
200500078516,0,07,000,08,0,1,00,A01
200500078517,0,07,000,00,2,2,01,A01
200500078517,0,07,000,00,2,1,16,B02
200500078518,0,07,000,00,0,7,01,A01
200500078518,0,07,000,00,0,1,01,B02
200500078519,0,07,000,00,1,1,01,A01
200500078519,0,07,000,00,2,8,23,B02
200500078520,0,07,000,00,2,3,17,A01
200500078520,0,02,000,00,2,1,01,B02
200500078521,0,07,000,13,0,3,00,A01
200500078522,0,04,000,00,2,1,13,A01
200500078522,0,14,000,00,2,1,01,B02
200500078523,0,07,000,06,0,2,01,A01
200500078524,0,02,000,06,0,1,01,A01
200500078525,0,07,000,02,0,7,01,A01
200500078526,0,01,000,00,0,1,00,A01
200500078527,0,07,000,00,1,2,05,A01
200500078528,2,07,000,00,2,3,13,A01
200500078528,0,15,000,00,2,2,01,B02
200500078529,0,07,000,00,2,7,19,A01
200500078529,0,07,000,00,2,3,01,B02
200500078530,0,07,000,00,2,1,01,B02
200500078530,0,07,000,00,9,3,15,A01
200500078531,0,07,000,00,0,2,00,A01
200500078531,0,05,000,00,2,1,14,B02
200500078531,0,07,000,00,0,4,00,C03
200500078532,0,07,000,02,2,3,01,A01
200500078533,0,01,000,00,2,6,01,A01
200500078533,0,07,000,00,9,2,01,B02
200500078534,0,07,000,00,2,1,19,A01
200500078535,0,07,000,01,1,8,22,A01