Num_Acc,senc,catv,occutc,obs,obsm,choc,manv,num_veh
200500081119,0,07,000,00,2,3,01,C01
200500081120,0,07,000,00,0,0,00,A01
200500081121,0,07,000,00,2,1,02,A01
200500081121,0,07,000,00,2,4,02,B01
200500081121,0,07,000,00,2,4,02,C01
200500081122,0,07,000,00,2,4,12,A01
200500081122,0,17,000,00,2,3,01,B01
200500081123,0,07,000,00,1,1,15,A01
200500081124,0,07,000,01,2,3,01,A01
200500081124,0,07,000,00,2,6,01,B01
200500081124,0,07,000,00,2,4,01,C01
200500081125,0,07,000,00,1,5,01,A01
200500081126,0,07,000,00,2,3,12,A01
200500081126,0,07,000,00,2,2,01,B01
200500081127,0,07,000,00,2,1,01,A01
200500081127,0,07,000,00,2,3,01,B01
200500081128,0,07,000,00,1,1,15,A01
200500081129,0,02,000,00,2,1,17,A01
200500081129,0,07,000,00,2,2,15,B01
200500081130,0,07,000,00,2,3,15,A01
200500081130,0,01,000,00,2,1,01,B01
200500081131,0,07,000,00,2,1,01,B01
200500081131,0,07,000,00,2,3,16,A01
200500081132,0,07,000,00,1,2,01,A01
200500081133,2,07,000,00,2,1,01,A01
200500081133,0,07,000,00,2,5,15,B01
200500081134,0,07,000,00,2,1,05,A01
200500081134,0,07,000,00,2,1,01,B01
200500081135,0,07,000,00,1,3,15,A01
200500081136,0,07,000,00,2,3,11,A01
200500081136,0,05,000,00,2,6,01,B01
200500081137,1,07,000,00,1,2,01,A01
200500081138,0,07,000,00,2,1,16,A01
200500081138,0,01,000,00,2,8,01,B01
200500081139,0,10,000,00,2,6,20,A01
200500081140,0,07,000,00,2,9,14,A01
200500081140,0,07,000,00,2,9,01,B01
200500081141,0,07,000,00,4,8,19,A01
200500081141,0,19,000,00,2,1,01,B01
200500081142,0,07,000,00,1,4,04,A01
200500081143,0,02,000,00,2,7,16,A01
200500081143,0,07,000,00,2,3,00,B01
200500081143,0,07,000,00,2,8,01,C01
200500081144,0,07,000,09,1,4,04,A01
200500081145,0,05,000,00,2,1,01,A01
200500081145,0,07,000,00,2,1,01,B01
200500081145,0,07,000,00,2,4,23,C01
200500081146,0,07,000,00,2,1,01,B01
200500081146,0,07,000,00,2,3,09,A01
200500081147,0,07,000,00,2,3,13,B01
200500081147,0,05,000,00,2,1,01,A01
200500081148,0,07,000,00,2,1,17,A01
200500081148,0,07,000,00,2,1,01,B01
200500081148,0,07,000,00,2,1,01,C01
200500081149,0,07,000,00,2,7,15,A01
200500081149,0,02,000,01,2,1,01,B01
200500081150,0,07,000,00,2,7,15,A01
200500081150,0,02,000,00,2,1,01,B01
200500081151,0,02,000,00,2,1,01,A01
200500081151,0,07,000,00,2,4,01,B01
200500081152,0,02,000,00,2,1,01,A01
200500081152,0,07,000,00,0,4,23,B01
200500081153,0,14,000,00,2,2,12,A01
200500081153,0,07,000,00,2,3,01,B01
200500081153,0,07,000,11,0,5,01,C01
200500081154,0,07,000,00,2,1,02,A01
200500081154,0,07,000,01,2,4,23,B01
200500081155,0,07,000,13,0,1,14,A01
200500081156,0,07,000,00,2,3,15,A01
200500081156,0,02,000,00,2,5,01,B01
200500081157,1,07,000,00,1,2,17,A01
200500081158,0,07,000,00,1,1,01,A01
200500081159,0,07,000,08,0,1,01,A01
200500081160,0,02,000,00,2,3,02,A01
200500081160,0,07,000,00,2,3,15,B01
200500081161,0,02,000,00,2,1,02,A01
200500081161,0,07,000,00,2,4,23,B01
200500081162,0,05,000,00,2,0,01,A01
200500081162,1,99,000,00,0,0,00,B01
200500081163,0,07,000,02,0,1,01,A01
200500081164,0,07,000,01,0,1,01,A01
200500081165,0,07,000,15,1,7,14,A01
200500081165,0,07,000,13,2,7,23,B01
200500081166,0,07,000,13,0,1,01,A01
200500081167,1,02,000,00,2,3,13,A01
200500081167,0,02,000,00,2,1,01,B01
200500081168,0,07,000,00,2,3,02,A01
200500081168,1,07,000,00,2,8,15,B01
200500081169,0,10,000,00,2,2,15,A01
200500081169,0,07,000,00,0,8,01,B01
200500081170,0,07,000,00,1,1,01,A01
200500081171,0,07,000,00,2,1,19,A01
200500081171,0,07,000,00,2,1,01,B01
200500081172,0,07,000,13,0,1,01,A01
200500081173,0,07,000,00,2,1,02,A01
200500081173,0,07,000,00,2,4,02,B01
200500081174,0,07,000,08,0,7,13,A01
200500081175,0,07,000,00,2,1,01,A01
200500081175,0,07,000,00,2,4,01,B01
200500081176,0,07,000,00,2,1,16,A01
200500081176,0,07,000,00,2,1,01,B01
200500081177,0,07,000,00,1,1,16,A01
200500081178,0,07,000,00,2,1,06,A01
200500081178,0,07,000,00,2,1,01,B01
200500081178,0,07,000,00,2,1,01,C01
200500081179,0,09,000,15,2,1,13,A01
200500081179,0,15,000,00,2,1,05,B01
200500081180,0,07,000,00,1,3,01,A01
200500081181,0,07,000,00,2,2,01,A01
200500081181,0,01,000,00,1,8,09,B01
200500081182,0,07,000,00,2,4,00,A01
200500081182,0,07,000,00,2,1,01,B01
200500081182,0,07,000,00,2,1,01,C01
200500081183,0,07,000,00,2,4,10,A01
200500081183,0,05,000,00,2,7,01,B01
200500081184,0,07,000,01,0,1,01,A01
200500081185,0,07,000,00,1,1,01,A01
200500081186,0,07,000,00,1,2,01,A01
200500081187,0,07,000,00,1,2,01,A01
200500081188,0,03,000,01,9,1,01,A01
200500081189,0,07,000,00,2,1,01,B01
200500081189,0,07,000,00,2,3,16,A01
200500081190,0,07,000,01,0,1,00,A01
200500081190,0,10,000,00,2,5,00,B01
200500081191,0,07,000,06,0,1,01,A01
200500081192,0,07,000,00,2,3,01,B01
200500081192,0,07,000,00,2,8,16,A01
200500081193,0,07,000,13,0,9,01,A01
200500081194,0,07,000,03,0,3,00,A01
200500081195,0,07,000,00,2,7,23,C01
200500081195,0,07,000,00,2,2,23,D01
200500081195,0,07,000,00,2,3,15,A01
200500081195,0,07,000,01,2,3,13,B01
200500081196,0,07,000,08,0,1,13,A01
200500081197,0,14,000,00,0,4,23,A01
200500081197,0,07,000,00,2,1,01,B01
200500081197,0,07,000,00,2,1,01,C01
200500081198,0,02,000,00,2,1,01,B01
200500081198,0,07,000,00,2,3,09,A01
200500081199,0,07,000,00,1,2,16,A01
200500081200,0,07,000,00,0,2,01,A01
200500081200,0,07,000,00,0,3,16,B01
200500081201,0,07,000,00,2,1,09,A01
200500081201,0,07,000,00,2,8,15,B01
200500081202,0,07,000,00,0,3,01,B01
200500081202,0,07,000,00,0,6,01,C01
200500081202,0,07,000,00,0,2,19,A01
200500081203,0,07,000,08,0,1,01,A01
200500081204,0,07,000,00,1,4,04,A01
200500081205,0,07,000,00,0,9,13,A01
200500081206,0,07,000,00,1,3,10,A01
200500081207,0,07,000,00,1,1,01,A01
200500081208,0,07,000,08,0,2,06,A01
200500081209,0,07,000,00,1,1,01,A01
200500081210,0,07,000,13,0,1,01,A01
200500081211,0,07,000,00,1,1,01,A01
200500081212,0,07,000,00,1,2,16,A01
200500081213,0,07,000,00,1,1,01,A01
200500081214,0,07,000,00,1,2,01,A01
200500081215,0,07,000,00,1,1,01,A01
200500081216,0,07,000,00,1,1,15,A01
200500081217,0,07,000,00,1,2,01,A01
200500081218,0,02,000,00,0,1,01,B01
200500081218,0,07,000,00,2,2,01,A01
200500081219,0,07,000,00,1,2,01,A01
200500081220,0,07,000,00,2,7,15,A01
200500081220,0,07,000,00,2,1,01,B01
200500081220,0,10,000,00,2,7,01,C01
200500081221,0,07,000,00,2,3,15,A01
200500081221,0,07,000,00,2,1,01,B01
200500081222,0,04,000,00,2,1,02,A01
200500081222,0,07,000,00,2,4,23,B01
200500081223,0,07,000,00,2,8,19,A01
200500081223,0,04,000,00,2,2,01,B01
200500081224,0,18,038,00,1,7,16,A01
200500081225,0,07,000,00,2,8,15,A01
200500081225,0,05,000,00,2,1,01,B01
200500081226,0,02,000,00,2,1,02,A01
200500081226,0,07,000,00,2,6,23,B01
200500081227,1,07,000,00,2,1,01,A01
200500081227,0,07,000,00,0,7,01,B01
200500081228,0,07,000,00,2,3,13,A01
200500081228,0,07,000,00,2,3,01,B01
200500081229,0,07,000,00,2,1,01,A01
200500081229,0,07,000,00,2,8,01,B01
200500081230,0,07,000,00,1,2,16,A01
200500081231,0,07,000,00,1,2,01,A01
200500081232,0,07,000,00,2,7,01,B01
200500081232,0,07,000,00,2,1,01,A01
200500081233,0,07,000,00,2,1,02,A01
200500081233,0,07,000,00,2,4,20,B01
200500081234,0,07,000,00,2,1,02,A01
200500081234,0,07,000,00,2,4,02,B01
200500081235,0,07,000,00,2,3,01,B01
200500081235,0,07,000,00,2,2,01,A01
200500081236,0,02,000,00,2,1,01,A01
200500081236,0,07,000,00,0,4,01,B01
200500081237,0,07,000,00,1,1,01,A01
200500081238,0,02,000,00,2,1,01,B01
200500081238,0,07,000,00,2,2,15,A01
200500081239,0,07,000,00,1,1,02,A01
200500081240,0,07,000,01,0,2,14,A01
200500081240,0,07,000,00,2,4,24,B01
200500081241,0,18,001,00,1,2,15,A01
200500081242,0,07,000,00,1,1,01,A01
200500081243,0,07,000,00,2,7,10,A01
200500081243,0,02,000,00,2,1,01,B01
200500081244,0,07,000,00,2,3,01,B01
200500081244,0,07,000,00,2,1,01,A01
200500081245,0,14,000,00,2,2,12,A01
200500081245,0,07,000,00,2,3,01,B01
200500081246,0,07,000,00,2,6,01,A01
200500081246,0,02,000,00,2,1,01,B01
200500081247,1,99,000,00,2,3,05,A01
200500081247,0,07,000,00,2,6,01,B01
200500081248,0,07,000,00,2,3,15,A01
200500081248,0,01,000,00,2,1,01,B01
200500081249,0,07,000,00,2,3,09,A01
200500081249,0,02,000,00,2,1,09,B01
200500081250,0,04,000,00,2,1,01,B01
200500081250,0,07,000,00,2,3,01,A01
200500081251,0,05,000,00,1,1,01,A01
200500081252,0,07,000,00,1,1,01,A01
200500081253,0,14,000,00,2,1,02,A01
200500081253,0,07,000,00,2,4,02,B01
200500081254,0,05,000,00,2,1,06,B01
200500081254,0,07,000,00,2,6,06,A01
200500081255,1,99,000,00,2,7,01,A01
200500081255,0,01,000,00,2,8,01,B01
200500081256,0,07,000,00,9,2,01,A01
200500081256,0,01,000,00,2,8,15,B01
200500081257,0,04,000,00,2,1,01,A01
200500081257,0,07,000,00,2,4,01,B01
200500081258,0,07,000,00,2,0,16,A01
200500081258,0,05,000,00,2,7,01,B01
200500081259,1,05,000,00,1,1,00,A01
200500081260,0,02,000,00,2,1,01,A01
200500081260,0,07,000,00,0,2,00,B01
200500081261,0,07,000,08,0,1,13,A01
200500081262,0,07,000,00,2,1,02,A01
200500081262,0,10,000,00,2,4,02,B01
200500081262,0,07,000,00,2,4,02,C01
200500081263,0,07,000,00,2,4,01,A01
200500081263,1,07,000,00,2,1,02,B01
200500081264,0,05,000,00,0,9,00,A01
200500081265,0,04,000,00,2,4,01,A01
200500081265,1,07,000,00,2,1,00,B01
200500081266,0,07,000,00,2,0,00,A01
200500081266,0,02,000,00,2,0,00,B01
200500081267,0,04,000,00,2,1,07,A01
200500081267,0,07,000,00,2,7,14,B01
200500081268,1,07,000,00,1,4,04,A01
200500081269,0,07,000,00,2,1,02,A01
200500081269,0,07,000,00,2,4,02,B01
200500081270,0,07,000,00,2,0,00,B01
200500081270,1,07,000,00,2,0,00,A01
200500081271,0,07,000,00,2,2,05,A01
200500081271,0,10,000,00,0,3,01,B01
200500081272,0,07,000,00,2,2,15,A01
200500081272,0,05,000,00,2,1,01,B01
200500081273,0,07,000,02,0,8,01,A01
200500081274,0,05,000,00,2,5,01,A01
200500081274,0,07,000,00,2,5,15,B01
200500081275,0,07,000,00,1,2,01,A01
200500081276,1,10,000,00,1,0,01,A01
200500081277,0,05,000,00,0,0,01,A01
200500081277,1,07,000,00,0,0,00,B01
200500081278,0,07,000,00,2,1,15,A01
200500081278,0,05,000,00,2,1,01,B01
200500081279,0,07,000,15,4,2,01,A01
200500081279,0,19,000,15,2,1,01,B01
200500081280,0,07,000,14,0,1,02,A01
200500081280,0,07,000,00,1,1,02,B01
200500081281,0,99,000,00,1,1,01,A01
200500081282,0,07,000,00,2,1,15,A01
200500081282,0,07,000,00,2,1,01,B01
200500081283,0,07,000,00,2,1,01,A01
200500081283,0,05,000,00,2,1,01,B01
200500081284,0,07,000,00,2,1,15,A01
200500081284,0,02,000,00,2,1,01,B01
200500081285,0,07,000,00,1,2,02,A01
200500081286,0,07,000,00,1,1,01,A01
200500081287,0,07,000,14,0,1,01,A01
200500081287,0,07,000,00,2,4,23,B01
200500081288,0,07,000,02,0,1,00,A01
200500081289,0,07,000,00,2,3,10,A01
200500081289,0,05,000,00,2,0,00,B01
200500081290,0,07,000,00,2,3,15,A01
200500081290,0,05,000,01,2,3,01,B01
200500081291,0,07,000,00,2,2,10,A01
200500081291,0,02,000,00,2,1,01,B01
200500081292,0,07,000,00,1,1,01,A01
200500081293,0,07,000,00,2,0,00,A01
200500081293,0,01,000,00,0,0,00,B01
200500081294,0,02,000,00,2,0,00,A01
200500081294,1,07,000,00,2,0,00,B01
200500081295,0,07,000,00,2,1,10,A01
200500081295,0,05,000,00,2,1,01,B01
200500081296,0,07,000,00,2,2,19,A01
200500081296,0,02,000,00,2,1,01,B01
200500081297,0,07,000,00,1,1,01,A01
200500081298,0,07,000,00,2,2,17,A01
200500081298,0,02,000,00,2,0,13,B01
200500081299,0,07,000,00,2,1,15,A01
200500081299,0,07,000,00,2,1,01,B01
200500081300,0,07,000,00,1,1,01,A01
200500081301,0,03,000,00,2,2,15,A01
200500081301,0,07,000,00,2,1,01,B01
200500081302,0,07,000,00,2,1,02,A01
200500081302,0,01,000,00,2,4,02,B01
200500081303,0,02,000,00,2,1,19,A01
200500081303,0,07,000,00,2,2,01,B01
200500081304,0,07,000,00,2,4,15,A01
200500081304,0,07,000,00,2,1,01,B01
200500081305,0,07,000,00,2,1,17,A01
200500081305,1,07,000,00,2,1,15,B01
200500081306,0,07,000,00,2,1,19,B01
200500081306,0,07,000,00,2,7,19,A01
200500081307,0,02,000,00,2,1,01,A01
200500081307,0,07,000,00,2,3,15,B01
200500081308,0,07,000,00,1,1,01,A01
200500081309,0,02,000,00,2,1,01,B01
200500081309,0,07,000,00,2,8,19,A01
200500081310,0,07,000,00,2,1,15,A01
200500081310,0,02,000,00,2,1,01,B01
200500081311,0,07,000,00,2,1,15,A01
200500081311,0,07,000,00,2,1,01,B01
200500081312,0,07,000,00,1,1,01,A01
200500081313,0,02,000,01,0,1,01,A01
200500081314,0,02,000,00,2,1,01,A01
200500081314,0,07,000,00,2,3,15,B01
200500081315,0,07,000,00,2,1,00,C01
200500081315,0,07,000,00,2,8,09,A01
200500081315,0,07,000,00,2,1,00,B01
200500081316,0,05,000,00,2,3,01,A01
200500081316,0,07,000,00,9,8,15,B01
200500081317,0,07,000,02,1,1,14,A01
200500081318,0,10,000,00,1,4,04,A01
200500081319,0,07,000,00,9,1,02,A01
200500081319,0,02,000,00,0,0,00,B01
200500081320,0,07,000,00,2,0,00,B01
200500081320,0,07,000,00,2,1,00,A01
200500081321,0,07,000,00,1,3,01,A01
200500081322,0,07,000,05,0,1,00,A01
200500081323,0,07,000,00,0,3,01,B01
200500081323,0,07,000,00,2,3,16,A01
200500081324,0,07,000,00,2,0,00,A01
200500081324,0,07,000,00,2,0,00,B01
200500081325,0,07,000,00,0,8,16,A01
200500081326,0,07,000,03,2,1,02,A01
200500081326,0,07,000,00,2,4,01,B01
200500081327,0,02,000,00,2,2,01,A01
200500081327,0,07,000,00,9,6,01,B01
200500081328,0,07,000,16,0,9,01,A01
200500081329,0,07,000,00,2,1,01,A01
200500081329,0,07,000,00,2,7,15,B01
200500081330,0,02,000,00,2,1,17,A01
200500081330,0,07,000,00,2,3,15,B01
200500081331,0,01,000,00,9,1,01,A01
200500081331,0,01,000,00,9,1,01,B01
200500081332,0,07,000,00,2,4,15,A01
200500081332,0,05,000,00,2,1,01,B01
200500081333,0,07,000,00,2,1,02,A01
200500081333,0,07,000,00,2,9,23,B01
200500081333,0,07,000,00,2,4,23,C01
200500081334,0,07,000,00,2,3,16,A01
200500081334,0,02,000,00,2,1,00,B01
200500081335,0,07,000,00,2,8,15,A01
200500081335,0,07,000,00,2,3,02,B01
200500081336,0,07,000,00,1,1,01,A01
200500081337,0,07,000,00,2,3,15,A01
200500081337,0,02,000,00,2,0,00,B01
200500081338,0,07,000,00,0,4,20,A01
200500081338,0,05,000,00,2,4,02,B01
200500081339,0,04,000,00,0,0,00,A01
200500081340,0,07,000,00,2,0,00,B01
200500081340,1,07,000,00,0,0,00,A01
200500081341,0,05,000,00,2,0,00,A01
200500081341,0,07,000,00,2,0,00,B01
200500081342,0,07,000,00,1,1,01,A01
200500081343,0,07,000,00,2,1,01,B01
200500081343,0,07,000,00,2,1,15,A01
200500081344,0,07,000,00,2,3,01,B01
200500081344,0,07,000,00,2,2,15,A01
200500081345,0,07,000,00,2,1,02,A01
200500081345,0,07,000,00,2,4,02,B01
200500081345,0,07,000,00,2,4,02,C01
200500081346,0,02,000,00,2,2,01,A01
200500081346,0,07,000,00,2,3,02,B01
200500081347,0,07,000,00,2,1,01,A01
200500081347,0,07,000,00,2,4,02,B01
200500081348,0,07,000,00,2,4,01,A01
200500081348,0,05,000,00,2,1,01,B01
200500081349,0,10,000,00,1,4,04,A01
200500081350,0,07,000,00,2,1,15,A01
200500081350,0,07,000,00,2,3,01,B01
200500081351,0,07,000,00,2,7,15,A01
200500081351,0,07,000,00,2,1,02,B01
200500081351,0,07,000,00,2,0,23,C01
200500081352,0,05,000,01,2,7,01,B01
200500081352,0,07,000,00,2,8,15,A01
200500081353,0,02,000,00,2,1,02,A01
200500081353,0,07,000,00,2,4,02,B01
200500081354,0,07,000,00,2,2,15,A01
200500081354,0,05,000,00,2,1,01,B01
200500081355,0,07,000,00,2,2,01,A01
200500081355,0,07,000,08,2,3,01,B01
200500081356,0,07,000,00,2,7,17,A01
200500081356,0,17,000,00,2,3,01,B01
200500081357,0,07,000,06,0,1,01,A01
200500081358,0,07,000,08,0,0,00,A01
200500081359,0,07,000,10,0,3,01,A01
200500081360,0,07,000,00,2,1,15,A01
200500081360,0,02,000,00,2,1,01,B01
200500081361,0,02,000,00,1,1,01,A01
200500081361,0,07,000,00,2,2,16,B01
200500081362,0,07,000,00,2,1,01,A01
200500081362,0,07,000,00,2,4,01,B01
200500081362,0,07,000,00,2,4,01,C01
200500081363,0,07,000,00,1,2,01,A01
200500081364,0,07,000,00,0,0,01,A01
200500081365,0,12,000,00,2,1,01,A01
200500081365,0,07,000,00,9,1,01,B01
200500081366,0,07,000,00,2,5,15,A01
200500081366,0,02,000,00,2,1,01,B01
200500081367,0,02,000,00,2,1,01,A01
200500081367,0,07,000,00,2,3,01,B01
200500081368,0,07,000,00,2,2,10,A01
200500081368,0,04,000,00,2,1,01,B01
200500081369,0,02,000,00,0,0,01,A01
200500081369,0,07,000,00,0,0,23,B01
200500081370,0,14,000,00,2,1,12,A01
200500081370,0,07,000,00,2,6,01,B01
200500081370,0,07,000,00,2,1,01,C01
200500081371,0,05,000,00,0,0,00,A01
200500081372,0,07,000,00,2,1,01,A01
200500081372,0,07,000,00,2,4,01,B01
200500081372,0,07,000,00,2,4,01,C01
200500081373,0,07,000,00,1,1,16,A01
200500081374,0,01,000,12,0,7,01,A01
200500081375,0,02,000,00,0,0,00,A01
200500081375,0,07,000,00,2,4,01,B01
200500081376,0,07,000,01,2,8,01,B01
200500081376,0,07,000,00,2,8,09,A01
200500081377,0,01,000,00,0,0,01,A01
200500081378,0,07,000,00,2,1,02,A01
200500081378,0,01,000,00,2,4,02,B01
200500081379,0,07,000,00,2,2,20,A01
200500081379,0,02,000,00,2,1,07,B01
200500081380,0,07,000,00,1,1,01,A01
200500081381,0,07,000,00,0,3,22,A01
200500081381,0,01,000,01,0,0,00,B01
200500081382,0,07,000,00,1,6,04,A01
200500081383,0,18,001,00,1,7,01,A01
200500081384,0,07,000,00,2,3,22,A01
200500081384,0,01,000,01,0,1,01,B01
200500081385,0,07,000,00,1,1,15,A01
200500081386,0,07,000,00,1,1,01,A01
200500081387,0,07,000,04,0,1,01,A01
200500081388,0,07,000,04,0,0,01,A01
200500081389,0,07,000,13,0,9,01,A01
200500081390,0,02,000,00,0,0,01,A01
200500081391,0,07,000,00,2,1,05,A01
200500081391,0,07,000,00,2,1,01,B01
200500081392,0,07,000,00,2,3,22,A01
200500081392,0,01,000,01,0,1,01,B01
200500081393,0,18,001,01,0,2,01,A01
200500081394,0,02,000,00,0,0,01,A01
200500081395,0,02,000,00,0,0,01,A01
200500081396,0,07,000,00,2,1,01,A01
200500081396,0,07,000,00,2,3,01,B01
200500081397,0,07,000,00,2,7,20,A01
200500081397,0,02,000,00,2,1,01,B01
200500081398,0,07,000,04,0,1,01,A01
200500081399,0,07,000,00,2,2,16,A01
200500081399,0,05,000,00,2,1,01,B01
200500081400,0,02,000,00,0,0,00,A01
200500081401,0,02,000,00,2,1,02,A01
200500081401,0,07,000,00,2,5,02,B01
200500081402,0,07,000,00,2,8,10,A01
200500081402,0,05,000,00,2,1,02,B01
200500081403,0,05,000,00,2,1,17,A01
200500081403,0,07,000,00,2,6,02,B01
200500081404,0,07,000,00,2,1,02,A01
200500081404,0,07,000,00,2,3,02,B01
200500081405,0,05,000,00,2,5,14,A01
200500081405,0,07,000,00,2,6,02,B01
200500081406,0,07,000,00,9,1,09,A01
200500081406,0,01,000,00,2,4,02,B01
200500081407,0,07,000,00,1,1,02,A01
200500081408,0,07,000,00,2,3,02,A01
200500081408,0,02,000,00,2,4,15,B01
200500081409,0,07,000,00,2,5,17,A01
200500081409,0,02,000,00,2,8,13,B01
200500081410,0,07,000,00,2,2,15,A01
200500081410,0,02,000,00,2,1,01,B01
200500081411,0,07,000,00,2,7,15,A01
200500081411,0,02,000,00,2,1,01,B01
200500081412,0,07,000,00,2,1,01,A01
200500081412,0,07,000,00,2,4,01,B01
200500081413,0,07,000,00,1,3,01,A01
200500081414,1,07,000,00,2,1,01,A01
200500081414,0,07,000,00,2,4,23,B01
200500081415,1,07,000,00,1,2,14,A01
200500081416,0,07,000,00,2,4,01,B01
200500081416,0,07,000,00,2,1,01,A01
200500081417,0,07,000,00,2,8,10,A01
200500081417,0,05,000,00,2,1,01,B01
200500081418,1,07,000,00,2,0,18,A01
200500081418,0,01,000,00,2,1,01,B01
200500081419,0,07,000,00,2,2,01,A01
200500081419,0,07,000,00,2,4,23,B01
200500081420,0,05,000,00,2,1,01,B01
200500081420,0,07,000,00,2,1,09,A01
200500081421,1,07,000,00,2,5,16,A01
200500081421,0,02,000,00,2,1,01,B01
200500081422,0,07,000,00,2,1,02,A01
200500081422,0,07,000,00,2,4,23,B01
200500081423,0,02,000,00,2,1,09,A01
200500081423,0,07,000,00,2,7,01,B01
200500081424,0,07,000,00,2,2,01,A01
200500081424,0,07,000,00,2,1,01,B01
200500081425,0,07,000,00,2,1,01,A01
200500081425,0,07,000,00,2,3,01,B01
200500081426,0,07,000,00,2,3,15,A01
200500081426,0,02,000,00,2,1,01,B01
200500081427,0,07,000,00,2,1,02,A01
200500081427,0,07,000,00,2,4,01,B01
200500081428,0,02,000,00,2,1,15,A01
200500081428,0,07,000,00,2,3,23,B01
200500081429,0,07,000,00,2,1,01,A01
200500081429,0,07,000,00,2,1,01,B01
200500081430,0,07,000,00,2,3,01,A01
200500081430,0,02,000,00,2,1,01,B01
200500081431,0,07,000,00,1,3,02,A01
200500081432,0,02,000,00,0,4,01,B01
200500081432,0,07,000,00,2,4,15,A01
200500081433,0,07,000,00,1,2,15,A01
200500081434,0,07,000,00,2,2,17,A01
200500081434,0,07,000,00,2,3,01,B01
200500081435,0,18,015,00,2,2,01,B01
200500081435,0,07,000,09,2,3,00,A01
200500081436,0,07,000,00,2,5,15,A01
200500081436,0,02,000,00,2,1,02,B01
200500081437,0,07,000,00,2,2,01,A01
200500081437,0,07,000,00,2,6,01,B01
200500081438,0,02,000,00,2,3,00,A01
200500081438,0,07,000,00,2,1,00,B01
200500081439,0,15,000,00,2,1,21,B01
200500081439,0,07,000,00,2,8,15,A01
200500081440,0,07,000,00,2,2,20,A01
200500081440,0,02,000,01,2,1,02,B01
200500081441,0,07,000,00,1,1,02,A01
200500081442,0,07,000,00,9,2,02,A01
200500081442,0,02,000,00,2,7,02,B01
200500081443,0,02,000,01,0,1,21,A01
200500081444,0,07,000,02,0,1,19,A01
200500081445,0,07,000,00,1,3,01,A01
200500081445,0,10,000,00,1,8,01,B01
200500081446,0,07,000,00,2,3,01,A01
200500081446,0,07,000,00,2,6,01,B01
200500081447,0,07,000,00,1,3,02,A01
200500081448,0,02,000,00,2,1,02,A01
200500081448,0,07,000,00,2,5,23,B01
200500081449,0,07,000,00,2,1,02,A01
200500081449,0,07,000,00,2,4,23,B01
200500081450,0,07,000,00,1,1,01,A01
200500081451,0,07,000,00,2,3,09,A01
200500081451,0,02,000,00,2,7,01,B01
200500081452,1,07,000,00,2,2,02,A01
200500081452,0,07,000,00,2,1,02,B01
200500081453,0,09,000,00,1,7,02,A01
200500081454,0,07,000,00,2,8,15,A01
200500081454,0,02,000,00,2,1,01,B01
200500081455,0,07,000,00,2,2,01,B01
200500081455,0,07,000,00,2,1,15,A01
200500081456,0,07,000,01,0,1,14,A01
200500081457,0,07,000,00,2,1,02,A01
200500081457,0,07,000,00,2,4,02,B01
200500081457,0,07,000,00,2,4,02,C01
200500081458,0,07,000,00,2,1,15,A01
200500081458,0,07,000,00,2,1,01,B01
200500081459,0,07,000,00,2,1,01,A01
200500081459,0,07,000,00,2,2,15,B01
200500081460,0,07,000,00,2,5,00,A01
200500081460,0,07,000,00,2,1,02,B01
200500081461,0,07,000,00,1,4,04,A01
200500081462,0,07,000,00,2,1,15,A01
200500081462,0,07,000,00,2,3,02,B01
200500081463,0,07,000,08,2,7,18,A01
200500081463,0,07,000,00,2,7,01,B01
200500081464,0,07,000,15,0,2,01,A01
200500081465,0,07,000,00,2,3,01,A01
200500081465,0,17,000,00,2,3,01,B01
200500081466,0,07,000,00,1,3,01,A01
200500081467,0,02,000,00,2,1,01,B01
200500081467,0,07,000,00,2,2,01,A01
200500081468,0,07,000,00,2,1,02,A01
200500081468,0,07,000,00,0,4,23,B01
200500081469,0,07,000,00,2,1,01,B01
200500081469,0,07,000,00,2,1,15,A01
200500081470,0,07,000,00,2,2,15,A01
200500081470,0,04,000,00,2,1,01,B01
200500081471,0,02,000,00,2,1,15,A01
200500081471,0,07,000,00,2,1,01,B01
200500081472,0,02,000,00,2,1,05,A01
200500081472,0,07,000,00,2,2,20,B01
200500081473,1,07,000,00,2,1,00,A01
200500081473,0,07,000,00,0,5,00,B01
200500081474,0,07,000,00,2,1,01,B01
200500081474,0,07,000,00,2,3,01,A01
200500081475,0,10,000,00,1,4,04,A01
200500081476,0,07,000,00,2,8,10,A01
200500081476,0,02,000,00,2,1,01,B01
200500081477,0,07,000,00,2,1,01,A01
200500081477,0,07,000,00,2,1,01,B01
200500081478,0,07,000,00,1,1,01,A01
200500081479,1,99,000,00,2,1,00,A01
200500081479,0,02,000,00,2,4,01,B01
200500081480,0,07,000,00,2,8,09,A01
200500081480,0,02,000,00,2,1,01,B01
200500081481,0,07,000,00,1,7,01,A01
200500081482,0,07,000,00,1,1,01,A01
200500081483,0,07,000,00,2,1,15,A01
200500081483,0,07,000,00,2,1,01,B01
200500081484,0,02,000,00,2,1,13,A01
200500081484,0,01,000,00,2,1,01,B01
200500081485,0,02,000,00,2,1,01,A01
200500081485,0,07,000,00,2,8,01,B01
200500081486,0,07,000,00,2,0,19,A01
200500081486,0,05,000,00,2,1,01,B01
200500081487,0,02,000,01,2,1,01,A01
200500081487,0,07,000,00,0,4,01,B01
200500081488,0,02,000,00,2,1,01,B01