Num_Acc,senc,catv,occutc,obs,obsm,choc,manv,num_veh
200500081488,0,07,000,00,2,2,10,A01
200500081489,0,10,000,00,2,1,01,A01
200500081489,0,07,000,00,0,4,23,B01
200500081490,1,99,000,00,0,0,00,A01
200500081491,0,07,000,00,2,6,15,B01
200500081491,0,07,000,00,2,8,01,A01
200500081492,0,07,000,00,1,8,01,A01
200500081493,0,01,000,00,2,1,01,A01
200500081493,0,07,000,00,2,1,01,B01
200500081494,0,07,000,00,2,1,01,B01
200500081494,0,07,000,00,2,1,01,A01
200500081495,0,07,000,00,1,3,15,A01
200500081496,0,05,000,00,2,1,01,B01
200500081496,0,07,000,00,2,6,01,A01
200500081497,1,99,000,00,1,1,00,A01
200500081498,0,07,000,00,1,1,01,A01
200500081499,0,02,000,00,1,1,01,A01
200500081500,0,10,000,00,1,8,09,A01
200500081501,0,10,000,00,2,1,09,A01
200500081501,0,02,000,00,2,7,17,B01
200500081502,0,07,000,00,2,3,09,A01
200500081502,0,07,000,00,2,1,01,B01
200500081503,0,10,000,00,2,3,15,A01
200500081503,0,07,000,00,2,3,01,B01
200500081504,0,07,000,00,1,1,01,A01
200500081505,0,02,000,14,0,4,23,A01
200500081505,0,07,000,00,2,4,23,B01
200500081505,1,07,000,14,0,1,01,C01
200500081506,0,07,000,00,2,7,15,A01
200500081506,0,07,000,00,2,3,01,B01
200500081507,0,07,000,00,2,7,01,A01
200500081507,0,07,000,00,2,8,01,B01
200500081508,0,02,000,00,2,1,01,A01
200500081508,0,07,000,00,2,4,20,B01
200500081509,0,07,000,00,2,1,01,B01
200500081509,0,99,000,00,2,3,19,A01
200500081510,0,07,000,00,1,1,01,A01
200500081510,0,07,000,00,2,3,01,B01
200500081511,0,07,000,00,2,1,15,A01
200500081511,0,02,000,00,2,8,01,B01
200500081512,0,07,000,00,2,2,15,A01
200500081512,0,02,000,00,2,1,01,B01
200500081513,0,07,000,00,2,4,04,A01
200500081513,0,07,000,00,2,3,01,B01
200500081514,0,07,000,00,2,1,02,A01
200500081514,0,07,000,00,0,4,01,B01
200500081515,0,07,000,00,2,2,02,A01
200500081515,0,07,000,00,0,4,02,B01
200500081516,0,07,000,01,1,3,01,A01
200500081516,0,10,000,00,0,5,00,B01
200500081517,0,07,000,00,2,1,01,B01
200500081517,0,07,000,00,2,7,01,A01
200500081518,0,07,000,00,2,1,01,B01
200500081518,0,07,000,00,2,7,15,A01
200500081519,0,07,000,00,1,3,01,A01
200500081520,0,07,000,00,1,2,01,A01
200500081521,0,10,000,00,1,3,15,A01
200500081522,0,07,000,00,2,2,10,A01
200500081522,0,07,000,00,2,3,01,B01
200500081523,0,07,000,02,0,1,14,A01
200500081524,0,07,000,00,1,3,01,A01
200500081525,0,07,000,00,2,3,09,A01
200500081525,0,07,000,00,2,1,01,B01
200500081526,0,02,000,00,0,2,01,A01
200500081527,0,07,000,00,1,1,01,A01
200500081528,0,07,000,00,2,3,13,A01
200500081528,0,07,000,00,2,3,01,B01
200500081529,0,07,000,00,1,2,15,A01
200500081530,0,07,000,00,1,3,01,A01
200500081531,0,07,000,00,0,3,10,A01
200500081531,0,02,000,00,2,1,01,B01
200500081532,0,10,000,14,0,1,01,A01
200500081533,0,07,000,00,1,1,15,A01
200500081534,0,07,000,00,2,2,10,A01
200500081534,0,07,000,01,2,1,01,B01
200500081535,0,07,000,00,2,1,05,A01
200500081535,0,07,000,00,2,1,01,B01
200500081536,0,04,000,00,0,0,01,A01
200500081537,0,07,000,00,2,1,01,B01
200500081537,0,07,000,00,2,1,01,A01
200500081538,0,02,000,00,2,1,01,A01
200500081538,0,07,000,00,2,3,01,B01
200500081539,0,07,000,00,1,1,01,A01
200500081540,0,07,000,00,1,1,01,A01
200500081541,0,07,000,01,2,5,01,A01
200500081541,0,07,000,00,2,1,01,B01
200500081542,0,07,000,00,2,1,15,A01
200500081542,0,02,000,00,2,1,01,B01
200500081543,0,07,000,00,2,1,01,A01
200500081543,0,02,000,00,0,8,01,B01
200500081544,0,02,000,16,0,7,01,A01
200500081545,0,07,000,00,2,1,01,A01
200500081545,0,07,000,00,2,4,15,B01
200500081546,2,07,000,00,2,1,01,A01
200500081546,0,07,000,00,2,4,01,B01
200500081547,0,02,000,00,2,1,01,A01
200500081547,0,07,000,00,2,3,15,B01
200500081548,0,02,000,00,0,8,01,A01
200500081549,0,07,000,02,0,1,17,A01
200500081550,0,07,000,13,0,1,01,A01
200500081551,0,07,000,00,1,1,01,A01
200500081552,0,01,000,00,0,8,01,A01
200500081553,0,02,000,00,0,7,01,A01
200500081554,0,07,000,00,2,1,01,A01
200500081554,0,07,000,00,2,3,01,B01
200500081555,0,07,000,00,2,1,01,A01
200500081555,0,07,000,00,2,4,15,B01
200500081556,0,07,000,00,1,1,01,A01
200500081557,0,07,000,00,2,4,23,B01
200500081558,0,02,000,08,0,8,14,A01
200500081559,0,07,000,00,1,2,01,A01
200500081560,0,07,000,14,0,1,02,A01
200500081560,0,07,000,00,2,4,02,B01
200500081561,0,07,000,13,0,1,14,A01
200500081562,0,07,000,00,1,7,01,A01
200500081563,0,01,000,00,2,1,01,B01
200500081563,0,07,000,00,2,0,15,A01
200500081564,0,07,000,00,2,1,15,A01
200500081564,0,07,000,00,2,1,01,B01
200500081565,0,07,000,00,2,1,09,A01
200500081565,0,02,000,00,2,1,02,B01
200500081566,0,07,000,00,2,4,02,B01
200500081566,0,07,000,00,2,1,02,A01
200500081567,0,07,000,00,2,4,02,B01
200500081567,0,07,000,00,2,4,02,A01
200500081567,0,07,000,00,2,1,02,C01
200500081567,0,07,000,00,2,1,02,D01
200500081568,0,07,000,00,2,6,15,A01
200500081568,0,02,000,00,2,1,17,B01
200500081569,0,07,000,00,2,2,16,A01
200500081569,0,02,000,00,2,1,18,B01
200500081570,0,07,000,00,2,1,01,B01
200500081570,1,10,000,07,2,2,13,A01
200500081571,0,07,000,00,2,1,01,A01
200500081571,0,07,000,00,2,4,23,B01
200500081572,0,07,000,00,2,7,13,A01
200500081572,0,14,000,00,2,1,01,B01
200500081573,0,07,000,00,2,1,01,A01
200500081573,0,07,000,00,2,3,01,B01
200500081574,0,07,000,00,4,5,23,A01
200500081574,0,19,000,00,4,2,02,B01
200500081575,0,07,000,00,1,2,02,A01
200500081576,0,02,000,00,2,1,02,B01
200500081576,0,07,000,00,2,8,09,A01
200500081577,0,07,000,00,2,5,02,B01
200500081577,0,07,000,00,2,1,02,A01
200500081578,0,07,000,00,2,1,02,A01
200500081578,0,07,000,00,2,4,02,B01
200500081579,0,05,000,00,1,1,01,A01
200500081580,0,07,000,14,0,1,01,A01
200500081581,0,07,000,00,1,1,01,A01
200500081582,0,07,000,00,2,1,17,A01
200500081582,0,07,000,00,2,6,15,B01
200500081583,1,07,000,00,1,0,00,A01
200500081584,0,07,000,00,2,2,01,B01
200500081584,0,01,000,00,2,1,15,A01
200500081585,1,07,000,00,0,0,17,A01
200500081585,0,07,000,00,2,1,01,B01
200500081585,0,14,000,00,2,4,01,C01
200500081586,0,07,000,00,1,4,04,A01
200500081587,0,02,000,00,2,1,01,A01
200500081587,0,07,000,00,2,5,15,B01
200500081587,0,07,000,00,2,1,02,C01
200500081588,0,07,000,08,0,1,00,A01
200500081589,0,07,000,00,2,1,01,A01
200500081589,0,07,000,00,2,9,01,B01
200500081590,0,07,000,00,1,3,01,A01
200500081591,0,07,000,00,2,2,15,A01
200500081591,0,07,000,00,2,3,01,B01
200500081592,0,07,000,00,1,1,01,A01
200500081593,0,07,000,00,2,1,01,A01
200500081593,0,07,000,00,2,4,02,B01
200500081593,0,07,000,00,2,4,23,C01
200500081594,0,07,000,00,2,1,01,B01
200500081594,0,07,000,08,2,1,15,A01
200500081595,0,07,000,15,0,1,00,B01
200500081595,0,07,000,00,0,0,01,A01
200500081596,0,07,000,00,1,2,01,A01
200500081597,0,07,000,00,1,2,16,A01
200500081598,0,05,000,00,2,1,01,B01
200500081598,0,07,000,00,2,3,16,A01
200500081599,0,07,000,00,1,1,01,A01
200500081600,1,99,000,00,1,0,00,A01
200500081601,0,02,000,14,9,1,01,A01
200500081602,0,07,000,00,1,1,15,A01
200500081603,0,07,000,00,2,1,02,A01
200500081603,0,07,000,00,2,4,02,B01
200500081604,0,07,000,00,1,2,00,A01
200500081605,0,07,000,00,2,2,15,A01
200500081605,0,07,000,00,2,1,01,B01
200500081606,0,07,000,00,1,3,01,A01
200500081607,0,07,000,00,1,2,01,A01
200500081608,0,07,000,00,9,3,15,A01
200500081608,0,04,000,00,2,1,01,B01
200500081609,0,07,000,00,1,1,00,A01
200500081610,0,07,000,15,9,3,00,A01
200500081610,0,07,000,00,2,0,01,B01
200500081611,0,07,000,02,0,1,01,A01
200500081612,0,07,000,00,0,7,01,A01
200500081613,0,07,000,00,0,7,01,A01
200500081614,0,07,000,00,1,1,01,A01
200500081615,0,07,000,00,2,1,15,A01
200500081615,0,07,000,00,2,1,01,B01
200500081616,0,07,000,00,1,3,01,A01
200500081617,0,07,000,00,1,1,01,A01
200500081618,0,02,000,00,2,1,17,A01
200500081618,0,07,000,00,2,1,01,B01
200500081619,0,07,000,00,2,3,15,A01
200500081619,0,20,000,00,2,2,17,B01
200500081620,0,07,000,00,2,4,23,B01
200500081620,0,07,000,00,2,1,01,A01
200500081621,0,07,000,00,1,4,04,A01
200500081622,0,07,000,00,0,0,01,A01
200500081623,0,07,000,00,2,3,13,A01
200500081623,0,18,015,00,2,3,01,B01
200500081624,0,07,000,00,1,0,01,A01
200500081625,2,99,000,01,1,1,15,A01
200500081626,0,07,000,00,1,0,01,A01
200500081627,0,07,000,00,2,2,01,A01
200500081627,0,07,000,00,2,3,15,B01
200500081628,0,07,000,00,1,1,01,A01
200500081629,0,07,000,00,2,1,01,B01
200500081629,0,07,000,00,2,3,20,A01
200500081630,0,07,000,00,0,1,01,A01
200500081631,0,07,000,00,2,1,01,A01
200500081631,0,07,000,00,2,4,01,B01
200500081632,0,02,000,00,0,2,01,A01
200500081633,0,02,000,00,0,2,16,A01
200500081634,0,02,000,00,2,1,01,A01
200500081634,0,07,000,00,2,8,15,B01
200500081635,0,02,000,00,2,7,01,A01
200500081635,0,10,000,00,2,3,16,B01
200500081636,0,07,000,08,0,4,01,A01
200500081637,0,07,000,00,1,3,01,A01
200500081638,0,02,000,00,2,1,01,A01
200500081638,0,07,000,00,2,2,16,B01
200500081639,0,07,000,00,0,1,02,A01
200500081639,0,07,000,00,0,4,02,B01
200500081640,0,02,000,00,2,1,01,A01
200500081640,0,10,000,00,2,8,01,B01
200500081641,0,07,000,00,2,2,15,A01
200500081641,0,02,000,00,2,1,01,B01
200500081642,0,07,000,00,2,3,15,B01
200500081642,0,04,000,00,2,1,01,A01
200500081643,0,02,000,00,2,1,02,A01
200500081643,1,99,000,00,2,2,15,B01
200500081644,0,07,000,00,2,1,05,A01
200500081644,0,07,000,00,2,1,05,B01
200500081645,0,07,000,00,2,1,15,A01
200500081645,0,02,000,00,2,1,01,B01
200500081646,0,07,000,06,0,1,01,A01
200500081647,0,07,000,00,1,1,02,A01
200500081648,0,07,000,00,2,2,02,A01
200500081649,0,04,000,00,2,5,01,B01
200500081649,0,07,000,00,2,1,01,A01
200500081650,0,07,000,00,1,1,01,A01
200500081651,0,07,000,00,1,3,01,A01
200500081652,0,07,000,00,1,2,01,A01
200500081653,0,07,000,00,2,7,15,A01
200500081653,0,02,000,00,2,1,01,B01
200500081654,0,07,000,02,0,1,06,A01
200500081655,0,03,000,06,0,1,13,A01
200500081656,0,07,000,00,1,3,01,A01
200500081657,0,07,000,00,2,3,01,B01
200500081657,0,07,000,00,2,1,01,A01
200500081658,0,07,000,00,0,1,23,F01
200500081658,0,07,000,07,2,1,01,A01
200500081658,0,07,000,00,0,8,23,G01
200500081658,0,10,000,07,0,8,23,C01
200500081658,0,07,000,09,0,8,23,D01
200500081658,0,14,000,09,0,3,23,E01
200500081658,0,07,000,00,2,3,01,B01
200500081659,0,07,000,00,1,1,01,A01
200500081660,1,99,000,00,0,0,00,A01
200500081661,0,07,000,00,1,1,01,A01
200500081662,0,02,000,08,0,1,01,A01
200500081663,0,02,000,00,2,1,17,A01
200500081663,0,07,000,00,2,6,15,B01
200500081664,1,07,000,00,2,1,01,A01
200500081664,0,07,000,00,2,8,16,B01
200500081665,0,07,000,00,9,0,19,A01
200500081665,0,05,000,00,9,8,01,B01
200500081666,0,07,000,00,2,1,15,A01
200500081666,0,07,000,00,2,1,01,B01
200500081667,0,03,000,00,2,2,01,A01
200500081667,0,07,000,00,2,1,15,B01
200500081668,0,07,000,00,1,1,01,A01
200500081669,0,07,000,00,1,1,01,A01
200500081670,0,02,000,01,0,1,00,A01
200500081671,0,07,000,08,0,9,01,A01
200500081672,0,07,000,00,1,1,01,A01
200500081673,0,07,000,00,1,1,00,A01
200500081674,0,07,000,00,1,1,01,A01
200500081675,0,01,000,00,2,1,01,A01
200500081675,0,07,000,00,2,3,15,B01
200500081676,0,07,000,00,2,3,13,A01
200500081676,0,14,000,00,2,3,00,B01
200500081677,0,07,000,00,2,6,09,A01
200500081677,0,07,000,00,2,2,01,B01
200500081677,0,07,000,00,2,3,01,C01
200500081677,0,07,000,00,2,3,01,D01
200500081678,0,07,000,00,1,2,02,A01
200500081679,0,07,000,00,2,3,01,B01
200500081679,0,02,000,00,2,1,13,A01
200500081680,0,05,000,00,1,2,01,A01
200500081681,0,02,000,00,2,1,01,A01
200500081681,0,10,000,00,9,1,01,B01
200500081682,1,07,000,00,2,1,00,A01
200500081682,0,07,000,00,2,4,23,B01
200500081683,0,07,000,00,1,2,01,A01
200500081684,0,02,000,00,0,0,02,A01
200500081685,0,18,001,00,1,3,01,B01
200500081686,0,07,000,00,2,1,01,A01
200500081686,0,07,000,00,2,4,23,B01
200500081687,0,07,000,00,1,2,15,A01
200500081688,0,07,000,00,2,1,15,A01
200500081689,0,07,000,00,2,1,15,A01
200500081689,0,10,000,00,2,3,02,B01
200500081690,0,05,000,00,2,2,01,B01
200500081690,0,07,000,00,2,1,15,A01
200500081691,0,07,000,00,2,1,01,A01
200500081691,0,07,000,00,2,4,01,B01
200500081692,0,07,000,00,2,3,15,A01
200500081692,0,02,000,00,2,8,01,B01
200500081693,0,07,000,00,1,1,01,A01
200500081694,0,10,000,00,2,1,01,A01
200500081694,0,07,000,00,2,3,16,B01
200500081695,0,07,000,00,1,1,15,A01
200500081696,0,07,000,00,2,2,15,A01
200500081696,0,05,000,00,2,1,02,B01
200500081697,0,07,000,00,9,2,15,A01
200500081697,0,01,000,00,2,1,01,B01
200500081698,0,07,000,00,2,2,16,A01
200500081698,0,01,000,00,2,1,01,B01
200500081699,0,14,000,00,2,1,15,A01
200500081699,0,07,000,00,2,3,01,B01
200500081700,0,14,000,00,2,2,16,A01
200500081700,0,01,000,00,2,1,01,B01
200500081701,0,14,000,00,1,2,16,A01
200500081701,0,01,000,00,2,1,01,B01
200500081702,0,07,000,00,1,0,01,A01
200500081703,0,07,000,00,1,1,02,A01
200500081704,0,07,000,00,2,4,23,B01
200500081704,0,07,000,00,2,1,01,A01
200500081705,0,07,000,00,2,3,20,A01
200500081705,0,05,000,00,2,1,01,B01
200500081706,0,07,000,00,2,3,20,A01
200500081706,0,02,000,00,2,1,02,B01
200500081707,0,07,000,00,1,1,01,A01
200500081708,1,07,000,00,0,0,00,A01
200500081708,0,01,000,00,2,0,15,B01
200500081709,0,07,000,00,2,2,15,A01
200500081709,0,07,000,00,2,1,01,B01
200500081710,0,07,000,00,2,3,10,A01
200500081710,0,04,000,00,2,1,01,B01
200500081711,0,07,000,00,1,1,01,A01
200500081712,0,07,000,00,1,1,02,A01
200500081713,1,10,000,00,2,1,02,A01
200500081713,0,07,000,00,2,4,23,B01
200500081714,0,07,000,00,2,0,15,A01
200500081714,0,02,000,00,2,2,02,B01
200500081715,0,07,000,00,2,1,17,A01
200500081715,0,10,000,00,2,4,01,B01
200500081715,0,07,000,00,2,1,01,C01
200500081716,0,07,000,01,0,1,01,A01
200500081716,0,99,000,00,2,5,01,B01
200500081717,0,07,000,00,1,1,01,B01
200500081718,0,07,000,00,1,1,15,A01
200500081719,0,07,000,00,1,1,01,A01
200500081720,1,04,000,14,0,1,00,A01
200500081720,0,04,000,00,2,4,23,B01
200500081721,0,07,000,00,2,5,16,A01
200500081721,0,07,000,00,2,3,02,B01
200500081722,0,07,000,00,1,1,02,A01
200500081723,0,07,000,00,9,8,10,A01
200500081723,0,05,000,00,2,2,17,B01
200500081724,0,07,000,00,1,1,01,B01
200500081725,0,05,000,00,2,1,01,A01
200500081725,0,07,000,00,2,4,01,B01
200500081726,0,07,000,00,2,3,01,A01
200500081726,0,07,000,00,2,3,01,B01
200500081727,0,99,000,00,2,6,01,A01
200500081727,0,07,000,00,2,1,01,B01
200500081728,0,07,000,00,2,1,15,A01
200500081728,0,02,000,00,2,1,01,B01
200500081729,0,07,000,12,0,1,21,A01
200500081729,0,07,000,00,0,0,23,B01
200500081730,0,07,000,09,0,1,01,A01
200500081731,0,07,000,15,0,1,01,A01
200500081732,0,07,000,00,2,3,01,B01
200500081732,0,07,000,00,2,2,15,A01
200500081733,1,07,000,00,1,1,01,A01
200500081734,0,07,000,00,2,1,02,A01
200500081734,0,07,000,00,2,1,23,B01
200500081734,0,07,000,00,2,1,02,C01
200500081735,0,07,000,00,2,1,02,A01
200500081735,0,07,000,00,2,4,23,B01
200500081736,0,07,000,04,0,9,01,A01
200500081737,0,07,000,00,1,2,01,A01
200500081738,0,07,000,16,0,9,01,A01
200500081739,0,05,000,00,2,1,05,A01
200500081739,0,07,000,00,2,1,01,B01
200500081740,0,07,000,00,2,3,20,A01
200500081740,0,07,000,00,2,2,01,B01
200500081741,0,07,000,04,0,2,02,A01
200500081742,1,99,000,00,2,1,01,A01
200500081742,0,07,000,00,2,5,01,B01
200500081743,0,07,000,00,2,8,01,A01
200500081743,0,07,000,00,2,1,01,B01
200500081743,0,07,000,00,2,1,01,C01
200500081744,0,07,000,00,1,1,01,A01
200500081745,0,07,000,06,2,1,17,A01
200500081745,0,07,000,00,2,3,15,B01
200500081746,0,07,000,00,2,1,01,A01
200500081746,0,07,000,00,0,2,15,B01
200500081747,0,07,000,00,1,1,01,B01
200500081748,0,07,000,00,2,2,01,A01
200500081748,1,07,000,00,2,6,16,B01
200500081749,0,07,000,00,1,5,01,A01
200500081750,0,07,000,01,1,0,01,A01
200500081751,0,07,000,00,5,1,01,A01
200500081752,0,07,000,00,0,9,01,A01
200500081753,0,07,000,00,2,7,15,A01
200500081753,0,02,000,00,2,9,01,B01
200500081754,1,07,000,00,9,0,01,A01
200500081754,0,01,000,00,2,0,19,B01
200500081755,0,07,000,00,2,3,15,A01
200500081755,0,07,000,00,2,1,01,B01
200500081756,0,07,000,01,1,0,01,A01
200500081757,0,07,000,00,0,2,20,A01
200500081758,0,07,000,00,2,2,15,A01
200500081758,0,07,000,00,2,1,01,B01
200500081759,0,07,000,00,1,0,20,A01
200500081760,0,07,000,00,2,3,01,A01
200500081760,0,02,000,00,2,1,01,B01
200500081761,0,07,000,00,5,1,19,A01
200500081762,0,07,000,00,1,0,01,A01
200500081763,0,07,000,01,2,6,01,A01
200500081763,0,07,000,00,2,1,01,B01
200500081764,0,07,000,00,1,2,15,A01
200500081765,1,07,000,00,0,0,00,A01
200500081765,0,02,000,00,2,0,00,B01
200500081766,1,07,000,00,1,0,00,A01
200500081767,0,07,000,00,2,1,19,A01
200500081767,0,07,000,00,2,1,01,B01
200500081768,0,07,000,00,1,4,00,A01
200500081769,0,07,000,00,2,2,01,A01
200500081769,0,01,000,00,2,1,09,B01
200500081770,0,01,000,00,2,1,16,A01
200500081770,0,07,000,00,2,1,01,B01
200500081771,0,07,000,00,1,1,01,A01
200500081772,1,07,000,00,2,1,00,A01
200500081772,0,07,000,00,2,4,01,B01
200500081773,0,07,000,00,2,5,01,A01
200500081773,0,02,000,00,2,0,01,B01
200500081774,0,07,000,00,1,0,15,A01
200500081775,0,07,000,00,2,1,17,A01
200500081775,0,07,000,00,2,1,01,B01
200500081776,0,07,000,00,1,1,01,A01
200500081777,0,07,000,08,0,1,00,A01
200500081778,0,07,000,08,0,1,00,A01
200500081779,0,07,000,00,2,1,01,B01
200500081779,0,02,000,00,2,1,01,A01
200500081780,0,07,000,01,0,1,01,A01
200500081780,0,07,000,01,0,8,24,B01
200500081781,0,07,000,00,2,1,13,A01
200500081781,0,07,000,00,2,1,01,B01
200500081782,0,07,000,01,2,1,14,A01
200500081782,0,02,000,00,2,8,01,B01
200500081783,1,07,000,00,1,1,15,A01
200500081784,1,07,000,00,2,1,01,B01
200500081784,0,07,000,00,2,8,01,A01
200500081785,0,02,000,00,0,1,16,A01
200500081786,0,07,000,01,0,1,01,A01
200500081787,0,07,000,00,1,0,01,A01
200500081788,0,07,000,00,2,1,15,A01
200500081788,0,07,000,00,2,3,01,B01
200500081789,0,07,000,00,2,2,16,A01
200500081789,0,04,000,00,2,7,01,B01
200500081790,0,07,000,00,2,8,20,A01
200500081790,0,04,000,00,2,1,01,B01
200500081791,0,07,000,00,2,8,01,B01
200500081791,0,02,000,00,2,7,13,A01
200500081792,0,07,000,00,1,1,01,A01
200500081793,0,07,000,00,2,7,15,A01
200500081793,0,02,000,00,2,1,01,B01
200500081794,0,10,000,00,9,2,15,A01
200500081794,0,02,000,00,2,1,01,B01
200500081795,1,07,000,00,1,0,00,A01
200500081796,0,07,000,00,1,2,01,A01
200500081797,0,07,000,00,2,1,05,A01
200500081797,0,07,000,00,2,8,01,B01
200500081798,0,07,000,00,2,1,01,A01
200500081798,0,07,000,00,2,1,01,B01
200500081799,0,07,000,00,1,2,02,A01
200500081800,0,18,000,00,1,2,00,A01
200500081801,0,07,000,00,2,8,10,A01
200500081801,0,07,000,00,2,1,01,B01
200500081802,0,02,000,00,2,1,02,A01
200500081802,0,07,000,00,2,8,01,B01
200500081803,0,02,000,00,2,1,01,B01
200500081803,0,09,000,00,9,4,00,A01
200500081804,0,07,000,00,1,2,00,A01
200500081805,0,07,000,00,2,3,21,A01
200500081805,0,07,000,00,2,1,01,B01
200500081805,0,05,000,00,2,8,01,C01
200500081806,0,07,000,00,1,3,15,A01
200500081807,0,07,000,00,2,1,01,B01
200500081807,0,07,000,00,2,3,15,A01
200500081808,0,07,000,00,2,1,15,A01
200500081808,0,02,000,00,2,1,01,B01
200500081809,0,07,000,00,1,2,01,A01
200500081810,0,07,000,00,1,3,01,A01
200500081811,0,07,000,01,0,1,01,A01
200500081812,0,07,000,06,0,1,01,A01
200500081813,0,02,000,00,2,1,01,A01
200500081813,0,07,000,00,2,1,15,B01
200500081814,0,02,000,00,2,8,01,B01
200500081814,0,07,000,00,2,1,15,A01
200500081815,0,07,000,00,2,3,01,B01
200500081815,0,07,000,00,2,1,01,A01
200500081816,1,07,000,00,2,5,09,A01
200500081816,0,02,000,00,2,1,01,B01
200500081817,0,07,000,08,0,1,01,A01
200500081818,0,03,000,00,1,1,01,A01
200500081819,0,07,000,00,1,1,01,A01
200500081820,0,07,000,00,2,3,01,A01
200500081820,0,07,000,00,2,1,01,B01
200500081821,0,07,000,03,0,1,01,A01
200500081822,0,07,000,09,0,1,01,A01
200500081823,0,07,000,00,2,1,01,A01
200500081823,0,07,000,00,2,3,01,B01
200500081824,0,07,000,00,2,3,09,A01
200500081824,0,07,000,00,2,2,19,B01
200500081825,0,07,000,00,0,1,01,A01
200500081826,0,04,000,00,2,2,21,B01
200500081826,0,07,000,00,9,2,15,A01
200500081827,0,07,000,00,1,1,21,A01
200500081828,0,07,000,00,1,0,21,A01
200500081829,0,07,000,00,1,3,02,A01
200500081830,0,07,000,00,2,1,05,A01
200500081830,0,07,000,00,2,1,02,B01
200500081831,0,04,000,00,2,1,01,B01
200500081831,0,07,000,00,2,6,00,A01
200500081832,0,05,000,00,0,0,17,A01
200500081833,0,07,000,00,1,2,16,A01
200500081834,0,10,000,00,2,3,01,A01
200500081834,0,05,000,00,2,1,01,B01
200500081834,0,07,000,00,2,1,01,C01
200500081835,0,07,000,15,2,3,01,A01
200500081835,0,07,000,00,2,8,01,B01
200500081836,0,07,000,00,1,2,01,A01
200500081837,0,07,000,06,0,1,14,A01
200500081838,0,07,000,00,2,1,17,A01
200500081838,0,07,000,00,2,1,01,B01
200500081839,0,02,000,01,0,2,01,A01
200500081840,0,07,000,00,2,2,01,B01
200500081840,0,02,000,00,2,1,01,A01
200500081841,0,07,000,00,1,3,02,A01
200500081842,1,07,000,00,1,1,01,A01
200500081843,0,07,000,00,2,3,01,B01
200500081843,0,07,000,00,2,1,01,A01
200500081844,1,02,000,00,0,0,00,A01
200500081844,0,07,000,00,0,3,02,B01
200500081845,0,07,000,08,0,1,01,A01
200500081846,0,07,000,00,0,4,23,A01
200500081846,0,02,000,00,0,1,21,B01
200500081847,0,07,000,08,2,3,19,A01
200500081847,0,07,000,00,2,2,19,B01
200500081848,0,07,000,00,1,2,01,A01
200500081849,1,07,000,00,1,2,01,A01
200500081850,0,07,000,00,1,2,01,A01
200500081851,0,07,000,00,2,4,01,B01
200500081851,1,07,000,06,2,1,01,A01
200500081851,0,07,000,06,2,1,05,C01
200500081852,0,07,000,00,2,1,01,A01
200500081852,0,07,000,00,2,4,23,B01
200500081853,0,07,000,00,2,8,15,A01
200500081853,0,05,000,00,2,1,01,B01
200500081854,0,07,000,00,2,1,15,A01
200500081854,0,07,000,00,2,1,01,B01
200500081855,0,01,000,00,2,1,23,A01
200500081855,1,07,000,00,2,1,13,B01
200500081856,0,05,000,00,9,1,01,A01
200500081856,0,07,000,00,2,7,15,B01
200500081857,2,07,000,01,2,1,01,A01
200500081857,0,07,000,01,2,7,01,B01
200500081858,0,07,000,00,1,1,20,A01
200500081859,0,07,000,01,0,1,01,A01
200500081860,0,02,000,00,2,4,23,A01
200500081861,0,07,000,06,0,1,01,A01
200500081862,0,07,000,00,1,2,01,A01
200500081863,0,07,000,00,2,1,02,A01
200500081863,0,07,000,00,2,4,23,B01
200500081864,0,07,000,00,1,3,15,A01
200500081865,0,02,000,00,2,1,01,B01
200500081865,0,07,000,00,2,6,15,A01
200500081866,0,07,000,00,2,1,01,A01
200500081866,0,07,000,09,2,8,01,B01
200500081867,0,07,000,00,1,3,01,A01
200500081868,0,07,000,00,1,2,15,A01
200500081869,0,03,000,00,2,1,01,A01
200500081869,0,07,000,00,2,3,01,B01
200500081870,1,07,000,00,1,0,01,A01
200500081871,0,07,000,00,2,1,02,A01
200500081871,0,07,000,00,2,4,02,B01
200500081872,0,07,000,00,0,0,04,A01
200500081872,0,02,000,00,0,0,01,B01
200500081873,0,07,000,00,2,2,01,A01
200500081873,0,07,000,00,2,4,15,B01
200500081874,0,16,000,00,2,5,15,A01
200500081874,0,07,000,00,2,2,01,B01
200500081875,0,07,000,00,1,1,01,A01
200500081876,0,07,000,00,2,1,01,A01
200500081876,0,07,000,00,2,4,01,B01
200500081877,0,07,000,06,0,1,16,A01
200500081878,0,07,000,00,2,2,21,B01
200500081878,0,07,000,00,2,8,16,A01
200500081879,0,01,000,00,2,8,13,A01
200500081879,0,07,000,00,2,2,21,B01
200500081880,0,07,000,01,0,1,14,A01
200500081881,0,02,000,00,2,1,01,A01
200500081881,0,07,000,00,2,2,16,B01
200500081882,0,07,000,00,2,7,01,A01
200500081882,0,07,000,00,2,1,01,B01
200500081883,0,07,000,00,2,1,15,A01
200500081883,0,02,000,00,2,1,01,B01
200500081884,0,07,000,00,2,8,22,A01
200500081884,0,02,000,01,0,7,01,B01
200500081885,0,07,000,00,0,2,16,A01
200500081885,0,02,000,00,2,3,01,B01
200500081886,0,02,000,00,2,7,01,A01
200500081886,0,02,000,00,2,8,01,B01
200500081887,0,02,000,00,2,1,01,A01
200500081887,0,01,000,00,0,4,01,B01