Num_Acc,senc,catv,occutc,obs,obsm,choc,manv,num_veh
200500082256,0,07,000,00,1,4,20,A01
200500082257,0,07,000,00,2,2,15,A01
200500082257,0,01,000,00,2,1,01,B01
200500082258,0,05,000,00,0,0,21,A01
200500082259,0,07,000,00,1,1,01,A01
200500082260,1,07,000,00,1,1,00,A01
200500082261,0,05,000,00,0,0,21,A01
200500082262,0,04,000,00,1,1,01,A01
200500082263,0,05,000,00,1,1,01,A01
200500082264,0,05,000,00,2,1,01,A01
200500082264,0,07,000,00,2,4,01,B01
200500082265,0,07,000,00,2,7,16,A01
200500082265,0,05,000,01,2,1,01,B01
200500082266,0,07,000,00,2,2,12,A01
200500082266,0,05,000,00,2,3,01,B01
200500082267,0,07,000,00,2,3,11,A01
200500082267,0,02,000,00,2,2,01,B01
200500082268,0,07,000,00,2,3,09,A01
200500082268,0,04,000,00,2,2,01,B01
200500082269,0,01,000,00,1,1,01,A01
200500082270,0,05,000,00,2,2,12,A01
200500082270,0,07,000,00,2,3,01,B01
200500082271,0,07,000,00,2,4,15,B01
200500082271,0,01,000,00,2,1,01,A01
200500082272,0,10,000,00,2,1,01,A01
200500082272,0,07,000,00,2,4,01,B01
200500082273,0,07,000,00,2,1,01,B01
200500082273,0,07,000,00,2,2,01,A01
200500082274,0,07,000,00,2,3,15,A01
200500082274,0,05,000,00,2,2,01,B01
200500082275,0,05,000,00,2,1,01,A01
200500082275,0,07,000,00,2,4,23,B01
200500082276,0,05,000,00,1,1,07,A01
200500082277,0,05,000,00,1,1,01,A01
200500082278,0,02,000,00,1,1,05,A01
200500082279,0,04,000,00,1,1,15,A01
200500082280,0,07,000,07,0,1,01,A01
200500082281,0,07,000,00,1,1,15,A01
200500082282,0,05,000,00,2,2,17,A01
200500082282,0,07,000,00,2,8,01,B01
200500082282,0,07,000,00,2,5,01,C01
200500082283,0,07,000,00,1,1,01,A01
200500082284,0,07,000,00,2,2,01,A01
200500082284,0,07,000,00,2,1,01,B01
200500082285,0,02,000,00,0,0,15,A01
200500082286,0,07,000,00,2,2,15,A01
200500082286,0,04,000,00,2,1,01,B01
200500082287,0,02,000,00,2,3,18,A01
200500082287,0,07,000,00,2,2,16,B01
200500082288,0,02,000,00,2,1,01,A01
200500082288,0,07,000,00,2,3,01,B01
200500082289,0,07,000,00,2,1,01,A01
200500082289,0,02,000,00,2,4,01,B01
200500082290,0,07,000,00,2,8,22,A01
200500082290,0,01,000,00,2,1,01,B01
200500082291,1,07,000,00,2,3,00,A01
200500082291,0,04,000,00,2,2,01,B01
200500082292,0,04,000,00,0,0,21,A01
200500082293,0,07,000,00,2,3,09,A01
200500082293,0,05,000,00,2,1,17,B01
200500082294,0,04,000,00,1,1,17,A01
200500082295,0,07,000,00,1,1,15,A01
200500082296,0,10,000,00,2,1,01,A01
200500082296,0,04,000,00,2,4,23,B01
200500082297,0,10,000,00,2,3,15,B01
200500082297,0,04,000,00,2,1,01,A01
200500082298,0,10,000,00,1,1,01,A01
200500082299,0,04,000,00,2,1,01,A01
200500082299,0,07,000,00,2,4,01,B01
200500082300,0,07,000,00,2,3,11,A01
200500082300,0,02,000,00,2,2,01,B01
200500082301,0,10,000,00,2,3,11,A01
200500082301,0,05,000,00,2,2,01,B01
200500082301,0,10,000,00,2,1,01,C01
200500082302,0,10,000,00,2,2,16,A01
200500082302,0,07,000,00,2,3,01,B01
200500082303,0,01,000,00,0,0,01,A01
200500082304,0,05,000,00,2,2,17,A01
200500082304,0,07,000,00,2,1,15,B01
200500082305,0,07,000,00,2,2,15,A01
200500082305,0,05,000,00,2,1,01,B01
200500082306,0,07,000,00,2,2,15,A01
200500082306,0,02,000,00,2,1,01,B01
200500082307,0,07,000,00,2,2,16,A01
200500082307,0,04,000,00,2,3,01,B01
200500082308,0,07,000,00,2,2,01,B01
200500082308,0,07,000,00,2,1,01,A01
200500082309,0,04,000,00,2,1,02,A01
200500082309,0,07,000,00,2,4,02,B01
200500082310,0,04,000,00,2,1,01,B01
200500082310,0,07,000,00,2,2,01,A01
200500082311,1,07,000,00,1,1,00,A01
200500082312,0,10,000,00,2,2,10,A01
200500082312,0,05,000,00,2,1,01,B01
200500082313,0,05,000,00,2,1,01,A01
200500082313,0,07,000,00,2,4,01,B01
200500082314,0,02,000,00,0,0,21,A01
200500082315,0,07,000,00,2,2,15,A01
200500082315,0,05,000,00,2,1,01,B01
200500082316,0,07,000,00,2,2,15,A01
200500082316,0,04,000,00,2,1,01,B01
200500082317,0,07,000,00,2,6,01,B01
200500082317,0,07,000,00,2,1,01,A01
200500082318,0,05,000,00,2,1,01,A01
200500082318,0,07,000,00,2,4,01,B01
200500082319,0,05,000,00,2,3,07,A01
200500082319,0,07,000,00,2,2,16,B01
200500082320,0,05,000,12,0,1,01,A01
200500082321,0,07,000,00,2,3,10,A01
200500082321,0,05,000,00,2,1,01,B01
200500082322,0,05,000,01,0,1,21,A01
200500082323,0,07,000,00,1,1,01,A01
200500082324,0,01,000,00,0,1,01,A01
200500082325,0,04,000,00,1,1,01,A01
200500082326,0,04,000,00,2,3,18,A01
200500082326,0,07,000,00,2,2,16,B01
200500082327,0,07,000,00,2,8,22,A01
200500082327,0,02,000,00,2,1,01,B01
200500082328,0,07,000,00,2,2,15,A01
200500082328,0,02,000,00,2,1,01,B01
200500082329,0,07,000,00,2,1,07,A01
200500082329,0,07,000,15,2,2,15,B01
200500082330,0,07,000,00,1,3,15,A01
200500082331,0,02,000,00,2,2,17,A01
200500082331,0,07,000,00,2,3,15,B01
200500082332,0,05,000,00,2,1,01,A01
200500082332,0,07,000,00,2,4,15,B01
200500082333,0,07,000,00,2,1,02,A01
200500082333,0,05,000,00,2,4,23,B01
200500082334,0,05,000,00,2,1,01,A01
200500082334,0,07,000,00,2,3,15,B01
200500082335,0,07,000,00,1,2,01,A01
200500082336,0,07,000,00,2,8,22,A01
200500082336,0,05,000,00,2,1,03,B01
200500082336,0,07,000,00,2,4,01,C01
200500082337,0,04,000,00,2,3,18,A01
200500082337,0,07,000,00,2,7,16,B01
200500082338,0,04,000,00,2,3,21,A01
200500082338,0,02,000,00,2,2,17,B01
200500082339,0,04,000,00,2,2,17,A01
200500082339,0,07,000,00,2,3,15,B01
200500082340,0,02,000,00,1,1,01,A01
200500082341,0,07,000,01,1,1,15,A01
200500082342,0,07,000,00,1,1,01,A01
200500082343,0,02,000,00,1,1,15,A01
200500082344,0,10,000,11,0,1,21,A01
200500082345,0,02,000,00,0,0,21,A01
200500082346,0,10,000,00,2,7,22,A01
200500082346,0,04,000,00,2,3,01,B01
200500082347,0,05,000,00,0,0,15,A01
200500082348,0,18,000,00,1,5,07,A01
200500082349,0,02,000,00,1,1,01,A01
200500082350,0,07,000,00,2,4,23,C01
200500082350,0,07,000,00,2,2,16,A01
200500082350,0,18,000,00,2,3,07,B01
200500082351,0,07,000,00,2,2,10,A01
200500082351,0,02,000,00,2,1,01,B01
200500082352,0,04,000,00,2,2,05,A01
200500082352,0,07,000,00,2,7,15,B01
200500082353,0,07,000,00,1,4,04,A01
200500082354,0,07,000,00,1,1,01,A01
200500082355,0,04,000,00,0,0,21,A01
200500082356,0,05,000,00,1,1,01,A01
200500082357,0,02,000,00,1,1,01,A01
200500082358,0,07,000,00,2,2,01,A01
200500082358,0,07,000,00,2,1,16,B01
200500082359,0,07,000,00,1,4,04,A01
200500082360,0,07,000,00,2,2,15,A01
200500082360,0,04,000,00,2,1,01,B01
200500082361,0,01,000,00,2,2,01,A01
200500082361,0,07,000,00,2,1,01,B01
200500082362,0,07,000,00,2,1,01,A01
200500082362,0,01,000,00,2,3,01,B01
200500082363,0,07,000,00,1,1,16,A01
200500082364,0,05,000,00,1,1,01,A01
200500082365,0,07,000,00,1,1,01,A01
200500082366,0,07,000,00,1,4,04,A01
200500082367,0,04,000,00,0,0,01,A01
200500082368,0,05,000,00,2,1,01,B01
200500082368,0,10,000,00,2,8,01,A01
200500082369,0,07,000,00,2,8,15,A01
200500082369,0,05,000,00,2,2,01,B01
200500082370,0,18,000,00,1,2,08,A01
200500082371,0,07,000,00,2,3,15,A01
200500082371,0,05,000,00,2,2,01,B01
200500082372,0,07,000,00,1,1,01,A01
200500082373,1,07,000,00,2,1,00,A01
200500082373,0,07,000,00,2,4,01,B01
200500082373,0,17,000,00,2,4,01,C01
200500082373,0,07,000,00,2,4,01,D01
200500082374,0,07,000,00,2,2,12,A01
200500082374,0,05,000,00,2,1,01,B01
200500082375,0,05,000,00,0,0,21,A01
200500082376,0,07,000,00,2,2,12,A01
200500082376,0,07,000,00,2,3,01,B01
200500082376,0,07,000,00,2,1,01,C01
200500082377,0,05,000,00,2,3,18,A01
200500082377,0,07,000,00,2,2,12,B01
200500082378,0,05,000,00,2,2,21,A01
200500082378,0,07,000,00,2,6,01,B01
200500082379,0,07,000,00,2,2,21,A01
200500082379,0,07,000,00,2,6,01,B01
200500082380,0,05,000,00,2,3,18,A01
200500082380,0,07,000,00,2,5,12,B01
200500082380,0,07,000,00,2,6,01,C01
200500082381,0,05,000,00,2,3,18,A01
200500082381,0,07,000,00,2,2,12,B01
200500082382,0,07,000,00,2,1,02,A01
200500082382,0,07,000,00,2,4,02,B01
200500082382,0,07,000,00,2,4,02,C01
200500082382,0,07,000,00,2,1,02,D01
200500082382,0,07,000,00,2,4,02,E01
200500082383,0,05,000,00,2,1,01,A01
200500082383,0,07,000,00,2,4,01,B01
200500082384,1,07,000,00,2,1,00,A01
200500082384,0,07,000,00,2,4,01,B01
200500082385,0,07,000,00,2,3,11,A01
200500082385,0,05,000,00,2,2,03,B01
200500082386,0,05,000,00,2,2,14,A01
200500082386,0,18,010,00,2,8,01,B01
200500082387,0,05,000,00,2,1,01,A01
200500082387,0,07,000,00,2,4,01,B01
200500082388,0,05,000,00,0,0,21,A01
200500082389,0,10,000,00,2,1,02,A01
200500082389,0,07,000,00,2,4,02,B01
200500082390,0,07,000,00,2,3,11,A01
200500082390,0,05,000,00,2,2,01,B01
200500082391,0,05,000,00,0,0,01,A01
200500082392,0,10,000,00,2,1,02,A01
200500082392,0,07,000,00,2,4,02,B01
200500082393,0,05,000,14,0,1,01,A01
200500082394,1,07,000,00,2,1,00,A01
200500082394,0,07,000,00,2,4,01,B01
200500082395,0,07,000,05,0,1,01,A01
200500082396,1,07,000,00,2,1,00,A01
200500082396,0,07,000,05,2,4,01,B01
200500082397,0,07,000,04,0,8,13,A01
200500082397,0,05,000,00,2,1,01,B01
200500082398,0,05,000,00,2,1,11,A01
200500082398,0,07,000,00,2,4,01,B01
200500082399,0,07,000,00,2,3,11,A01
200500082399,0,15,000,00,2,2,12,B01
200500082400,0,07,000,12,0,1,14,A01
200500082401,0,07,000,00,2,1,02,A01
200500082401,0,07,000,00,2,4,02,B01
200500082401,0,07,000,00,2,4,02,C01
200500082401,0,07,000,00,2,4,02,D01
200500082402,0,07,000,00,2,3,11,A01
200500082402,0,05,000,00,2,5,01,B01
200500082403,0,07,000,00,2,1,01,A01
200500082403,0,07,000,00,2,4,01,B01
200500082403,0,07,000,00,2,1,01,C01
200500082403,0,07,000,00,2,3,13,D01
200500082403,0,07,000,00,2,2,01,E01
200500082403,0,07,000,00,2,4,01,F01
200500082404,0,07,000,00,2,6,01,A01
200500082404,0,17,000,00,2,2,01,B01
200500082404,0,10,000,00,2,3,13,C01
200500082404,0,07,000,00,2,7,01,D01
200500082405,0,05,000,00,2,3,11,A01
200500082405,0,05,000,00,2,3,01,B01
200500082406,0,07,000,00,2,6,11,A01
200500082406,0,04,000,00,2,2,01,B01
200500082407,0,05,000,00,2,3,18,A01
200500082407,0,07,000,00,2,2,01,B01
200500082408,0,05,000,00,0,0,21,A01
200500082409,0,07,000,00,2,1,02,A01
200500082409,0,07,000,00,2,4,02,B01
200500082410,0,05,000,00,2,3,18,A01
200500082410,0,07,000,00,2,2,12,B01
200500082411,1,07,000,00,2,2,00,A01
200500082411,0,05,000,00,2,3,03,B01
200500082411,0,07,000,00,2,4,01,C01
200500082412,0,17,000,00,2,2,12,A01
200500082412,0,07,000,00,2,6,01,B01
200500082412,0,05,000,00,2,2,01,C01
200500082412,0,07,000,00,2,7,13,D01
200500082412,0,05,000,00,2,1,01,E01
200500082412,0,05,000,00,2,2,01,F01
200500082413,0,05,000,00,0,0,21,A01
200500082414,0,05,000,00,2,3,18,A01
200500082414,0,07,000,00,2,2,12,B01
200500082414,0,07,000,00,2,4,01,C01
200500082415,0,05,000,00,2,3,18,A01
200500082415,0,07,000,00,2,2,01,B01
200500082416,0,07,000,04,0,3,13,A01
200500082417,0,07,000,04,0,3,13,A01
200500082418,0,07,000,00,2,1,02,A01
200500082418,0,07,000,00,2,4,02,B01
200500082419,0,05,000,00,2,1,11,A01
200500082419,0,07,000,00,2,4,11,B01
200500082420,0,07,000,00,2,8,11,A01
200500082420,0,05,000,00,2,2,03,B01
200500082421,0,07,000,00,2,1,02,A01
200500082421,0,07,000,00,2,4,02,B01
200500082421,0,07,000,00,2,4,02,C01
200500082422,0,05,000,00,2,1,16,A01
200500082422,0,07,000,00,2,4,01,B01
200500082423,0,07,000,00,2,3,11,A01
200500082423,0,05,000,00,2,2,01,B01
200500082424,0,05,000,00,2,1,02,A01
200500082424,0,10,000,00,2,4,02,B01
200500082425,0,05,000,00,0,0,01,A01
200500082426,0,05,000,00,2,2,11,A01
200500082426,0,07,000,00,2,6,01,B01
200500082426,0,07,000,00,2,5,01,C01
200500082427,0,10,000,00,2,8,11,A01
200500082427,0,05,000,00,2,2,01,B01
200500082428,0,05,000,00,0,0,01,A01
200500082429,0,10,000,00,2,1,02,A01
200500082429,0,07,000,00,2,4,02,B01
200500082430,0,10,000,00,2,1,01,A01
200500082430,0,04,000,00,2,4,01,B01
200500082431,0,04,000,00,2,2,17,A01
200500082431,0,07,000,00,2,3,01,B01
200500082432,0,07,000,00,2,1,01,A01
200500082432,0,10,000,00,2,4,23,B01
200500082433,0,07,000,00,2,1,01,A01
200500082433,0,05,000,00,2,4,01,B01
200500082434,0,07,000,00,1,1,01,A01
200500082435,0,07,000,00,1,1,01,A01
200500082436,0,07,000,00,2,2,15,A01
200500082436,0,04,000,00,2,1,01,B01
200500082437,0,07,000,00,2,3,10,A01
200500082437,0,05,000,00,2,5,01,B01
200500082438,0,07,000,00,2,2,16,A01
200500082438,0,04,000,00,2,3,01,B01
200500082439,0,07,000,00,1,1,01,A01
200500082440,0,02,000,00,2,1,01,A01
200500082440,0,07,000,00,2,4,23,B01
200500082441,0,07,000,00,1,1,01,A01
200500082442,0,10,000,12,2,1,01,A01
200500082442,0,07,000,00,2,4,01,B01
200500082442,0,07,000,00,2,4,01,C01
200500082442,0,07,000,00,2,4,01,D01
200500082443,0,10,000,00,2,3,15,A01
200500082443,0,04,000,00,2,2,01,B01
200500082443,0,02,000,00,2,1,01,C01
200500082444,0,05,000,00,1,1,17,A01
200500082445,0,05,000,14,2,1,01,A01
200500082445,0,07,000,00,2,4,23,B01
200500082446,0,05,000,00,2,1,01,A01
200500082446,0,05,000,00,2,4,01,B01
200500082447,0,07,000,00,2,2,01,B01
200500082447,0,07,000,00,2,1,01,A01
200500082448,0,01,000,00,1,1,01,A01
200500082449,0,05,000,00,2,3,18,A01
200500082449,0,07,000,00,2,5,22,B01
200500082450,0,10,000,00,2,3,15,A01
200500082450,0,02,000,00,2,5,01,B01
200500082451,0,18,000,00,1,5,23,A01
200500082452,0,07,000,00,1,1,01,A01
200500082453,0,05,000,00,1,1,01,A01
200500082454,0,02,000,00,2,1,17,A01
200500082454,0,07,000,00,2,1,01,B01
200500082455,0,05,000,00,2,1,07,A01
200500082455,0,10,000,00,2,2,15,B01
200500082456,0,05,000,00,2,3,18,A01
200500082456,0,10,000,00,2,2,01,B01
200500082457,0,05,000,00,1,1,01,A01
200500082458,0,04,000,00,1,1,01,A01
200500082459,0,04,000,00,0,0,01,A01
200500082460,0,04,000,00,2,1,01,A01
200500082460,0,07,000,00,2,1,23,B01
200500082461,0,07,000,00,2,3,10,A01
200500082461,0,05,000,00,2,2,01,B01
200500082462,0,07,000,00,2,3,15,A01
200500082462,0,04,000,00,2,1,01,B01
200500082463,0,07,000,00,2,2,01,A01
200500082463,0,02,000,00,2,1,01,B01
200500082464,0,02,000,14,0,2,18,A01
200500082465,0,07,000,00,2,8,22,A01
200500082465,0,02,000,00,2,1,01,B01
200500082466,0,07,000,12,0,1,01,A01
200500082467,0,07,000,00,2,1,01,A01
200500082467,0,02,000,00,2,4,01,B01
200500082467,0,07,000,00,2,1,01,C01
200500082468,0,07,000,00,2,1,01,A01
200500082468,0,07,000,00,2,4,23,B01
200500082469,0,07,000,00,2,4,04,A01
200500082469,0,05,000,00,2,1,01,B01
200500082470,0,04,000,00,2,1,01,B01
200500082470,0,07,000,00,2,2,01,A01
200500082471,0,07,000,00,2,8,09,A01
200500082471,0,04,000,00,2,1,01,B01
200500082472,0,04,000,00,1,1,01,A01
200500082473,0,07,000,00,2,2,15,A01
200500082473,0,05,000,00,2,1,01,B01
200500082474,0,04,000,00,2,1,15,B01
200500082474,0,07,000,00,2,2,01,A01
200500082475,0,07,000,00,1,1,01,A01
200500082476,0,02,000,00,2,2,15,A01
200500082476,0,04,000,00,2,1,01,B01
200500082477,0,07,000,00,2,8,15,A01
200500082477,0,05,000,00,2,2,01,B01
200500082478,0,07,000,00,1,1,01,A01
200500082479,0,05,000,00,0,0,01,A01
200500082480,0,07,000,11,0,3,01,A01
200500082481,0,07,000,00,1,1,01,A01
200500082482,0,07,000,00,2,1,01,B01
200500082482,0,07,000,01,2,7,01,A01
200500082482,0,07,000,00,2,4,23,C01
200500082483,0,07,000,00,2,5,01,B01
200500082483,0,04,000,00,2,1,01,A01
200500082484,0,07,000,00,1,1,01,A01
200500082485,0,07,000,00,2,2,12,A01
200500082485,0,05,000,00,2,3,01,B01
200500082486,0,04,000,00,0,0,01,A01
200500082487,0,07,000,00,1,1,17,A01
200500082488,0,02,000,00,2,1,02,A01
200500082488,0,07,000,00,2,4,02,B01
200500082489,0,07,000,00,2,1,01,A01
200500082489,0,07,000,00,2,4,23,B01
200500082490,0,07,000,00,1,3,01,A01
200500082491,1,10,000,00,2,2,00,A01
200500082491,0,04,000,00,2,3,16,B01
200500082492,0,05,000,00,2,2,17,A01
200500082492,0,07,000,00,2,3,15,B01
200500082493,0,07,000,00,2,2,16,A01
200500082493,0,05,000,00,2,6,16,B01
200500082494,0,04,000,00,2,1,21,A01
200500082494,0,07,000,00,2,1,01,B01
200500082495,1,07,000,00,1,4,00,A01
200500082496,0,07,000,00,1,1,01,A01
200500082497,0,04,000,00,0,0,16,A01
200500082498,0,07,000,00,2,2,17,A01
200500082498,0,07,000,00,2,3,15,B01
200500082499,0,07,000,00,1,1,16,A01
200500082500,0,07,000,00,1,1,01,A01
200500082501,0,10,000,00,2,8,22,A01
200500082501,0,01,000,00,2,2,01,B01
200500082502,0,07,000,00,2,1,02,A01
200500082502,0,07,000,00,2,4,02,B01
200500082503,0,07,000,00,2,1,02,A01
200500082503,0,05,000,00,2,4,23,B01
200500082503,0,07,000,00,2,4,23,C01
200500082504,0,07,000,00,2,3,10,A01
200500082504,0,05,000,00,2,2,01,B01
200500082505,0,02,000,00,0,0,01,A01
200500082506,0,07,000,00,2,2,01,A01
200500082506,0,07,000,00,2,1,15,B01
200500082507,0,07,000,00,2,2,15,A01
200500082507,0,02,000,00,2,1,01,B01
200500082508,0,01,000,00,2,1,01,A01
200500082508,0,07,000,00,2,6,16,B01
200500082509,0,07,000,00,2,1,01,A01
200500082509,0,07,000,00,2,3,01,B01
200500082510,0,05,000,04,0,3,01,A01
200500082511,0,05,000,00,1,3,01,A01
200500082512,0,07,000,00,1,2,01,A01
200500082513,0,02,000,00,2,1,01,A01
200500082513,0,07,000,00,2,4,23,B01
200500082514,0,04,000,00,1,1,01,A01
200500082515,0,04,000,00,0,0,01,A01
200500082516,0,10,000,00,1,1,01,A01
200500082517,0,04,000,00,0,0,21,A01
200500082518,0,07,000,00,2,8,15,A01
200500082518,0,04,000,00,2,2,01,B01
200500082519,0,04,000,00,0,0,01,A01
200500082520,1,07,000,00,2,3,00,A01
200500082520,0,04,000,00,2,2,13,B01
200500082520,0,07,000,00,2,1,01,C01
200500082521,0,18,000,00,1,3,07,A01
200500082522,0,02,000,00,0,0,01,A01
200500082523,0,07,000,00,1,1,01,A01
200500082524,0,07,000,00,2,6,01,B01
200500082524,0,07,000,00,2,1,01,A01
200500082525,0,07,000,00,2,1,01,A01
200500082525,0,07,000,00,2,4,23,B01
200500082526,0,07,000,00,2,7,01,B01
200500082526,0,02,000,00,2,1,01,A01
200500082527,0,07,000,00,2,2,15,A01
200500082527,0,07,000,00,2,1,01,B01
200500082528,0,02,000,00,2,2,01,A01
200500082528,0,07,000,00,2,1,01,B01
200500082529,0,07,000,00,1,1,01,A01
200500082530,0,05,000,01,0,1,01,A01
200500082531,0,05,000,00,0,0,21,A01
200500082532,0,07,000,00,2,1,02,A01
200500082532,0,07,000,00,2,4,02,B01
200500082533,0,07,000,00,1,1,01,A01
200500082534,0,07,000,00,2,2,12,A01
200500082534,0,04,000,00,2,3,07,B01
200500082535,0,05,000,00,2,3,01,B01
200500082535,0,14,000,00,2,2,16,A01
200500082536,0,07,000,00,2,3,15,B01
200500082536,0,05,000,00,2,1,01,A01
200500082537,0,05,000,00,2,1,01,A01
200500082537,0,07,000,00,2,4,01,B01
200500082538,0,04,000,00,2,2,07,A01
200500082538,0,10,000,00,2,5,16,B01
200500082539,1,07,000,00,1,1,00,A01
200500082540,0,14,000,00,1,1,01,A01
200500082541,0,05,000,01,2,3,18,A01
200500082541,0,10,000,00,2,7,22,B01
200500082542,0,07,000,07,0,1,01,A01
200500082543,0,04,000,00,0,0,21,A01
200500082544,0,07,000,00,2,1,17,A01
200500082544,0,02,000,00,2,1,01,B01
200500082545,0,10,000,00,1,1,16,A01
200500082546,0,04,000,00,2,2,18,A01
200500082546,0,07,000,00,2,1,15,B01
200500082547,0,07,000,04,2,2,14,A01
200500082547,0,07,000,04,2,3,01,B01
200500082548,0,07,000,00,2,3,15,A01
200500082548,0,05,000,00,2,2,01,B01
200500082549,0,07,000,00,2,3,09,A01
200500082549,0,18,000,00,2,2,01,B01
200500082550,0,02,000,00,2,1,01,A01
200500082550,0,07,000,00,2,4,01,B01
200500082551,0,02,000,00,2,1,16,A01
200500082551,0,10,000,00,2,1,01,B01
200500082552,0,07,000,00,2,2,15,A01
200500082552,0,05,000,00,2,1,01,B01
200500082553,0,05,000,00,1,1,01,A01
200500082554,0,02,000,00,2,1,01,A01
200500082554,0,07,000,00,2,4,23,B01
200500082555,0,07,000,00,2,3,11,A01
200500082555,0,04,000,00,2,2,01,B01
200500082556,0,01,000,01,2,1,05,A01
200500082556,0,05,000,00,2,1,01,B01
200500082557,0,10,000,00,2,3,09,A01
200500082557,0,05,000,00,2,2,01,B01
200500082558,0,10,000,00,2,1,01,A01
200500082558,0,10,000,00,2,4,23,B01
200500082558,0,07,000,00,2,4,23,C01
200500082559,0,02,000,00,2,3,18,A01
200500082559,0,07,000,00,2,5,01,B01
200500082560,0,10,000,00,1,1,01,A01
200500082561,0,04,000,00,1,1,01,A01
200500082562,0,04,000,15,0,1,16,A01
200500082563,0,10,000,00,1,3,15,A01
200500082564,0,10,000,00,2,2,15,A01
200500082564,0,05,000,00,2,1,01,B01
200500082565,0,07,000,00,2,1,01,A01
200500082565,0,07,000,00,2,4,23,B01
200500082565,0,07,000,00,2,4,23,C01
200500082565,0,07,000,00,2,4,23,D01
200500082566,0,07,000,00,2,1,01,B01
200500082566,0,02,000,00,2,2,01,A01
200500082567,0,05,000,00,2,1,02,A01
200500082567,0,07,000,00,2,4,23,B01
200500082568,0,04,000,00,2,1,01,A01
200500082568,0,07,000,00,2,1,01,B01
200500082569,0,01,000,00,1,1,01,A01
200500082570,0,05,000,00,2,1,01,B01
200500082570,0,07,000,00,2,2,15,A01
200500082571,0,01,000,15,0,1,01,A01
200500082572,0,07,000,00,2,2,15,A01
200500082572,0,05,000,00,2,1,01,B01
200500082573,0,05,000,00,0,0,01,A01
200500082574,0,07,000,00,1,1,15,A01
200500082575,0,04,000,00,0,0,15,A01
200500082576,0,02,000,00,2,1,01,A01
200500082576,0,07,000,00,2,2,15,B01
200500082577,0,07,000,00,2,5,22,A01
200500082577,0,01,000,00,2,3,18,B01
200500082578,0,07,000,00,2,3,01,A01
200500082578,0,07,000,00,2,1,01,B01
200500082579,0,02,000,00,2,2,01,A01
200500082579,0,10,000,00,2,1,01,B01
200500082580,0,10,000,00,2,1,01,B01
200500082580,0,07,000,00,2,7,01,A01
200500082581,0,07,000,00,2,1,15,A01
200500082581,0,04,000,01,2,2,01,B01
200500082582,0,07,000,00,1,1,01,A01
200500082583,0,07,000,00,2,8,15,A01
200500082583,0,05,000,00,2,1,17,B01
200500082584,0,07,000,00,1,1,01,A01
200500082585,0,10,000,00,1,1,01,A01
200500082586,1,07,000,00,2,2,00,A01
200500082586,0,02,000,00,2,3,01,B01
200500082587,0,04,000,00,2,3,18,A01
200500082587,0,10,000,00,2,5,16,B01
200500082588,0,02,000,00,1,1,01,A01
200500082589,0,05,000,00,0,3,21,A01
200500082590,0,05,000,00,2,2,02,A01
200500082590,0,10,000,00,2,4,02,B01
200500082591,0,10,000,00,2,2,15,A01
200500082591,0,10,000,01,2,6,01,B01
200500082592,0,10,000,00,2,8,22,A01
200500082592,0,07,000,00,2,6,01,B01
200500082593,0,07,000,00,2,6,11,A01
200500082593,0,02,000,00,2,2,01,B01
200500082594,0,05,000,00,2,2,17,A01
200500082594,0,07,000,00,2,6,20,B01
200500082595,0,07,000,00,1,1,01,A01
200500082596,0,07,000,00,2,2,15,A01
200500082596,0,05,000,00,2,1,01,B01
200500082597,0,10,000,00,2,2,15,A01
200500082597,0,05,000,00,2,1,01,B01
200500082598,0,07,000,00,2,1,01,A01
200500082598,0,10,000,00,2,2,01,B01
200500082599,0,07,000,00,2,3,09,A01
200500082599,0,04,000,00,2,1,01,B01
200500082600,0,10,000,00,2,2,16,A01
200500082600,0,18,000,00,2,3,07,B01
200500082601,0,02,000,00,1,1,01,A01
200500082602,0,07,000,00,1,1,15,A01
200500082603,0,04,000,00,2,2,17,A01
200500082603,0,07,000,00,2,3,01,B01
200500082604,0,04,000,00,0,0,21,A01
200500082605,0,18,000,01,0,2,14,A01
200500082606,0,14,000,00,2,2,15,A01
200500082606,0,02,000,00,2,1,01,B01
200500082607,0,07,000,00,1,1,01,A01
200500082608,0,04,000,00,2,3,07,A01
200500082608,0,07,000,00,2,2,16,B01
200500082609,0,04,000,00,2,2,17,A01
200500082609,0,04,000,00,2,6,15,B01
200500082610,0,05,000,00,2,1,01,B01
200500082610,0,07,000,00,2,2,01,A01
200500082611,0,02,000,00,2,1,01,A01
200500082611,0,07,000,00,2,3,01,B01
200500082612,0,07,000,00,2,1,01,A01
200500082612,0,02,000,00,2,2,09,B01
200500082613,0,05,000,00,2,1,01,A01
200500082613,0,07,000,00,2,4,01,B01
200500082614,0,05,000,00,1,1,01,A01
200500082615,0,04,000,00,0,0,01,A01
200500082616,0,05,000,00,2,1,15,A01
200500082616,0,07,000,00,2,4,15,B01
200500082617,0,02,000,00,2,3,07,A01
200500082617,0,10,000,00,2,2,16,B01
200500082618,0,07,000,00,2,2,01,A01
200500082618,0,18,000,00,2,1,01,B01
200500082619,0,10,000,00,2,3,09,A01
200500082619,0,02,000,00,2,2,01,B01
200500082620,0,07,000,00,2,2,15,A01
200500082620,0,02,000,00,2,1,01,B01
200500082621,0,07,000,00,1,1,15,A01
200500082622,0,05,000,12,0,1,21,A01
200500082623,0,10,000,00,1,4,04,A01
200500082624,0,07,000,03,0,3,01,A01
200500082625,0,07,000,00,2,3,15,A01