Num_Acc,senc,catv,occutc,obs,obsm,choc,manv,num_veh
200500082625,0,05,000,00,2,1,17,B01
200500082625,0,07,000,01,2,1,01,C01
200500082626,0,07,000,00,2,3,09,A01
200500082626,0,04,000,00,2,1,07,B01
200500082627,0,04,000,00,2,1,17,A01
200500082627,0,07,000,00,2,8,15,B01
200500082628,0,05,000,00,2,2,17,A01
200500082628,0,07,000,00,2,8,01,B01
200500082629,0,07,000,00,1,1,01,A01
200500082630,0,02,000,06,0,1,01,A01
200500082631,0,05,000,00,1,1,01,A01
200500082632,0,07,000,00,2,3,01,B01
200500082632,0,04,000,00,2,2,09,A01
200500082633,0,07,000,00,2,1,02,A01
200500082633,0,07,000,00,2,4,02,B01
200500082634,0,07,000,00,2,1,01,A01
200500082634,0,05,000,00,2,4,01,B01
200500082635,2,05,000,01,1,1,00,A01
200500082636,0,05,000,00,2,1,01,A01
200500082636,0,14,000,00,2,3,23,C01
200500082636,0,07,000,00,2,1,15,B01
200500082637,0,04,000,00,1,1,01,A01
200500082638,0,07,000,00,1,1,01,A01
200500082639,0,07,000,00,2,3,15,A01
200500082639,0,04,000,00,2,1,01,B01
200500082640,0,07,000,00,1,1,01,A01
200500082641,1,07,000,00,1,1,00,A01
200500082642,0,02,000,12,0,1,21,A01
200500082643,0,07,000,00,2,2,16,A01
200500082643,0,05,000,00,2,3,01,B01
200500082644,0,07,000,00,1,1,07,A01
200500082645,0,07,000,00,2,1,01,A01
200500082645,0,05,000,00,2,4,01,B01
200500082646,0,05,000,00,2,1,01,A01
200500082646,0,07,000,00,2,3,01,B01
200500082647,0,14,000,00,2,3,15,A01
200500082647,0,01,000,00,2,2,16,B01
200500082648,0,07,000,00,1,1,15,A01
200500082649,0,07,000,08,0,1,15,A01
200500082650,0,07,000,00,2,2,10,A01
200500082650,0,04,000,00,2,1,07,B01
200500082651,0,07,000,00,2,2,15,A01
200500082651,0,05,000,00,2,1,01,B01
200500082652,0,02,000,00,2,1,01,A01
200500082652,0,07,000,00,2,4,23,B01
200500082653,0,07,000,00,1,1,01,A01
200500082654,0,04,000,00,1,1,01,A01
200500082655,0,07,000,11,0,1,01,A01
200500082656,0,05,000,00,2,3,01,B01
200500082656,0,07,000,00,2,1,01,A01
200500082657,0,01,000,00,2,4,01,B01
200500082657,0,07,000,00,2,1,16,A01
200500082658,0,10,000,00,2,3,15,A01
200500082658,0,02,000,00,2,2,01,B01
200500082659,0,02,000,00,2,2,17,A01
200500082659,0,07,000,00,2,3,15,B01
200500082660,0,07,000,00,2,4,09,A01
200500082660,0,02,000,00,2,2,01,B01
200500082661,1,04,000,00,1,1,00,A01
200500082662,0,07,000,00,2,2,16,A01
200500082662,0,01,000,00,2,3,01,B01
200500082663,0,10,000,00,2,7,22,A01
200500082663,0,01,000,00,2,3,18,B01
200500082664,0,07,000,00,2,3,09,A01
200500082664,0,04,000,00,2,2,01,B01
200500082665,0,05,000,00,2,1,01,A01
200500082665,0,07,000,00,2,4,23,B01
200500082666,0,05,000,11,2,3,11,A01
200500082666,0,07,000,00,2,2,15,B01
200500082667,0,05,000,00,2,2,17,A01
200500082667,0,07,000,00,2,6,15,B01
200500082668,0,05,000,00,2,3,01,B01
200500082668,0,07,000,00,2,1,01,A01
200500082669,0,07,000,00,2,1,15,A01
200500082669,0,02,000,00,2,4,23,B01
200500082670,0,07,000,00,1,1,07,A01
200500082671,0,07,000,00,2,1,01,A01
200500082671,0,07,000,00,2,4,23,B01
200500082671,0,07,000,00,2,4,23,C01
200500082672,0,10,000,00,1,1,01,A01
200500082673,0,02,000,00,0,0,21,A01
200500082674,0,04,000,01,0,2,21,A01
200500082675,0,10,000,00,2,2,16,A01
200500082675,0,05,000,00,2,3,07,B01
200500082676,0,07,000,00,2,2,17,A01
200500082676,0,01,000,00,2,3,01,B01
200500082677,0,07,000,00,1,2,01,A01
200500082678,0,05,000,14,0,1,01,A01
200500082679,0,10,000,00,2,8,11,A01
200500082679,0,05,000,08,2,2,17,B01
200500082680,0,14,000,00,2,7,16,A01
200500082680,0,18,000,00,2,1,07,B01
200500082681,0,02,000,00,1,2,01,A01
200500082681,0,07,000,00,2,8,23,B01
200500082682,0,01,000,00,2,3,01,B01
200500082682,0,05,000,00,2,1,01,A01
200500082683,0,01,000,00,0,0,01,A01
200500082684,0,07,000,00,1,1,01,A01
200500082685,0,07,000,06,2,2,01,A01
200500082685,0,07,000,12,2,1,01,B01
200500082686,0,07,000,00,1,1,01,A01
200500082687,0,07,000,00,2,1,01,A01
200500082687,0,07,000,00,2,4,20,B01
200500082688,0,05,000,00,0,0,21,A01
200500082689,1,07,000,00,2,1,00,A01
200500082689,0,05,000,00,2,4,01,B01
200500082690,0,05,000,00,0,0,21,A01
200500082691,1,05,000,00,1,1,00,A01
200500082692,0,07,000,00,1,1,01,A01
200500082693,0,10,000,00,2,3,09,A01
200500082693,0,02,000,00,2,1,17,B01
200500082693,0,07,000,00,2,1,23,C01
200500082694,0,02,000,00,1,1,01,A01
200500082695,2,10,000,00,2,1,00,A01
200500082695,0,07,000,00,2,6,07,B01
200500082696,0,02,000,00,2,3,07,A01
200500082696,0,10,000,00,2,2,16,B01
200500082697,0,07,000,00,2,4,11,A01
200500082697,0,05,000,00,2,1,01,B01
200500082698,1,07,000,00,2,2,00,A01
200500082698,0,02,000,00,2,1,01,B01
200500082699,0,05,000,00,0,0,01,A01
200500082700,0,04,000,00,2,3,11,A01
200500082700,0,07,000,00,2,7,01,B01
200500082701,0,07,000,00,2,2,15,A01
200500082701,0,07,000,00,2,1,07,B01
200500082702,0,07,000,00,2,3,09,A01
200500082702,0,04,000,00,2,2,01,B01
200500082703,0,10,000,00,2,1,01,A01
200500082703,0,07,000,00,2,4,23,B01
200500082704,0,05,000,00,1,1,05,A01
200500082705,0,07,000,00,2,3,10,A01
200500082705,0,05,000,00,2,2,01,B01
200500082706,0,07,000,00,2,2,09,A01
200500082706,0,10,000,00,2,1,01,B01
200500082706,0,07,000,00,2,1,23,C01
200500082707,0,05,000,00,1,1,01,A01
200500082708,0,05,000,00,2,1,01,A01
200500082708,0,10,000,00,2,4,01,B01
200500082709,0,07,000,01,2,3,01,B01
200500082709,0,07,000,00,2,2,01,A01
200500082710,0,07,000,00,2,1,01,A01
200500082710,0,04,000,00,2,4,01,B01
200500082711,0,07,000,00,1,4,04,A01
200500082712,0,05,000,00,1,1,01,A01
200500082713,0,02,000,00,0,0,01,A01
200500082714,0,02,000,00,1,1,01,A01
200500082715,0,07,000,00,1,1,01,A01
200500082716,1,07,000,00,1,1,00,A01
200500082717,0,07,000,12,0,1,01,A01
200500082718,0,07,000,11,0,1,21,A01
200500082719,0,05,000,00,1,1,01,A01
200500082720,0,18,000,00,2,1,01,A01
200500082720,0,07,000,00,2,3,01,B01
200500082721,0,04,000,00,0,0,21,A01
200500082722,0,10,000,00,2,7,16,A01
200500082722,0,01,000,12,2,3,01,B01
200500082723,0,04,000,00,1,3,05,A01
200500082724,0,07,000,00,1,1,07,A01
200500082725,0,07,000,00,2,2,16,A01
200500082725,0,04,000,00,2,3,01,B01
200500082726,0,07,000,06,0,1,01,A01
200500082727,0,02,000,01,0,1,01,A01
200500082728,0,04,000,00,2,2,17,A01
200500082728,0,02,000,00,2,3,01,B01
200500082728,0,07,000,00,2,3,01,C01
200500082729,0,07,000,00,1,1,01,A01
200500082730,0,04,000,00,1,3,16,A01
200500082731,0,02,000,00,2,1,01,A01
200500082731,0,07,000,00,2,4,23,B01
200500082732,0,07,000,00,1,4,04,A01
200500082733,0,10,000,00,2,4,15,A01
200500082733,0,05,000,00,2,3,01,B01
200500082734,0,07,000,00,2,2,16,A01
200500082734,0,02,000,00,2,3,01,B01
200500082735,0,05,000,00,2,1,05,A01
200500082735,0,07,000,00,2,1,01,B01
200500082736,0,05,000,00,0,0,21,A01
200500082737,0,07,000,00,2,7,16,A01
200500082737,0,18,000,00,2,3,09,B01
200500082738,0,14,000,00,1,1,01,A01
200500082739,0,05,000,00,2,1,03,A01
200500082739,0,14,000,00,2,5,01,B01
200500082740,0,07,000,00,2,4,14,A01
200500082740,0,05,000,00,2,1,01,B01
200500082741,0,07,000,00,2,5,12,A01
200500082741,0,05,000,00,2,1,01,B01
200500082742,0,02,000,00,0,0,01,A01
200500082743,0,02,000,00,2,2,17,A01
200500082743,0,07,000,00,2,3,15,B01
200500082744,0,07,000,00,1,1,01,A01
200500082745,0,07,000,00,2,3,09,A01
200500082745,0,02,000,00,2,2,01,B01
200500082746,0,02,000,00,2,1,07,A01
200500082746,0,07,000,00,2,2,15,B01
200500082747,0,05,000,00,2,1,01,A01
200500082747,0,07,000,00,2,4,23,B01
200500082747,0,07,000,00,2,5,23,C01
200500082748,1,10,000,00,2,2,00,A01
200500082748,0,02,000,15,2,3,07,B01
200500082749,1,07,000,00,2,1,00,A01
200500082749,0,05,000,00,2,3,01,B01
200500082750,0,07,000,00,1,1,01,A01
200500082751,0,05,000,00,2,2,17,A01
200500082751,0,07,000,00,2,3,15,B01
200500082752,0,02,000,00,2,1,01,B01
200500082752,0,05,000,00,2,3,05,A01
200500082753,0,10,000,00,1,1,15,A01
200500082754,0,18,012,00,1,1,08,A01
200500082755,2,07,000,00,2,1,00,A01
200500082755,0,07,000,00,2,4,01,B01
200500082756,0,04,000,00,1,1,17,A01
200500082757,0,07,000,00,2,3,15,A01
200500082757,0,04,000,00,2,2,01,B01
200500082758,0,04,000,00,2,2,17,A01
200500082758,0,07,000,00,2,3,15,B01
200500082759,0,07,000,00,2,2,15,A01
200500082759,0,04,000,00,2,1,01,B01
200500082760,0,05,000,00,2,1,01,A01
200500082760,0,07,000,00,2,2,15,B01
200500082761,0,07,000,00,2,8,22,A01
200500082761,0,05,000,00,2,1,01,B01
200500082762,0,05,000,00,2,3,07,A01
200500082762,0,07,000,00,2,2,16,B01
200500082763,0,07,000,00,2,2,15,A01
200500082763,0,04,000,00,2,1,01,B01
200500082764,0,07,000,00,2,6,22,A01
200500082764,0,04,000,00,2,1,01,B01
200500082765,0,04,000,01,0,1,15,A01
200500082766,0,10,000,00,2,3,09,A01
200500082766,0,05,000,00,2,1,01,B01
200500082767,0,07,000,00,1,1,01,A01
200500082768,0,07,000,00,2,3,09,A01
200500082768,0,04,000,00,2,2,01,B01
200500082769,0,02,000,00,0,0,01,A01
200500082770,0,04,000,00,1,1,01,A01
200500082771,0,07,000,00,2,3,01,B01
200500082771,0,07,000,00,2,1,01,A01
200500082772,0,02,000,00,2,2,05,A01
200500082772,0,07,000,00,2,3,15,B01
200500082773,0,07,000,00,2,3,10,A01
200500082773,0,04,000,00,2,2,01,B01
200500082774,0,07,000,00,2,1,01,A01
200500082774,0,07,000,15,2,3,01,B01
200500082775,0,07,000,00,2,4,04,A01
200500082775,0,04,000,00,2,1,02,B01
200500082776,0,10,000,00,1,1,01,A01
200500082777,0,07,000,00,1,1,01,A01
200500082778,0,07,000,00,2,3,09,A01
200500082778,0,03,000,01,2,2,01,B01
200500082779,0,07,000,01,2,2,01,B01
200500082779,1,07,000,00,2,1,00,A01
200500082780,0,10,000,00,1,1,01,A01
200500082781,1,07,000,00,2,3,00,A01
200500082781,0,02,000,00,2,2,01,B01
200500082782,0,07,000,00,2,1,02,A01
200500082782,0,07,000,00,2,4,23,B01
200500082783,0,07,000,00,2,4,09,A01
200500082783,0,07,000,00,2,1,01,B01
200500082784,0,07,000,00,2,2,10,A01
200500082784,0,02,000,00,2,1,01,B01
200500082785,0,05,000,09,0,1,05,A01
200500082786,0,05,000,00,0,0,01,A01
200500082787,0,04,000,00,1,1,01,A01
200500082788,0,10,000,00,1,2,09,A01
200500082789,1,10,000,00,2,8,00,A01
200500082789,0,01,000,00,2,2,13,B01
200500082789,0,07,000,00,2,1,01,C01
200500082790,0,02,000,00,1,1,01,A01
200500082791,0,02,000,00,0,0,21,A01
200500082792,0,04,000,00,0,0,21,A01
200500082793,0,07,000,00,1,1,01,A01
200500082794,0,18,000,00,2,1,02,A01
200500082794,0,07,000,00,2,4,23,B01
200500082795,0,07,000,00,2,1,02,A01
200500082795,0,10,000,00,2,4,23,B01
200500082795,0,07,000,00,2,4,23,C01
200500082796,0,07,000,00,1,1,01,A01
200500082797,1,10,000,00,2,3,00,A01
200500082797,0,02,000,00,2,2,17,B01
200500082798,0,04,000,14,0,1,18,A01
200500082799,0,07,000,14,0,3,11,A01
200500082800,0,07,000,15,2,8,09,A01
200500082800,0,10,000,01,2,1,01,B01
200500082801,0,07,000,00,2,2,16,A01
200500082801,0,05,000,00,2,3,01,B01
200500082802,0,04,000,00,2,1,07,A01
200500082802,0,07,000,00,2,7,16,B01
200500082803,0,07,000,00,2,1,02,A01
200500082803,0,07,000,00,2,4,23,B01
200500082804,0,05,000,00,0,0,01,A01
200500082805,0,05,000,00,2,2,17,A01
200500082805,0,07,000,00,2,3,11,B01
200500082806,0,04,000,00,2,3,18,A01
200500082806,0,07,000,00,2,2,16,B01
200500082807,0,02,000,00,1,1,01,A01
200500082808,0,05,000,00,1,1,01,A01
200500082809,0,07,000,00,2,2,15,A01
200500082809,0,07,000,00,2,1,01,B01
200500082810,0,05,000,00,2,3,18,A01
200500082810,0,07,000,00,2,7,16,B01
200500082811,0,02,000,00,2,1,21,A01
200500082811,0,07,000,00,2,4,01,B01
200500082812,0,10,000,00,1,4,04,A01
200500082813,0,07,000,00,1,1,01,A01
200500082814,0,10,000,00,1,4,04,A01
200500082815,1,07,000,00,2,1,00,A01
200500082815,0,05,000,00,2,4,01,B01
200500082816,0,07,000,00,1,1,16,A01
200500082817,1,04,000,00,1,1,00,A01
200500082818,1,07,000,00,2,1,00,A01
200500082818,0,07,000,07,2,4,01,B01
200500082819,0,04,000,00,2,2,01,A01
200500082819,0,07,000,00,2,1,01,B01
200500082820,0,05,000,00,2,1,01,A01
200500082820,0,04,000,00,2,4,01,B01
200500082821,0,07,000,00,2,6,11,A01
200500082821,0,04,000,00,2,1,01,B01
200500082822,0,04,000,00,2,1,01,A01
200500082822,0,04,000,00,2,4,23,B01
200500082823,0,07,000,00,2,1,01,A01
200500082823,0,02,000,00,2,3,01,B01
200500082824,0,10,000,00,2,4,04,A01
200500082824,0,04,000,00,2,1,01,B01
200500082825,0,10,000,00,2,1,07,A01
200500082825,0,07,000,00,2,7,01,B01
200500082826,0,05,000,00,1,1,01,A01
200500082827,0,05,000,00,2,3,15,A01
200500082827,0,07,000,00,2,2,01,B01
200500082828,0,07,000,00,2,1,01,B01
200500082828,0,07,000,15,2,2,01,A01
200500082829,0,07,000,08,0,1,13,A01
200500082830,0,04,000,00,1,1,01,A01
200500082831,0,04,000,01,0,1,15,A01
200500082832,0,10,000,00,2,1,07,A01
200500082833,0,04,000,00,2,1,07,A01
200500082833,0,07,000,00,2,2,12,B01
200500082834,0,02,000,00,0,0,17,A01
200500082835,0,07,000,00,2,3,09,A01
200500082835,0,02,000,00,2,1,01,B01
200500082836,0,10,000,00,2,5,17,A01
200500082836,0,07,000,00,2,8,01,B01
200500082836,0,18,000,00,2,3,01,C01
200500082837,0,01,000,00,2,3,05,A01
200500082837,0,02,000,00,2,1,01,B01
200500082838,0,02,000,00,2,1,07,A01
200500082838,0,10,000,00,2,3,09,B01
200500082839,0,07,000,00,2,1,01,B01
200500082839,0,07,000,00,2,2,15,A01
200500082840,0,07,000,00,1,1,01,A01
200500082841,0,05,000,00,2,0,01,A01
200500082841,0,07,000,00,0,0,01,B01
200500082842,0,07,000,03,2,7,13,A01
200500082842,0,07,000,00,2,1,01,B01
200500082843,0,07,000,00,1,1,01,A01
200500082844,0,05,000,00,2,1,01,A01
200500082844,0,07,000,00,2,3,01,B01
200500082845,0,07,000,00,2,3,15,A01
200500082845,0,07,000,00,2,3,01,B01
200500082846,0,07,000,02,0,1,01,A01
200500082847,0,07,000,08,0,8,01,A01
200500082848,0,10,000,00,1,3,01,A01
200500082849,0,07,000,13,0,1,00,A01
200500082850,0,01,000,00,1,1,01,A01
200500082851,0,02,000,00,2,1,01,B01
200500082851,0,07,000,00,2,8,15,A01
200500082852,0,07,000,00,2,3,15,A01
200500082852,0,04,000,00,2,1,01,B01
200500082853,0,07,000,00,2,7,01,A01
200500082853,0,07,000,00,2,1,01,B01
200500082854,0,07,000,00,1,8,04,A01
200500082855,0,05,000,00,1,2,17,A01
200500082856,0,05,000,00,2,1,17,A01
200500082856,0,07,000,00,2,1,01,B01
200500082857,0,07,000,00,2,4,23,B01
200500082857,0,07,000,00,2,1,01,A01
200500082858,0,07,000,00,2,1,15,A01
200500082858,0,07,000,00,2,1,01,B01
200500082859,1,07,000,00,2,0,00,A01
200500082859,0,02,000,00,2,1,01,B01
200500082860,0,02,000,00,2,1,01,A01
200500082860,0,07,000,00,2,5,01,B01
200500082861,0,07,000,00,2,8,01,B01
200500082861,0,07,000,00,2,7,01,A01
200500082862,0,05,000,00,2,9,03,A01
200500082862,0,07,000,00,2,0,01,B01
200500082862,0,15,000,00,0,0,01,C01
200500082863,0,07,000,00,2,1,01,A01
200500082863,0,07,000,00,2,1,01,B01
200500082863,0,07,000,00,2,4,01,C01
200500082864,0,07,000,00,2,9,17,A01
200500082864,0,07,000,00,2,8,01,B01
200500082865,0,07,000,00,2,1,01,B01
200500082865,0,07,000,00,2,2,01,A01
200500082866,0,07,000,00,1,1,01,A01
200500082867,0,07,000,00,2,1,01,A01
200500082868,0,07,000,00,1,4,04,A01
200500082869,0,07,000,00,2,1,13,A01
200500082869,0,10,000,00,2,1,01,B01
200500082870,0,07,000,00,2,1,01,A01
200500082870,0,01,000,00,2,8,01,B01
200500082871,0,07,000,00,1,0,04,A01
200500082872,0,07,000,00,2,1,15,A01
200500082872,0,02,000,00,2,1,01,B01
200500082873,0,15,000,00,2,1,15,A01
200500082873,0,07,000,00,2,1,01,B01
200500082874,0,07,000,00,2,1,01,A01
200500082874,0,07,000,00,2,4,01,B01
200500082874,0,07,000,00,2,4,01,C01
200500082875,0,02,000,00,2,1,01,A01
200500082875,0,07,000,00,2,2,16,B01
200500082876,0,07,000,00,1,3,01,A01
200500082877,0,05,000,00,2,8,01,A01
200500082877,0,10,000,00,2,3,15,B01
200500082878,0,07,000,02,0,2,01,A01
200500082879,0,10,000,00,2,7,19,A01
200500082879,0,10,000,00,2,1,01,B01
200500082880,0,07,000,00,1,1,01,A01
200500082881,0,02,000,00,0,0,15,A01
200500082882,0,02,000,00,2,8,07,A01
200500082882,0,07,000,00,2,3,15,B01
200500082883,0,07,000,00,1,2,01,A01
200500082884,0,07,000,00,2,2,16,A01
200500082884,1,99,000,00,2,1,01,B01
200500082885,0,07,000,00,2,3,10,A01
200500082885,0,02,000,00,2,1,01,B01
200500082886,0,02,000,00,2,1,01,A01
200500082886,0,07,000,00,0,4,01,B01
200500082887,0,05,000,15,0,1,13,A01
200500082888,0,07,000,00,2,1,15,B01
200500082888,0,02,000,00,2,1,17,A01
200500082889,0,02,000,00,2,1,02,B01
200500082889,1,07,000,00,2,1,15,A01
200500082890,0,18,004,06,1,2,02,A01
200500082891,0,07,000,00,1,1,01,A01
200500082892,0,02,000,00,2,1,17,A01
200500082892,0,07,000,00,2,3,15,B01
200500082893,0,07,000,00,2,1,01,B01
200500082893,0,07,000,08,2,7,01,A01
200500082894,0,07,000,00,2,1,02,A01
200500082894,0,07,000,00,2,9,02,B01
200500082894,0,07,000,00,0,4,02,C01
200500082895,0,07,000,00,1,3,01,A01
200500082896,0,07,000,13,0,1,01,A01
200500082897,0,07,000,13,0,1,01,A01
200500082898,0,07,000,00,0,0,02,B01
200500082898,0,04,000,00,2,1,02,A01
200500082899,0,07,000,00,2,1,01,A01
200500082899,0,07,000,00,2,4,02,B01
200500082899,0,07,000,00,2,4,02,C01
200500082900,0,07,000,00,0,8,00,A01
200500082901,0,07,000,00,2,2,15,A01
200500082901,0,05,000,00,2,1,01,B01
200500082902,0,05,000,00,2,8,17,A01
200500082902,0,07,000,00,2,8,01,B01
200500082903,0,07,000,00,2,1,01,B01
200500082903,0,07,000,00,2,3,14,A01
200500082904,0,07,000,00,2,1,01,A01
200500082904,0,10,000,00,2,3,02,B01
200500082904,0,07,000,00,2,1,02,C01
200500082905,0,07,000,00,2,3,19,A01
200500082905,0,05,000,00,2,1,02,B01
200500082906,0,07,000,08,0,8,01,A01
200500082907,0,07,000,00,2,1,01,B01
200500082907,0,07,000,00,0,8,19,A01
200500082908,1,07,000,00,1,2,01,A01
200500082909,0,15,000,00,2,0,01,A01
200500082909,0,07,000,00,2,1,01,B01
200500082909,0,07,000,00,2,1,01,C01
200500082910,0,07,000,00,2,2,15,A01
200500082910,0,05,000,00,0,9,01,B01
200500082911,0,01,000,00,2,1,19,A01
200500082911,0,07,000,00,2,3,01,B01
200500082912,0,07,000,00,2,1,01,A01
200500082912,0,07,000,00,2,4,23,B01
200500082912,0,07,000,00,0,4,23,C01
200500082913,0,07,000,04,0,1,01,A01
200500082914,0,07,000,00,2,4,23,B01
200500082914,0,10,000,00,2,1,02,A01
200500082914,0,07,000,00,2,4,23,C01
200500082914,0,07,000,00,0,4,23,D01
200500082915,0,05,000,00,0,8,01,A01
200500082916,0,10,000,00,1,4,04,A01
200500082917,0,07,000,00,2,8,15,A01
200500082917,0,07,000,00,2,1,01,B01
200500082918,0,07,000,00,1,2,05,A01
200500082919,0,07,000,00,2,8,15,A01
200500082919,0,07,000,00,2,1,01,B01
200500082920,0,07,000,00,1,2,01,A01
200500082921,0,10,000,00,1,4,20,A01
200500082922,0,07,000,00,2,1,13,A01
200500082922,0,07,000,00,2,1,01,B01
200500082923,0,07,000,00,2,1,01,B01
200500082923,0,07,000,00,2,1,01,C01
200500082923,0,07,000,00,2,8,15,A01
200500082924,0,07,000,08,0,1,01,A01
200500082925,0,02,000,00,2,8,13,A01
200500082925,0,07,000,00,9,7,17,B01
200500082926,0,10,000,00,2,2,15,A01
200500082926,0,18,002,00,2,1,01,B01
200500082927,0,05,000,00,0,8,01,A01
200500082928,0,07,000,00,0,9,01,A01
200500082929,0,07,000,08,0,1,01,A01
200500082930,0,02,000,00,2,1,05,A01
200500082930,0,07,000,00,2,2,01,B01
200500082931,0,07,000,00,0,9,00,A01
200500082932,0,07,000,00,1,3,02,A01
200500082933,0,07,000,00,2,2,19,A01
200500082933,0,07,000,00,2,1,01,B01
200500082934,0,07,000,00,1,1,15,A01
200500082935,0,01,000,00,0,0,00,B01
200500082936,0,02,000,00,0,0,00,A01
200500082937,0,07,000,00,2,3,21,A01
200500082937,0,07,000,00,2,3,01,B01
200500082938,0,02,000,00,0,0,00,A01
200500082938,0,18,001,00,0,0,00,B01
200500082938,0,07,000,00,0,0,00,C01
200500082939,0,07,000,00,0,0,00,A01
200500082940,0,07,000,03,0,0,00,A01
200500082941,0,10,000,00,0,0,00,B01
200500082941,0,10,000,00,0,0,00,A01
200500082942,0,07,000,00,1,3,01,A01
200500082943,0,07,000,00,0,3,13,A01
200500082943,0,05,000,00,2,7,17,B01
200500082944,0,07,000,00,2,8,15,A01
200500082944,0,05,000,00,2,2,17,B01
200500082945,0,02,000,00,2,1,01,A01
200500082945,0,05,000,00,0,2,01,B01
200500082946,0,07,000,00,2,2,15,A01
200500082946,0,02,000,00,2,1,02,B01
200500082947,0,07,000,00,2,8,01,A01
200500082947,0,07,000,00,2,8,02,B01
200500082948,0,04,000,00,2,1,05,A01
200500082948,0,10,000,00,2,2,01,B01
200500082949,0,07,000,00,2,1,01,B01
200500082949,0,07,000,00,2,7,19,A01
200500082950,0,07,000,00,2,3,19,B01
200500082950,0,07,000,00,2,1,19,A01
200500082951,0,07,000,02,0,9,01,A01
200500082952,0,04,000,00,2,1,01,A01
200500082952,0,07,000,00,2,8,15,B01
200500082953,0,07,000,13,0,3,01,A01
200500082954,0,07,000,00,9,8,10,A01
200500082954,0,02,000,00,0,0,00,B01
200500082955,0,07,000,06,0,1,11,A01
200500082956,0,07,000,00,0,2,01,A01
200500082956,0,07,000,00,0,2,01,B01
200500082957,0,07,000,00,1,3,01,A01
200500082958,0,07,000,00,2,1,16,A01
200500082958,0,07,000,00,2,1,01,B01
200500082959,0,16,000,00,0,1,01,A01
200500082959,0,07,000,00,0,4,02,B01
200500082959,0,07,000,00,0,4,02,C01
200500082959,0,07,000,00,0,4,02,D01
200500082959,0,07,000,00,0,1,21,E01
200500082960,0,07,000,00,1,2,01,A01
200500082961,0,07,000,00,1,1,20,A01
200500082962,0,05,000,00,2,1,02,B01
200500082962,0,05,000,01,2,1,02,C01
200500082962,0,07,000,00,2,8,19,A01
200500082963,0,02,000,00,0,7,02,B01
200500082963,0,07,000,00,2,0,24,A01
200500082964,0,07,000,00,2,2,01,B01
200500082964,0,14,000,00,0,0,01,A01
200500082965,0,02,000,00,0,0,00,A01
200500082966,0,07,000,00,1,3,01,A01
200500082967,0,07,000,00,1,0,01,A01
200500082968,0,13,000,00,2,4,02,B01
200500082968,0,10,000,00,2,1,02,A01
200500082969,0,07,000,00,1,0,01,A01
200500082970,0,02,000,00,2,1,01,B01
200500082970,0,07,000,00,2,3,19,A01
200500082971,0,07,000,00,2,8,13,A01
200500082971,0,18,010,00,2,8,01,B01
200500082972,0,07,000,00,1,0,00,A01
200500082973,0,07,000,00,1,0,01,A01
200500082974,0,07,000,06,0,1,13,A01
200500082975,0,05,000,12,6,1,14,A01
200500082976,0,07,000,07,0,1,13,A01
200500082977,0,07,000,15,0,1,13,A01
200500082978,0,07,000,00,1,2,01,A01
200500082979,0,01,000,00,2,8,15,A01
200500082979,0,07,000,00,2,7,01,B01
200500082980,0,07,000,00,1,4,04,A01
200500082981,0,07,000,00,1,1,01,A01
200500082982,0,07,000,00,2,5,10,A01
200500082982,0,05,000,00,2,1,01,B01
200500082983,0,07,000,00,2,1,02,A01
200500082983,0,07,000,00,2,4,23,B01
200500082983,0,07,000,00,2,4,23,C01
200500082984,0,07,000,01,0,1,11,A01
200500082984,0,07,000,01,0,4,23,B01
200500082984,0,07,000,01,0,4,23,C01
200500082984,0,07,000,01,0,4,23,D01
200500082985,0,10,000,00,2,1,01,A01
200500082985,0,07,000,00,2,4,01,B01
200500082985,0,07,000,00,0,4,01,C01
200500082986,2,10,000,01,0,3,02,A01
200500082986,0,07,000,00,2,4,23,B01
200500082987,0,07,000,00,9,3,00,A01
200500082987,0,01,000,00,2,1,00,B01
200500082988,0,07,000,00,1,1,02,A01
200500082989,0,07,000,14,0,1,06,A01
200500082990,1,07,000,00,2,3,10,B01
200500082990,0,04,000,00,2,5,21,A01
200500082991,0,07,000,00,2,2,13,A01
200500082991,0,07,000,00,2,1,01,B01
200500082992,0,07,000,00,1,1,01,A01
200500082993,0,07,000,00,1,1,02,B01
200500082993,0,07,000,00,1,2,02,A01
200500082994,0,07,000,00,1,1,01,A01
200500082995,0,07,000,00,1,1,01,A01
200500082996,0,02,000,00,2,1,01,A01
200500082996,0,07,000,00,0,4,01,B01
200500082997,0,07,000,08,2,1,01,A01
200500082997,0,07,000,00,2,1,15,B01
200500082998,0,07,000,13,0,9,01,A01
200500082999,0,10,000,00,1,2,01,A01
200500083000,0,07,000,02,0,1,01,A01
200500083001,0,07,000,13,0,1,01,A01
200500083002,0,07,000,00,1,1,01,A01
200500083003,0,07,000,00,1,1,01,A01
200500083004,0,05,000,14,0,1,01,A01
200500083005,0,07,000,00,1,0,00,A01
200500083006,0,07,000,12,0,0,01,A01
200500083007,0,07,000,00,2,1,15,A01
200500083007,0,05,000,00,2,1,02,B01
200500083008,0,07,000,00,0,8,23,A01
200500083008,0,07,000,01,0,3,01,B01
200500083009,0,07,000,00,2,1,01,A01
200500083009,0,07,000,00,2,4,01,B01
200500083010,0,07,000,00,2,0,13,A01
200500083010,0,05,000,00,2,0,01,B01
200500083011,0,07,000,00,2,7,01,A01