Num_Acc,senc,catv,occutc,obs,obsm,choc,manv,num_veh
200500083011,0,01,000,00,2,0,13,B01
200500083012,0,02,000,00,2,1,01,B01
200500083012,0,07,000,00,2,3,15,A01
200500083013,0,07,000,00,1,0,01,A01
200500083014,0,07,000,15,0,9,13,A01
200500083015,0,07,000,00,2,1,13,A01
200500083015,0,07,000,00,2,1,01,B01
200500083015,0,07,000,00,2,1,01,C01
200500083016,0,05,000,13,0,0,00,A01
200500083017,0,14,000,00,1,3,01,A01
200500083018,0,07,000,00,2,0,21,A01
200500083019,0,05,000,00,2,1,01,B01
200500083019,0,07,000,00,2,8,01,A01
200500083020,0,07,000,00,2,1,01,A01
200500083020,0,07,000,00,0,4,23,B01
200500083020,0,07,000,00,0,4,23,C01
200500083021,0,07,000,00,0,1,01,A01
200500083022,1,99,000,00,1,1,01,X01
200500083023,0,02,000,00,1,1,18,A01
200500083024,0,07,000,00,1,1,01,A01
200500083025,0,07,000,00,1,0,15,A01
200500083026,0,07,000,06,0,2,17,A01
200500083026,0,07,000,06,0,1,01,B01
200500083027,0,07,000,04,0,3,01,A01
200500083028,0,07,000,00,1,1,01,A01
200500083029,0,10,000,00,2,2,17,A01
200500083029,0,01,000,00,2,8,01,B01
200500083030,0,07,000,00,2,5,22,A01
200500083030,0,01,000,14,0,1,18,B01
200500083031,0,07,000,03,0,2,01,A01
200500083032,0,07,000,00,1,1,01,A01
200500083033,0,07,000,00,1,3,15,A01
200500083034,0,05,000,00,2,2,01,A01
200500083034,0,07,000,00,2,1,01,B01
200500083035,0,10,000,00,1,7,01,A01
200500083036,0,07,000,00,1,1,01,A01
200500083037,0,07,000,00,1,1,15,A01
200500083038,0,02,000,00,2,3,01,A01
200500083038,0,14,000,00,2,5,01,B01
200500083039,0,07,000,00,2,7,01,A01
200500083039,0,07,000,00,2,1,01,B01
200500083040,0,07,000,00,2,1,02,A01
200500083040,0,07,000,00,2,4,02,B01
200500083040,0,07,000,00,2,2,02,C01
200500083041,0,07,000,00,2,1,02,A01
200500083041,0,07,000,00,2,4,02,B01
200500083041,0,07,000,00,2,4,02,C01
200500083042,0,07,000,00,2,0,00,A01
200500083042,0,02,000,00,2,1,00,B01
200500083043,0,07,000,00,1,0,00,A01
200500083044,0,02,000,00,2,1,17,A01
200500083044,0,03,000,00,2,2,15,B01
200500083045,0,07,000,00,2,5,00,B01
200500083045,0,07,000,00,2,2,00,A01
200500083046,0,07,000,14,0,1,01,A01
200500083046,0,07,000,00,0,6,23,B01
200500083047,0,07,000,00,2,1,15,A01
200500083047,0,07,000,00,0,4,15,B01
200500083048,0,07,000,00,9,3,01,B01
200500083048,0,01,000,00,2,3,05,A01
200500083049,0,05,000,00,2,0,00,A01
200500083049,0,07,000,00,0,0,00,B01
200500083050,0,07,000,00,1,1,01,A01
200500083050,0,07,000,00,1,3,01,B01
200500083051,0,07,000,14,2,1,05,A01
200500083051,0,07,000,14,0,1,01,B01
200500083052,0,07,000,00,1,7,01,A01
200500083053,0,04,000,00,2,1,05,A01
200500083053,0,07,000,00,2,3,15,B01
200500083054,0,04,000,00,2,1,17,A01
200500083054,0,07,000,00,2,3,15,B01
200500083055,1,07,000,00,1,1,01,A01
200500083056,0,07,000,00,2,8,10,A01
200500083056,0,13,000,00,2,1,01,B01
200500083057,0,05,000,00,2,7,17,B01
200500083057,0,07,000,00,2,8,09,A01
200500083058,0,04,000,00,2,1,01,B01
200500083058,0,07,000,00,2,3,15,A01
200500083059,0,07,000,00,1,1,01,A01
200500083060,0,07,000,00,1,1,09,A01
200500083061,0,02,000,00,2,8,01,A01
200500083061,0,07,000,00,2,1,01,B01
200500083062,0,05,000,00,2,1,01,A01
200500083062,0,07,000,00,2,3,01,B01
200500083063,0,07,000,00,0,8,00,A01
200500083063,0,07,000,00,0,0,17,B01
200500083064,0,07,000,08,2,6,01,B01
200500083064,0,07,000,00,2,2,15,A01
200500083065,0,07,000,00,2,2,15,A01
200500083065,0,05,000,00,2,1,01,B01
200500083066,0,07,000,00,2,8,17,A01
200500083066,0,02,000,00,2,1,01,B01
200500083067,0,07,000,00,2,1,15,A01
200500083067,0,02,000,00,2,1,01,B01
200500083068,0,07,000,00,2,1,13,A01
200500083068,0,02,000,00,2,1,01,B01
200500083069,0,07,000,00,1,1,17,A01
200500083070,0,07,000,00,2,1,05,A01
200500083070,0,07,000,00,2,1,01,B01
200500083071,0,07,000,00,2,4,01,B01
200500083071,0,02,000,00,2,1,01,A01
200500083072,0,07,000,00,2,1,01,A01
200500083072,0,04,000,00,2,4,23,B01
200500083073,0,04,000,00,2,7,01,A01
200500083073,0,07,000,00,2,6,15,B01
200500083074,1,07,000,00,2,0,10,A01
200500083074,0,02,000,00,0,8,01,B01
200500083075,0,01,000,00,2,2,01,B01
200500083075,0,07,000,00,2,1,15,A01
200500083076,0,07,000,00,1,1,15,A01
200500083077,0,07,000,00,1,2,15,A01
200500083078,0,02,000,12,0,1,14,A01
200500083079,0,07,000,00,1,1,01,A01
200500083080,0,07,000,08,0,8,01,A01
200500083081,0,07,000,00,2,1,01,B01
200500083081,0,07,000,11,0,7,19,A01
200500083082,1,07,000,00,1,1,00,A01
200500083083,0,07,000,00,2,1,02,A01
200500083083,0,17,000,00,2,4,23,B01
200500083084,0,07,000,00,1,3,01,A01
200500083085,0,07,000,01,1,1,01,A01
200500083086,0,07,000,00,2,1,01,A01
200500083086,0,07,000,00,2,1,01,B01
200500083087,0,07,000,00,2,3,16,B01
200500083087,0,01,000,00,2,1,15,A01
200500083088,0,07,000,00,2,1,01,A01
200500083088,0,07,000,00,2,4,00,B01
200500083089,0,07,000,00,1,2,01,A01
200500083090,1,07,000,00,2,2,01,A01
200500083090,0,02,000,00,2,4,01,B01
200500083091,0,07,000,00,1,1,01,A01
200500083092,0,07,000,00,2,7,15,A01
200500083092,0,02,000,00,2,1,01,B01
200500083093,0,07,000,00,2,2,15,A01
200500083093,0,02,000,00,2,1,01,B01
200500083094,0,07,000,11,0,1,01,A01
200500083095,0,07,000,00,4,1,01,A01
200500083095,0,19,000,00,2,1,01,B01
200500083096,0,02,000,00,2,1,01,A01
200500083096,0,07,000,00,2,2,01,B01
200500083096,0,07,000,00,0,0,15,C01
200500083097,0,07,000,00,2,3,10,A01
200500083097,0,07,000,00,2,2,11,B01
200500083098,0,02,000,00,2,1,01,A01
200500083098,0,05,000,00,2,3,15,B01
200500083099,0,10,000,00,2,3,01,A01
200500083099,0,07,000,00,2,2,01,B01
200500083100,0,07,000,00,2,1,01,A01
200500083100,0,07,000,00,2,3,15,B01
200500083101,0,07,000,00,2,3,09,A01
200500083101,0,07,000,00,2,1,01,B01
200500083102,2,02,000,01,0,2,01,A01
200500083102,0,18,001,00,2,8,24,B01
200500083103,0,07,000,00,2,3,15,A01
200500083103,0,07,000,00,2,2,01,B01
200500083104,0,07,000,00,2,8,10,A01
200500083104,0,05,000,00,2,1,01,B01
200500083105,0,07,000,00,2,1,01,A01
200500083105,0,07,000,00,2,1,01,B01
200500083106,0,15,000,00,2,8,09,A01
200500083106,0,10,000,00,2,7,01,B01
200500083106,0,10,000,00,2,1,01,C01
200500083107,0,07,000,00,1,1,01,A01
200500083108,0,07,000,00,2,3,09,A01
200500083108,0,02,000,00,2,7,01,B01
200500083108,0,07,000,00,2,1,01,C01
200500083109,0,07,000,00,1,3,01,A01
200500083110,0,04,000,00,2,3,15,A01
200500083110,0,04,000,00,2,3,01,B01
200500083111,0,07,000,01,2,9,01,A01
200500083111,0,07,000,00,2,2,01,B01
200500083112,0,07,000,00,2,4,15,A01
200500083112,0,05,000,00,2,1,01,B01
200500083113,0,07,000,00,2,8,09,A01
200500083113,0,01,000,00,2,1,01,B01
200500083114,0,07,000,00,2,1,01,B01
200500083114,0,07,000,00,2,7,19,A01
200500083115,0,02,000,01,2,4,09,A01
200500083115,0,07,000,00,2,2,01,B01
200500083116,0,01,000,15,0,1,14,A01
200500083117,0,07,000,00,1,1,01,A01
200500083118,0,07,000,00,2,3,01,B01
200500083118,0,07,000,00,2,2,15,A01
200500083119,0,07,000,00,2,3,01,A01
200500083120,0,07,000,00,1,1,01,A01
200500083121,0,02,000,00,2,7,02,B01
200500083121,0,07,000,00,2,1,09,A01
200500083122,0,07,000,00,2,1,01,B01
200500083122,0,07,000,00,2,1,16,A01
200500083123,0,07,000,15,0,7,01,A01
200500083124,0,07,000,13,0,1,01,A01
200500083125,0,07,000,00,2,1,19,A01
200500083125,0,07,000,00,2,1,23,C01
200500083125,0,07,000,00,2,1,19,B01
200500083126,0,07,000,00,2,6,02,B01
200500083126,0,07,000,00,2,2,02,A01
200500083127,0,04,000,00,2,2,01,B01
200500083127,0,07,000,00,2,1,09,A01
200500083128,0,07,000,00,1,1,01,A01
200500083129,0,07,000,13,0,9,01,A01
200500083130,0,07,000,00,2,3,13,A01
200500083130,0,07,000,00,2,3,01,B01
200500083131,0,07,000,02,0,2,01,A01
200500083132,0,07,000,00,2,1,02,A01
200500083132,0,07,000,00,2,4,01,B01
200500083133,0,07,000,00,1,1,01,A01
200500083134,0,07,000,00,1,1,01,A01
200500083135,0,07,000,02,0,8,01,A01
200500083136,0,07,000,00,1,1,01,A01
200500083137,0,07,000,00,2,1,01,B01
200500083137,0,07,000,00,2,1,13,A01
200500083138,0,07,000,00,2,3,10,A01
200500083138,0,02,000,00,2,1,01,B01
200500083139,0,07,000,02,0,1,13,A01
200500083140,0,02,000,00,2,1,01,A01
200500083140,0,07,000,00,2,1,15,B01
200500083141,0,07,000,00,1,1,01,A01
200500083142,0,05,000,16,0,1,01,A01
200500083143,0,07,000,00,2,2,15,A01
200500083143,0,02,000,00,2,1,01,B01
200500083144,0,02,000,00,1,1,17,A01
200500083145,0,05,000,00,9,1,00,A01
200500083145,0,07,000,00,9,0,15,B01
200500083146,0,01,000,00,2,1,18,A01
200500083146,0,07,000,00,2,2,15,B01
200500083147,0,16,000,00,1,1,15,A01
200500083148,0,07,000,00,1,2,01,A01
200500083149,1,05,000,00,1,1,01,A01
200500083150,0,07,000,00,1,1,01,A01
200500083151,0,07,000,00,2,3,01,A01
200500083151,0,05,000,00,2,4,01,B01
200500083152,0,07,000,00,1,1,01,A01
200500083153,0,02,000,00,2,1,15,A01
200500083153,0,07,000,00,2,1,01,B01
200500083154,1,07,000,00,2,3,05,A01
200500083154,0,07,000,00,2,3,21,B01
200500083155,0,07,000,00,1,5,01,A01
200500083156,0,07,000,00,2,8,10,A01
200500083156,0,02,000,00,2,1,01,B01
200500083157,0,07,000,00,2,3,13,A01
200500083157,0,07,000,00,2,3,13,B01
200500083158,0,05,000,00,2,1,03,A01
200500083158,0,07,000,00,0,3,23,B01
200500083158,0,07,000,00,0,5,23,C01
200500083159,0,07,000,00,2,3,01,B01
200500083159,0,07,000,15,2,1,01,A01
200500083160,0,07,000,00,2,1,01,B01
200500083160,0,07,000,00,2,1,05,A01
200500083161,0,05,000,00,2,1,01,B01
200500083161,0,07,000,00,2,3,15,A01
200500083162,0,07,000,00,1,3,15,A01
200500083163,0,07,000,00,9,2,09,A01
200500083163,0,01,000,00,2,8,17,B01
200500083164,0,07,000,00,9,2,00,A01
200500083164,0,04,000,00,2,1,02,B01
200500083165,0,07,000,02,0,8,01,C01
200500083165,0,07,000,00,2,3,01,B01
200500083165,0,07,000,02,2,3,15,A01
200500083166,0,02,000,00,1,1,01,A01
200500083167,0,07,000,00,2,2,01,A01
200500083167,0,07,000,00,0,1,01,B01
200500083168,0,07,000,00,1,3,17,A01
200500083169,0,07,000,00,1,1,01,A01
200500083170,0,02,000,14,0,1,02,A01
200500083171,0,02,000,00,2,1,01,A01
200500083171,0,07,000,00,2,3,15,B01
200500083172,2,07,000,00,2,1,15,A01
200500083172,0,05,000,00,2,3,01,B01
200500083173,0,04,000,00,2,2,12,A01
200500083173,0,05,000,00,2,1,01,B01
200500083174,0,07,000,00,2,1,02,A01
200500083174,0,07,000,00,2,4,02,B01
200500083174,0,07,000,00,2,4,02,C01
200500083174,0,07,000,00,0,4,02,D01
200500083174,1,07,000,00,0,0,00,E01
200500083175,0,07,000,00,2,1,02,A01
200500083175,0,07,000,00,2,4,01,B01
200500083176,0,05,000,00,0,8,01,A01
200500083177,0,02,000,00,2,1,01,B01
200500083177,0,07,000,00,2,2,15,A01
200500083178,0,07,000,00,2,1,01,B01
200500083178,0,07,000,00,2,6,01,A01
200500083179,0,07,000,00,2,6,10,A01
200500083179,0,05,000,00,2,1,17,B01
200500083180,0,07,000,00,0,1,00,A01
200500083180,0,07,000,00,2,1,00,B01
200500083181,0,07,000,00,1,1,01,A01
200500083182,0,03,000,00,2,2,15,A01
200500083182,0,04,000,00,2,1,01,B01
200500083183,0,07,000,00,2,2,01,A01
200500083183,0,07,000,00,2,7,15,B01
200500083184,0,07,000,00,2,3,15,A01
200500083184,0,07,000,00,2,2,01,B01
200500083185,0,07,000,00,2,1,01,A01
200500083185,0,07,000,00,2,4,01,B01
200500083185,0,07,000,00,2,4,01,C01
200500083186,0,07,000,00,2,1,01,A01
200500083186,0,18,002,00,2,4,23,B01
200500083187,0,07,000,00,2,3,05,A01
200500083187,0,07,000,00,2,3,01,B01
200500083188,0,07,000,00,2,3,13,A01
200500083188,0,07,000,00,2,3,01,B01
200500083189,0,02,000,00,2,3,01,A01
200500083189,0,07,000,00,2,2,01,B01
200500083190,0,07,000,00,2,1,01,A01
200500083190,0,07,000,00,2,4,23,B01
200500083190,0,07,000,00,2,4,23,C01
200500083191,0,07,000,00,2,3,15,A01
200500083191,0,05,000,00,2,1,01,B01
200500083192,0,07,000,00,2,3,15,A01
200500083192,0,04,000,00,2,1,17,B01
200500083193,0,07,000,00,1,1,01,A01
200500083194,0,17,000,00,1,3,01,A01
200500083195,0,07,000,00,2,1,01,A01
200500083195,0,07,000,00,2,4,23,B01
200500083195,0,07,000,00,2,4,23,C01
200500083195,0,07,000,00,2,4,23,D01
200500083196,0,07,000,00,2,1,01,B01
200500083196,0,07,000,00,2,3,09,A01
200500083197,0,07,000,00,2,8,10,A01
200500083197,0,07,000,00,2,1,01,B01
200500083198,0,07,000,00,2,1,01,A01
200500083198,0,07,000,00,2,4,02,B01
200500083199,0,07,000,00,2,1,01,A01
200500083199,0,07,000,00,2,4,01,B01
200500083199,0,07,000,00,2,4,01,C01
200500083200,0,07,000,00,2,1,01,A01
200500083200,0,07,000,00,2,4,01,B01
200500083200,0,07,000,00,2,4,01,C01
200500083201,0,07,000,00,1,2,01,A01
200500083202,0,07,000,00,2,3,13,B01
200500083202,0,07,000,00,2,1,01,C01
200500083202,0,07,000,00,0,0,15,A01
200500083203,0,07,000,00,2,3,01,B01
200500083203,2,07,000,00,2,1,01,A01
200500083204,0,07,000,00,2,2,15,A01
200500083204,0,07,000,00,2,1,01,B01
200500083205,0,07,000,00,2,1,02,A01
200500083205,0,15,000,00,2,4,01,B01
200500083206,0,07,000,00,2,5,16,A01
200500083206,0,02,000,00,2,3,01,B01
200500083207,0,07,000,00,1,1,01,A01
200500083208,0,07,000,00,2,5,01,A01
200500083208,0,07,000,08,2,1,01,B01
200500083209,0,14,000,00,2,2,14,A01
200500083209,0,02,000,00,2,5,01,B01
200500083210,0,07,000,00,2,1,00,A01
200500083210,0,07,000,00,2,4,00,B01
200500083210,0,07,000,00,2,1,00,C01
200500083211,0,07,000,00,2,1,00,A01
200500083211,0,17,000,00,2,1,01,B01
200500083212,0,07,000,00,2,1,01,A01
200500083212,0,07,000,00,2,4,00,B01
200500083212,0,07,000,00,2,4,00,C01
200500083212,0,07,000,00,2,4,00,D01
200500083213,0,07,000,08,0,1,00,A01
200500083214,0,07,000,00,2,1,01,A01
200500083214,0,05,000,00,2,7,01,B01
200500083215,0,02,000,00,1,1,01,A01
200500083216,0,07,000,00,2,1,13,A01
200500083216,0,07,000,00,2,1,01,B01
200500083216,0,07,000,00,2,1,01,C01
200500083217,0,07,000,00,2,1,02,A01
200500083217,0,07,000,00,2,4,01,B01
200500083218,0,10,000,00,2,1,01,B01
200500083218,0,07,000,00,2,3,09,A01
200500083219,0,02,000,00,2,2,17,A01
200500083219,0,07,000,00,2,8,15,B01
200500083220,0,07,000,00,2,1,01,A01
200500083220,0,07,000,00,2,1,01,B01
200500083221,0,07,000,00,2,5,01,B01
200500083221,0,07,000,00,2,1,01,C01
200500083221,0,02,000,00,2,1,01,A01
200500083222,0,02,000,00,2,1,01,A01
200500083222,0,07,000,00,2,8,01,B01
200500083223,0,02,000,00,0,7,01,A01
200500083224,0,07,000,00,1,3,01,A01
200500083225,0,05,000,00,2,1,02,A01
200500083225,0,07,000,00,2,5,02,B01
200500083226,0,02,000,00,2,1,02,A01
200500083226,0,07,000,00,2,4,02,B01
200500083226,0,07,000,00,2,4,02,C01
200500083227,0,02,000,00,2,1,02,B01
200500083227,0,07,000,00,2,1,15,A01
200500083228,0,07,000,00,2,2,15,A01
200500083228,0,02,000,00,2,1,02,B01
200500083229,0,07,000,00,2,1,05,A01
200500083229,0,14,000,00,2,1,02,B01
200500083230,0,07,000,15,0,1,13,A01
200500083231,0,01,000,00,2,1,02,B01
200500083231,0,07,000,00,2,1,15,A01
200500083232,0,07,000,00,2,1,02,B01
200500083232,0,02,000,00,2,8,15,A01
200500083233,0,07,000,03,0,1,23,A01
200500083233,0,07,000,15,0,5,02,B01
200500083233,0,07,000,15,0,1,02,C01
200500083234,0,07,000,00,2,1,02,A01
200500083234,0,07,000,00,2,1,02,B01
200500083234,0,07,000,00,0,4,02,C01
200500083235,0,01,000,00,2,1,01,A01
200500083235,0,07,000,00,2,4,01,B01
200500083236,1,07,000,00,1,2,15,A01
200500083237,0,07,000,00,2,1,02,A01
200500083237,0,07,000,00,2,4,02,B01
200500083238,0,01,000,00,2,1,01,A01
200500083238,0,07,000,00,2,4,01,B01
200500083239,0,07,000,00,2,3,02,A01
200500083239,0,01,000,00,2,1,02,B01
200500083240,0,07,000,00,2,3,19,A01
200500083240,0,05,000,00,2,1,01,B01
200500083241,0,07,000,00,1,1,01,A01
200500083242,0,07,000,02,0,1,13,A01
200500083243,0,07,000,01,0,3,13,A01
200500083244,0,07,000,00,2,1,13,A01
200500083244,0,07,000,00,2,1,01,B01
200500083245,0,07,000,00,1,1,09,A01
200500083246,0,07,000,00,2,3,15,A01
200500083246,0,02,000,00,2,1,01,B01
200500083247,0,07,000,00,2,1,13,A01
200500083247,0,07,000,00,2,1,01,B01
200500083248,0,07,000,00,1,1,01,A01
200500083249,0,07,000,00,1,2,01,A01
200500083250,0,07,000,00,2,8,05,A01
200500083250,0,07,000,00,2,1,01,B01
200500083251,0,07,000,00,1,2,01,A01
200500083252,0,07,000,00,1,1,09,A01
200500083253,0,07,000,00,2,1,01,A01
200500083253,0,07,000,00,2,4,02,B01
200500083253,0,07,000,00,2,4,02,C01
200500083254,0,02,000,00,2,1,01,A01
200500083254,0,07,000,00,2,1,01,B01
200500083255,0,07,000,00,2,1,20,A01
200500083255,0,02,000,01,2,1,01,B01
200500083256,0,01,000,00,2,1,15,A01
200500083256,0,07,000,00,2,1,01,B01
200500083257,0,07,000,00,2,1,17,A01
200500083257,0,07,000,00,2,1,01,B01
200500083258,0,07,000,00,2,1,01,A01
200500083258,0,07,000,00,2,4,02,B01
200500083258,0,07,000,00,2,4,02,C01
200500083258,0,07,000,00,2,4,02,D01
200500083258,0,07,000,00,2,4,02,E01
200500083259,0,02,000,00,2,1,18,A01
200500083259,0,07,000,00,2,2,16,B01
200500083260,0,07,000,00,2,1,02,A01
200500083260,0,07,000,00,2,4,02,B01
200500083260,0,07,000,00,2,4,02,C01
200500083261,0,07,000,00,2,3,01,B01
200500083261,0,07,000,00,2,3,13,A01
200500083262,0,07,000,01,0,1,13,A01
200500083262,0,07,000,00,2,4,24,B01
200500083263,0,07,000,00,1,1,01,A01
200500083264,0,07,000,06,0,1,13,A01
200500083265,0,07,000,00,1,1,01,A01
200500083266,0,07,000,00,2,1,02,A01
200500083266,0,07,000,00,2,4,02,B01
200500083267,0,10,000,13,0,1,01,A01
200500083268,0,02,000,00,2,8,11,A01
200500083268,0,07,000,00,2,5,01,B01
200500083269,0,07,000,02,0,1,01,A01
200500083270,0,07,000,00,1,1,09,A01
200500083271,0,18,002,00,2,3,01,B01
200500083271,0,07,000,00,2,1,09,A01
200500083272,0,07,000,13,0,0,01,A01
200500083273,0,07,000,00,1,1,15,A01
200500083274,0,07,000,13,0,1,01,A01
200500083275,0,07,000,03,0,1,01,A01
200500083276,0,07,000,00,2,1,01,B01
200500083276,0,07,000,00,2,8,01,A01
200500083277,0,07,000,00,0,4,01,A01
200500083277,0,07,000,00,2,1,01,B01
200500083277,0,07,000,00,2,1,01,C01
200500083278,0,02,000,00,0,1,10,A01
200500083279,0,07,000,03,0,1,01,A01
200500083279,0,07,000,03,2,1,01,B01
200500083280,0,07,000,00,2,3,15,B01
200500083280,0,07,000,00,2,7,17,A01
200500083281,0,07,000,00,2,0,01,A01
200500083281,0,18,001,00,0,4,01,B01
200500083282,0,05,000,00,2,1,01,B01
200500083282,0,07,000,00,2,6,09,A01
200500083283,0,07,000,00,2,7,03,A01
200500083283,0,07,000,00,2,1,01,B01
200500083283,0,10,000,00,0,4,23,C01
200500083284,0,07,000,00,2,7,01,A01
200500083284,0,05,000,01,2,8,01,B01
200500083285,0,07,000,00,1,1,01,A01
200500083286,0,07,000,00,2,2,15,A01
200500083286,0,02,000,01,2,1,01,B01
200500083287,0,07,000,15,0,1,01,A01
200500083288,0,07,000,00,2,7,15,A01
200500083288,0,05,000,00,2,1,01,B01
200500083289,0,07,000,00,2,2,01,A01
200500083289,0,07,000,00,2,1,01,B01
200500083290,0,07,000,08,0,1,01,A01
200500083291,0,07,000,00,0,0,01,A01
200500083292,0,07,000,03,2,9,02,A01
200500083292,0,07,000,03,2,4,01,B01
200500083293,0,07,000,00,1,1,01,A01
200500083294,0,07,000,00,1,2,01,A01
200500083295,0,07,000,00,2,6,09,A01
200500083295,0,18,001,00,2,2,01,B01
200500083296,0,07,000,00,0,0,16,A01
200500083296,0,05,000,00,0,0,01,B01
200500083297,0,07,000,01,0,1,01,A01
200500083298,0,07,000,00,1,1,01,A01
200500083299,0,07,000,00,2,1,01,A01
200500083299,0,07,000,00,2,4,01,B01
200500083299,0,07,000,00,2,4,01,C01
200500083300,0,07,000,00,2,1,01,A01
200500083300,0,03,000,00,2,1,01,B01
200500083301,0,07,000,03,0,1,01,A01
200500083302,0,02,000,14,0,0,01,A01
200500083303,0,07,000,00,2,2,15,A01
200500083303,0,02,000,00,2,1,01,B01
200500083304,0,07,000,14,0,1,01,A01
200500083305,0,07,000,00,1,0,20,A01
200500083306,0,07,000,00,0,3,23,B01
200500083306,0,07,000,00,2,3,15,A01
200500083307,0,07,000,00,0,1,01,A01
200500083308,0,07,000,00,1,1,01,A01
200500083309,0,07,000,03,2,2,00,A01
200500083309,0,17,000,00,2,1,01,B01
200500083310,0,07,000,00,2,1,17,A01
200500083310,0,17,000,00,2,3,01,B01
200500083311,0,16,000,00,2,1,01,A01
200500083311,0,07,000,00,2,4,02,B01
200500083311,0,07,000,00,2,4,02,C01
200500083312,0,07,000,00,2,2,15,A01
200500083312,0,18,002,00,2,1,01,B01
200500083313,0,07,000,00,1,1,01,A01
200500083313,0,07,000,00,2,1,01,B01
200500083314,0,02,000,00,0,8,01,A01
200500083315,1,07,000,00,2,1,01,A01
200500083315,0,07,000,00,1,4,01,B01
200500083315,0,07,000,00,0,4,01,C01
200500083316,0,07,000,06,0,1,14,A01
200500083317,0,07,000,00,2,1,13,A01
200500083317,0,07,000,00,2,1,01,B01
200500083318,0,07,000,00,2,8,22,A01
200500083318,0,01,000,01,0,1,01,B01
200500083319,0,07,000,00,2,8,19,A01
200500083319,0,07,000,00,2,1,01,B01
200500083320,0,07,000,00,1,1,01,A01
200500083321,0,07,000,00,1,1,01,A01
200500083322,0,02,000,00,2,7,17,A01
200500083322,0,14,000,00,2,8,15,B01
200500083323,0,07,000,00,2,2,02,A01
200500083323,0,01,000,00,0,3,02,B01
200500083324,0,07,000,00,1,2,01,A01
200500083325,0,07,000,00,2,3,15,A01
200500083325,0,02,000,00,2,1,01,B01
200500083326,0,07,000,00,1,1,01,A01
200500083327,0,07,000,16,0,1,01,A01
200500083328,0,16,000,00,2,8,15,A01
200500083328,0,07,000,00,2,1,17,B01
200500083329,0,07,000,02,0,2,01,A01
200500083330,0,07,000,12,0,1,01,A01
200500083331,0,07,000,00,1,2,01,A01
200500083332,0,07,000,00,1,1,01,A01
200500083333,0,07,000,00,2,1,13,A01
200500083333,0,07,000,00,2,2,16,B01
200500083334,0,07,000,00,2,1,13,A01
200500083335,0,07,000,00,2,1,01,A01
200500083335,0,07,000,00,2,1,01,B01
200500083335,0,07,000,00,2,4,01,C01
200500083336,0,07,000,00,2,1,01,A01
200500083336,0,07,000,00,0,4,02,B01
200500083337,0,07,000,00,1,3,01,A01
200500083338,0,07,000,00,2,1,01,A01
200500083338,0,07,000,00,2,4,01,B01
200500083338,0,07,000,00,2,1,01,C01
200500083339,0,04,000,12,2,1,18,A01
200500083339,0,07,000,00,2,2,16,B01
200500083340,0,02,000,00,1,8,00,A01
200500083341,0,01,000,00,2,1,01,B01
200500083341,0,07,000,00,9,3,01,A01
200500083342,0,07,000,00,2,3,15,A01
200500083342,0,07,000,00,2,1,02,B01
200500083342,0,07,000,00,2,3,23,C01
200500083342,0,07,000,00,2,1,02,D01
200500083343,0,07,000,00,2,3,13,A01
200500083343,0,07,000,00,2,3,01,B01
200500083343,0,07,000,00,2,1,02,C01
200500083344,0,07,000,00,2,1,15,A01
200500083344,0,07,000,00,2,1,01,B01
200500083345,0,07,000,00,1,3,01,A01
200500083346,0,07,000,00,2,3,01,B01
200500083346,0,07,000,00,2,1,01,A01
200500083347,0,07,000,00,2,7,01,A01
200500083347,0,07,000,00,2,1,01,B01
200500083348,0,07,000,01,0,1,01,A01
200500083348,0,07,000,00,2,4,23,B01
200500083349,0,07,000,00,0,4,02,B01
200500083349,0,07,000,00,0,1,02,A01
200500083350,0,07,000,00,2,2,01,A01
200500083350,0,07,000,00,2,8,00,B01
200500083351,0,07,000,01,0,1,01,A01
200500083352,0,02,000,00,2,7,01,B01
200500083352,0,07,000,00,2,8,15,A01
200500083353,0,07,000,00,1,3,01,A01
200500083354,0,07,000,00,2,1,09,A01
200500083354,0,02,000,00,2,7,01,B01
200500083355,0,07,000,00,2,1,01,A01
200500083355,0,07,000,00,2,4,02,B01
200500083356,0,07,000,00,2,3,15,A01
200500083356,0,07,000,00,2,3,01,B01
200500083357,1,99,000,00,1,0,00,A01
200500083358,0,07,000,02,0,9,01,A01
200500083359,0,07,000,12,0,9,01,A01
200500083360,0,02,000,12,0,1,01,A01
200500083361,0,02,000,00,2,1,02,A01
200500083361,0,07,000,00,2,4,23,B01
200500083362,0,07,000,00,2,3,01,A01
200500083362,0,07,000,00,2,3,01,B01
200500083363,0,07,000,08,0,1,01,A01
200500083364,0,07,000,02,0,3,01,A01
200500083365,0,02,000,12,0,1,01,A01
200500083366,0,07,000,02,0,3,14,A01
200500083367,0,02,000,00,0,7,01,A01
200500083368,0,05,000,08,0,1,01,B01
200500083368,0,07,000,00,0,0,15,A01
200500083369,0,07,000,00,2,2,15,A01
200500083369,0,07,000,00,0,3,01,B01
200500083370,0,07,000,00,2,1,01,A01
200500083370,0,07,000,00,0,7,15,B01
200500083371,0,02,000,00,2,1,02,B01
200500083371,0,07,000,00,2,2,15,A01
200500083372,1,07,000,00,1,1,01,A01
200500083373,0,07,000,00,1,4,04,A01
200500083374,0,07,000,00,2,3,15,A01
200500083374,0,05,000,00,2,1,17,B01
200500083375,0,07,000,00,2,3,02,A01
200500083375,0,05,000,00,2,1,02,B01
200500083376,0,02,000,00,2,1,15,A01