Num_Acc,senc,catv,occutc,obs,obsm,choc,manv,num_veh
200500083376,0,07,000,00,0,2,01,B01
200500083377,0,07,000,00,0,2,15,A01
200500083377,0,02,000,00,2,1,02,B01
200500083378,0,05,000,08,0,1,02,A01
200500083379,0,05,000,00,2,1,02,A01
200500083379,0,07,000,00,2,6,15,B01
200500083380,0,07,000,06,0,1,02,A01
200500083381,0,07,000,00,2,1,00,B01
200500083381,0,07,000,00,2,2,00,A01
200500083382,0,05,000,00,2,1,09,A01
200500083382,0,07,000,00,0,6,09,B01
200500083383,0,07,000,00,1,0,17,A01
200500083384,0,07,000,01,0,1,01,A01
200500083384,0,07,000,00,0,4,23,B01
200500083385,0,07,000,00,0,0,01,B01
200500083385,0,05,000,00,2,1,01,A01
200500083385,0,07,000,00,0,0,01,C01
200500083386,0,07,000,00,2,1,17,A01
200500083386,0,02,000,00,2,1,01,B01
200500083387,0,07,000,02,2,8,15,A01
200500083387,0,07,000,00,2,3,01,B01
200500083388,0,07,000,00,1,3,01,A01
200500083389,0,07,000,00,2,5,15,A01
200500083389,0,04,000,00,2,2,01,B01
200500083390,0,07,000,00,2,6,11,A01
200500083390,0,05,000,00,2,7,01,B01
200500083391,0,14,000,00,2,2,19,A01
200500083391,0,07,000,00,2,8,01,B01
200500083392,0,07,000,14,0,1,01,A01
200500083392,0,05,000,00,0,4,01,B01
200500083393,0,07,000,00,2,1,13,A01
200500083393,0,07,000,00,2,3,01,B01
200500083394,0,07,000,00,2,3,15,A01
200500083394,0,05,000,00,2,1,01,B01
200500083395,0,07,000,00,1,2,01,A01
200500083396,0,07,000,00,2,1,13,A01
200500083396,0,07,000,00,2,1,01,B01
200500083397,0,07,000,15,0,1,00,A01
200500083398,0,18,000,00,1,2,01,A01
200500083399,2,07,000,00,2,3,00,A01
200500083399,0,07,000,00,2,2,01,B01
200500083400,0,04,000,00,2,7,17,A01
200500083401,0,07,000,00,2,1,15,A01
200500083401,0,02,000,00,2,1,01,B01
200500083402,0,07,000,00,1,2,00,B01
200500083403,0,09,000,00,2,8,11,A01
200500083403,0,07,000,00,2,2,01,B01
200500083404,0,07,000,00,2,8,11,A01
200500083404,0,05,000,00,0,1,01,B01
200500083405,0,10,000,00,2,1,13,A01
200500083405,0,02,000,00,2,1,01,B01
200500083406,0,07,000,00,1,8,01,A01
200500083407,0,07,000,01,0,2,01,A01
200500083408,0,02,000,00,2,1,01,A01
200500083408,0,07,000,00,0,4,01,B01
200500083409,0,07,000,00,1,1,01,A01
200500083410,0,07,000,04,0,9,01,A01
200500083411,0,07,000,00,2,1,15,A01
200500083411,0,07,000,00,2,1,01,B01
200500083412,0,07,000,00,2,4,17,A01
200500083412,0,07,000,00,2,6,01,B01
200500083412,0,07,000,00,2,9,17,C01
200500083413,0,07,000,00,2,1,02,A01
200500083413,0,14,000,00,2,4,01,B01
200500083414,0,07,000,00,1,3,01,A01
200500083415,0,07,000,00,2,1,05,A01
200500083415,0,07,000,00,2,1,01,B01
200500083416,0,07,000,00,2,1,01,A01
200500083416,0,07,000,00,0,3,15,B01
200500083417,0,07,000,00,2,3,13,A01
200500083417,0,07,000,00,2,1,01,C01
200500083417,0,07,000,13,2,1,01,B01
200500083418,0,07,000,00,2,1,13,A01
200500083418,0,07,000,00,2,1,01,B01
200500083419,0,07,000,00,2,4,15,A01
200500083419,0,04,000,00,2,1,01,B01
200500083420,0,07,000,11,0,0,01,A01
200500083421,0,04,000,00,1,1,17,B01
200500083422,0,07,000,00,2,1,01,A01
200500083422,0,07,000,00,2,7,15,B01
200500083423,0,07,000,00,2,1,02,A01
200500083423,0,07,000,00,2,4,01,B01
200500083424,0,07,000,00,2,1,13,A01
200500083424,0,07,000,00,2,1,01,B01
200500083425,0,07,000,00,2,1,13,A01
200500083425,0,07,000,00,2,1,13,B01
200500083426,0,07,000,00,1,2,00,A01
200500083427,0,05,000,00,2,1,01,B01
200500083427,0,10,000,00,2,1,15,A01
200500083428,0,07,000,00,2,4,23,A01
200500083428,0,07,000,00,2,1,01,B01
200500083429,0,07,000,06,2,1,01,B01
200500083429,0,07,000,00,2,3,01,A01
200500083430,0,10,000,00,1,2,01,A01
200500083431,0,07,000,00,2,3,15,A01
200500083431,0,05,000,00,2,1,01,B01
200500083432,0,07,000,00,1,1,01,A01
200500083433,0,07,000,00,2,1,01,B01
200500083433,0,07,000,00,2,2,01,A01
200500083434,1,07,000,00,1,1,15,A01
200500083435,0,07,000,00,1,1,01,A01
200500083436,0,07,000,00,1,1,01,A01
200500083437,0,07,000,00,0,0,13,A01
200500083437,0,02,000,12,0,1,21,B01
200500083438,0,07,000,00,0,0,02,B01
200500083438,0,07,000,00,2,1,02,A01
200500083439,0,07,000,00,9,5,16,A01
200500083440,0,07,000,00,2,1,21,A01
200500083440,0,01,000,00,2,4,21,B01
200500083441,0,05,000,00,2,1,21,A01
200500083441,0,07,000,01,2,4,13,B01
200500083442,0,07,000,00,1,7,21,A01
200500083443,0,07,000,00,1,3,15,A01
200500083444,0,04,000,00,1,1,18,A01
200500083444,0,99,000,00,0,0,23,B01
200500083445,0,04,000,00,0,3,09,A01
200500083446,0,04,000,00,2,1,21,A01
200500083446,0,02,000,00,2,1,21,B01
200500083447,0,07,000,00,9,8,22,A01
200500083447,0,01,000,01,0,4,21,B01
200500083447,0,07,000,00,2,2,21,C01
200500083448,0,04,000,00,0,4,19,A01
200500083448,1,07,000,00,2,1,19,B01
200500083449,0,02,000,00,2,8,21,A01
200500083449,1,99,000,00,0,0,00,B01
200500083450,0,05,000,00,2,1,19,A01
200500083450,0,07,000,00,2,2,15,B01
200500083451,0,07,000,00,2,1,01,A01
200500083451,0,07,000,00,2,7,15,B01
200500083452,0,07,000,00,1,1,01,A01
200500083453,0,07,000,00,1,3,01,A01
200500083454,0,10,000,00,2,1,23,A01
200500083454,0,07,000,00,2,4,23,B01
200500083454,0,10,000,00,2,4,23,C01
200500083454,0,07,000,00,2,5,23,D01
200500083455,0,07,000,00,2,8,15,A01
200500083455,0,05,000,00,2,7,01,B01
200500083456,0,05,000,01,2,9,01,A01
200500083456,0,10,000,00,9,5,20,B01
200500083457,0,10,000,00,2,1,02,A01
200500083457,0,10,000,00,2,4,02,B01
200500083458,0,07,000,00,1,2,02,A01
200500083459,0,05,000,00,2,5,03,A01
200500083459,0,07,000,00,9,5,02,B01
200500083460,0,07,000,00,1,2,02,A01
200500083461,0,05,000,00,2,0,01,B01
200500083461,0,07,000,00,2,7,10,A01
200500083462,0,04,000,00,2,1,01,B01
200500083462,0,07,000,01,9,1,15,A01
200500083463,0,07,000,00,2,1,15,A01
200500083463,0,04,000,00,2,1,02,B01
200500083464,0,07,000,00,2,1,01,A01
200500083464,0,07,000,00,2,3,01,B01
200500083465,0,07,000,00,2,1,10,A01
200500083465,0,02,000,00,2,5,02,B01
200500083466,0,05,000,00,2,7,16,B01
200500083466,0,07,000,00,2,1,01,A01
200500083467,0,10,000,00,2,1,01,A01
200500083467,0,05,000,00,2,0,01,B01
200500083468,0,14,000,03,1,1,01,A01
200500083469,0,05,000,00,2,1,02,A01
200500083469,0,07,000,00,2,6,01,B01
200500083470,0,07,000,00,2,2,02,A01
200500083470,0,07,000,00,2,5,02,B01
200500083471,0,07,000,00,0,3,15,A01
200500083471,0,05,000,00,2,1,01,B01
200500083472,0,07,000,01,0,3,13,A01
200500083473,1,07,000,00,0,0,00,A01
200500083473,0,05,000,00,2,8,01,B01
200500083474,0,07,000,00,0,0,15,A01
200500083474,0,05,000,00,2,1,01,B01
200500083475,0,07,000,00,0,2,15,A01
200500083475,0,04,000,00,2,1,01,B01
200500083476,0,07,000,00,2,3,01,A01
200500083476,0,07,000,00,2,1,01,B01
200500083477,0,02,000,00,2,1,01,A01
200500083477,0,07,000,00,0,5,01,B01
200500083478,0,07,000,00,2,1,02,A01
200500083478,0,04,000,00,2,4,01,B01
200500083479,0,07,000,00,2,6,09,A01
200500083479,0,05,000,00,2,2,01,B01
200500083480,0,07,000,00,2,1,15,A01
200500083480,0,07,000,08,2,8,01,B01
200500083481,0,07,000,00,2,1,02,A01
200500083481,0,07,000,00,2,4,23,B01
200500083482,0,07,000,11,2,6,01,B01
200500083482,0,10,000,00,2,4,23,C01
200500083482,0,07,000,00,2,1,01,A01
200500083483,0,07,000,00,1,1,15,A01
200500083484,0,07,000,00,1,3,01,A01
200500083485,0,10,000,00,1,1,01,A01
200500083486,0,07,000,00,2,1,01,A01
200500083486,0,07,000,00,2,7,15,B01
200500083487,0,07,000,00,1,2,01,A01
200500083488,0,07,000,00,1,4,04,A01
200500083489,0,07,000,00,2,1,17,A01
200500083489,0,07,000,00,2,2,16,B01
200500083489,0,07,000,00,2,2,02,C01
200500083490,0,07,000,00,1,3,01,A01
200500083491,0,07,000,00,1,2,20,A01
200500083492,0,07,000,00,1,1,01,A01
200500083493,0,07,000,00,1,5,04,A01
200500083494,0,02,000,00,2,1,01,A01
200500083494,0,07,000,00,2,8,15,B01
200500083495,0,07,000,00,1,4,04,A01
200500083496,0,07,000,00,2,7,15,A01
200500083496,0,07,000,00,2,8,01,B01
200500083496,0,07,000,00,2,1,01,C01
200500083497,0,07,000,00,1,5,20,A01
200500083498,0,07,000,00,2,8,15,A01
200500083498,0,05,000,00,2,8,01,B01
200500083499,0,07,000,00,2,3,15,A01
200500083499,0,05,000,00,2,1,17,B01
200500083500,0,07,000,00,2,1,01,A01
200500083500,0,04,000,00,2,4,01,B01
200500083500,0,07,000,00,2,4,01,C01
200500083501,0,07,000,00,1,3,15,A01
200500083502,0,07,000,00,1,3,01,A01
200500083503,0,07,000,00,2,2,16,A01
200500083503,0,04,000,00,2,7,01,B01
200500083504,0,07,000,00,2,1,09,A01
200500083504,0,07,000,00,0,6,01,B01
200500083504,0,07,000,00,2,4,01,C01
200500083504,0,07,000,00,2,4,01,D01
200500083504,0,07,000,00,2,1,01,E01
200500083505,0,07,000,00,2,2,15,A01
200500083505,0,04,000,00,2,1,01,B01
200500083506,0,07,000,00,1,1,01,A01
200500083507,0,10,000,00,2,1,01,A01
200500083507,0,02,000,00,0,4,23,B01
200500083508,0,17,000,00,2,2,10,A01
200500083508,0,14,000,00,2,7,01,B01
200500083509,0,17,000,00,2,2,01,A01
200500083509,0,07,000,00,2,8,01,B01
200500083510,0,07,000,00,2,1,11,A01
200500083510,0,99,000,00,0,4,23,B01
200500083511,0,07,000,00,1,3,01,A01
200500083512,0,07,000,00,1,3,01,A01
200500083513,0,07,000,00,1,2,01,A01
200500083514,0,07,000,00,2,3,09,A01
200500083514,0,05,000,00,2,5,01,B01
200500083514,0,07,000,00,2,6,01,C01
200500083515,0,07,000,00,2,3,01,A01
200500083515,0,05,000,00,2,3,01,B01
200500083515,0,04,000,00,2,8,01,C01
200500083516,0,07,000,00,2,3,01,A01
200500083516,0,07,000,00,2,5,01,B01
200500083517,0,04,000,00,2,1,01,A01
200500083517,0,05,000,15,2,0,01,B01
200500083518,0,05,000,00,1,8,01,A01
200500083519,0,05,000,01,2,1,01,A01
200500083519,0,07,000,00,2,7,09,B01
200500083520,0,07,000,00,9,4,23,A01
200500083520,0,01,000,01,0,1,02,B01
200500083521,0,07,000,00,1,2,01,A01
200500083522,0,05,000,00,2,1,02,B01
200500083522,0,07,000,00,2,2,01,A01
200500083523,0,07,000,00,1,3,02,A01
200500083524,0,07,000,00,1,4,04,A01
200500083525,0,02,000,00,2,2,02,A01
200500083525,0,07,000,00,2,8,15,B01
200500083526,0,07,000,00,2,2,01,A01
200500083526,0,07,000,00,2,8,01,B01
200500083527,0,07,000,00,2,7,01,A01
200500083527,0,04,000,00,2,1,01,B01
200500083528,0,04,000,00,2,1,01,B01
200500083528,0,07,000,00,2,2,09,A01
200500083529,0,07,000,00,2,1,01,A01
200500083529,0,07,000,00,2,4,23,B01
200500083530,0,04,000,00,2,1,17,A01
200500083530,0,07,000,00,2,3,15,B01
200500083531,0,07,000,00,1,1,01,A01
200500083532,0,07,000,00,1,1,01,A01
200500083533,0,07,000,00,0,0,10,A01
200500083533,0,05,000,12,0,1,01,B01
200500083534,0,07,000,00,2,1,15,A01
200500083534,0,05,000,00,2,1,01,B01
200500083534,0,07,000,00,2,4,10,C01
200500083535,0,04,000,00,1,2,01,A01
200500083536,0,07,000,00,1,1,01,A01
200500083537,0,04,000,00,2,1,18,A01
200500083537,0,07,000,00,2,2,20,B01
200500083538,0,07,000,00,2,1,01,A01
200500083538,0,07,000,00,2,4,23,B01
200500083539,0,07,000,00,2,7,01,A01
200500083539,0,07,000,00,2,3,01,B01
200500083540,0,05,000,08,0,1,01,A01
200500083541,0,07,000,00,1,3,01,A01
200500083542,0,07,000,00,2,1,15,A01
200500083542,0,04,000,00,2,8,01,B01
200500083543,0,07,000,06,0,1,16,A01
200500083544,0,07,000,00,2,1,02,A01
200500083544,0,07,000,00,2,4,02,B01
200500083544,0,07,000,00,2,4,02,C01
200500083545,0,04,000,00,1,1,01,A01
200500083546,0,07,000,01,2,1,01,A01
200500083546,0,07,000,00,2,1,01,B01
200500083547,0,01,000,00,0,0,01,A01
200500083548,0,07,000,00,2,1,00,A01
200500083548,0,07,000,00,2,3,15,B01
200500083549,0,10,000,00,2,2,12,A01
200500083549,0,05,000,00,2,9,01,B01
200500083550,0,07,000,00,2,1,02,A01
200500083550,0,07,000,00,2,4,02,B01
200500083551,0,01,000,00,2,1,01,A01
200500083551,0,07,000,00,9,2,15,B01
200500083552,0,07,000,00,0,4,04,A01
200500083553,1,99,000,00,1,1,01,A01
200500083554,0,07,000,00,2,4,02,C01
200500083554,0,07,000,00,2,1,02,A01
200500083554,0,07,000,00,2,4,02,B01
200500083555,0,07,000,00,9,2,00,A01
200500083555,0,04,000,00,2,0,00,B01
200500083556,0,10,000,00,2,2,02,A01
200500083556,0,10,000,00,2,9,00,B01
200500083557,0,04,000,00,0,0,21,A01
200500083558,0,07,000,01,0,1,14,A01
200500083559,0,18,000,00,0,0,01,A01
200500083560,0,07,000,00,1,3,15,A01
200500083561,0,07,000,00,2,1,01,A01
200500083561,0,13,000,00,2,3,15,B01
200500083562,0,07,000,00,2,1,01,A01
200500083562,0,07,000,00,2,4,23,B01
200500083562,0,07,000,00,2,4,23,C01
200500083563,0,07,000,00,2,3,09,A01
200500083563,0,05,000,00,2,2,01,B01
200500083564,0,07,000,01,0,1,01,A01
200500083565,0,07,000,06,0,1,01,A01
200500083566,0,04,000,00,2,1,01,A01
200500083566,0,07,000,00,2,2,01,B01
200500083567,0,07,000,00,2,3,11,A01
200500083567,0,05,000,00,2,1,01,B01
200500083568,0,05,000,00,1,1,01,A01
200500083569,0,05,000,01,2,1,17,A01
200500083569,0,07,000,00,2,6,17,B01
200500083570,0,07,000,11,0,1,11,A01
200500083571,0,07,000,00,2,6,11,A01
200500083571,0,04,000,00,2,1,01,B01
200500083572,0,07,000,00,2,1,01,B01
200500083572,0,10,000,00,2,3,15,A01
200500083573,0,07,000,08,0,1,00,A01
200500083574,0,07,000,00,2,1,00,A01
200500083574,0,07,000,15,2,7,00,B01
200500083574,0,04,000,00,0,7,13,C01
200500083575,0,14,000,00,2,1,01,A01
200500083575,0,07,000,00,2,4,01,B01
200500083576,0,18,005,00,1,1,00,A01
200500083577,0,07,000,00,1,5,01,A01
200500083578,0,07,000,00,9,8,24,A01
200500083578,0,01,000,01,0,1,01,B01
200500083579,0,07,000,00,2,2,09,A01
200500083579,0,01,000,00,2,4,00,B01
200500083580,0,07,000,00,2,2,10,A01
200500083580,0,05,000,00,2,1,01,B01
200500083581,0,07,000,00,2,6,20,A01
200500083581,0,07,000,00,2,2,01,B01
200500083582,0,05,000,00,1,0,01,A01
200500083583,0,07,000,01,0,1,01,A01
200500083584,0,07,000,00,2,3,01,A01
200500083584,0,07,000,00,2,3,01,B01
200500083585,0,07,000,00,1,4,20,A01
200500083586,0,04,000,00,2,3,02,A01
200500083586,0,07,000,00,2,2,01,B01
200500083587,0,07,000,00,2,2,01,B01
200500083587,0,07,000,00,2,3,09,A01
200500083588,0,07,000,00,2,3,15,B01
200500083588,0,04,000,00,2,1,01,A01
200500083589,0,07,000,00,1,3,01,A01
200500083590,0,05,000,00,2,7,02,B01
200500083590,0,07,000,00,2,3,02,A01
200500083591,0,04,000,00,2,7,01,B01
200500083591,0,02,000,00,2,1,01,A01
200500083592,0,07,000,00,2,8,01,A01
200500083592,0,01,000,00,2,1,09,B01
200500083593,0,07,000,00,2,1,01,B01
200500083593,0,07,000,00,2,6,01,A01
200500083594,0,05,000,15,0,1,01,A01
200500083595,0,07,000,00,2,5,01,B01
200500083595,0,07,000,00,2,1,01,C01
200500083595,0,07,000,00,2,1,01,A01
200500083596,0,05,000,00,1,1,17,A01
200500083597,0,10,000,00,2,1,01,A01
200500083597,0,07,000,00,2,4,02,B01
200500083598,0,07,000,00,0,1,01,A01
200500083599,0,04,000,00,0,0,01,A01
200500083600,0,01,000,01,0,2,02,A01
200500083600,0,07,000,01,0,4,00,B01
200500083601,0,07,000,00,2,2,12,A01
200500083601,0,05,000,00,2,8,18,B01
200500083602,0,07,000,00,1,1,01,A01
200500083603,0,02,000,00,1,0,00,A01
200500083604,0,07,000,00,2,1,02,B01
200500083604,0,07,000,00,2,1,00,A01
200500083605,0,04,000,00,0,0,01,A01
200500083606,0,07,000,00,2,7,01,A01
200500083606,0,05,000,00,2,0,02,B01
200500083607,0,07,000,00,1,1,00,A01
200500083608,0,07,000,00,2,2,01,B01
200500083608,0,07,000,00,2,1,01,A01
200500083609,0,07,000,00,2,4,02,C01
200500083609,0,07,000,00,2,3,08,A01
200500083609,0,07,000,00,2,5,01,B01
200500083609,0,07,000,00,0,4,02,D01
200500083610,0,07,000,00,1,2,02,A01
200500083611,0,07,000,00,2,1,02,A01
200500083611,0,07,000,00,2,4,02,B01
200500083611,0,07,000,00,2,4,23,C01
200500083612,0,07,000,01,0,1,11,A01
200500083612,0,07,000,00,0,1,01,B01
200500083613,0,07,000,00,9,1,19,A01
200500083613,0,01,000,00,2,1,01,B01
200500083614,0,07,000,00,2,3,02,A01
200500083614,0,02,000,00,2,1,02,B01
200500083615,0,07,000,00,2,2,09,A01
200500083615,0,02,000,00,2,8,02,B01
200500083616,0,07,000,01,0,2,02,A01
200500083617,0,05,000,00,0,3,16,A01
200500083618,0,07,000,00,2,1,02,A01
200500083618,0,07,000,00,0,4,15,B01
200500083619,0,07,000,00,1,1,01,A01
200500083620,0,07,000,00,2,3,01,A01
200500083620,0,04,000,00,2,2,17,B01
200500083621,0,07,000,00,2,7,19,B01
200500083621,0,07,000,00,0,1,19,A01
200500083622,0,07,000,00,1,2,01,A01
200500083623,0,07,000,00,2,2,02,B01
200500083623,0,04,000,00,2,1,02,A01
200500083624,0,14,000,00,2,7,15,A01
200500083624,0,02,000,00,0,1,01,B01
200500083625,0,07,000,15,0,2,02,A01
200500083625,0,07,000,00,2,8,15,B01
200500083626,0,07,000,00,2,1,01,A01
200500083626,0,10,000,00,2,8,15,B01
200500083627,0,04,000,00,0,7,01,B01
200500083627,0,07,000,00,0,1,00,A01
200500083628,0,07,000,01,2,6,01,A01
200500083628,0,07,000,00,2,1,19,B01
200500083629,0,02,000,00,2,1,11,A01
200500083629,0,14,000,00,0,6,11,B01
200500083630,0,07,000,00,2,3,02,B01
200500083630,0,07,000,00,2,2,00,A01
200500083631,0,15,000,00,1,7,01,A01
200500083632,0,07,000,00,2,5,09,A01
200500083632,0,05,000,00,2,1,17,B01
200500083633,0,07,000,00,0,4,02,A01
200500083633,0,07,000,00,0,1,00,B01
200500083634,0,05,000,00,0,0,00,A01
200500083635,0,07,000,00,2,1,09,A01
200500083635,0,05,000,00,2,7,00,B01
200500083636,0,07,000,00,2,1,01,A01
200500083636,0,07,000,00,0,5,12,B01
200500083637,0,05,000,00,1,1,01,A01
200500083638,0,07,000,02,0,1,02,A01
200500083639,0,07,000,00,1,2,01,A01
200500083640,0,07,000,00,2,4,02,A01
200500083641,1,07,000,00,1,0,00,A01
200500083641,0,07,000,00,1,0,00,B01
200500083642,1,07,000,00,0,0,02,A01
200500083642,0,07,000,08,0,1,14,B01
200500083643,0,07,000,00,1,3,02,A01
200500083644,0,07,000,00,0,4,23,A01
200500083644,0,07,000,00,2,4,02,B01
200500083644,0,07,000,00,2,1,02,C01
200500083645,1,07,000,00,1,0,00,A01
200500083646,0,07,000,00,1,2,00,A01
200500083647,0,07,000,00,0,0,00,A01
200500083648,0,07,000,00,0,1,02,A01
200500083648,0,07,000,00,0,4,02,B01
200500083649,0,07,000,00,0,1,02,A01
200500083650,0,07,000,00,0,0,02,A01
200500083650,0,07,000,00,0,0,00,B01
200500083651,0,14,000,00,1,0,01,A01
200500083652,0,07,000,00,2,3,15,A01
200500083652,0,07,000,00,2,3,01,B01
200500083653,0,07,000,15,9,1,00,A01
200500083654,2,07,000,00,2,1,02,A01
200500083654,0,07,000,00,0,4,02,B01
200500083655,0,02,000,00,1,1,19,A01
200500083656,0,07,000,00,2,1,15,A01
200500083656,0,05,000,00,2,1,21,B01
200500083657,0,07,000,00,1,1,01,A01
200500083658,0,05,000,00,0,0,21,A01
200500083659,0,02,000,00,2,1,17,A01
200500083659,0,07,000,00,2,8,15,B01
200500083660,0,07,000,00,1,1,15,A01
200500083661,0,07,000,00,1,3,10,A01
200500083662,0,07,000,00,0,7,16,A01
200500083662,0,04,000,00,0,1,02,B01
200500083663,0,07,000,00,1,3,00,A01
200500083664,0,07,000,00,0,1,01,A01
200500083664,0,07,000,00,0,6,09,B01
200500083665,1,07,000,00,2,4,04,A01
200500083665,0,01,000,00,2,4,05,B01
200500083666,0,07,000,00,0,7,00,A01
200500083666,0,07,000,00,0,1,00,B01
200500083667,0,07,000,01,1,1,01,A01
200500083668,0,02,000,00,2,7,19,A01
200500083668,0,07,000,00,2,1,19,B01
200500083669,0,07,000,00,9,2,16,A01
200500083669,0,01,000,00,2,1,18,B01
200500083670,0,07,000,00,0,8,15,B01
200500083670,0,07,000,00,2,2,05,A01
200500083671,0,04,000,00,2,1,01,B01
200500083671,0,07,000,00,2,2,01,A01
200500083672,0,07,000,00,2,3,15,A01
200500083672,0,02,000,00,2,8,02,B01
200500083673,0,05,000,01,2,1,02,A01
200500083673,0,07,000,00,2,4,13,B01
200500083674,0,07,000,00,2,3,16,B01
200500083674,0,07,000,00,2,3,00,A01
200500083675,0,04,000,00,2,1,02,A01
200500083675,0,13,000,00,0,4,02,B01
200500083676,0,07,000,00,2,3,15,A01
200500083676,0,04,000,00,2,8,01,B01
200500083677,0,07,000,00,1,3,11,A01
200500083678,0,07,000,00,2,1,02,A01
200500083678,0,07,000,00,2,4,23,B01
200500083678,0,07,000,00,2,4,23,C01
200500083679,0,07,000,00,1,3,01,A01
200500083680,0,02,000,00,0,0,01,A01
200500083681,0,07,000,00,2,1,01,A01
200500083681,0,07,000,00,2,4,09,B01
200500083682,0,05,000,00,0,8,18,A01
200500083682,0,07,000,00,0,2,01,B01
200500083683,0,07,000,00,2,1,13,B01
200500083683,0,07,000,00,2,3,15,A01
200500083684,0,07,000,00,1,7,16,A01
200500083685,0,05,000,00,2,3,01,B01
200500083685,0,07,000,00,2,3,15,A01
200500083686,0,07,000,00,0,3,23,B01
200500083686,0,05,000,00,1,2,17,A01
200500083687,0,07,000,00,2,1,20,A01
200500083687,0,02,000,00,2,1,01,B01
200500083688,1,07,000,00,0,0,00,A01
200500083689,0,07,000,00,2,1,01,A01
200500083689,0,02,000,00,2,4,02,B01
200500083690,0,07,000,00,2,1,15,A01
200500083690,0,07,000,01,2,3,02,B01
200500083690,0,07,000,00,2,8,22,C01
200500083691,2,07,000,00,2,1,01,A01
200500083691,0,07,000,00,2,7,15,B01
200500083692,0,07,000,08,2,8,00,A01
200500083692,0,07,000,08,2,7,00,B01
200500083693,0,07,000,00,0,4,23,B01
200500083693,0,07,000,01,0,1,01,A01
200500083694,0,10,000,00,1,3,11,A01
200500083695,0,05,000,00,2,1,01,A01
200500083695,0,07,000,00,0,5,15,B01
200500083696,0,02,000,00,2,1,17,A01
200500083696,0,07,000,00,0,6,15,B01
200500083697,0,02,000,01,0,1,00,A01
200500083698,0,07,000,00,1,1,02,A01
200500083699,0,07,000,00,2,1,01,A01
200500083699,0,07,000,00,2,4,01,B01
200500083699,0,07,000,00,2,4,02,C01
200500083700,0,07,000,01,2,2,11,A01
200500083700,0,07,000,00,2,3,15,B01
200500083701,0,07,000,00,2,3,15,A01
200500083701,0,04,000,00,2,3,01,B01
200500083702,0,07,000,00,2,1,00,B01
200500083702,0,07,000,00,0,8,09,A01
200500083703,0,07,000,00,2,1,02,A01
200500083703,0,07,000,00,0,4,02,B01
200500083704,0,07,000,00,0,2,15,A01
200500083704,0,07,000,00,0,1,01,B01
200500083705,0,07,000,14,1,3,02,A01
200500083706,0,02,000,00,1,1,01,A01
200500083707,0,02,000,00,0,0,01,A01
200500083708,0,02,000,00,0,0,02,A01
200500083709,0,07,000,00,2,7,02,B01
200500083709,0,07,000,00,2,1,01,A01
200500083710,0,07,000,00,2,1,15,A01
200500083710,0,05,000,00,2,8,01,B01
200500083711,0,07,000,00,2,4,15,A01
200500083711,0,04,000,00,2,1,01,B01
200500083712,0,07,000,00,0,1,00,A01
200500083713,0,07,000,15,0,0,00,A01
200500083714,0,05,000,00,1,1,01,A01
200500083715,0,07,000,00,0,2,15,A01
200500083715,0,04,000,00,0,1,00,B01
200500083716,0,07,000,00,2,1,02,A01
200500083716,0,07,000,00,2,4,02,B01
200500083717,0,07,000,00,1,3,01,A01
200500083718,0,07,000,00,1,2,01,A01
200500083719,0,07,000,00,0,5,01,A01
200500083720,0,07,000,00,1,3,01,A01
200500083721,0,07,000,00,2,1,01,A01
200500083721,1,07,000,00,2,0,10,B01
200500083722,0,07,000,00,2,2,02,B01
200500083722,0,07,000,08,2,2,00,A01
200500083723,0,04,000,00,1,1,01,A01
200500083724,0,07,000,00,1,3,16,A01
200500083725,0,07,000,05,0,3,01,A01
200500083726,0,07,000,00,2,1,01,A01
200500083726,0,07,000,00,2,1,01,B01
200500083727,0,07,000,09,2,2,01,B01
200500083727,0,07,000,09,2,1,00,A01
200500083728,0,07,000,00,1,4,20,A01
200500083729,0,07,000,00,2,6,09,A01
200500083729,0,04,000,00,2,1,01,B01
200500083730,0,07,000,00,0,1,01,A01
200500083730,0,07,000,00,2,3,09,B01
200500083731,0,04,000,00,2,0,01,A01
200500083732,0,07,000,00,0,4,02,A01
200500083732,1,07,000,00,2,0,02,B01
200500083733,0,07,000,00,1,2,01,A01
200500083734,0,07,000,14,0,2,02,A01
200500083734,0,07,000,00,2,6,23,B01
200500083734,0,07,000,00,2,4,23,C01
200500083735,0,01,000,00,0,0,02,A01
200500083735,0,01,000,00,9,1,02,B01
200500083736,0,07,000,00,2,3,22,A01
200500083736,0,02,000,01,0,1,01,B01
200500083737,0,07,000,00,2,1,01,A01
200500083737,0,07,000,00,2,1,01,B01
200500083738,0,07,000,02,2,1,17,A01
200500083738,0,07,000,00,2,3,15,B01
200500083739,0,07,000,00,1,7,01,A01
200500083740,0,18,029,00,1,2,01,A01
200500083741,0,05,000,14,0,1,02,A01
200500083742,0,07,000,00,2,1,02,A01
200500083742,0,07,000,00,0,4,02,B01
200500083743,0,07,000,00,0,1,13,A01
200500083743,0,13,000,00,0,3,23,B01
200500083743,0,07,000,00,0,1,01,C01
200500083744,0,07,000,00,0,0,02,A01
200500083744,0,07,000,00,0,0,00,B01
200500083745,0,01,000,00,1,0,00,A01
200500083746,0,07,000,00,9,1,09,A01
200500083747,0,07,000,00,1,1,01,A01
200500083748,0,07,000,00,2,3,15,A01
200500083748,0,07,000,00,2,1,02,B01
200500083749,0,05,000,00,1,2,02,A01
200500083750,0,07,000,00,1,3,00,A01
200500083751,0,07,000,00,1,1,02,A01