Num_Acc,senc,catv,occutc,obs,obsm,choc,manv,num_veh
200500085292,0,07,000,00,2,1,01,A01
200500085292,0,07,000,00,2,4,01,B01
200500085293,0,04,000,12,0,1,02,A01
200500085294,0,07,000,00,2,1,13,A01
200500085294,0,07,000,00,2,1,02,B01
200500085295,0,01,000,00,2,5,19,A01
200500085295,0,07,000,00,9,1,02,B01
200500085296,0,07,000,00,1,1,02,A01
200500085297,0,02,000,16,0,1,02,A01
200500085298,0,07,000,00,1,1,02,A01
200500085299,0,05,000,14,0,1,02,A01
200500085300,2,02,000,00,1,1,02,A01
200500085301,0,01,000,00,2,4,02,B01
200500085301,0,07,000,00,2,1,16,A01
200500085302,0,07,000,00,1,2,02,A01
200500085303,0,01,000,00,2,4,02,B01
200500085303,0,07,000,00,2,1,16,A01
200500085304,0,02,000,00,2,1,02,B01
200500085304,0,07,000,00,2,8,15,A01
200500085305,0,10,000,00,1,1,02,A01
200500085306,0,07,000,00,1,1,05,A01
200500085307,0,02,000,00,9,7,01,B01
200500085307,0,18,000,00,9,2,15,A01
200500085308,0,01,000,00,0,4,09,B01
200500085308,0,07,000,00,9,1,01,A01
200500085309,0,02,000,00,2,1,15,A01
200500085309,0,07,000,00,2,3,09,B01
200500085310,0,02,000,00,1,1,01,A01
200500085311,0,07,000,00,2,8,11,A01
200500085311,0,05,000,00,2,1,01,B01
200500085311,0,07,000,00,2,1,23,C01
200500085312,0,07,000,00,1,2,01,A01
200500085313,0,02,000,00,2,1,03,A01
200500085313,0,07,000,00,2,1,01,B01
200500085314,0,07,000,00,1,1,01,A01
200500085315,0,01,000,00,1,1,01,A01
200500085316,0,07,000,12,0,9,14,A01
200500085317,0,05,000,00,2,1,01,B01
200500085317,0,07,000,00,2,1,15,A01
200500085318,0,05,000,00,1,1,01,A01
200500085319,0,07,000,00,9,6,15,A01
200500085319,0,02,000,00,2,1,01,B01
200500085320,0,07,000,00,9,1,01,A01
200500085320,0,02,000,00,2,1,01,B01
200500085321,0,02,000,00,2,3,13,A01
200500085321,0,07,000,00,9,3,13,B01
200500085322,0,02,000,12,0,1,14,A01
200500085323,0,02,000,00,2,1,01,B01
200500085323,0,07,000,00,2,3,15,A01
200500085324,0,07,000,00,2,3,01,B01
200500085324,0,01,000,00,2,1,13,A01
200500085325,0,07,000,00,2,1,02,B01
200500085325,0,07,000,00,0,4,01,A01
200500085326,0,07,000,00,2,3,15,A01
200500085326,0,07,000,00,2,1,01,B01
200500085327,0,07,000,00,0,4,01,B01
200500085327,0,07,000,00,2,1,01,A01
200500085328,0,01,000,00,2,1,13,A01
200500085328,0,07,000,00,2,1,01,B01
200500085329,0,02,000,00,2,1,01,B01
200500085329,0,07,000,00,2,2,15,A01
200500085330,0,02,000,13,0,1,01,A01
200500085331,0,07,000,00,2,1,01,A01
200500085331,0,07,000,00,2,3,01,B01
200500085332,0,01,000,00,2,1,13,A01
200500085332,0,07,000,00,2,1,01,B01
200500085333,0,02,000,00,2,1,01,A01
200500085333,0,10,000,00,2,7,01,B01
200500085334,0,07,000,00,2,1,01,A01
200500085334,0,07,000,00,2,7,20,B01
200500085335,0,02,000,16,0,7,01,A01
200500085336,0,07,000,00,2,8,10,A01
200500085336,0,05,000,00,2,1,01,B01
200500085337,0,02,000,01,2,1,01,A01
200500085337,0,07,000,00,2,0,01,B01
200500085338,0,07,000,00,1,1,01,A01
200500085339,0,02,000,01,0,1,01,A01
200500085340,0,07,000,00,2,7,15,B02
200500085340,0,07,000,00,2,1,01,C03
200500085340,0,05,000,00,2,1,01,A01
200500085341,0,07,000,00,0,8,15,A01
200500085341,0,05,000,06,2,1,17,B02
200500085342,0,07,000,00,2,1,17,A01
200500085342,0,07,000,00,2,1,01,B02
200500085343,0,07,000,00,2,1,01,B02
200500085343,0,07,000,00,2,7,01,A01
200500085344,0,07,000,00,0,0,00,A01
200500085344,0,07,000,00,0,0,00,B02
200500085344,0,07,000,03,2,3,00,C03
200500085345,0,07,000,00,0,0,00,A01
200500085345,0,07,000,00,2,2,19,B02
200500085346,0,10,000,00,2,8,19,B02
200500085346,0,05,000,00,2,8,13,A01
200500085347,0,05,000,00,2,1,17,A01
200500085347,0,07,000,00,0,0,00,D04
200500085347,0,07,000,00,2,6,01,E05
200500085347,0,07,000,00,2,8,01,B02
200500085347,0,07,000,00,2,8,01,C03
200500085348,0,07,000,00,2,3,01,B02
200500085348,0,07,000,00,2,3,15,A01
200500085349,0,07,000,00,2,3,01,B02
200500085349,0,07,000,00,2,3,01,C03
200500085349,0,07,000,00,2,3,17,A01
200500085350,0,05,000,00,0,0,01,A01
200500085351,0,07,000,00,1,2,01,A01
200500085352,0,07,000,00,2,1,01,B02
200500085352,0,07,000,00,2,1,17,A01
200500085353,0,07,000,00,0,6,01,A01
200500085353,0,07,000,00,2,2,02,B02
200500085354,0,07,000,00,2,1,09,A01
200500085354,0,07,000,00,2,1,21,B02
200500085355,0,07,000,00,2,1,01,A01
200500085355,0,07,000,00,2,1,01,B02
200500085356,0,02,000,00,2,8,01,B02
200500085356,0,07,000,00,2,3,01,A01
200500085357,0,07,000,00,0,9,01,A01
200500085358,0,07,000,13,0,1,01,A01
200500085359,0,07,000,13,0,2,01,A01
200500085360,0,07,000,00,2,3,17,A01
200500085360,0,07,000,00,2,3,01,B02
200500085361,0,05,000,00,2,3,17,B02
200500085361,0,07,000,00,2,3,01,A01
200500085362,0,07,000,00,2,4,01,A01
200500085362,0,07,000,00,2,1,01,B02
200500085363,0,07,000,00,2,5,15,B02
200500085363,0,07,000,00,2,1,01,A01
200500085364,0,07,000,00,2,2,01,A01
200500085364,0,07,000,06,2,6,01,B02
200500085365,0,07,000,00,2,1,00,B02
200500085365,0,07,000,00,2,7,13,A01
200500085366,0,18,000,00,2,3,01,B02
200500085366,0,07,000,00,2,3,17,A01
200500085366,0,18,008,00,0,0,24,C03
200500085367,0,07,000,02,0,1,14,A01
200500085368,0,07,000,00,2,1,13,A01
200500085368,0,07,000,00,2,1,01,B02
200500085368,0,07,000,00,2,1,01,C03
200500085369,0,07,000,00,2,1,01,A01
200500085369,0,01,000,00,2,7,01,B02
200500085370,0,07,000,00,2,3,01,C03
200500085370,0,02,000,00,2,1,15,A01
200500085370,0,07,000,00,2,3,01,B02
200500085371,0,02,000,00,0,0,00,A01
200500085372,0,07,000,00,2,3,13,A01
200500085372,0,18,000,00,2,3,01,B02
200500085373,0,05,000,00,2,1,01,B02
200500085373,0,15,000,00,0,7,15,A01
200500085374,0,07,000,00,1,1,01,A01
200500085375,0,05,000,00,2,9,02,A01
200500085375,0,05,000,00,2,9,02,B02
200500085376,0,02,000,02,0,1,01,A01
200500085377,0,02,000,00,2,1,19,A01
200500085377,0,07,000,00,2,3,01,B02
200500085378,0,15,000,00,2,5,17,A01
200500085378,0,99,000,00,2,8,01,B02
200500085379,0,07,000,00,2,1,01,B02
200500085379,0,07,000,00,2,7,13,A01
200500085380,0,07,000,00,2,8,01,A01
200500085381,0,02,000,00,0,8,15,B02
200500085381,0,10,000,00,9,1,02,A01
200500085382,0,10,000,00,0,1,01,A01
200500085383,0,07,000,00,1,3,01,A01
200500085384,0,07,000,00,2,5,10,A01
200500085384,0,02,000,00,2,1,01,B02
200500085385,0,07,000,00,2,3,01,B02
200500085385,0,07,000,00,2,2,01,A01
200500085386,0,07,000,00,2,3,13,A01
200500085386,0,07,000,00,2,3,00,B02
200500085387,0,18,001,00,2,3,01,B02
200500085387,0,07,000,00,2,1,13,A01
200500085388,0,02,000,00,2,1,13,B02
200500085388,0,07,000,00,2,1,01,A01
200500085389,0,07,000,00,2,1,21,C03
200500085389,0,07,000,00,2,4,21,O15
200500085389,0,07,000,00,2,0,21,H08
200500085389,0,07,000,00,2,0,21,P16
200500085389,0,07,000,00,2,8,21,D04
200500085389,0,07,000,00,2,0,21,F06
200500085389,0,07,000,00,2,1,21,B02
200500085389,0,07,000,00,2,8,21,E05
200500085389,0,07,000,00,2,4,21,K11
200500085389,0,07,000,00,2,0,21,L12
200500085389,0,07,000,00,2,0,21,G07
200500085389,0,07,000,00,2,9,21,I09
200500085389,0,07,000,00,2,0,21,M13
200500085389,0,07,000,00,2,0,00,N14
200500085389,0,07,000,00,2,0,00,J10
200500085389,0,07,000,00,2,9,05,A01
200500085390,0,07,000,00,1,1,01,A01
200500085391,0,01,000,00,2,3,05,C03
200500085391,0,07,000,01,9,2,04,A01
200500085391,0,20,000,00,9,5,01,B02
200500085392,0,07,000,00,0,1,15,A01
200500085392,0,02,000,00,0,1,01,B02
200500085393,0,02,000,00,2,1,01,A01
200500085393,0,07,000,00,9,1,15,B02
200500085394,0,05,000,00,2,1,02,B02
200500085394,0,07,000,00,0,4,02,A01
200500085395,2,07,000,00,2,2,01,A01
200500085395,0,07,000,00,0,7,01,C03
200500085395,0,18,002,00,0,6,23,B02
200500085396,0,07,000,00,2,1,19,A01
200500085396,0,07,000,00,2,1,01,B02
200500085397,0,07,000,04,0,2,01,A01
200500085398,0,05,000,03,0,8,13,A01
200500085399,0,07,000,00,1,3,19,A01
200500085400,0,05,000,02,0,1,00,A01
200500085401,0,07,000,00,2,1,00,B02
200500085401,0,07,000,00,2,1,05,A01
200500085402,0,17,000,00,0,0,23,B02
200500085402,0,07,000,01,0,1,00,A01
200500085403,0,07,000,00,2,1,01,B02
200500085403,0,07,000,00,2,1,01,C03
200500085403,0,07,000,00,2,1,01,D04
200500085403,0,07,000,00,2,1,13,A01
200500085404,0,01,000,00,2,1,15,A01
200500085404,0,07,000,00,9,1,01,B02
200500085405,0,01,000,00,0,4,16,B02
200500085405,0,07,000,00,2,1,01,A01
200500085406,0,07,000,00,2,8,01,B02
200500085406,0,02,000,00,2,8,13,A01
200500085407,0,02,000,00,2,1,01,B02
200500085407,0,07,000,00,2,2,16,A01
200500085408,0,07,000,00,1,8,01,A01
200500085432,0,07,000,00,0,1,01,A01
200500085443,0,07,000,00,2,7,15,B02
200500085443,0,02,000,00,2,1,01,A01
200500085445,2,10,000,00,2,2,17,A01
200500085445,0,13,000,00,2,2,01,B02
200500085446,0,07,000,16,2,9,13,A01
200500085447,0,07,000,00,2,9,01,A01
200500085447,0,07,000,00,2,1,01,B02
200500085448,0,07,000,00,0,0,00,A01
200500085448,0,07,000,00,0,0,00,B02
200500085448,0,07,000,00,0,0,00,C03
200500085448,0,07,000,00,2,3,01,D04
200500085452,0,07,000,13,0,1,01,A01
200500085453,0,07,000,00,1,0,01,B02
200500085453,0,07,000,00,1,0,00,C03
200500085453,0,07,000,00,1,2,01,A01
200500085454,0,07,000,00,1,2,21,A01
200500085455,0,05,000,00,2,1,17,B02
200500085455,0,07,000,00,2,8,10,A01
200500085456,0,07,000,00,2,7,17,A01
200500085456,0,01,000,00,2,8,01,B02
200500085457,0,01,000,13,0,7,14,A01
200500085458,0,02,000,02,0,0,01,A01
200500085459,0,02,000,00,2,1,01,A01
200500085459,0,07,000,00,2,3,01,B02
200500085462,0,07,000,00,2,1,01,A01
200500085462,0,07,000,00,2,1,01,C01
200500085462,0,10,000,00,2,8,01,B01
200500085463,0,07,000,00,2,1,01,A01
200500085463,0,07,000,00,2,4,02,B01
200500085464,0,07,000,00,2,1,07,A01
200500085464,0,07,000,00,2,1,08,B01
200500085465,0,07,000,00,2,4,07,B01
200500085465,0,10,000,00,2,1,07,A01
200500085465,0,10,000,00,2,4,07,C01
200500085466,0,07,000,00,2,2,16,A01
200500085466,0,04,000,00,2,6,07,B01
200500085467,0,02,000,00,2,1,07,A01
200500085467,0,07,000,00,2,3,07,B01
200500085468,0,07,000,00,2,1,07,A01
200500085468,0,07,000,00,2,2,07,B01
200500085469,0,07,000,00,2,1,07,A01
200500085469,0,07,000,00,2,4,07,B01
200500085469,0,07,000,00,2,4,07,C01
200500085470,0,07,000,00,2,3,15,A01
200500085470,0,02,000,00,2,9,08,B01
200500085471,0,07,000,00,2,8,15,A01
200500085471,0,02,000,00,2,1,17,B01
200500085472,0,02,000,00,2,2,07,B01
200500085472,0,07,000,00,2,0,07,A01
200500085473,0,07,000,00,2,0,20,A01
200500085473,0,07,000,00,2,3,07,C01
200500085473,0,07,000,00,2,3,13,B01
200500085474,0,07,000,00,1,7,07,A01
200500085475,0,07,000,00,1,7,07,A01
200500085476,0,07,000,00,2,1,07,B01
200500085476,0,07,000,00,2,2,09,A01
200500085477,0,02,000,00,2,1,07,B01
200500085477,0,07,000,00,2,5,08,A01
200500085478,0,07,000,00,1,1,07,A01
200500085479,0,02,000,00,2,1,07,A01
200500085479,0,07,000,00,2,4,07,B01
200500085480,0,07,000,00,1,0,07,A01
200500085481,0,07,000,00,2,2,08,B01
200500085481,0,02,000,00,2,1,07,A01
200500085482,0,07,000,00,2,1,07,A01
200500085482,0,07,000,00,2,4,07,B01
200500085482,0,07,000,00,2,4,07,C01
200500085483,0,02,000,00,2,1,07,B01
200500085483,0,07,000,00,2,5,15,A01
200500085484,0,07,000,00,1,0,07,A01
200500085485,0,07,000,00,2,1,07,B01
200500085485,0,07,000,00,2,5,09,A01
200500085486,0,07,000,00,2,3,15,B01
200500085486,0,02,000,00,2,2,17,A01
200500085487,0,01,000,00,2,1,08,A01
200500085487,0,07,000,00,2,2,07,B01
200500085488,0,02,000,00,2,3,16,A01
200500085488,0,07,000,00,2,1,09,B01
200500085489,0,02,000,00,2,5,07,B01
200500085489,0,07,000,00,2,2,07,A01
200500085562,0,07,000,00,2,1,24,C01
200500085562,0,07,000,01,0,1,21,B01
200500085562,0,07,000,00,2,1,15,A01
200500085563,0,07,000,00,1,2,01,A01
200500085564,0,05,000,00,1,1,01,C01
200500085565,0,07,000,00,2,2,07,A01
200500085565,0,07,000,00,2,3,00,B01
200500085566,0,07,000,00,2,1,01,A01
200500085566,0,07,000,00,2,1,01,B01
200500085567,0,04,000,00,2,1,01,A01
200500085567,0,07,000,00,2,7,01,B01
200500085568,0,04,000,00,2,1,01,B01
200500085568,0,07,000,00,2,5,16,A01
200500085569,0,07,000,00,2,1,01,B01
200500085569,0,07,000,00,2,1,01,A01
200500085570,0,01,000,00,2,0,01,B01
200500085570,0,07,000,00,9,0,15,A01
200500085571,0,07,000,00,2,1,17,A01
200500085571,0,14,000,00,0,6,23,B01
200500085572,0,07,000,00,1,2,01,A01
200500085573,0,07,000,00,9,2,15,A01
200500085573,0,05,000,00,2,1,19,B01
200500085574,0,07,000,00,2,4,02,B01
200500085574,0,07,000,00,2,1,02,A01
200500085575,0,05,000,00,2,2,19,B01
200500085575,0,07,000,00,9,6,15,A01
200500085576,0,07,000,00,2,7,19,A01
200500085576,0,07,000,00,2,8,16,B01
200500085577,0,02,000,00,1,1,01,A01
200500085578,0,07,000,00,2,1,01,B01
200500085578,0,07,000,00,2,7,01,A01
200500085579,0,07,000,00,2,3,01,B01
200500085579,0,07,000,04,2,2,01,A01
200500085580,0,07,000,00,2,1,04,B01
200500085580,0,07,000,00,2,2,01,A01
200500085581,0,05,000,00,2,1,09,B01
200500085581,0,07,000,00,2,7,09,A01
200500085582,0,04,000,00,2,1,17,B01
200500085582,0,07,000,00,9,6,15,A01
200500085583,0,05,000,00,2,1,18,A01
200500085583,0,07,000,00,9,8,01,B01
200500085583,0,07,000,00,2,8,01,D01
200500085584,0,07,000,00,2,8,17,A01
200500085584,0,07,000,00,2,8,01,D01
200500085584,0,07,000,00,2,6,23,C01
200500085584,0,07,000,00,2,5,23,B01
200500085585,0,07,000,00,1,7,01,A01
200500085586,0,07,000,03,2,1,02,A01
200500085586,0,01,000,00,2,4,02,B01
200500085587,0,07,000,00,0,1,01,A01
200500085588,0,07,000,00,1,0,07,A01
200500085589,0,02,000,00,2,0,15,A01
200500085589,0,05,000,00,2,8,07,B01
200500085590,0,02,000,00,2,1,08,A01
200500085590,0,07,000,00,2,2,07,B01
200500085591,0,07,000,00,2,1,08,B01
200500085591,0,07,000,00,2,1,07,A01
200500085592,0,04,000,00,2,1,07,A01
200500085592,0,07,000,00,2,4,07,B01
200500085593,0,01,000,00,2,1,07,A01
200500085593,0,07,000,00,2,4,07,B01
200500085594,0,05,000,00,2,9,07,B01
200500085594,0,01,000,00,2,0,07,A01
200500085595,0,07,000,00,2,1,07,A01
200500085595,0,07,000,00,2,4,07,B01
200500085596,0,07,000,08,0,1,07,A01
200500085597,0,01,000,00,2,4,15,B01
200500085597,0,07,000,00,2,3,07,A01
200500085598,0,07,000,00,2,3,15,A01
200500085598,0,02,000,00,2,1,07,B01
200500085599,0,02,000,00,2,7,17,A01
200500085599,0,07,000,00,2,3,15,B01
200500085600,0,02,000,00,2,1,17,B01
200500085600,0,07,000,00,2,2,15,A01
200500085601,0,07,000,00,2,4,07,B01
200500085601,0,07,000,00,2,1,07,A01
200500085601,0,07,000,00,2,4,07,C01
200500085602,0,02,000,00,2,1,07,A01
200500085602,1,07,000,00,2,0,07,B01
200500085603,0,01,000,01,2,1,07,B01
200500085603,0,07,000,00,2,4,24,A01
200500085604,0,07,000,00,2,3,15,A01
200500085604,0,02,000,00,2,1,07,B01
200500085605,0,07,000,00,2,2,09,A01
200500085605,0,07,000,00,2,1,07,B01
200500085606,0,02,000,00,2,1,07,B01
200500085606,0,07,000,00,2,3,09,A01
200500085607,0,02,000,00,2,1,09,A01
200500085607,0,07,000,00,2,7,07,B01
200500085608,0,07,000,00,1,0,07,A01
200500085609,0,02,000,00,2,1,07,A01
200500085609,0,07,000,00,2,5,07,B01
200500085610,0,07,000,00,2,0,16,A01
200500085610,0,02,000,00,2,8,18,B01
200500085611,0,02,000,00,2,1,07,A01
200500085611,0,07,000,00,2,5,07,B01
200500085612,0,07,000,00,2,5,17,A01
200500085612,0,02,000,00,2,8,07,B01
200500085613,0,02,000,00,2,1,07,A01
200500085613,0,02,000,00,2,4,07,B01
200500085614,0,02,000,00,1,1,07,A01
200500085615,0,07,000,00,2,4,07,B01
200500085615,0,07,000,00,2,1,07,A01
200500085616,0,02,000,00,2,4,08,B01
200500085616,0,07,000,00,2,0,07,A01
200500085617,0,01,000,00,2,0,13,A01
200500085617,0,07,000,00,2,3,07,B01
200500085618,0,07,000,00,2,7,01,B01
200500085618,0,07,000,00,2,1,09,A01
200500085619,0,02,000,00,2,1,02,A01
200500085619,0,07,000,00,2,4,02,B01
200500085620,0,02,000,12,0,1,02,A01
200500085621,0,02,000,00,2,8,02,B01
200500085621,0,07,000,00,2,2,02,A01
200500085622,0,01,000,01,0,1,02,A01
200500085623,0,13,000,00,1,4,04,A01
200500085624,0,07,000,00,1,2,02,A01
200500085625,0,02,000,00,2,1,17,A01
200500085625,0,07,000,00,2,3,15,B01
200500085626,0,07,000,00,2,1,02,A01
200500085626,0,07,000,00,2,6,20,B01
200500085627,0,02,000,01,0,1,02,A01
200500085628,0,02,000,00,2,1,01,B01
200500085628,0,07,000,00,9,2,15,A01
200500085629,0,07,000,00,1,1,01,A01
200500085630,0,07,000,13,2,3,05,A01
200500085630,0,07,000,00,2,8,01,B01
200500085630,0,07,000,13,2,8,01,C01
200500085631,0,07,000,00,2,8,15,A01
200500085631,0,18,020,00,2,2,07,B01
200500085632,0,99,000,00,1,2,01,A01
200500085633,0,07,000,00,1,1,01,A01
200500085634,0,01,000,00,2,1,01,B01
200500085634,0,07,000,00,2,1,13,A01
200500085635,0,07,000,00,1,3,01,A01
200500085636,0,07,000,00,2,8,11,A01
200500085636,0,05,000,00,2,7,03,B01
200500085637,0,07,000,00,1,1,16,A01
200500085638,0,14,000,00,2,1,01,A01
200500085638,0,07,000,00,2,1,13,B01
200500085639,0,05,000,00,2,2,17,A01
200500085639,0,10,000,00,2,3,15,B01
200500085640,0,18,005,00,2,3,01,B01
200500085640,0,10,000,00,2,1,01,A01
200500085641,0,05,000,00,2,3,17,A01
200500085641,0,10,000,00,2,3,15,B01
200500085642,0,05,000,00,2,1,17,A01
200500085642,0,10,000,00,2,3,15,B01
200500085643,0,07,000,13,0,1,13,A01
200500085644,0,07,000,00,0,0,18,C01
200500085644,0,10,000,04,2,1,02,A01
200500085644,0,10,000,00,2,5,01,B01
200500085645,0,07,000,00,1,3,17,A01
200500085646,0,01,000,00,2,3,15,A01
200500085646,0,07,000,00,2,8,01,B01
200500085647,0,07,000,08,0,1,21,A01
200500085648,0,01,000,00,2,3,18,A01
200500085648,0,07,000,00,2,2,14,B01
200500085649,0,14,000,04,0,3,13,A01
200500085650,0,02,000,00,2,1,01,B01
200500085650,0,10,000,00,2,3,09,A01
200500085651,0,05,000,00,0,0,01,A01
200500085652,0,02,000,00,2,1,01,A01
200500085652,0,02,000,00,2,1,13,B01
200500085653,0,07,000,00,1,1,01,A01
200500085654,0,07,000,06,2,1,01,A01
200500085654,0,07,000,00,2,7,01,B01
200500085655,0,07,000,00,1,1,01,A01
200500085656,0,07,000,00,1,1,01,A01
200500085657,0,07,000,00,1,1,01,A01
200500085658,0,02,000,00,1,1,01,A01
200500085659,0,07,000,00,2,8,15,A01
200500085659,0,01,000,00,2,2,17,B01
200500085660,0,02,000,00,2,2,01,B01
200500085660,0,07,000,00,2,4,04,A01
200500085661,0,07,000,00,2,1,01,A01
200500085661,0,07,000,00,0,4,01,B01
200500085662,0,07,000,00,0,3,20,A01
200500085662,0,05,000,01,2,1,01,B01
200500085663,2,07,000,03,0,2,01,A01
200500085664,0,07,000,00,2,3,01,B02
200500085664,0,07,000,00,2,3,01,A01
200500085665,0,07,000,00,2,1,01,B02
200500085665,0,07,000,00,2,1,13,A01
200500085666,0,07,000,00,0,1,01,A01
200500085666,0,07,000,00,0,1,13,B02
200500085667,0,07,000,00,2,7,20,B02
200500085667,0,02,000,00,2,1,18,A01
200500085668,0,07,000,02,0,1,01,A01
200500085669,0,05,000,08,0,1,13,A01
200500085670,0,14,000,00,2,2,01,B02
200500085670,0,07,000,03,2,3,02,A01
200500085671,1,02,000,00,1,1,01,A01
200500085672,0,07,000,00,1,1,01,A01
200500085673,0,07,000,02,0,1,19,A01
200500085674,0,07,000,00,2,3,09,A01
200500085674,0,07,000,00,2,6,01,B02
200500085674,0,07,000,00,2,2,17,C03
200500085675,0,07,000,00,1,7,13,A01
200500085676,0,05,000,00,2,1,17,A01
200500085676,0,07,000,00,2,3,01,B02
200500085677,0,07,000,00,2,3,15,A01
200500085677,0,07,000,00,2,1,01,B02
200500085678,0,07,000,00,0,2,01,A01
200500085679,0,07,000,00,2,3,01,A01
200500085679,0,05,000,00,2,1,05,B02
200500085680,0,01,000,00,0,7,19,A01
200500085680,0,07,000,00,9,1,01,B02
200500085681,0,07,000,00,2,1,17,A01
200500085681,0,07,000,00,2,8,01,B02
200500085681,0,07,000,00,2,1,01,C03
200500085682,0,07,000,00,0,4,00,A01
200500085682,0,07,000,00,2,1,00,B02
200500085683,0,05,000,00,2,1,13,A01
200500085683,0,07,000,00,2,1,01,B02
200500085684,0,07,000,00,2,3,01,B02
200500085684,0,07,000,00,2,3,01,A01
200500085685,0,07,000,00,1,5,04,A01
200500085686,0,05,000,00,2,1,13,A01
200500085686,0,07,000,00,9,2,01,B02
200500085687,0,02,000,00,0,7,12,A01
200500085688,0,02,000,00,0,6,11,B02
200500085688,0,05,000,00,0,8,21,A01
200500085689,0,05,000,00,2,1,01,B02
200500085689,0,07,000,00,2,8,19,A01
200500085690,0,07,000,08,0,8,01,A01
200500085691,0,07,000,00,2,3,13,B02
200500085691,0,07,000,00,0,8,01,A01
200500085691,0,07,000,00,2,1,01,C03
200500085692,0,07,000,00,2,7,00,A01
200500085692,0,07,000,00,2,1,01,B02
200500085693,0,07,000,00,2,7,15,A01
200500085693,0,07,000,00,2,8,01,B02
200500085694,0,07,000,00,2,1,01,B02
200500085694,0,07,000,02,2,1,13,A01
200500085695,0,07,000,00,2,3,21,A01
200500085695,0,07,000,02,2,3,01,B02
200500085696,0,07,000,03,0,3,13,A01
200500085697,0,04,000,00,2,5,01,A01
200500085698,0,07,000,00,2,3,01,B02
200500085698,0,02,000,00,2,7,01,A01
200500085699,0,07,000,00,2,1,01,A01
200500085699,0,07,000,00,2,8,19,B02
200500085700,0,02,000,00,2,1,00,B02
200500085700,0,05,000,00,2,1,00,A01
200500085701,0,02,000,00,2,1,01,A01
200500085701,0,02,000,00,2,4,01,B02
200500085702,0,02,000,00,1,1,00,A01
200500085703,0,02,000,02,0,8,00,B02
200500085703,0,07,000,00,2,8,01,A01
200500085704,0,02,000,00,2,1,01,B02
200500085704,0,07,000,00,1,3,13,A01
200500085705,0,02,000,00,2,0,01,B02
200500085705,0,07,000,00,2,0,19,A01
200500085706,0,07,000,00,1,6,01,A01
200500085707,0,05,000,00,2,1,02,A01
200500085707,0,14,000,00,0,4,02,B02
200500085708,0,07,000,00,1,1,01,A01
200500085709,0,07,000,00,2,1,21,B02
200500085709,0,07,000,00,2,1,17,A01
200500085710,0,02,000,00,2,1,13,A01
200500085710,0,07,000,00,2,2,01,B02
200500085711,0,07,000,00,2,1,01,B02
200500085711,0,07,000,00,2,4,01,A01
200500085711,0,07,000,00,2,1,01,C03
200500085712,0,02,000,00,1,1,02,A01
200500085713,0,07,000,00,2,2,02,A01
200500085713,0,02,000,00,0,8,02,B02
200500085714,0,07,000,00,2,3,01,B02
200500085714,0,07,000,00,2,3,17,A01
200500085715,0,07,000,10,0,1,13,A01
200500085716,0,07,000,04,0,1,00,A01
200500085717,0,07,000,00,2,8,01,C03
200500085717,0,05,000,00,2,8,01,B02
200500085717,0,07,000,00,2,3,13,A01
200500085718,0,07,000,00,2,1,13,B02
200500085718,0,07,000,00,2,1,01,A01
200500085719,0,07,000,06,0,3,13,A01
200500085720,0,07,000,00,1,3,01,A01
200500085751,0,05,000,11,0,1,17,A01
200500085761,0,07,000,00,2,3,01,C03
200500085761,0,07,000,00,0,3,13,B02
200500085761,0,07,000,00,0,6,01,A01
200500085762,0,02,000,00,2,1,13,B02
200500085762,0,07,000,00,2,1,01,A01
200500085763,0,07,000,00,9,3,01,A01
200500085763,0,02,000,00,2,2,15,B02
200500085764,0,07,000,00,2,1,05,B02
200500085764,0,07,000,00,2,1,01,A01
200500085768,0,05,000,00,1,0,01,A01
200500085769,0,05,000,00,2,1,00,A01
200500085770,0,07,000,13,0,1,01,A01
200500085771,0,07,000,00,0,3,15,A01
200500085771,0,07,000,00,0,2,01,B02
200500085772,0,05,000,00,1,3,01,A01
200500085773,0,01,000,00,2,7,15,B02
200500085773,0,05,000,00,9,1,01,A01
200500085775,0,02,000,00,2,0,00,C03
200500085775,0,07,000,00,2,3,00,A01
200500085775,0,02,000,00,2,3,13,B02
200500085776,0,01,000,00,2,8,02,B02
200500085776,0,14,000,00,2,7,17,A01
200500085777,0,10,000,06,0,5,24,B02
200500085777,0,10,000,01,0,3,01,A01
200500085778,0,07,000,00,0,1,00,B02
200500085778,0,02,000,00,2,1,13,A01
200500085783,0,07,000,00,2,1,01,B01
200500085783,0,07,000,00,2,2,19,A01
200500085784,0,01,000,00,2,8,19,B01
200500085784,0,07,000,00,2,1,01,A01
200500085785,0,02,000,00,2,3,14,A01
200500085785,0,07,000,00,2,2,09,B01
200500085786,0,07,000,00,0,4,01,C01
200500085786,0,13,000,00,2,2,01,A01
200500085786,0,13,000,00,2,1,01,B01
200500085787,0,05,000,00,2,1,17,A01
200500085787,0,07,000,00,2,6,15,B01
200500085788,0,07,000,00,2,1,01,A01
200500085788,0,07,000,00,2,1,01,B01
200500085789,0,07,000,00,1,1,01,A01
200500085790,0,07,000,00,2,1,01,B01
200500085790,0,07,000,00,2,6,01,C01
200500085790,0,07,000,00,2,1,17,A01
200500085791,0,07,000,00,2,3,02,B01
200500085791,0,02,000,00,2,2,12,A01
200500085792,0,02,000,01,0,1,01,A01
200500085793,0,07,000,00,2,4,02,B01
200500085793,0,07,000,00,2,1,02,A01
200500085794,0,07,000,00,2,1,01,A01
200500085794,0,04,000,00,2,1,01,B01