Num_Acc,senc,catv,occutc,obs,obsm,choc,manv,num_veh
200500085795,0,07,000,00,0,0,01,B01
200500085795,0,05,000,00,0,0,01,A01
200500085796,0,07,000,00,1,7,15,A01
200500085797,0,02,000,00,2,1,01,B01
200500085797,0,07,000,00,2,1,09,A01
200500085798,0,07,000,00,0,9,01,A01
200500085799,0,07,000,00,1,1,11,A01
200500085800,0,07,000,06,0,1,01,A01
200500085801,0,07,000,00,2,4,02,B01
200500085801,0,07,000,00,2,1,02,A01
200500085802,0,07,000,00,2,1,15,A01
200500085802,0,04,000,00,2,1,16,B01
200500085803,0,07,000,00,1,2,01,A01
200500085804,1,02,000,00,1,1,01,A01
200500085805,0,01,000,00,2,1,02,A01
200500085805,0,07,000,00,2,5,02,B01
200500085806,0,07,000,00,2,1,02,B01
200500085806,0,07,000,00,2,3,16,A01
200500085807,0,02,000,00,2,1,02,A01
200500085807,0,07,000,00,2,4,20,B01
200500085808,0,07,000,00,2,2,02,A01
200500085808,0,01,000,00,2,8,16,B01
200500085809,0,07,000,00,1,1,02,A01
200500085810,0,07,000,00,1,1,02,A01
200500085811,0,02,000,00,2,1,17,A01
200500085811,0,10,000,00,2,8,15,B01
200500085812,0,05,000,16,0,1,13,A01
200500085813,0,07,000,02,0,1,01,A01
200500085814,0,07,000,00,1,2,01,A01
200500085815,0,02,000,00,2,1,01,A01
200500085815,0,07,000,00,9,4,01,B01
200500085816,0,05,000,00,2,1,11,A01
200500085816,0,07,000,00,9,1,01,B01
200500085817,0,07,000,00,1,1,01,A01
200500085818,0,02,000,00,2,1,01,B01
200500085818,0,07,000,00,9,4,01,A01
200500085819,0,07,000,00,2,1,01,B01
200500085819,0,07,000,00,2,4,01,A01
200500085820,0,07,000,04,0,2,12,A01
200500085821,0,05,000,00,1,1,01,A01
200500085822,0,07,000,15,0,6,00,A01
200500085823,0,07,000,00,6,5,11,A01
200500085823,0,05,000,00,2,1,01,B01
200500085824,0,07,000,13,0,9,01,A01
200500085825,0,18,030,00,1,1,01,A01
200500085826,0,01,000,00,2,1,19,A01
200500085826,0,07,000,00,9,3,01,B01
200500085827,0,07,000,00,1,3,01,A01
200500085828,0,05,000,01,0,1,01,A01
200500085829,0,07,000,00,2,3,01,B01
200500085829,0,07,000,00,2,1,01,A01
200500085830,0,07,000,00,1,1,16,A01
200500085831,0,07,000,00,1,2,01,A01
200500085832,0,07,000,06,0,5,14,A01
200500085833,0,07,000,00,1,8,01,A01
200500085834,0,07,000,00,1,1,11,A01
200500085835,0,07,000,00,2,3,01,B01
200500085835,0,07,000,00,2,1,13,A01
200500085836,0,02,000,00,2,1,17,B01
200500085836,0,07,000,00,0,5,09,A01
200500085837,0,02,000,00,2,1,01,A01
200500085837,0,07,000,00,2,3,01,B01
200500085838,0,07,000,00,1,1,01,A01
200500085839,0,07,000,00,1,1,01,A01
200500085840,0,01,000,00,2,1,01,B01
200500085840,0,07,000,00,2,2,15,A01
200500085841,0,02,000,00,0,0,01,A01
200500085842,0,07,000,01,1,1,01,A01
200500085843,0,07,000,00,1,0,01,A01
200500085844,0,07,000,08,0,1,00,A01
200500085845,0,05,000,00,0,8,15,A01
200500085845,0,18,000,00,2,1,01,B01
200500085846,0,07,000,00,2,1,01,A01
200500085846,0,02,000,00,2,1,01,B01
200500085946,0,07,000,00,2,1,13,A01
200500085946,0,18,003,00,2,3,01,B02
200500085947,0,07,000,00,2,1,05,A01
200500085947,0,07,000,00,2,1,13,B02
200500085948,0,07,000,00,2,3,19,A01
200500085948,0,07,000,00,2,1,01,B02
200500085949,0,07,000,00,1,7,01,A01
200500085950,0,07,000,08,0,1,14,A01
200500085951,0,07,000,16,0,8,01,A01
200500085952,0,07,000,00,0,4,01,A01
200500085952,0,05,000,00,2,1,02,B02
200500085953,0,02,000,12,0,1,01,A01
200500085954,0,07,000,00,0,8,02,B02
200500085954,0,05,000,00,2,1,17,A01
200500085955,0,07,000,13,0,1,13,A01
200500085956,0,99,000,00,0,0,00,B02
200500085956,0,07,000,00,9,2,01,A01
200500085957,0,07,000,00,1,1,01,B02
200500085958,0,05,000,00,5,1,19,A01
200500085959,0,07,000,13,0,1,01,A01
200500085960,0,14,000,00,2,1,01,A01
200500085960,0,01,000,00,2,1,13,B02
200500085961,0,02,000,01,0,0,00,A01
200500085962,0,07,000,00,1,2,01,A01
200500085963,0,07,000,00,2,6,13,A01
200500085963,0,07,000,00,2,1,01,B02
200500085964,0,05,000,00,2,1,01,A01
200500085964,0,07,000,00,2,1,01,B02
200500085965,0,05,000,00,0,3,01,A01
200500085966,0,07,000,00,0,1,01,B02
200500085966,0,07,000,00,0,1,13,A01
200500085967,0,99,000,00,2,3,01,A01
200500085967,0,07,000,00,9,3,01,B02
200500085968,0,01,000,00,2,3,19,A01
200500085968,0,07,000,00,2,2,01,B02
200500085969,0,02,000,00,1,1,21,A01
200500085970,0,01,000,00,0,0,00,B02
200500085970,0,07,000,00,2,2,02,A01
200500085971,0,02,000,00,0,1,01,A01
200500085972,0,07,000,00,0,0,13,A01
200500085972,0,02,000,00,9,0,21,B02
200500085973,0,07,000,08,0,7,13,A01
200500085974,0,07,000,08,0,1,13,A01
200500085975,0,02,000,02,0,1,02,A01
200500085976,0,07,000,00,1,2,14,A01
200500085977,0,07,000,06,0,1,14,A01
200500085978,0,07,000,00,2,8,15,B02
200500085978,0,07,000,00,2,2,01,A01
200500085979,0,07,000,00,2,3,01,A01
200500085979,0,07,000,00,2,3,01,B02
200500085980,0,05,000,00,2,1,13,A01
200500085980,0,07,000,00,2,3,00,B02
200500085981,0,07,000,13,0,3,13,A01
200500085982,0,07,000,00,1,8,01,C03
200500085982,0,07,000,00,2,8,21,A01
200500085982,0,07,000,00,0,8,15,B02
200500085983,0,10,000,00,0,7,15,A01
200500085983,0,05,000,00,0,1,01,B02
200500085984,0,02,000,00,2,1,01,A01
200500085984,0,02,000,00,2,1,05,B02
200500085985,0,02,000,00,2,5,09,A01
200500085985,0,07,000,00,9,2,01,B02
200500085986,0,07,000,00,2,3,01,B02
200500085986,0,07,000,00,2,3,13,A01
200500085987,0,07,000,00,0,7,01,A01
200500085988,0,14,000,00,2,1,13,A01
200500085988,0,07,000,00,2,1,01,B02
200500085989,0,07,000,00,1,0,04,A01
200500085990,0,01,000,00,0,4,02,B02
200500085990,0,07,000,00,9,2,02,A01
200500085991,0,02,000,00,2,7,01,B02
200500085991,0,07,000,00,2,1,19,A01
200500085992,0,02,000,00,2,1,05,B02
200500085992,0,02,000,00,2,1,01,A01
200500085993,0,02,000,00,2,1,19,B02
200500085993,0,07,000,00,2,6,01,A01
200500085994,0,07,000,00,2,8,01,B02
200500085994,0,05,000,00,2,7,01,A01
200500085995,0,01,000,00,0,1,00,B02
200500085995,0,07,000,00,2,3,15,A01
200500085996,0,05,000,00,2,7,05,A01
200500085996,0,07,000,00,2,2,01,B02
200500085997,0,07,000,00,1,1,01,A01
200500085998,0,07,000,13,0,9,01,A01
200500085999,0,07,000,00,1,1,01,A01
200500086000,0,07,000,00,1,2,01,A01
200500086001,0,07,000,08,0,7,01,A01
200500086002,0,01,000,00,2,1,16,B02
200500086002,0,18,001,00,2,3,01,A01
200500086003,0,07,000,00,2,1,13,A01
200500086003,0,14,000,00,2,7,01,C03
200500086003,0,18,004,00,2,3,01,B02
200500086004,0,02,000,00,2,1,13,A01
200500086004,0,07,000,00,2,1,01,B02
200500086005,0,07,000,00,1,2,01,A01
200500086006,0,02,000,00,0,1,01,A01
200500086007,0,07,000,00,1,7,01,A01
200500086042,0,02,000,08,0,1,06,A01
200500086052,0,02,000,00,1,2,02,A01
200500086053,0,02,000,13,0,3,01,A01
200500086056,0,07,000,00,2,3,01,B02
200500086056,0,07,000,00,2,3,01,A01
200500086057,0,07,000,02,0,0,01,A01
200500086058,0,07,000,00,0,5,15,A01
200500086058,0,02,000,00,2,1,01,B02
200500086059,0,05,000,00,0,2,01,A01
200500086060,0,05,000,00,5,1,01,A01
200500086061,0,02,000,00,2,1,01,B02
200500086061,0,07,000,00,2,2,19,A01
200500086065,0,07,000,00,1,0,01,A01
200500086066,0,02,000,00,1,1,01,A01
200500086067,0,07,000,00,2,1,15,A01
200500086067,0,05,000,00,2,1,01,B02
200500086068,0,07,000,13,0,3,17,A01
200500086069,0,01,000,00,2,4,01,A01
200500086069,0,07,000,00,0,5,01,B02
200500086070,0,02,000,00,0,0,01,A01
200500086076,0,07,000,00,2,4,02,B01
200500086076,0,07,000,00,0,4,02,C01
200500086076,0,18,028,00,2,3,02,A01
200500086077,0,01,000,00,1,1,02,A01
200500086078,0,07,000,01,0,3,13,A01
200500086079,0,07,000,00,2,2,14,B01
200500086079,0,99,000,00,2,1,15,A01
200500086080,0,18,040,00,1,2,01,A01
200500086081,0,07,000,00,2,1,01,A01
200500086081,0,07,000,00,2,4,01,B01
200500086082,0,02,000,00,2,4,02,A01
200500086082,0,07,000,00,2,4,01,B01
200500086083,0,07,000,00,2,3,01,C01
200500086083,0,07,000,00,2,2,00,A01
200500086083,0,07,000,00,2,1,00,B01
200500086084,0,02,000,00,1,1,01,A01
200500086085,0,17,000,00,1,2,01,A01
200500086086,0,05,000,00,1,1,17,A01
200500086087,0,07,000,00,2,3,13,A01
200500086087,0,07,000,00,2,8,01,B01
200500086088,0,07,000,00,2,3,01,B01
200500086088,0,07,000,00,2,3,13,A01
200500086089,0,05,000,00,2,3,17,A01
200500086089,0,07,000,00,2,8,01,B01
200500086090,0,14,000,00,2,8,02,A01
200500086090,0,14,000,00,2,3,05,B01
200500086091,0,07,000,00,2,8,02,A01
200500086091,0,05,000,00,2,1,02,B01
200500086091,0,10,000,00,2,7,17,C01
200500086092,0,05,000,00,2,7,02,B01
200500086092,0,07,000,00,2,1,15,A01
200500086093,0,05,000,00,0,7,02,A01
200500086094,0,07,000,00,1,1,16,A01
200500086095,0,02,000,00,2,1,13,A01
200500086095,0,07,000,00,2,1,02,B01
200500086096,0,02,000,00,1,1,02,A01
200500086097,0,07,000,00,2,3,15,B01
200500086097,0,05,000,00,2,1,17,A01
200500086098,0,13,000,14,0,2,02,A01
200500086099,0,07,000,00,2,2,15,A01
200500086099,0,10,000,00,2,3,01,B01
200500086100,0,05,000,00,1,1,01,A01
200500086101,0,07,000,00,2,3,15,A01
200500086101,0,10,000,00,2,1,13,B01
200500086102,0,07,000,00,2,3,21,A01
200500086102,0,02,000,00,2,3,01,B01
200500086103,0,07,000,00,2,1,02,B01
200500086103,0,07,000,00,0,4,23,A01
200500086104,0,02,000,00,2,1,17,B01
200500086104,0,07,000,00,2,3,15,A01
200500086105,0,05,000,11,0,1,01,A01
200500086106,0,07,000,00,1,2,01,A01
200500086107,0,07,000,00,2,3,15,A01
200500086107,0,04,000,00,2,1,01,B01
200500086108,0,01,000,00,2,1,17,B01
200500086108,0,07,000,00,9,1,01,A01
200500086109,0,02,000,00,2,1,01,B01
200500086109,0,07,000,00,2,8,15,A01
200500086110,0,02,000,00,2,2,15,A01
200500086110,0,07,000,00,2,1,01,B01
200500086111,0,07,000,00,2,3,01,B01
200500086111,0,07,000,00,2,3,13,A01
200500086112,0,02,000,00,2,1,07,A01
200500086112,0,07,000,00,2,3,15,B01
200500086113,0,02,000,12,0,0,18,A01
200500086114,0,05,000,00,0,1,01,A01
200500086115,0,01,000,01,0,1,01,A01
200500086116,0,07,000,00,2,1,15,B01
200500086116,0,05,000,00,2,1,01,A01
200500086117,0,18,001,00,2,8,15,A01
200500086117,0,07,000,00,2,6,01,B01
200500086118,0,02,000,00,2,1,01,B01
200500086118,0,07,000,00,2,3,10,A01
200500086119,0,05,000,00,2,1,01,A01
200500086119,0,07,000,00,0,4,01,B01
200500086120,0,02,000,00,2,1,01,A01
200500086120,0,07,000,00,2,3,20,B01
200500086121,0,10,000,00,0,5,01,A01
200500086122,0,05,000,00,0,7,01,A01
200500086123,0,07,000,00,2,3,01,B01
200500086123,0,07,000,00,2,2,01,A01
200500086124,0,07,000,00,2,1,01,A01
200500086124,0,07,000,00,2,2,01,B01
200500086125,0,02,000,00,2,1,17,B01
200500086125,0,07,000,00,2,8,11,A01
200500086126,0,05,000,00,2,1,02,A01
200500086126,0,07,000,00,2,4,02,C01
200500086126,0,07,000,00,2,4,02,B01
200500086127,0,04,000,16,0,1,00,A01
200500086128,0,07,000,00,2,2,01,A01
200500086128,0,07,000,00,2,7,15,B01
200500086129,0,07,000,00,2,4,02,B01
200500086129,0,07,000,00,2,1,02,A01
200500086130,0,07,000,01,0,1,17,A01
200500086130,0,07,000,00,2,6,24,B01
200500086131,0,07,000,10,0,3,13,A01
200500086132,0,07,000,00,2,3,01,B01
200500086132,0,07,000,00,2,3,13,A01
200500086133,0,04,000,16,0,1,15,A01
200500086134,0,04,000,16,0,0,10,A01
200500086135,0,07,000,14,2,1,01,A01
200500086135,0,07,000,00,2,8,01,B01
200500086136,0,07,000,00,1,1,01,A01
200500086137,0,07,000,00,2,1,02,A01
200500086137,0,07,000,00,2,4,02,B01
200500086138,0,05,000,16,0,1,14,A01
200500086139,0,07,000,00,2,4,02,B01
200500086139,0,04,000,00,2,1,02,A01
200500086140,0,07,000,00,1,1,01,A01
200500086141,0,07,000,00,2,1,01,A01
200500086141,0,04,000,00,2,1,01,B01
200500086142,0,07,000,00,2,2,01,B01
200500086142,0,04,000,00,2,3,16,A01
200500086143,0,07,000,16,0,1,14,A01
200500086144,0,05,000,16,0,0,13,A01
200500086145,0,04,000,00,2,1,01,B01
200500086145,1,99,000,00,0,0,00,A01
200500086146,0,07,000,00,2,7,15,A01
200500086146,0,05,000,00,2,1,01,B01
200500086147,0,05,000,00,2,7,01,B01
200500086147,0,07,000,00,2,1,15,A01
200500086148,0,07,000,04,0,9,14,A01
200500086149,0,04,000,04,0,2,14,A01
200500086150,0,07,000,01,0,1,14,A01
200500086151,0,05,000,00,2,1,01,B01
200500086151,0,07,000,01,0,7,22,A01
200500086152,0,07,000,00,2,3,01,A01
200500086152,0,07,000,00,2,2,01,B01
200500086153,0,07,000,00,2,1,15,A01
200500086153,0,05,000,00,2,1,01,B01
200500086154,0,20,000,00,1,2,01,A01
200500086155,0,01,000,00,0,1,14,A01
200500086156,0,07,000,04,0,3,15,A01
200500086157,0,07,000,04,0,3,13,A01
200500086158,0,07,000,00,2,3,01,A01
200500086158,0,07,000,00,2,3,01,B02
200500086159,0,07,000,00,2,1,00,B02
200500086159,0,07,000,00,2,1,00,A01
200500086160,0,07,000,00,0,0,01,A01
200500086161,0,07,000,00,0,3,00,A01
200500086161,0,07,000,00,0,1,13,B02
200500086162,0,07,000,00,2,3,01,C03
200500086162,0,07,000,00,2,5,15,B02
200500086162,0,05,000,00,2,1,17,A01
200500086163,0,07,000,00,2,3,13,A01
200500086163,0,07,000,00,2,3,01,B02
200500086164,0,07,000,00,2,3,13,A01
200500086164,0,07,000,00,2,8,01,B02
200500086165,0,07,000,00,0,0,00,A01
200500086165,0,05,000,00,2,1,02,B02
200500086166,0,05,000,00,2,1,05,A01
200500086166,0,01,000,00,0,8,01,B02
200500086167,0,07,000,00,2,3,13,A01
200500086167,0,07,000,00,2,7,01,B02
200500086168,0,07,000,00,2,2,24,B02
200500086168,0,07,000,01,0,2,14,A01
200500086169,0,07,000,08,0,1,01,A01
200500086170,0,07,000,00,2,1,05,A01
200500086170,0,07,000,00,2,1,01,B02
200500086171,0,07,000,00,2,3,01,B02
200500086171,0,07,000,00,2,3,13,A01
200500086172,0,01,000,00,2,8,11,B02
200500086172,0,07,000,00,2,7,11,A01
200500086173,0,07,000,00,2,1,13,B02
200500086173,0,07,000,00,2,1,01,A01
200500086174,0,07,000,00,0,6,15,A01
200500086174,0,05,000,00,2,1,01,B02
200500086175,1,07,000,00,1,1,01,A01
200500086176,0,07,000,00,2,7,15,A01
200500086176,0,07,000,00,2,1,01,B02
200500086177,0,02,000,00,0,0,15,A01
200500086178,0,02,000,00,0,1,01,A01
200500086179,0,07,000,00,2,3,17,B02
200500086179,0,05,000,00,2,1,01,A01
200500086180,0,07,000,00,1,1,01,A01
200500086181,0,07,000,00,2,2,14,A01
200500086181,0,07,000,00,2,3,01,B02
200500086182,0,02,000,00,2,1,01,B02
200500086182,0,07,000,00,9,3,20,A01
200500086183,0,07,000,00,2,1,02,A01
200500086183,0,02,000,00,2,1,13,B02
200500086184,0,07,000,00,2,3,02,C03
200500086184,0,07,000,00,2,1,17,A01
200500086184,0,14,000,00,2,1,01,B02
200500086185,0,02,000,00,2,1,13,B02
200500086185,0,07,000,00,2,3,13,A01
200500086186,0,07,000,13,0,3,01,A01
200500086187,0,07,000,00,2,3,01,B02
200500086187,0,07,000,00,2,3,01,A01
200500086188,0,07,000,00,2,2,01,B02
200500086188,0,05,000,00,2,7,15,A01
200500086189,0,07,000,02,0,7,01,A01
200500086190,0,07,000,00,2,3,15,A01
200500086190,0,05,000,00,2,3,01,B02
200500086191,0,07,000,00,2,1,00,B02
200500086191,0,07,000,00,2,2,00,A01
200500086192,0,07,000,00,0,1,01,B02
200500086192,0,07,000,00,0,1,01,A01
200500086193,0,07,000,00,2,3,13,A01
200500086193,0,10,000,00,2,1,01,B02
200500086194,0,18,012,13,0,1,13,A01
200500086195,0,01,000,00,0,0,00,B02
200500086195,0,07,000,00,9,1,09,A01
200500086196,0,07,000,00,2,1,01,B02
200500086196,0,07,000,00,2,7,01,A01
200500086197,0,07,000,00,2,8,17,A01
200500086197,0,07,000,00,2,8,01,B02
200500086198,0,07,000,08,1,1,01,A01
200500086199,0,07,000,00,2,3,01,A01
200500086199,0,07,000,00,2,0,01,B02
200500086200,0,07,000,00,2,1,15,A01
200500086200,0,07,000,00,2,3,01,B02
200500086201,0,07,000,00,2,2,15,A01
200500086201,0,02,000,00,2,1,01,B02
200500086202,0,07,000,00,2,3,13,A01
200500086202,0,02,000,00,2,1,15,B02
200500086203,0,02,000,00,1,1,01,A01
200500086204,0,07,000,13,0,8,04,A01
200500086205,0,10,000,00,1,2,01,A01
200500086206,0,07,000,13,0,9,01,A01
200500086207,0,07,000,00,2,8,10,A01
200500086207,0,07,000,00,2,1,01,B02
200500086208,0,07,000,00,2,2,05,A01
200500086208,0,07,000,00,2,2,13,B02
200500086209,0,05,000,00,0,7,01,A01
200500086209,0,05,000,00,0,7,21,B02
200500086210,2,07,000,00,2,1,01,A01
200500086210,0,07,000,00,2,1,01,B02
200500086211,0,02,000,00,2,8,01,B02
200500086211,0,07,000,00,0,7,02,A01
200500086212,0,07,000,00,2,2,17,A01
200500086212,0,07,000,00,0,8,15,B02
200500086213,0,02,000,00,1,1,01,A01
200500086214,0,07,000,00,2,3,01,B02
200500086214,0,20,000,00,2,4,01,A01
200500086215,0,07,000,00,0,4,15,A01
200500086215,0,02,000,00,2,1,21,C03
200500086215,0,07,000,00,2,1,21,B02
200500086216,1,07,000,00,1,3,00,A01
200500086217,0,07,000,06,0,7,17,A01
200500086218,0,07,000,00,1,1,01,A01
200500086219,0,17,000,00,2,3,01,B02
200500086219,0,10,000,00,2,5,13,A01
200500086220,0,07,000,00,1,2,01,A01
200500086221,0,07,000,00,2,0,23,B02
200500086221,0,07,000,00,2,1,01,A01
200500086222,0,05,000,00,2,1,13,A01
200500086222,0,07,000,00,2,1,09,B02
200500086223,0,07,000,00,1,7,01,A01
200500086224,0,07,000,01,1,1,02,A01
200500086224,0,07,000,00,0,4,24,B02
200500086225,0,05,000,00,1,1,01,A01
200500086226,0,07,000,00,0,0,01,A01
200500086227,0,15,000,00,2,1,23,C03
200500086227,0,07,000,00,2,2,01,B02
200500086227,0,07,000,00,2,2,15,A01
200500086228,0,21,000,00,1,5,01,A01
200500086229,0,07,000,00,2,3,01,A01
200500086229,0,07,000,00,2,3,01,B02
200500086230,0,07,000,00,2,1,01,A01
200500086230,0,07,000,00,2,1,01,B02
200500086230,0,07,000,00,2,8,01,C03
200500086252,0,07,000,00,0,7,15,B02
200500086252,0,17,000,00,0,2,01,A01
200500086253,0,07,000,00,2,2,01,B02
200500086253,0,05,000,00,2,8,13,A01
200500086260,0,02,000,00,2,3,00,B02
200500086260,0,07,000,00,2,3,01,A01
200500086263,0,07,000,01,0,2,02,A01
200500086263,0,14,000,00,0,6,23,B02
200500086264,0,07,000,16,0,9,17,A01
200500086265,0,07,000,13,0,1,01,A01
200500086266,0,01,000,00,2,8,19,B02
200500086266,0,07,000,00,2,4,04,A01
200500086271,0,07,000,00,1,1,01,A01
200500086272,0,07,000,00,2,5,15,A01
200500086272,0,05,000,00,2,1,01,B01
200500086273,0,05,000,00,2,1,01,B01
200500086273,0,07,000,00,2,2,15,A01
200500086274,0,15,000,00,9,7,15,A01
200500086275,0,04,000,00,2,7,01,B01
200500086275,0,07,000,00,2,1,09,A01
200500086276,0,07,000,06,0,1,14,A01
200500086277,0,07,000,00,1,1,01,A01
200500086278,0,07,000,00,1,1,14,A01
200500086279,0,07,000,04,0,1,13,A01
200500086280,0,07,000,04,0,1,13,A01
200500086281,0,07,000,04,0,1,14,A01
200500086282,0,07,000,00,2,3,15,A01
200500086282,0,04,000,00,2,1,01,B01
200500086283,0,07,000,00,2,1,02,A01
200500086283,0,07,000,00,2,4,16,B01
200500086284,0,07,000,00,0,0,15,A01
200500086284,0,05,000,00,0,1,00,B01
200500086285,0,07,000,00,0,1,00,A01
200500086286,0,01,000,00,0,1,00,A01
200500086286,0,07,000,00,0,0,00,B01
200500086287,0,02,000,00,0,0,00,B01
200500086287,1,07,000,00,0,0,00,A01
200500086288,0,07,000,00,0,8,00,A01
200500086288,0,07,000,00,0,6,00,B01
200500086289,0,02,000,00,0,3,17,A01
200500086289,0,07,000,00,0,3,15,B01
200500086290,0,07,000,09,0,1,00,B01
200500086290,0,07,000,00,0,3,13,A01
200500086291,1,02,000,00,0,1,15,A01
200500086291,0,07,000,00,0,1,01,B01
200500086292,0,07,000,00,0,1,15,B01
200500086292,0,07,000,00,0,1,00,A01
200500086293,0,07,000,00,0,1,00,A01
200500086293,0,07,000,00,0,1,00,B01
200500086294,0,01,000,00,0,5,05,A01
200500086294,0,07,000,00,0,7,00,B01
200500086295,0,10,000,00,1,1,02,A01
200500086296,0,02,000,00,2,1,02,A01
200500086296,0,07,000,00,2,4,15,B01
200500086297,1,02,000,00,1,1,02,A01
200500086298,0,07,000,03,0,1,02,A01
200500086299,0,07,000,06,0,1,02,A01
200500086300,0,01,000,00,2,1,19,A01
200500086300,0,07,000,00,9,7,02,B01
200500086301,0,02,000,00,2,1,02,B01
200500086301,0,07,000,00,2,8,15,A01
200500086302,0,07,000,00,2,4,02,B01
200500086302,0,13,000,00,2,1,02,A01
200500086303,0,02,000,00,0,0,02,A01
200500086304,0,02,000,08,0,1,01,A01
200500086305,0,07,000,00,1,1,01,A01
200500086306,0,01,000,14,0,1,02,B01
200500086306,0,07,000,00,9,7,02,A01
200500086307,0,07,000,00,9,8,15,B01
200500086307,0,05,000,00,2,1,01,A01
200500086308,0,05,000,00,2,1,01,B01
200500086308,0,07,000,00,9,3,15,A01
200500086309,0,07,000,00,1,2,01,A01
200500086310,0,02,000,00,2,1,01,B01
200500086310,0,07,000,00,9,2,17,A01
200500086311,0,05,000,00,2,1,01,B01
200500086311,0,07,000,00,9,3,15,A01
200500086312,0,07,000,00,2,6,01,B01
200500086312,0,02,000,00,2,6,13,A01
200500086313,0,07,000,14,2,1,01,B01
200500086313,0,07,000,00,2,4,01,A01
200500086313,0,07,000,00,1,4,01,D01
200500086313,0,10,000,14,2,0,01,E01
200500086313,0,10,000,00,2,2,01,C01
200500086314,0,07,000,00,0,9,01,A01
200500086315,0,05,000,00,2,1,01,B01
200500086315,0,07,000,00,0,6,11,A01
200500086316,0,07,000,00,2,7,15,B01
200500086316,0,07,000,00,2,1,12,A01
200500086317,0,07,000,00,1,2,01,A01
200500086318,0,07,000,00,2,3,13,A01
200500086318,0,10,000,00,2,2,01,B01
200500086319,0,01,000,00,2,1,13,A01
200500086319,0,07,000,00,2,1,01,B01
200500086320,0,07,000,00,0,4,01,A01
200500086320,0,01,000,00,2,1,02,B01
200500086321,0,07,000,00,2,2,01,A01
200500086321,0,07,000,00,2,3,01,B01
200500086322,0,02,000,00,1,1,01,A01
200500086323,0,10,000,14,0,1,01,A01
200500086324,0,07,000,00,9,3,19,A01
200500086324,0,05,000,00,2,1,01,B01
200500086325,0,02,000,00,0,7,01,B01
200500086325,0,07,000,00,2,1,01,A01
200500086326,0,02,000,00,0,2,01,A01
200500086327,0,07,000,00,2,3,01,B01
200500086327,0,07,000,00,2,1,01,A01
200500086328,0,05,000,00,2,2,17,A01
200500086328,0,07,000,00,2,3,15,B01
200500086329,0,07,000,00,1,1,01,A01
200500086330,0,07,000,01,0,0,01,A01
200500086331,0,07,000,00,2,3,15,A01
200500086331,0,01,000,00,2,2,01,B01
200500086332,0,05,000,00,2,1,01,B01
200500086332,0,07,000,00,2,4,20,A01
200500086333,0,07,000,00,2,1,01,A01
200500086333,0,07,000,00,2,7,01,B01
200500086334,0,07,000,00,0,4,01,B01
200500086334,0,07,000,00,2,1,01,A01
200500086335,0,02,000,00,2,1,01,A01
200500086335,0,07,000,00,0,6,15,B01
200500086336,0,07,000,00,0,8,01,B01
200500086336,0,07,000,00,0,1,01,A01
200500086337,0,02,000,00,2,1,01,A01
200500086337,0,07,000,00,0,4,15,B01
200500086338,0,07,000,00,1,1,01,A01
200500086339,0,05,000,00,1,1,00,A01
200500086340,0,07,000,00,1,2,01,A01
200500086341,0,07,000,04,0,2,01,A01
200500086342,0,07,000,00,0,4,15,A01
200500086342,0,05,000,00,2,1,02,B02
200500086343,0,07,000,00,1,3,00,A01
200500086344,0,07,000,00,2,4,01,B02
200500086344,0,05,000,00,2,1,01,A01
200500086344,0,07,000,00,2,3,01,C03
200500086345,0,07,000,00,2,6,19,A01
200500086345,0,07,000,00,2,1,01,B02
200500086346,0,07,000,00,1,3,01,A01
200500086347,0,07,000,13,0,1,01,A01
200500086348,0,07,000,12,1,2,14,A01
200500086349,0,07,000,00,2,1,01,B02
200500086349,0,13,000,00,2,5,15,A01
200500086350,0,07,000,13,0,1,21,A01
200500086351,0,07,000,00,2,3,01,A01
200500086351,0,07,000,00,2,0,13,B02
200500086352,0,10,000,00,2,3,01,B02
200500086352,0,02,000,00,2,1,17,A01
200500086353,0,10,000,00,2,1,13,A01
200500086353,0,14,000,00,2,3,01,B02
200500086354,0,02,000,00,0,2,00,A01
200500086355,0,07,000,00,1,3,01,A03
200500086356,0,07,000,00,1,3,15,A01
200500086357,0,07,000,00,2,3,01,A01
200500086357,0,05,000,00,2,8,01,B02
200500086358,0,01,000,00,0,4,00,B02
200500086358,0,07,000,00,2,1,00,A01
200500086359,0,07,000,00,2,3,00,B02
200500086359,0,07,000,00,2,3,01,A01
200500086360,0,07,000,10,0,3,00,A01
200500086361,0,07,000,00,1,2,01,A01
200500086362,0,07,000,01,0,1,02,B02
200500086362,0,14,000,00,0,6,01,A01
200500086363,0,99,000,02,2,2,01,A01
200500086363,0,07,000,00,0,2,15,B02
200500086364,0,07,000,00,0,0,00,A01
200500086365,0,02,000,00,2,1,02,A01
200500086365,0,07,000,00,2,6,00,B02
200500086366,0,07,000,00,2,2,01,A01
200500086366,0,01,000,00,2,4,01,C03
200500086367,0,07,000,00,2,1,01,B02
200500086367,0,07,000,00,2,2,01,A01
200500086368,0,07,000,00,1,3,01,A01
200500086369,0,07,000,00,2,3,01,A01
200500086370,0,07,000,00,1,3,01,A01
200500086371,0,07,000,00,2,2,21,B02
200500086371,0,07,000,00,2,3,13,A01
200500086372,0,07,000,00,1,1,00,A01
200500086373,0,07,000,00,2,3,01,A01
200500086373,0,07,000,00,2,3,01,B02
200500086374,0,02,000,00,2,7,01,B02
200500086375,0,07,000,00,2,3,02,A01