Num_Acc,senc,catv,occutc,obs,obsm,choc,manv,num_veh
200500086375,0,13,000,00,2,5,15,B02
200500086376,0,07,000,00,2,3,01,B02
200500086376,0,07,000,00,2,3,13,A01
200500086377,0,07,000,02,0,0,13,A01
200500086378,0,07,000,00,2,3,13,A01
200500086379,0,07,000,00,2,2,19,A01
200500086379,0,02,000,00,2,1,01,B02
200500086380,1,02,000,00,1,1,01,A01
200500086381,0,07,000,00,1,2,01,A01
200500086382,0,07,000,00,1,3,01,A01
200500086383,0,07,000,13,0,9,01,A01
200500086384,0,05,000,00,2,4,17,A01
200500086384,1,07,000,00,0,3,02,B02
200500086385,0,05,000,00,2,1,01,A01
200500086385,0,07,000,00,2,3,19,B02
200500086386,0,02,000,00,0,4,01,A01
200500086386,0,07,000,00,2,3,01,B02
200500086387,0,05,000,00,2,3,13,A01
200500086387,0,15,000,00,2,8,01,B02
200500086388,1,07,000,00,0,0,00,D04
200500086388,0,07,000,04,2,9,01,A01
200500086388,0,07,000,04,2,9,01,C03
200500086388,0,07,000,04,2,9,01,B02
200500086389,0,07,000,00,0,3,19,B02
200500086389,0,05,000,00,2,1,01,A01
200500086390,0,07,000,00,2,3,01,A01
200500086390,0,05,000,00,2,3,17,C03
200500086390,0,05,000,00,2,3,17,B02
200500086390,0,07,000,00,2,8,01,D04
200500086390,0,10,000,00,2,8,01,E05
200500086391,0,07,000,01,1,3,14,A01
200500086391,0,07,000,00,1,2,23,B02
200500086392,0,02,000,16,0,7,01,A01
200500086393,0,07,000,00,2,6,16,A01
200500086393,0,02,000,00,2,1,01,B02
200500086394,0,02,000,00,2,1,17,A01
200500086394,0,07,000,00,2,3,01,B02
200500086395,0,07,000,00,0,3,19,B02
200500086395,0,07,000,00,2,3,01,A01
200500086396,0,02,000,00,2,2,17,A01
200500086396,0,07,000,00,2,2,15,B02
200500086397,0,07,000,00,2,3,01,B02
200500086397,0,02,000,00,2,1,15,A01
200500086428,0,07,000,00,0,2,01,A01
200500086428,0,07,000,00,0,2,01,B02
200500086429,0,07,000,00,0,1,19,A01
200500086429,0,07,000,00,0,3,01,B02
200500086432,0,05,000,04,0,2,01,A01
200500086433,0,10,000,00,1,5,00,A01
200500086435,0,02,000,00,2,1,01,A01
200500086435,0,07,000,00,2,6,15,B02
200500086436,0,01,000,00,2,8,15,A01
200500086436,0,07,000,00,2,1,17,B02
200500086439,0,07,000,00,1,3,01,A01
200500086440,0,05,000,00,2,1,01,A01
200500086440,0,07,000,00,9,3,19,B02
200500086442,0,07,000,00,2,1,15,B01
200500086442,0,07,000,00,2,2,01,A01
200500086443,0,02,000,00,2,1,01,A01
200500086443,0,07,000,00,2,1,17,B01
200500086444,0,07,000,04,2,4,02,B01
200500086444,0,07,000,00,2,1,02,A01
200500086445,1,99,000,00,0,0,00,A01
200500086446,0,07,000,00,2,3,01,B01
200500086446,0,07,000,00,2,2,15,A01
200500086447,0,07,000,00,1,1,01,A01
200500086448,1,02,000,00,1,1,01,A01
200500086449,0,02,000,00,2,3,02,A01
200500086449,0,07,000,00,2,3,02,B01
200500086450,0,07,000,00,2,1,01,A01
200500086450,0,07,000,00,2,3,01,C01
200500086450,0,07,000,00,2,4,01,B01
200500086451,0,02,000,00,2,1,15,A01
200500086451,0,07,000,00,2,1,01,B01
200500086452,0,07,000,01,0,1,06,A01
200500086453,0,07,000,00,1,7,01,A01
200500086454,0,07,000,00,2,3,13,A01
200500086454,0,07,000,00,2,3,01,B01
200500086455,0,07,000,00,2,8,01,B01
200500086455,0,02,000,00,2,1,15,A01
200500086456,2,04,000,00,2,1,13,A01
200500086456,0,07,000,00,2,3,01,B01
200500086457,0,07,000,00,2,4,01,B01
200500086457,0,10,000,00,2,1,02,A01
200500086458,0,02,000,00,2,1,01,A01
200500086458,0,07,000,00,2,3,01,C01
200500086458,0,07,000,00,2,4,01,B01
200500086459,0,07,000,00,1,1,01,A01
200500086623,0,07,000,00,1,3,01,A01
200500086624,0,07,000,00,2,3,13,B01
200500086624,0,07,000,00,2,3,01,A01
200500086625,0,01,000,00,2,1,01,B01
200500086625,0,07,000,00,2,1,13,A01
200500086626,0,07,000,08,0,8,00,A01
200500086627,0,07,000,00,0,1,24,B01
200500086628,0,07,000,00,2,7,15,A01
200500086628,0,07,000,00,2,1,01,B01
200500086629,0,05,000,00,2,1,01,A01
200500086629,0,07,000,00,2,8,15,B01
200500086630,0,07,000,00,1,8,00,A01
200500086631,0,02,000,00,2,1,15,A01
200500086631,0,07,000,00,2,1,01,B01
200500086632,0,07,000,00,2,3,15,A01
200500086632,0,05,000,00,2,2,01,B01
200500086633,0,05,000,08,0,1,01,A01
200500086634,0,07,000,08,0,1,01,A01
200500086635,0,01,000,00,2,1,00,B01
200500086635,0,07,000,00,2,0,00,A01
200500086636,0,18,039,00,1,4,01,A01
200500086637,0,07,000,00,1,1,01,A01
200500086638,0,07,000,00,1,1,01,A01
200500086639,0,07,000,03,0,9,00,A01
200500086640,0,02,000,00,0,1,00,A01
200500086641,0,05,000,00,0,0,00,A01
200500086642,0,02,000,00,0,1,00,A01
200500086642,0,07,000,00,0,1,00,B01
200500086643,0,07,000,00,0,1,00,A01
200500086644,0,07,000,00,0,1,00,A01
200500086645,1,07,000,00,0,2,22,A01
200500086645,0,02,000,00,0,1,03,B01
200500086646,0,07,000,00,2,2,12,A01
200500086646,0,99,000,00,2,3,11,B01
200500086647,0,07,000,00,0,1,00,A01
200500086647,0,07,000,00,0,1,00,B01
200500086648,0,07,000,00,0,1,20,A01
200500086648,0,07,000,00,0,1,00,B01
200500086649,0,07,000,00,0,1,00,B01
200500086649,0,07,000,00,0,1,00,A01
200500086650,0,02,000,00,0,1,00,B01
200500086650,1,99,000,00,0,0,00,A01
200500086651,0,07,000,00,0,1,00,A01
200500086652,0,07,000,00,0,1,15,A01
200500086653,0,07,000,00,0,2,01,A01
200500086653,0,07,000,00,0,1,00,B01
200500086654,0,02,000,00,0,1,02,A01
200500086654,0,07,000,00,0,5,15,B01
200500086655,0,99,000,00,0,0,00,A01
200500086655,0,07,000,00,0,0,00,B01
200500086656,0,07,000,00,0,0,00,A01
200500086657,0,07,000,01,2,1,02,A01
200500086657,0,07,000,00,0,4,23,B01
200500086658,0,02,000,00,0,1,00,A01
200500086658,0,07,000,00,0,4,00,B01
200500086659,0,07,000,00,0,1,00,A01
200500086660,0,05,000,00,0,1,00,A01
200500086661,0,07,000,00,0,1,00,A01
200500086662,0,07,000,00,0,0,01,A01
200500086662,0,07,000,00,0,2,00,B01
200500086663,0,02,000,00,0,1,00,A01
200500086664,0,05,000,00,0,1,17,A01
200500086664,0,07,000,00,0,3,15,B01
200500086665,0,07,000,00,0,0,00,A01
200500086666,0,07,000,00,1,1,02,A01
200500086667,0,05,000,00,0,0,02,A01
200500086668,0,07,000,00,2,1,02,A01
200500086668,0,07,000,00,2,7,02,B01
200500086669,0,10,000,00,1,1,02,A01
200500086670,0,05,000,00,2,1,02,A01
200500086670,0,07,000,00,2,4,02,B01
200500086671,0,02,000,00,2,1,13,A01
200500086671,0,07,000,00,2,1,02,B01
200500086672,0,01,000,00,2,7,02,B01
200500086672,0,07,000,00,9,1,02,A01
200500086673,0,04,000,15,0,1,02,A01
200500086674,0,07,000,00,2,2,17,B01
200500086674,0,13,000,00,2,3,13,A01
200500086675,0,02,000,00,2,1,02,B01
200500086675,0,07,000,00,2,7,15,A01
200500086676,0,02,000,00,0,0,02,A01
200500086677,0,10,000,00,1,1,01,A01
200500086678,0,07,000,01,0,1,00,A01
200500086679,1,02,000,00,1,1,21,A01
200500086680,0,01,000,00,2,3,19,B01
200500086680,0,07,000,00,2,2,21,A01
200500086681,0,02,000,00,2,8,17,A01
200500086681,0,07,000,00,2,3,01,B01
200500086682,0,05,000,00,2,1,01,A01
200500086682,1,07,000,00,2,0,00,B01
200500086683,0,02,000,00,1,1,01,A01
200500086684,0,02,000,00,1,1,01,A01
200500086685,0,02,000,00,1,1,08,A01
200500086686,0,07,000,00,1,2,01,A01
200500086687,0,01,000,00,2,8,01,A01
200500086687,0,10,000,00,2,2,01,B01
200500086688,0,07,000,00,2,2,01,A01
200500086688,0,02,000,00,1,1,01,B01
200500086689,0,07,000,13,0,2,01,A01
200500086690,0,05,000,00,2,1,01,A01
200500086690,0,07,000,00,2,7,01,B01
200500086691,0,01,000,00,2,1,05,A01
200500086691,0,07,000,00,9,3,01,B01
200500086692,0,01,000,00,2,1,01,B01
200500086692,0,07,000,00,2,2,11,A01
200500086693,0,05,000,00,2,0,01,B01
200500086693,0,13,000,00,2,0,15,A01
200500086694,0,02,000,00,1,1,01,A01
200500086695,0,07,000,00,2,8,11,A01
200500086695,0,07,000,00,2,2,01,B01
200500086696,0,05,000,00,2,5,01,B01
200500086696,0,07,000,00,2,2,15,A01
200500086697,0,07,000,00,1,2,01,A01
200500086698,0,07,000,00,1,2,21,A01
200500086699,0,02,000,00,0,0,01,A01
200500086700,0,07,000,00,2,7,15,A01
200500086700,0,02,000,00,2,1,01,B01
200500086701,0,02,000,00,0,7,01,A01
200500086702,1,07,000,00,1,2,01,A01
200500086703,0,02,000,00,2,2,17,A01
200500086703,0,07,000,00,2,3,01,B01
200500086703,0,07,000,00,2,3,01,C01
200500086704,0,07,000,00,0,0,01,A01
200500086705,0,07,000,00,2,2,01,B01
200500086705,0,04,000,00,2,1,01,A01
200500086706,0,02,000,00,2,1,13,A01
200500086706,0,07,000,00,2,3,01,B01
200500086749,0,07,000,13,0,2,15,A01
200500086750,0,02,000,00,2,1,01,A01
200500086750,0,07,000,00,2,4,15,B01
200500086751,0,07,000,00,2,3,00,A01
200500086751,0,07,000,00,2,3,13,B01
200500086752,0,07,000,08,0,2,13,A01
200500086753,0,10,000,00,1,1,01,A01
200500086754,0,05,000,00,2,1,02,A01
200500086754,0,07,000,00,2,4,01,B01
200500086755,0,07,000,00,2,1,01,A01
200500086755,0,07,000,00,2,4,15,B01
200500086756,0,05,000,00,2,1,01,A01
200500086756,0,07,000,00,2,3,15,B01
200500086757,0,07,000,00,9,2,01,A01
200500086758,0,07,000,00,2,1,02,A01
200500086758,0,07,000,00,2,4,23,B01
200500086759,1,05,000,00,1,1,00,A01
200500086760,0,07,000,00,2,3,16,A01
200500086760,0,02,000,00,2,1,01,B01
200500086761,0,07,000,00,2,4,01,B01
200500086761,0,07,000,00,2,1,02,A01
200500086762,0,10,000,00,2,2,01,A01
200500086762,0,10,000,09,2,1,01,B01
200500086763,0,04,000,00,2,1,01,A01
200500086763,0,07,000,00,2,1,01,B01
200500086764,1,07,000,00,1,3,01,A01
200500086765,0,07,000,00,2,8,05,C01
200500086765,0,07,000,00,2,8,05,B01
200500086765,0,07,000,00,2,1,13,A01
200500086766,0,07,000,06,0,1,01,A01
200500086767,0,01,000,00,2,1,19,A01
200500086767,0,07,000,00,0,3,01,B01
200500086768,0,02,000,00,2,7,01,B01
200500086768,0,07,000,00,2,0,15,A01
200500086769,0,02,000,00,2,7,15,B01
200500086769,0,07,000,00,2,2,13,A01
200500086770,0,07,000,00,2,1,01,B01
200500086770,0,05,000,02,2,7,19,A01
200500086771,0,07,000,06,0,9,01,A01
200500086772,0,02,000,00,9,1,15,B01
200500086772,2,07,000,00,0,0,15,A01
200500086773,0,07,000,00,9,7,01,B01
200500086773,0,04,000,00,2,0,00,A01
200500086774,0,07,000,00,2,9,13,A01
200500086775,0,01,000,00,2,0,01,B01
200500086775,0,07,000,14,0,0,00,A01
200500086775,0,07,000,00,9,6,01,C01
200500086776,0,07,000,00,9,8,01,A01
200500086776,0,04,000,00,2,8,02,B01
200500086777,0,05,000,00,2,8,15,B01
200500086777,0,07,000,00,9,1,01,A01
200500086778,0,07,000,00,2,8,15,B01
200500086778,0,02,000,00,2,1,01,A01
200500086779,0,02,000,00,1,0,07,A01
200500086780,0,02,000,00,2,4,02,B01
200500086780,0,07,000,00,9,1,02,A01
200500086781,0,02,000,00,2,1,01,B01
200500086781,0,07,000,00,2,2,19,A01
200500086782,0,02,000,00,2,0,01,B01
200500086782,0,07,000,00,2,0,01,A01
200500086783,0,07,000,00,2,1,01,B01
200500086783,0,07,000,00,2,8,01,A01
200500086784,0,02,000,00,2,1,02,B01
200500086784,0,07,000,00,9,6,02,A01
200500086785,0,01,000,00,2,1,02,A01
200500086785,0,07,000,00,9,5,02,B01
200500086786,0,07,000,00,1,1,01,A01
200500086787,0,02,000,00,2,1,01,B01
200500086787,0,02,000,00,2,1,09,A01
200500086788,0,01,000,00,2,1,02,A01
200500086788,0,07,000,00,9,4,02,B01
200500086789,0,01,000,00,2,4,02,B01
200500086789,0,07,000,00,9,1,02,A01
200500086790,0,07,000,00,2,0,01,B01
200500086790,0,07,000,00,0,8,00,A01
200500086791,0,02,000,00,0,1,01,A01
200500086791,0,07,000,00,2,2,15,B01
200500086792,0,02,000,00,2,3,01,B01
200500086792,0,07,000,00,2,2,01,A01
200500086793,0,07,000,00,2,0,12,A01
200500086793,0,05,000,00,2,0,01,B01
200500086794,0,02,000,00,2,1,01,B01
200500086794,0,07,000,00,2,2,19,A01
200500086795,0,07,000,00,2,2,09,A01
200500086795,0,01,000,00,2,4,01,B01
200500086796,0,02,000,00,2,0,01,A01
200500086796,0,07,000,01,9,0,01,B01
200500086797,0,07,000,00,2,4,15,B01
200500086797,0,10,000,00,2,1,01,A01
200500086798,0,07,000,00,1,1,01,A01
200500086799,0,07,000,00,1,1,01,A01
200500086800,0,02,000,00,2,1,01,B01
200500086800,0,07,000,00,2,2,15,A01
200500086801,0,10,000,00,1,4,04,A01
200500086802,0,05,000,00,1,1,02,A01
200500086803,0,07,000,00,1,5,01,A01
200500086804,0,07,000,00,1,1,00,A01
200500086805,0,07,000,00,1,1,01,A01
200500086806,0,07,000,00,2,2,02,B01
200500086806,0,07,000,00,2,7,02,A01
200500086807,0,07,000,00,2,8,01,B01
200500086807,0,07,000,00,2,1,13,A01
200500086807,0,07,000,00,2,1,01,C01
200500086808,0,07,000,00,2,3,01,B01
200500086808,0,07,000,00,2,1,15,A01
200500086809,0,05,000,00,0,1,11,A01
200500086809,0,07,000,00,0,2,00,B01
200500086810,0,02,000,00,0,1,05,B01
200500086810,0,07,000,00,1,1,00,A01
200500086811,0,07,000,00,0,1,00,A01
200500086811,0,04,000,00,0,1,01,B01
200500086812,0,02,000,00,2,1,17,B01
200500086812,0,07,000,00,2,6,15,A01
200500086813,0,01,000,00,0,1,00,A01
200500086813,0,07,000,00,0,4,00,B01
200500086814,0,07,000,00,0,7,14,A01
200500086814,0,02,000,00,0,8,01,B01
200500086815,0,14,000,00,0,2,00,B01
200500086815,0,07,000,00,0,1,00,A01
200500086816,0,05,000,00,2,1,17,A01
200500086816,0,07,000,00,2,3,15,B01
200500086817,0,07,000,00,2,1,00,B01
200500086817,0,07,000,00,2,1,00,A01
200500086818,0,05,000,00,0,2,02,B01
200500086818,0,07,000,00,0,3,02,A01
200500086819,0,99,000,00,0,0,00,A01
200500086820,0,05,000,00,2,1,00,A01
200500086821,0,07,000,00,2,2,00,B01
200500086821,0,02,000,00,2,1,00,A01
200500086822,0,07,000,00,0,1,00,A01
200500086823,0,07,000,00,6,1,13,A01
200500086824,0,07,000,00,9,8,02,A01
200500086825,0,07,000,01,1,1,00,A01
200500086826,0,07,000,00,1,1,15,A01
200500086827,0,02,000,00,0,1,03,B01
200500086827,0,07,000,00,0,1,00,A01
200500086828,0,07,000,01,0,1,00,A01
200500086828,0,07,000,01,0,3,00,B01
200500086829,0,07,000,00,0,3,16,A01
200500086829,0,02,000,00,0,1,01,B01
200500086830,0,05,000,00,2,1,18,A01
200500086830,0,07,000,00,0,5,16,B01
200500086831,0,05,000,00,2,1,00,A01
200500086832,0,02,000,00,0,0,00,A01
200500086832,0,07,000,00,0,0,00,B01
200500086833,0,07,000,00,2,3,00,A01
200500086833,0,07,000,00,2,8,00,B01
200500086834,0,05,000,00,2,1,17,A01
200500086834,0,07,000,00,0,6,00,B01
200500086835,0,07,000,00,0,0,00,B01
200500086835,0,07,000,00,0,0,00,A01
200500086836,0,07,000,00,2,1,01,A01
200500086836,0,07,000,00,0,4,01,B01
200500086837,0,07,000,00,2,2,00,A01
200500086837,0,07,000,00,0,1,00,B01
200500086838,0,07,000,00,0,0,00,B01
200500086838,2,07,000,00,0,1,00,A01
200500086839,0,02,000,00,0,0,00,A01
200500086840,0,07,000,00,1,1,00,A01
200500086841,0,07,000,00,2,1,00,B01
200500086841,0,05,000,00,2,1,00,A01
200500086842,0,04,000,00,0,1,00,A01
200500086843,0,05,000,00,0,1,13,A01
200500086844,0,07,000,13,0,8,21,A01
200500086845,0,01,000,00,0,0,02,A01
200500086846,0,07,000,00,1,1,02,A01
200500086847,0,07,000,00,2,3,02,B01
200500086847,0,07,000,00,2,1,15,A01
200500086848,0,02,000,15,0,1,02,A01
200500086849,0,07,000,00,2,1,02,B01
200500086849,0,07,000,00,2,3,15,A01
200500086850,0,07,000,00,2,4,02,B01
200500086850,0,02,000,00,2,1,02,A01
200500086851,0,07,000,00,1,1,02,A01
200500086852,0,02,000,00,1,1,02,A01
200500086853,0,07,000,00,2,1,02,A01
200500086853,0,07,000,00,2,8,02,B01
200500086854,0,05,000,00,2,1,17,A01
200500086854,0,07,000,00,2,6,15,B01
200500086855,0,01,000,00,2,4,02,B01
200500086855,0,07,000,00,9,4,02,A01
200500086856,0,02,000,00,2,1,01,A01
200500086856,0,07,000,00,2,6,02,B01
200500086857,0,07,000,00,2,3,13,A01
200500086857,0,18,001,00,2,3,01,B01
200500086858,0,05,000,00,2,1,01,B01
200500086858,0,07,000,00,9,2,15,A01
200500086859,0,07,000,00,9,8,15,A01
200500086859,0,02,000,00,2,7,15,B01
200500086860,0,01,000,00,2,1,19,A01
200500086860,0,07,000,00,9,3,01,B01
200500086861,0,07,000,00,9,1,19,A01
200500086861,0,02,000,00,2,1,01,B01
200500086862,0,07,000,02,0,3,21,A01
200500086863,0,02,000,01,0,9,13,A01
200500086864,0,02,000,01,0,1,14,A01
200500086864,0,07,000,00,0,3,24,B01
200500086865,0,02,000,00,2,1,05,A01
200500086865,0,07,000,00,2,3,01,B01
200500086866,0,07,000,00,2,3,11,A01
200500086866,0,05,000,00,2,1,01,B01
200500086867,0,02,000,00,2,4,11,A01
200500086867,0,02,000,07,2,1,01,B01
200500086868,0,05,000,00,2,1,01,A01
200500086868,0,07,000,00,9,3,15,B01
200500086869,0,02,000,00,2,1,01,A01
200500086869,0,02,000,16,0,0,21,B01
200500086869,0,07,000,00,2,5,04,C01
200500086870,0,07,000,00,1,4,20,A01
200500086871,0,05,000,00,2,1,17,A01
200500086871,0,10,000,00,2,3,15,B01
200500086872,0,07,000,00,2,4,01,B01
200500086872,0,07,000,00,2,1,01,A01
200500086872,0,07,000,00,0,4,01,C01
200500086873,0,07,000,06,0,1,01,A01
200500086874,0,02,000,00,2,1,01,A01
200500086874,0,07,000,00,2,3,01,B01
200500086875,0,07,000,00,1,1,01,A01
200500086876,0,07,000,00,1,1,01,A01
200500086877,0,05,000,00,0,7,01,A01
200500086878,0,02,000,00,2,1,17,B01
200500086878,0,07,000,00,2,8,15,A01
200500086879,0,07,000,00,1,1,01,A01
200500086880,0,07,000,00,0,4,23,B01
200500086880,0,02,000,00,2,1,01,A01
200500086881,0,02,000,00,0,7,01,A01
200500086881,0,07,000,00,2,1,01,B01
200500086923,0,07,000,00,0,3,15,A01
200500086923,0,05,000,00,2,1,01,B02
200500086924,0,07,000,00,2,3,00,B02
200500086924,0,07,000,00,2,3,13,A01
200500086925,0,07,000,01,0,1,01,A01
200500086926,0,07,000,14,0,2,13,B02
200500086926,0,07,000,02,2,5,01,A01
200500086927,0,05,000,00,2,1,01,A01
200500086927,0,07,000,00,2,8,19,B02
200500086928,0,07,000,13,0,1,01,A01
200500086929,0,07,000,00,2,3,01,B02
200500086929,0,07,000,00,2,3,13,A01
200500086930,0,07,000,00,2,8,15,B02
200500086930,0,20,000,00,2,3,01,A01
200500086931,0,07,000,00,1,2,02,A01
200500086932,0,01,000,11,0,1,00,A01
200500086933,0,07,000,08,0,7,01,A01
200500086934,0,01,000,00,2,8,19,B02
200500086934,0,04,000,00,2,1,01,A01
200500086935,0,07,000,13,0,1,17,A01
200500086936,0,07,000,00,9,3,01,A01
200500086936,0,05,000,00,2,7,13,B02
200500086937,0,02,000,13,0,1,01,A01
200500086938,0,07,000,08,0,9,14,A01
200500086939,0,07,000,00,0,0,19,A01
200500086940,0,07,000,00,2,1,01,B02
200500086940,0,07,000,00,2,1,01,A01
200500086941,0,07,000,00,2,7,05,A01
200500086941,0,07,000,00,2,1,05,B02
200500086942,0,07,000,00,2,3,01,B02
200500086942,0,07,000,00,2,3,13,A01
200500086943,0,07,000,00,2,3,01,B02
200500086943,0,07,000,00,2,3,17,A01
200500086943,0,17,000,00,0,0,01,C03
200500086943,0,17,000,00,2,6,01,D04
200500086944,0,02,000,00,2,1,05,A01
200500086944,0,07,000,00,1,3,21,B02
200500086945,0,07,000,08,0,9,01,A01
200500086946,0,07,000,00,2,1,01,B02
200500086946,0,07,000,00,2,4,01,A01
200500086947,0,07,000,00,1,1,01,A01
200500086948,0,02,000,00,2,3,01,C03
200500086948,0,05,000,00,2,2,01,B02
200500086949,0,05,000,00,2,3,13,B02
200500086949,0,99,000,00,2,3,01,A01
200500086950,0,07,000,00,2,2,01,A01
200500086950,0,07,000,00,2,2,01,B02
200500086951,0,07,000,00,2,1,01,B02
200500086951,0,07,000,00,2,1,15,A01
200500086952,0,07,000,00,1,2,01,A01
200500086953,0,07,000,00,2,3,15,A01
200500086953,0,05,000,00,2,1,01,B02
200500086954,0,07,000,02,0,2,01,A01
200500086955,0,07,000,00,2,3,15,A01
200500086955,0,02,000,00,2,1,01,B02
200500086956,0,07,000,13,0,1,13,A01
200500086956,0,07,000,00,0,0,01,B02
200500086957,0,07,000,00,0,9,14,A01
200500086958,0,07,000,00,1,3,19,A01
200500086959,0,07,000,00,1,1,01,A01
200500086960,0,02,000,13,0,1,01,A01
200500086961,0,07,000,02,2,3,18,A01
200500086961,0,02,000,00,2,7,15,B02
200500086962,0,07,000,00,1,1,01,A01
200500086963,0,02,000,00,1,1,02,A01
200500086964,0,05,000,00,0,1,14,A01
200500086965,0,07,000,00,2,1,01,C03
200500086965,0,07,000,00,2,3,01,B02
200500086965,0,07,000,00,2,3,13,A01
200500086966,0,07,000,02,0,1,01,A01
200500086967,0,05,000,00,2,1,17,B02
200500086967,0,07,000,00,2,1,19,A01
200500086968,0,04,000,02,0,1,14,A01
200500086969,0,07,000,02,0,1,01,A01
200500086970,0,07,000,00,1,1,01,A01
200500086971,0,07,000,00,2,1,01,B02
200500086971,0,05,000,00,2,1,05,A01
200500086972,0,07,000,00,2,5,13,A01
200500086972,0,17,000,00,2,1,01,B02
200500086973,0,07,000,01,1,1,01,A01
200500086974,0,07,000,02,0,2,01,A01
200500086975,0,07,000,00,1,1,14,A01
200500086976,0,07,000,13,0,2,01,A01
200500086977,0,05,000,00,2,2,17,B02
200500086977,0,07,000,00,2,2,15,A01
200500086978,0,02,000,01,0,1,14,A01
200500087010,0,07,000,00,0,2,00,A01
200500087010,0,07,000,00,0,1,00,B02
200500087010,0,07,000,00,0,1,00,C03
200500087010,0,07,000,00,0,1,00,D04
200500087011,0,07,000,00,0,3,01,A01
200500087011,0,07,000,00,0,3,15,B02
200500087012,0,07,000,00,1,1,02,A01
200500087019,0,07,000,00,0,6,01,B02
200500087019,0,07,000,08,2,2,17,A01
200500087020,1,07,000,00,2,1,02,B02
200500087020,0,05,000,00,2,4,01,A01
200500087022,0,07,000,00,2,1,15,B02
200500087022,0,07,000,00,2,1,01,A01
200500087023,0,07,000,13,0,1,01,A01
200500087024,0,01,000,00,2,8,15,B02
200500087024,0,07,000,00,9,1,01,A01
200500087025,0,07,000,14,0,9,21,A01
200500087025,0,07,000,01,0,4,20,B02
200500087025,0,07,000,00,0,4,24,C03
200500087026,0,07,000,00,2,3,01,A01
200500087026,0,02,000,00,2,1,17,B02
200500087027,0,07,000,00,2,3,15,A01
200500087027,0,05,000,00,2,3,01,B02
200500087028,0,07,000,00,2,1,17,A01
200500087028,0,01,000,00,2,1,01,B02
200500087029,0,05,000,00,2,1,01,A01
200500087029,0,14,000,00,2,3,15,B02
200500087036,0,02,000,00,0,1,00,A01
200500087037,0,02,000,00,1,0,01,A01
200500087038,0,07,000,08,0,0,01,A01
200500087039,0,07,000,00,2,1,01,B01
200500087039,0,01,000,00,2,1,05,A01
200500087040,0,05,000,15,2,7,01,B01
200500087040,0,07,000,00,2,1,09,A01
200500087041,0,02,000,00,2,1,15,A01
200500087041,0,02,000,00,2,1,01,B01
200500087042,0,02,000,00,2,1,01,A01
200500087043,0,07,000,00,2,2,09,A01
200500087043,0,07,000,00,2,0,00,B01
200500087044,0,07,000,07,0,9,17,A01
200500087045,0,07,000,00,1,1,01,A01
200500087046,0,02,000,14,2,1,01,B01
200500087046,0,07,000,00,2,1,23,C01
200500087046,0,07,000,00,2,1,09,A01
200500087047,0,02,000,14,0,1,01,A01
200500087047,0,07,000,00,2,2,01,B01
200500087048,0,07,000,00,2,3,09,A01
200500087048,0,07,000,00,2,1,01,B01
200500087049,0,07,000,00,1,1,01,A01
200500087050,0,07,000,06,0,2,09,A01
200500087050,0,07,000,00,2,1,01,B01
200500087051,0,07,000,00,1,1,01,A01
200500087052,0,02,000,00,2,1,01,B01
200500087052,0,07,000,00,2,1,09,A01
200500087053,0,07,000,00,2,1,01,B01
200500087053,0,07,000,00,2,1,09,A01
200500087054,0,02,000,00,2,1,01,A01
200500087054,0,07,000,00,2,7,16,B01
200500087055,0,02,000,00,2,1,09,A01
200500087055,0,07,000,00,2,1,01,B01
200500087056,1,02,000,00,0,0,01,A01
200500087056,0,02,000,00,2,1,01,B01
200500087057,0,07,000,00,0,9,06,A01
200500087058,0,07,000,00,2,3,15,A01
200500087058,0,02,000,00,2,0,17,B01
200500087059,0,01,000,00,2,1,01,A01
200500087059,0,07,000,00,2,7,17,B01
200500087060,0,07,000,00,1,8,01,A01
200500087061,0,02,000,00,9,1,01,B01
200500087061,0,07,000,00,2,2,01,A01
200500087062,0,07,000,00,1,8,01,A01
200500087063,0,02,000,00,2,1,09,B01
200500087063,0,07,000,00,2,3,01,A01
200500087064,0,07,000,00,1,3,01,A01
200500087065,0,07,000,00,2,2,18,A01
200500087065,0,09,000,00,2,3,16,B01
200500087066,0,07,000,00,2,4,23,B01
200500087066,0,07,000,00,1,1,01,A01
200500087067,0,07,000,00,2,8,15,A01
200500087067,0,02,000,00,2,2,17,B01
200500087068,0,02,000,00,2,1,21,A01
200500087068,0,07,000,00,2,7,23,B01
200500087069,0,02,000,00,2,8,02,B01
200500087069,0,07,000,00,2,7,02,A01
200500087070,0,02,000,00,2,1,01,B01
200500087070,0,07,000,00,2,1,17,A01
200500087071,0,02,000,00,9,1,01,A01
200500087071,0,07,000,00,2,8,01,B01
200500087072,0,07,000,00,9,2,15,A01
200500087072,0,02,000,00,2,1,01,B01
200500087073,0,07,000,00,1,2,01,A01
200500087074,0,07,000,00,0,8,01,A01
200500087074,0,07,000,00,0,7,01,B01
200500087075,0,07,000,00,2,4,01,B01
200500087075,0,07,000,00,2,1,01,A01
200500087076,0,07,000,00,2,1,16,B01
200500087076,0,02,000,00,2,1,01,A01
200500087077,0,02,000,00,2,1,05,A01
200500087077,0,07,000,00,2,1,01,B01
200500087078,0,02,000,00,2,1,00,A01
200500087078,1,07,000,00,2,0,14,B01
200500087079,0,07,000,00,0,1,12,A01
200500087079,0,07,000,00,0,1,12,B01
200500087080,0,02,000,00,0,2,01,A01
200500087080,0,07,000,00,0,2,01,B01
200500087081,0,07,000,00,2,2,01,A01
200500087081,0,07,000,00,2,1,01,B01