Num_Acc,senc,catv,occutc,obs,obsm,choc,manv,num_veh
200500087082,0,02,000,00,2,1,01,B01
200500087082,0,07,000,00,2,6,09,A01
200500087083,0,01,000,00,2,4,01,B01
200500087083,0,15,000,00,2,3,09,A01
200500087084,0,07,000,00,2,1,01,B01
200500087084,0,07,000,00,2,1,01,A01
200500087085,0,07,000,00,1,1,01,A01
200500087086,0,02,000,00,0,8,01,B01
200500087086,0,07,000,00,0,3,01,A01
200500087087,0,07,000,00,2,1,00,C01
200500087087,0,07,000,00,2,1,00,D01
200500087087,0,07,000,01,2,1,01,B01
200500087087,0,07,000,00,2,7,09,A01
200500087088,0,07,000,01,0,1,01,A01
200500087089,0,07,000,00,4,1,01,A01
200500087090,0,07,000,00,1,1,01,A01
200500087091,0,02,000,00,2,0,01,B01
200500087091,1,07,000,00,9,8,01,A01
200500087092,0,01,000,00,2,1,02,B01
200500087092,0,07,000,00,9,3,02,A01
200500087093,0,02,000,00,1,1,00,A01
200500087094,0,07,000,00,9,3,01,A01
200500087094,0,02,000,00,2,1,01,B01
200500087095,0,07,000,01,2,1,02,A01
200500087095,0,07,000,00,2,5,02,B01
200500087096,0,07,000,00,0,2,05,A01
200500087096,0,02,000,00,0,1,01,B01
200500087097,0,02,000,00,0,3,00,B01
200500087097,0,07,000,00,0,1,00,A01
200500087098,0,02,000,00,0,2,01,B01
200500087098,0,07,000,00,0,2,01,A01
200500087099,0,01,000,00,0,1,01,A01
200500087099,0,02,000,00,0,1,01,B01
200500087100,0,02,000,00,2,6,01,A01
200500087100,0,07,000,00,9,5,00,B01
200500087101,0,07,000,00,9,2,02,A01
200500087101,0,02,000,00,2,1,02,B01
200500087102,1,07,000,00,1,0,00,A01
200500087103,0,07,000,00,0,9,10,A01
200500087104,0,01,000,00,2,0,01,B01
200500087104,0,07,000,00,9,6,01,A01
200500087105,0,02,000,00,2,1,01,B01
200500087105,0,07,000,01,9,7,01,A01
200500087106,0,07,000,00,2,1,01,B01
200500087106,0,07,000,00,9,3,00,A01
200500087107,0,02,000,00,0,6,01,A01
200500087107,0,07,000,00,2,3,01,B01
200500087108,0,02,000,00,1,2,01,A01
200500087109,0,02,000,00,0,1,01,B01
200500087109,0,07,000,00,0,7,01,A01
200500087110,1,07,000,00,1,1,00,A01
200500087111,0,07,000,00,2,2,01,A01
200500087111,0,07,000,00,2,1,01,B01
200500087112,0,07,000,00,2,1,01,B01
200500087112,0,07,000,01,2,8,01,A01
200500087113,0,07,000,00,1,0,01,A01
200500087114,0,07,000,00,2,1,00,B01
200500087114,0,07,000,00,2,1,00,A01
200500087115,0,07,000,00,0,0,01,A01
200500087115,0,02,000,00,2,8,00,B01
200500087116,0,02,000,00,2,1,02,A01
200500087116,0,07,000,00,9,6,02,B01
200500087117,0,05,000,00,2,1,02,A01
200500087117,0,07,000,00,9,4,02,B01
200500087118,0,02,000,00,9,2,05,A01
200500087118,0,01,000,00,9,4,05,B01
200500087119,0,02,000,01,9,1,01,A01
200500087119,0,02,000,01,9,1,01,B01
200500087120,0,02,000,00,1,1,00,A01
200500087121,0,02,000,01,0,1,01,A01
200500087121,0,07,000,01,9,1,01,B01
200500087122,0,02,000,00,2,0,01,A01
200500087122,0,07,000,01,0,6,01,B01
200500087123,0,07,000,00,1,3,01,A01
200500087124,0,07,000,00,2,5,01,B01
200500087124,0,07,000,00,2,2,01,A01
200500087125,0,07,000,01,2,3,01,A01
200500087125,0,07,000,00,2,8,01,B01
200500087126,0,02,000,00,2,0,02,A01
200500087126,0,07,000,00,9,3,02,B01
200500087127,0,01,000,00,9,0,00,A01
200500087127,0,02,000,00,9,3,00,B01
200500087128,0,02,000,00,9,8,00,B01
200500087128,0,07,000,00,1,1,00,A01
200500087129,0,02,000,01,2,0,01,A01
200500087129,0,07,000,00,9,6,00,B01
200500087130,0,07,000,00,2,7,01,B01
200500087130,0,07,000,00,2,1,01,A01
200500087131,0,07,000,00,9,1,01,A01
200500087132,0,01,000,00,2,0,01,B01
200500087132,0,07,000,00,9,0,00,A01
200500087133,1,07,000,00,9,0,00,A01
200500087133,0,02,000,00,2,1,00,B01
200500087134,0,02,000,00,2,1,00,B01
200500087134,0,05,000,00,9,1,01,A01
200500087135,0,02,000,00,2,1,01,B01
200500087135,0,07,000,00,9,4,01,A01
200500087136,0,07,000,00,1,8,01,A01
200500087137,0,07,000,01,9,5,01,A01
200500087138,0,02,000,00,9,1,00,A01
200500087139,0,07,000,00,2,1,00,B01
200500087139,0,07,000,00,2,1,00,A01
200500087140,0,02,000,00,2,0,00,A01
200500087140,0,07,000,00,9,1,00,B01
200500087141,0,02,000,00,2,1,01,B01
200500087141,0,07,000,00,9,4,00,A01
200500087142,0,02,000,00,9,1,00,A01
200500087142,0,01,000,00,9,1,00,B01
200500087143,0,02,000,00,2,6,01,B02
200500087143,0,07,000,00,9,1,01,C03
200500087143,0,07,000,00,2,3,01,A01
200500087144,0,02,000,00,2,7,03,B02
200500087144,0,07,000,00,2,1,00,A01
200500087145,0,05,000,00,2,2,01,B02
200500087145,0,07,000,00,2,3,01,A01
200500087146,0,05,000,00,0,4,02,B02
200500087146,0,02,000,00,2,1,01,A01
200500087147,0,02,000,00,2,8,05,B02
200500087147,0,07,000,00,2,1,01,A01
200500087148,0,07,000,00,2,4,02,B02
200500087148,0,07,000,00,0,4,02,C03
200500087148,0,14,000,00,2,1,02,A01
200500087149,0,07,000,00,9,0,01,A01
200500087150,0,07,000,00,2,7,17,A01
200500087150,0,14,000,00,2,8,01,B02
200500087151,1,07,000,00,0,2,00,A01
200500087152,0,07,000,00,1,3,04,A01
200500087153,0,02,000,00,0,0,01,A01
200500087154,0,07,000,00,1,1,01,A01
200500087155,0,07,000,00,1,3,01,A01
200500087156,0,07,000,00,2,8,19,A01
200500087156,0,05,000,00,2,1,01,C03
200500087156,0,07,000,00,2,1,01,B02
200500087157,0,07,000,00,0,1,17,A01
200500087158,0,07,000,00,2,6,04,A01
200500087158,0,07,000,00,2,2,24,B02
200500087159,0,07,000,00,9,3,23,C03
200500087159,0,07,000,07,2,7,15,A01
200500087159,0,07,000,00,2,1,01,B02
200500087160,0,02,000,12,0,1,14,A01
200500087161,0,05,000,00,2,2,17,A01
200500087161,0,07,000,00,2,8,15,B02
200500087162,0,07,000,00,1,1,01,A01
200500087163,0,07,000,00,0,7,15,A01
200500087163,0,05,000,00,2,1,01,B02
200500087164,0,02,000,00,2,7,19,B02
200500087164,0,07,000,00,2,1,01,A01
200500087165,0,07,000,06,0,1,01,A01
200500087166,0,02,000,02,0,0,01,A01
200500087167,0,07,000,00,2,7,17,A01
200500087167,0,07,000,00,2,3,01,B02
200500087167,0,07,000,00,0,0,01,C03
200500087168,0,07,000,06,0,1,01,A01
200500087169,0,07,000,00,2,1,17,A01
200500087169,0,07,000,00,2,4,15,B02
200500087170,0,07,000,00,2,3,13,A01
200500087170,0,07,000,00,2,3,01,B02
200500087171,0,02,000,00,2,1,01,A01
200500087171,0,07,000,00,2,5,01,B02
200500087172,0,07,000,00,2,3,01,A01
200500087172,0,07,000,00,2,3,01,B02
200500087173,0,07,000,08,0,1,01,A01
200500087174,0,07,000,00,2,7,19,B02
200500087174,0,07,000,00,2,1,01,A01
200500087175,0,02,000,00,2,7,19,B02
200500087175,0,07,000,00,2,3,01,A01
200500087176,0,07,000,00,2,3,01,B02
200500087176,0,04,000,00,2,7,19,A01
200500087177,0,07,000,00,1,2,01,A01
200500087178,0,18,011,16,0,2,14,A01
200500087179,0,02,000,00,0,1,00,B02
200500087179,0,02,000,00,0,1,01,A01
200500087180,0,02,000,00,0,1,01,A01
200500087181,0,07,000,00,2,3,15,A01
200500087181,0,05,000,00,2,1,01,B02
200500087182,0,07,000,00,2,6,11,A01
200500087182,0,05,000,00,2,7,17,B02
200500087183,0,07,000,00,0,0,00,A01
200500087183,0,05,000,00,2,7,17,B02
200500087184,0,02,000,00,2,1,17,A01
200500087184,0,07,000,00,2,2,19,B02
200500087185,0,07,000,00,1,2,02,A01
200500087186,0,01,000,00,2,7,15,B02
200500087186,0,07,000,00,2,1,01,A01
200500087187,0,02,000,06,0,1,01,A01
200500087188,0,02,000,00,2,1,01,A01
200500087188,0,07,000,00,2,2,01,B02
200500087189,0,14,000,06,2,5,01,A01
200500087189,0,07,000,00,2,3,01,C03
200500087189,0,10,000,00,2,1,01,B02
200500087190,0,02,000,00,2,1,17,A01
200500087190,0,07,000,00,2,1,19,B02
200500087191,0,01,000,00,2,4,02,B02
200500087191,0,07,000,00,9,1,02,A01
200500087192,0,02,000,00,0,4,02,A01
200500087193,0,07,000,13,0,2,01,A01
200500087194,0,07,000,00,2,3,15,A01
200500087194,0,05,000,00,2,1,01,B02
200500087195,0,02,000,16,0,8,01,A01
200500087196,0,02,000,00,2,4,15,B02
200500087196,0,07,000,00,2,2,01,A01
200500087197,0,07,000,00,2,7,01,B02
200500087197,0,07,000,00,2,1,01,A01
200500087198,0,07,000,00,1,2,01,A01
200500087227,0,07,000,00,2,6,13,B02
200500087227,0,05,000,00,2,1,02,A01
200500087228,0,02,000,00,2,1,05,A01
200500087229,0,07,000,00,2,3,01,B02
200500087229,0,04,000,00,2,3,13,A01
200500087235,0,07,000,00,2,1,05,A01
200500087235,0,07,000,00,2,1,01,B02
200500087236,0,07,000,00,2,3,01,A01
200500087236,0,02,000,00,2,1,13,B02
200500087237,0,07,000,00,1,1,01,A01
200500087238,0,07,000,13,0,9,13,A01
200500087242,0,07,000,13,0,1,13,A01
200500087244,0,07,000,00,1,3,01,A01
200500087245,0,07,000,00,1,2,01,A01
200500087246,0,07,000,00,2,1,01,B02
200500087246,0,02,000,00,2,1,05,A01
200500087247,0,03,000,13,0,7,14,A01
200500087248,0,07,000,03,2,1,01,A01
200500087248,0,07,000,13,2,1,01,B02
200500087249,0,07,000,00,2,1,01,B02
200500087249,0,02,000,00,2,1,13,A01
200500087254,0,07,000,00,2,4,01,B01
200500087254,0,07,000,00,2,1,01,A01
200500087255,0,10,000,00,1,4,20,A01
200500087256,0,05,000,00,2,1,01,B01
200500087256,0,07,000,00,2,2,15,A01
200500087257,0,07,000,00,2,1,01,A01
200500087257,0,07,000,00,2,1,01,B01
200500087258,0,07,000,00,2,4,02,B01
200500087258,0,10,000,00,2,1,02,A01
200500087259,0,07,000,00,1,2,01,A01
200500087260,0,05,000,00,2,3,01,B01
200500087260,0,07,000,00,2,3,15,A01
200500087261,0,07,000,00,1,1,01,A01
200500087262,0,01,000,00,2,1,01,B01
200500087262,0,07,000,00,2,3,13,A01
200500087263,0,07,000,00,2,3,01,A01
200500087263,0,01,000,00,2,1,01,B01
200500087264,0,07,000,08,0,1,01,A01
200500087265,0,07,000,00,1,1,01,A01
200500087266,0,02,000,00,2,1,01,B01
200500087266,0,07,000,00,2,1,00,A01
200500087267,0,07,000,00,1,1,01,A01
200500087268,0,07,000,00,2,1,01,A01
200500087268,0,07,000,00,2,4,01,B01
200500087269,0,04,000,00,2,2,01,B01
200500087269,0,07,000,00,2,3,01,A01
200500087270,0,02,000,00,2,0,01,B01
200500087270,0,07,000,00,2,8,15,A01
200500087271,0,07,000,00,2,1,13,A01
200500087271,0,07,000,00,2,3,01,B01
200500087272,0,02,000,00,2,4,01,B01
200500087272,0,07,000,00,2,1,01,A01
200500087273,0,07,000,00,1,1,00,A01
200500087274,1,07,000,00,2,1,01,B01
200500087274,0,05,000,00,2,4,23,A01
200500087275,0,07,000,00,2,2,01,A01
200500087275,0,07,000,00,2,1,01,B01
200500087276,0,05,000,00,2,8,01,B01
200500087276,0,07,000,00,2,7,20,A01
200500087277,0,02,000,00,2,1,01,B01
200500087277,0,07,000,00,2,8,15,A01
200500087278,0,07,000,00,2,1,00,A01
200500087279,0,07,000,00,0,8,00,B01
200500087279,0,07,000,00,0,1,00,A01
200500087280,0,07,000,00,2,1,00,A01
200500087280,0,07,000,00,2,4,00,B01
200500087281,0,05,000,00,0,5,00,B01
200500087281,0,07,000,00,0,1,15,A01
200500087282,0,07,000,00,0,1,00,A01
200500087283,0,02,000,00,2,1,01,C01
200500087283,0,07,000,00,2,5,15,A01
200500087283,0,14,000,00,2,1,01,B01
200500087284,0,07,000,00,2,1,16,A01
200500087284,0,07,000,00,2,1,00,B01
200500087285,0,07,000,00,2,3,01,B01
200500087285,0,07,000,00,2,1,09,A01
200500087286,0,07,000,00,2,7,19,A01
200500087287,0,05,000,00,1,1,01,A01
200500087288,1,01,000,00,1,1,01,A01
200500087289,0,05,000,16,0,1,13,A01
200500087290,0,05,000,16,0,7,00,B01
200500087290,0,05,000,15,0,1,00,A01
200500087291,0,07,000,00,0,1,00,B01
200500087291,1,99,000,00,0,0,00,A01
200500087292,1,99,000,00,0,0,00,A01
200500087293,0,02,000,00,0,1,00,B01
200500087293,0,07,000,01,0,1,00,A01
200500087294,0,07,000,00,0,8,01,B01
200500087294,0,18,001,00,0,7,16,A01
200500087295,0,07,000,00,0,3,00,B01
200500087295,0,02,000,00,2,1,01,A01
200500087296,0,07,000,00,2,1,01,A01
200500087296,0,07,000,00,2,1,02,B01
200500087297,0,07,000,00,2,1,00,A01
200500087297,0,07,000,00,2,4,00,B01
200500087298,0,02,000,00,0,7,00,A01
200500087298,0,07,000,00,0,3,17,B01
200500087299,0,05,000,00,0,1,17,B01
200500087299,0,10,000,00,0,5,15,A01
200500087300,0,07,000,00,0,7,00,A01
200500087300,0,07,000,00,2,0,00,C01
200500087300,0,07,000,00,2,7,00,B01
200500087300,0,14,000,00,2,0,00,D01
200500087301,0,02,000,00,2,1,00,B01
200500087301,0,07,000,00,2,3,16,A01
200500087302,0,07,000,00,0,1,00,B01
200500087302,0,07,000,00,0,1,00,A01
200500087303,0,02,000,16,0,1,01,A01
200500087304,0,07,000,00,0,1,00,A01
200500087304,0,07,000,00,0,8,00,B01
200500087305,0,07,000,00,1,1,00,A01
200500087306,0,07,000,00,0,1,00,A01
200500087306,0,05,000,00,0,1,00,B01
200500087307,0,05,000,00,0,1,00,A01
200500087307,0,07,000,00,0,7,00,B01
200500087308,0,07,000,00,1,1,00,A01
200500087309,0,05,000,00,0,1,17,B01
200500087309,0,07,000,00,0,8,06,A01
200500087310,0,07,000,00,2,1,00,A01
200500087310,0,05,000,00,0,6,00,B01
200500087311,0,02,000,00,2,1,00,A01
200500087312,0,14,000,00,1,4,00,A01
200500087313,0,07,000,00,0,0,00,B01
200500087313,0,05,000,00,0,1,00,A01
200500087314,0,07,000,00,0,4,02,B01
200500087314,0,07,000,00,2,1,00,A01
200500087315,0,07,000,00,0,1,00,A01
200500087315,0,18,008,00,0,8,00,B01
200500087316,0,05,000,00,0,1,00,A01
200500087316,0,07,000,00,1,0,00,B01
200500087317,0,07,000,00,2,0,00,A01
200500087318,0,07,000,00,2,3,00,B01
200500087318,0,07,000,00,0,1,00,A01
200500087319,0,07,000,00,0,1,21,A01
200500087320,0,07,000,16,2,1,09,A01
200500087320,0,05,000,16,2,7,00,B01
200500087321,0,07,000,16,2,8,10,A01
200500087321,0,05,000,16,2,1,01,B01
200500087322,0,01,000,16,0,1,02,B01
200500087322,0,07,000,14,0,0,21,A01
200500087323,0,07,000,16,2,1,00,A01
200500087324,0,10,000,00,1,1,02,A01
200500087325,0,07,000,00,2,5,12,A01
200500087325,0,05,000,00,2,1,02,B01
200500087326,0,07,000,01,0,1,02,A01
200500087327,0,07,000,00,2,4,24,B01
200500087327,0,10,000,01,0,1,02,A01
200500087328,0,07,000,14,2,8,02,A01
200500087328,0,10,000,00,2,1,02,B01
200500087328,0,14,000,00,2,1,23,C01
200500087329,0,07,000,00,2,1,02,A01
200500087329,0,01,000,00,2,4,02,B01
200500087330,0,04,000,00,0,0,02,A01
200500087331,0,07,000,00,2,1,15,A01
200500087331,0,05,000,00,2,6,02,B01
200500087332,0,07,000,00,2,1,15,A01
200500087332,0,05,000,00,2,8,02,B01
200500087333,0,07,000,00,2,7,02,A01
200500087333,0,07,000,00,2,1,02,B01
200500087334,0,07,000,00,2,7,02,A01
200500087334,0,05,000,00,2,1,02,B01
200500087335,0,02,000,00,9,1,13,A01
200500087335,0,01,000,00,2,1,02,B01
200500087336,0,07,000,00,9,1,09,A01
200500087336,0,01,000,00,2,4,01,B01
200500087337,1,07,000,00,0,0,02,C01
200500087337,0,05,000,04,2,3,06,B01
200500087337,0,07,000,00,9,8,01,A01
200500087338,0,02,000,00,2,1,01,A01
200500087338,0,07,000,09,2,8,01,B01
200500087339,0,07,000,00,2,6,23,B01
200500087339,0,07,000,06,1,1,14,A01
200500087340,0,07,000,00,1,1,01,A01
200500087341,0,07,000,00,2,3,15,A01
200500087341,0,18,005,00,2,2,01,B01
200500087342,0,18,001,00,1,2,01,A01
200500087343,0,07,000,00,1,1,01,A01
200500087344,0,07,000,00,2,5,15,A01
200500087344,0,05,000,00,2,1,01,B01
200500087345,0,07,000,00,2,3,21,A01
200500087345,0,18,015,00,0,6,01,B01
200500087346,0,05,000,03,2,3,21,A01
200500087346,0,07,000,00,2,3,14,B01
200500087347,0,02,000,01,0,1,01,A01
200500087347,0,07,000,00,0,5,24,B01
200500087348,0,07,000,00,1,2,01,A01
200500087349,0,07,000,00,2,1,01,A01
200500087349,0,07,000,00,0,4,23,B01
200500087350,0,05,000,00,1,1,01,A01
200500087351,0,07,000,00,2,6,01,B01
200500087351,0,14,000,00,2,2,12,A01
200500087352,0,07,000,00,1,2,01,A01
200500087353,0,02,000,00,1,1,01,A01
200500087354,0,07,000,00,2,1,01,A01
200500087354,0,02,000,00,0,1,01,B01
200500087355,0,07,000,00,2,1,01,B01
200500087355,0,07,000,00,2,1,05,A01
200500087356,0,07,000,00,1,1,17,A01
200500087357,0,07,000,00,1,1,01,A01
200500087358,0,02,000,00,0,1,00,A01
200500087359,1,07,000,00,2,1,00,A01
200500087359,0,02,000,00,2,8,01,B01
200500087360,0,07,000,00,2,1,09,A01
200500087360,0,07,000,00,2,1,01,B01
200500087361,0,07,000,06,0,1,01,A01
200500087362,0,07,000,00,2,1,15,A01
200500087362,0,07,000,00,2,3,01,B01
200500087363,0,07,000,00,0,4,01,B01
200500087363,0,07,000,00,2,1,01,C01
200500087363,0,10,000,00,2,1,01,A01
200500087364,0,05,000,06,0,1,00,A01
200500087365,0,02,000,00,0,1,01,A01
200500087366,0,07,000,00,2,4,01,B01
200500087366,0,07,000,00,2,1,01,A01
200500087367,0,07,000,00,2,1,01,A01
200500087367,0,07,000,00,2,4,01,C01
200500087367,0,07,000,00,2,4,01,B01
200500087413,0,07,000,00,2,1,17,A01
200500087413,0,04,000,00,2,1,01,B02
200500087414,0,05,000,00,2,1,13,A01
200500087414,0,07,000,00,2,3,01,B02
200500087415,0,05,000,10,0,1,01,A01
200500087416,0,07,000,00,2,1,01,B02
200500087416,0,07,000,00,2,3,15,A01
200500087417,0,02,000,00,2,1,01,B02
200500087417,0,07,000,00,2,1,13,A01
200500087418,0,05,000,01,2,1,01,A01
200500087418,0,07,000,00,2,3,16,B02
200500087419,0,07,000,00,2,1,01,A01
200500087419,0,02,000,00,2,1,13,B02
200500087420,0,05,000,00,2,1,17,A01
200500087420,0,07,000,00,2,3,01,B02
200500087421,0,01,000,00,0,4,01,B02
200500087421,0,07,000,00,9,1,14,A01
200500087422,0,07,000,00,0,0,00,A01
200500087422,0,07,000,00,2,8,00,B02
200500087423,0,05,000,00,2,1,01,B02
200500087423,0,07,000,00,2,3,11,A01
200500087424,0,07,000,13,0,1,01,A01
200500087425,0,07,000,00,0,0,00,C03
200500087425,0,07,000,00,2,3,02,A01
200500087425,0,07,000,00,2,3,01,B02
200500087426,0,07,000,00,1,3,01,A01
200500087427,0,07,000,00,0,4,24,C03
200500087427,0,07,000,00,2,1,01,B02
200500087427,0,07,000,00,0,0,15,A01
200500087428,0,07,000,00,1,1,01,A01
200500087429,0,02,000,00,2,7,13,A01
200500087429,0,07,000,00,2,2,15,B02
200500087430,0,07,000,00,2,1,00,C03
200500087430,0,07,000,00,2,3,00,B02
200500087430,0,07,000,00,2,1,13,A01
200500087431,0,05,000,01,0,1,00,A01
200500087431,0,07,000,00,2,5,00,B02
200500087432,1,05,000,00,2,3,13,B02
200500087432,0,02,000,00,2,1,01,A01
200500087433,0,07,000,00,2,2,15,A01
200500087433,0,02,000,00,2,1,21,B02
200500087434,0,07,000,00,0,5,15,A01
200500087434,0,01,000,00,2,1,01,B02
200500087435,0,07,000,09,0,3,00,A01
200500087436,0,07,000,00,1,2,01,A01
200500087437,0,05,000,00,2,1,02,A01
200500087437,0,07,000,00,2,4,02,B02
200500087438,0,05,000,03,0,2,15,A01
200500087439,0,02,000,00,0,0,00,A01
200500087439,0,07,000,00,2,3,23,C03
200500087439,0,07,000,00,2,1,15,B02
200500087440,0,05,000,01,0,1,01,B02
200500087440,0,07,000,00,0,6,24,A01
200500087441,0,07,000,00,2,1,01,B02
200500087441,0,07,000,00,2,8,01,A01
200500087441,0,07,000,00,2,2,13,C03
200500087442,0,07,000,00,2,1,01,B02
200500087442,0,07,000,00,2,1,01,A01
200500087443,0,07,000,00,1,1,01,A01
200500087444,0,07,000,02,0,1,14,A01
200500087445,0,07,000,13,0,9,01,A01
200500087446,0,07,000,00,1,2,01,A01
200500087447,0,02,000,00,0,6,23,B02
200500087447,0,02,000,01,0,2,02,A01
200500087448,0,01,000,00,2,7,19,B02
200500087448,0,07,000,00,9,2,01,A01
200500087449,0,07,000,00,2,2,01,A01
200500087450,0,07,000,00,2,1,01,B02
200500087450,0,07,000,00,2,7,13,A01
200500087451,0,07,000,00,2,8,01,A01
200500087451,0,07,000,00,2,8,13,B02
200500087452,0,07,000,00,2,2,15,A01
200500087452,0,02,000,00,2,1,01,B02
200500087453,0,07,000,08,0,7,01,A01
200500087454,0,02,000,01,0,1,01,B02
200500087454,0,07,000,00,0,4,24,A01
200500087455,0,07,000,00,1,1,01,A01
200500087456,0,02,000,00,0,0,00,B02
200500087456,0,07,000,00,2,1,01,A01
200500087457,0,07,000,00,0,3,02,A01
200500087457,0,02,000,00,0,0,00,B02
200500087458,0,07,000,00,2,1,01,B02
200500087458,0,10,000,00,2,5,01,A01
200500087459,0,07,000,00,2,7,19,A01
200500087459,0,07,000,00,2,1,01,B02
200500087460,0,07,000,00,2,3,01,A01
200500087460,0,07,000,00,2,8,01,B02
200500087461,0,02,000,13,0,2,01,A01
200500087462,0,07,000,00,2,4,01,A01
200500087463,0,07,000,00,2,4,01,B02
200500087463,0,07,000,00,2,1,02,A01
200500087464,0,07,000,00,2,1,16,A01
200500087464,0,05,000,00,2,1,02,B02
200500087465,0,01,000,00,2,1,01,B02
200500087465,0,07,000,00,2,1,13,A01
200500087466,0,07,000,03,1,3,23,C03
200500087466,0,07,000,00,2,3,01,B02
200500087466,0,07,000,00,2,2,15,A01
200500087467,0,01,000,00,2,1,01,B02
200500087467,0,07,000,00,2,1,01,A01
200500087468,0,07,000,00,0,1,01,A01
200500087469,0,07,000,00,2,3,01,A01
200500087469,0,07,000,00,0,0,03,C03
200500087469,0,07,000,00,2,8,01,B02
200500087470,0,02,000,00,2,1,17,A01
200500087470,0,07,000,00,2,3,15,B02
200500087471,0,07,000,00,2,6,13,A01
200500087471,0,05,000,00,2,1,17,B02
200500087472,0,07,000,06,0,1,01,A01
200500087473,0,05,000,00,2,5,01,A01
200500087473,0,07,000,00,2,3,15,B02
200500087474,0,07,000,00,2,3,13,A01
200500087474,0,07,000,00,2,1,01,B02
200500087475,0,07,000,00,1,2,01,A01
200500087476,0,10,000,00,1,2,01,A01
200500087477,0,07,000,00,0,0,20,A01
200500087477,0,05,000,00,0,0,01,B02
200500087478,0,05,000,00,0,0,15,A01
200500087479,0,07,000,00,1,2,01,A01
200500087480,0,07,000,00,2,2,15,B02
200500087480,0,01,000,00,2,1,01,A01
200500087481,0,07,000,08,0,1,15,A01
200500087482,0,07,000,00,2,3,13,A01
200500087482,0,07,000,00,2,3,01,B02
200500087483,0,05,000,00,2,1,18,A01
200500087483,0,07,000,00,0,5,01,B02
200500087530,0,10,000,00,1,1,01,A01
200500087531,0,07,000,00,2,3,19,A01
200500087531,0,02,000,00,2,1,01,B02
200500087532,0,07,000,00,2,3,01,B02
200500087532,0,01,000,00,2,1,13,A01
200500087536,0,07,000,00,2,7,01,A01
200500087536,0,07,000,00,2,2,01,B02
200500087536,0,07,000,00,2,1,19,C03
200500087537,0,02,000,06,0,1,15,A01
200500087538,0,07,000,00,2,3,13,A01
200500087538,0,07,000,00,2,2,01,B02
200500087539,0,07,000,00,2,7,01,B02
200500087539,0,05,000,00,2,1,01,A01
200500087540,0,07,000,00,2,3,01,A01
200500087540,0,05,000,00,2,1,17,B02
200500087543,0,04,000,00,1,1,01,A01
200500087544,0,05,000,00,2,1,01,B01
200500087544,0,07,000,00,2,2,15,A01
200500087545,1,07,000,00,2,1,02,A01
200500087545,0,04,000,00,2,4,02,B01
200500087546,0,07,000,00,2,1,01,B01
200500087546,0,05,000,00,2,7,03,A01
200500087547,0,07,000,00,2,1,23,B01
200500087547,0,07,000,00,2,1,23,C01
200500087547,0,07,000,00,2,1,17,A01
200500087548,0,04,000,00,2,4,02,B01
200500087548,0,07,000,00,2,1,02,A01
200500087549,0,07,000,00,2,4,23,A01
200500087549,0,07,000,00,2,1,02,C01
200500087549,0,07,000,00,2,4,02,B01
200500087550,0,07,000,00,2,3,15,B01
200500087550,0,07,000,00,2,2,15,A01
200500087551,0,05,000,00,2,1,01,A01
200500087551,0,07,000,00,2,1,01,B01
200500087552,0,07,000,00,2,1,18,B01
200500087552,0,07,000,00,2,1,16,A01
200500087553,0,07,000,00,2,1,19,A01
200500087553,0,07,000,00,2,2,01,B01
200500087554,0,07,000,00,2,1,14,A01
200500087554,0,13,000,00,0,4,23,B01
200500087555,0,05,000,00,2,1,01,A01
200500087555,0,07,000,00,2,1,01,B01
200500087556,0,07,000,00,9,1,15,A01
200500087556,0,01,000,00,2,1,01,B01
200500087557,0,07,000,00,1,1,15,A01
200500087558,0,07,000,00,1,1,15,A01
200500087559,1,07,000,00,2,3,01,B01
200500087559,0,05,000,00,2,1,09,A01
200500087560,0,04,000,00,2,1,01,B01
200500087560,0,07,000,00,2,3,15,A01
200500087561,0,07,000,00,2,4,02,B01
200500087561,0,04,000,00,2,1,02,A01
200500087561,0,07,000,06,0,1,14,C01
200500087562,0,07,000,00,2,2,15,A01
200500087562,0,05,000,00,2,1,01,B01
200500087563,0,04,000,00,0,1,01,A01
200500087564,0,04,000,00,0,1,01,A01
200500087565,0,07,000,00,0,8,16,A01
200500087566,0,04,000,00,2,1,01,B01
200500087566,0,07,000,00,2,1,01,A01
200500087567,0,07,000,00,2,4,01,B01
200500087567,0,07,000,00,2,1,13,A01
200500087567,0,07,000,00,2,4,01,C01
200500087568,0,07,000,00,2,4,17,A01
200500087568,0,07,000,00,2,4,15,B01
200500087569,0,04,000,00,2,7,01,B01
200500087569,0,07,000,00,2,1,19,A01
200500087570,0,07,000,00,0,1,00,A01
200500087571,0,07,000,06,0,1,14,A01
200500087571,0,07,000,00,2,1,01,B01
200500087572,0,07,000,12,0,3,01,A01
200500087573,0,07,000,00,1,1,01,A01
200500087574,0,07,000,16,0,9,14,A01
200500087575,0,07,000,00,1,1,01,A01
200500087576,0,04,000,00,2,1,01,A01
200500087576,0,07,000,00,2,8,15,B01
200500087577,0,04,000,00,2,1,01,A01
200500087577,0,07,000,00,2,8,15,B01
200500087578,0,05,000,00,0,1,13,A01
200500087578,0,05,000,00,2,1,01,B01
200500087579,0,07,000,00,2,6,01,B01
200500087579,0,05,000,00,2,1,17,A01
200500087580,0,07,000,00,2,4,04,A01
200500087580,0,04,000,00,2,1,01,B01
200500087581,0,07,000,00,2,1,01,B01
200500087581,0,04,000,00,2,1,05,A01